"gene_id","ENTREZID","SYMBOL","logFC","t","adj.P.Val"
"ENSG00000187634","148398","SAMD11",2.02230258615245,8.77792774251379,2.72883480138697e-12
"ENSG00000162571","254173","TTLL10",1.47394400533404,2.54018407094812,0.0265144200544983
"ENSG00000186891","8784","TNFRSF18",1.54175882456176,6.49035453114441,4.86602366901365e-08
"ENSG00000169962","83756","TAS1R3",1.28042790522039,3.93642380488211,0.000593616418906285
"ENSG00000142609","85452","CFAP74",2.12206466413901,3.05439544730696,0.00758687671026734
"ENSG00000187730","2563","GABRD",1.36269702154519,4.06219006575617,0.000397646596530725
"ENSG00000149527","9651","PLCH2",2.79478858082686,5.97821106227491,3.76543589659936e-07
"ENSG00000078900","7161","TP73",1.95652219536643,3.56662091899771,0.00181904990152991
"ENSG00000158286","388591","RNF207",1.09522269371205,6.51002714605855,4.51373095558546e-08
"ENSG00000069812","54626","HES2",1.14221508631479,3.26363600305913,0.00434362159484715
"ENSG00000187017","83715","ESPN",2.03809797627462,3.5027682010942,0.00219828313932521
"ENSG00000049249","3604","TNFRSF9",1.32216871865131,4.63128241400983,5.90032436154004e-05
"ENSG00000142583","6518","SLC2A5",1.28768164942383,4.22836772175033,0.000230781040431824
"ENSG00000157330","93190","CFAP107",2.04199144912749,2.48405605801438,0.030172093501081
"ENSG00000142621","114827","FHAD1",1.05417081589472,2.836416841842,0.0132096609828304
"ENSG00000173641","27129","HSPB7",1.24273335101653,5.5041638601759,2.37780771007131e-06
"ENSG00000117122","4237","MFAP2",1.89357928673159,9.90584731342511,1.78890118776709e-14
"ENSG00000188257","5320","PLA2G2A",1.91859254908697,3.68472622797035,0.00128339662178102
"ENSG00000117215","26279","PLA2G2D",2.26660370569616,4.3734878399661,0.000142092891691883
"ENSG00000162543","127733","UBXN10",1.92553014900803,4.78650576125349,3.42455559937543e-05
"ENSG00000183114","163933","FAM43B",2.41416603230808,7.48175509979391,7.38277079865572e-10
"ENSG00000187942","401944","LDLRAD2",1.20682020645652,5.52331496312516,2.20520076717007e-06
"ENSG00000188822","1269","CNR2",1.16455132310243,2.8418827073529,0.013033239079598
"ENSG00000142661","127294","MYOM3",2.07049618159967,7.30733805978222,1.55314693306377e-09
"ENSG00000158055","57822","GRHL3",1.94349349858468,6.22901490794145,1.3887757080963e-07
"ENSG00000158008","2134","EXTL1",1.605451965306,6.29138915519643,1.08480050124098e-07
"ENSG00000174950","388611","CD164L2",1.37454087512618,2.65836345748496,0.0202008758214281
"ENSG00000084636","1307","COL16A1",1.21306547366795,8.43313493632132,1.19288227679274e-11
"ENSG00000121753","576","ADGRB2",2.27375563223885,11.0326902777328,1.30555030228631e-16
"ENSG00000222046","149069","DCDC2B",2.02292337907826,2.58403345361645,0.0239809918914068
"ENSG00000142920","113451","AZIN2",1.16682842754748,9.32070651709354,2.3333882050949e-13
"ENSG00000121904","114784","CSMD2",1.41421792720582,4.69966219260934,4.64992639604428e-05
"ENSG00000189280","2709","GJB5",3.1572938256611,4.54033991508586,8.04678676270771e-05
"ENSG00000189433","127534","GJB4",2.87213868988553,4.73400622894488,4.12698434497561e-05
"ENSG00000188910","2707","GJB3",1.47252513520215,2.78990325654667,0.0147879094419427
"ENSG00000092850","27285","TEKT2",2.01575591113171,2.81867114518361,0.0137860964535512
"ENSG00000163873","2899","GRIK3",1.19489148376071,2.65037319694887,0.020575011209753
"ENSG00000183317","284656","EPHA10",1.12432525463473,4.23536637892076,0.00022536704002214
"ENSG00000158315","54933","RHBDL2",1.44349728065892,5.27171509675031,5.74553134134004e-06
"ENSG00000183682","353500","BMP8A",1.69559367106669,6.02726738622924,3.11599097730372e-07
"ENSG00000049089","1298","COL9A2",1.15941273111232,7.60790612528331,4.34214331518753e-10
"ENSG00000186973","440585","CFAP144",1.91725067010998,2.40042912103387,0.0363975631117747
"ENSG00000243710","149465","CFAP57",1.77639570441148,2.883607133714,0.011781770709131
"ENSG00000117407","9048","ARTN",1.64190525960442,5.93373101346575,4.47655496909661e-07
"ENSG00000142959","266675","BEST4",1.15668424789177,2.66886246559245,0.0197111865694197
"ENSG00000159588","149483","CCDC17",1.57674649370196,2.96997018970445,0.00948014693831635
"ENSG00000117472","10103","TSPAN1",1.90250217625088,3.34343729147128,0.00347441147853313
"ENSG00000171357","541468","LURAP1",1.27100039628882,8.17580548703837,3.65828135378293e-11
"ENSG00000269113","388630","TRABD2B",1.21972196201942,8.23253715748098,2.85168924272345e-11
"ENSG00000169213","5865","RAB3B",2.04383898052981,4.57843831933946,7.06437985110539e-05
"ENSG00000174348","127435","PODN",1.02942416793935,6.87974639178016,9.51102567815788e-09
"ENSG00000174332","148979","GLIS1",2.13296788055855,5.95407412301368,4.12142549322269e-07
"ENSG00000203985","388633","LDLRAD1",2.07433622396567,2.52715923131593,0.0273178943121249
"ENSG00000162409","5563","PRKAA2",1.00029810458221,4.83405020352091,2.89267268518171e-05
"ENSG00000162433","205","AK4",1.09174402655464,4.31664257109056,0.00017116056755809
"ENSG00000152763","79819","DNAI4",1.34775925787251,3.29322915925531,0.00399023693041745
"ENSG00000203963","400757","C1orf141",2.03167154792928,2.79854610763278,0.0144750474634658
"ENSG00000116717","1647","GADD45A",1.46736046362766,10.0936869702989,7.79930431024278e-15
"ENSG00000162595","9077","DIRAS3",1.45124778286639,6.41087608214913,6.66278688389678e-08
"ENSG00000178965","127254","ERICH3",2.24969136986574,2.69989796877008,0.0182855533197442
"ENSG00000137968","204962","SLC44A5",1.28414191307431,2.49126906049724,0.029679294377972
"ENSG00000162643","126820","DNAI3",1.55863891024363,3.21799221880452,0.00493516054866073
"ENSG00000171502","255631","COL24A1",2.25539906651616,7.75504730015597,2.33605469755287e-10
"ENSG00000137975","9635","CLCA2",4.47344364101206,4.78200116284624,3.47406530687582e-05
"ENSG00000183347","163351","GBP6",2.00794246582396,3.97419703859534,0.000525930167111971
"ENSG00000154511","388650","DIPK1A",1.12160844103477,8.63945925705225,5.06060780916519e-12
"ENSG00000117600","9890","PLPPR4",2.47326711642041,9.36819882097448,1.88072940499786e-13
"ENSG00000162692","7412","VCAM1",2.03935054872669,6.5962453165772,3.16175371172873e-08
"ENSG00000060718","1301","COL11A1",1.691941319794,2.79588957153746,0.0145698014106939
"ENSG00000179902","127003","CFAP276",2.04562178906814,2.61481709429112,0.0222982022586488
"ENSG00000177301","3737","KCNA2",1.73175546466883,6.71519831072545,1.9137783187089e-08
"ENSG00000173947","128344","CIMAP3",1.11803862006155,2.38746923477219,0.037443741207472
"ENSG00000171385","3752","KCND3",1.35888860578329,7.37651691214386,1.15907623720229e-09
"ENSG00000116748","270","AMPD1",2.58774830538061,5.51008141449534,2.32470996810087e-06
"ENSG00000134198","10100","TSPAN2",1.26525683915816,7.24755204935996,2.01433692280821e-09
"ENSG00000118729","845","CASQ2",1.20330040954449,3.81479939838226,0.00086212022808217
"ENSG00000134247","5738","PTGFRN",1.84449090424722,14.3688928085084,1.10063700918529e-22
"ENSG00000134258","79679","VTCN1",4.12941927848635,4.55673406257948,7.62218229731067e-05
"ENSG00000183508","54855","TENT5C",1.47286769691875,6.21444839506544,1.48666918414925e-07
"ENSG00000155761","200162","SPAG17",2.19678771392469,3.11870784959027,0.00642999235562032
"ENSG00000092607","6913","TBX15",1.10469023715567,4.01668129839901,0.00045920007579523
"ENSG00000143387","1513","CTSK",1.85261475212802,10.2595780710982,3.74751085143264e-15
"ENSG00000213190","10962","MLLT11",1.28269364547796,6.20034214507565,1.56937226665728e-07
"ENSG00000178796","284485","RIIAD1",1.41959707468101,2.8250743474343,0.0135722897013366
"ENSG00000163207","3713","IVL",2.86490664535412,4.11639558908943,0.000334309455393139
"ENSG00000169469","6699","SPRR1B",2.91556725086212,4.79820595317026,3.28144013216261e-05
"ENSG00000196754","6273","S100A2",3.50607972517354,4.88685186614751,2.3912096558443e-05
"ENSG00000163263","388701","CFAP141",1.73017296226311,2.4673730428065,0.0313480126545299
"ENSG00000143603","3782","KCNN3",1.47821764846361,5.89928606144234,5.15593211906691e-07
"ENSG00000254726","92312","MEX3A",1.6358482523315,6.91246348217608,8.2855310392656e-09
"ENSG00000143320","1382","CRABP2",3.06772035215661,8.26387085320954,2.50991010801108e-11
"ENSG00000198400","4914","NTRK1",1.03663970744219,5.73526112741993,9.73744392827137e-07
"ENSG00000143297","83416","FCRL5",2.53558589609378,4.94216246538422,1.95016178228881e-05
"ENSG00000158477","909","CD1A",1.8909111346669,4.28570894379346,0.000190297362582003
"ENSG00000158485","910","CD1B",1.09613592836312,2.99153478100661,0.00896414124613474
"ENSG00000158488","913","CD1E",1.0500647737611,3.35283209178684,0.0033821107382091
"ENSG00000213085","25790","CFAP45",1.49023977410803,2.85735337776105,0.0125667989282848
"ENSG00000085552","57549","IGSF9",1.65057340103448,4.13917083177847,0.000310154619519645
"ENSG00000018625","477","ATP1A2",1.89376878419999,6.97520175782874,6.36854640971312e-09
"ENSG00000143318","844","CASQ1",1.31700702632758,5.14491659256153,9.22805364829558e-06
"ENSG00000026751","57823","SLAMF7",1.0975547708354,3.9445461012597,0.00057942752675514
"ENSG00000122224","4063","LY9",1.33820257181515,5.1529498240584,8.98703338136913e-06
"ENSG00000158859","9507","ADAMTS4",2.15675842227914,4.17440562360356,0.00027578502226171
"ENSG00000188931","257177","CFAP126",1.98103471277778,2.5702171530266,0.0247689552738128
"ENSG00000132185","84824","FCRLA",2.35320391361064,4.78339415036987,3.45719885279973e-05
"ENSG00000162745","25903","OLFML2B",1.00753650797827,5.97630516033072,3.79531284902287e-07
"ENSG00000185860","339512","CCDC190",2.40663584642908,2.97130122903078,0.00944889949161793
"ENSG00000117152","5999","RGS4",2.00302827277878,5.73223196818763,9.87873899885845e-07
"ENSG00000143248","8490","RGS5",1.98172768528253,10.8865720868647,2.55131013895585e-16
"ENSG00000188859","149297","FAM78B",1.33618108057154,6.57048865656263,3.50635181289435e-08
"ENSG00000198842","92235","STYXL2",1.58527325186319,4.39453106277284,0.00013215938616597
"ENSG00000143196","1805","DPT",1.097433317213,5.0591042602428,1.27216159472531e-05
"ENSG00000117477","57821","CCDC181",1.2150083290996,2.54073762888458,0.0264824780337608
"ENSG00000007908","6401","SELE",1.92413986666097,3.09077264904199,0.00689961217129062
"ENSG00000116132","5396","PRRX1",1.24927637542042,7.74683508637893,2.41713295545778e-10
"ENSG00000117501","80133","MROH9",2.07913405887377,2.81823731157587,0.0137989892715874
"ENSG00000007933","2328","FMO3",1.16466585114285,5.69820921912681,1.13030983252219e-06
"ENSG00000010932","2326","FMO1",2.94414364102014,8.36551770966524,1.61188791642434e-11
"ENSG00000120337","8995","TNFSF18",2.16887960174842,5.1549366564004,8.90172078577564e-06
"ENSG00000120332","63923","TNN",3.16745241239285,6.91409687174523,8.2752625653788e-09
"ENSG00000116147","7143","TNR",1.24043730412918,2.55598049566571,0.0255944584482435
"ENSG00000116183","60676","PAPPA2",2.83526276992543,5.27561984273064,5.67295348959184e-06
"ENSG00000152092","460","ASTN1",1.90149009511496,3.96911532447228,0.000534447761696276
"ENSG00000116191","55103","RALGPS2",1.11217113879032,6.3404721046139,8.90056423479386e-08
"ENSG00000116194","9068","ANGPTL1",1.04159374898467,6.13550931038696,2.02428117470584e-07
"ENSG00000157064","23057","NMNAT2",2.0587349324059,8.00284167800188,7.79858712258863e-11
"ENSG00000173627","403314","APOBEC4",2.40267691156928,2.86715169052328,0.0122748166442579
"ENSG00000143341","83872","HMCN1",1.50259669447078,10.2739944242282,3.52000703763285e-15
"ENSG00000116690","10216","PRG4",1.71507720456424,5.76098825848267,8.82638383337941e-07
"ENSG00000162670","339479","BRINP3",2.16266375313209,6.8928465408318,8.98505830784817e-09
"ENSG00000090104","5996","RGS1",2.38889417070459,12.2795586481937,5.8476072544362e-19
"ENSG00000116741","5997","RGS2",1.01163273550478,5.77267577870496,8.41619547621386e-07
"ENSG00000000971","3075","CFH",1.96126488838615,15.6106395048621,1.64931737520953e-24
"ENSG00000163395","91156","IGFN1",1.58773401129222,3.91218096253255,0.00063973453307555
"ENSG00000081277","5317","PKP1",2.10113416894168,6.03041885857397,3.07918965906872e-07
"ENSG00000133067","59352","LGR6",1.70760202936141,5.23435081025767,6.63873286871596e-06
"ENSG00000077157","4660","PPP1R12B",1.21013035667989,7.97983622736022,8.63765576844029e-11
"ENSG00000133063","1118","CHIT1",1.59103214322587,3.05203363522808,0.00763195443391537
"ENSG00000159388","7832","BTG2",1.37970788848046,5.80144156509258,7.5736401733057e-07
"ENSG00000122188","54900","LAX1",1.2056935264895,4.57899597955405,7.06164840450531e-05
"ENSG00000163531","23114","NFASC",1.39347881993006,10.5850658072923,9.60357432936606e-16
"ENSG00000162873","55220","KLHDC8A",1.96989046218033,6.70802157519062,1.97324288150538e-08
"ENSG00000276600","338382","RAB7B",1.22993784916994,9.09546645886931,6.47685625255275e-13
"ENSG00000117322","1380","CR2",2.4593375514229,3.72198464480598,0.00114658862314675
"ENSG00000008118","57172","CAMK1G",1.06794867319502,4.35782466995551,0.000149657795246579
"ENSG00000143473","3756","KCNH1",3.10817571700656,8.38757921591688,1.45547471468895e-11
"ENSG00000082512","7188","TRAF5",1.0601447925147,10.6331268058153,7.72501563626221e-16
"ENSG00000198570","343035","RD3",1.41747461027765,4.09007327290749,0.000363310506267201
"ENSG00000162772","467","ATF3",1.18986635110206,3.77456270725137,0.000976986838021763
"ENSG00000143494","79805","VASH2",1.96591530974267,9.26595465251711,2.98143397500651e-13
"ENSG00000082482","3776","KCNK2",3.19676902181871,5.4619173081576,2.79508215759033e-06
"ENSG00000196482","2104","ESRRG",1.51772611861874,4.16327908170287,0.000286007753736289
"ENSG00000162814","128153","SPATA17",1.70013789578166,3.19995201996136,0.00517594919443371
"ENSG00000116141","4139","MARK1",1.21968028828932,9.14515255059222,5.21215687035068e-13
"ENSG00000197520","400823","FAM177B",1.48552276667983,4.11666596808593,0.000333800520970125
"ENSG00000185155","83881","MIXL1",1.71624106813361,4.36452371621828,0.000146194044706197
"ENSG00000203685","375057","STUM",1.57471496146664,5.52137986185201,2.2278179662662e-06
"ENSG00000162931","51127","TRIM17",1.18993656769179,4.87643961557881,2.47443586499802e-05
"ENSG00000196890","128312","H2BC26",1.18553278728215,2.56014909938222,0.0253691177320445
"ENSG00000135744","183","AGT",1.44212980909437,5.28924308717456,5.3841750055376e-06
"ENSG00000168243","2786","GNG4",2.4938652262684,5.02967020772185,1.41356136007561e-05
"ENSG00000155816","56776","FMN2",1.93806331772071,4.97775476787482,1.71174914757671e-05
"ENSG00000180875","64388","GREM2",2.29712472355807,9.40933275116898,1.54432851069621e-13
"ENSG00000180287","200150","PLD5",1.00892755080817,2.9919005596644,0.00895634852801191
"ENSG00000162849","55083","KIF26B",2.21860475901187,7.06061596558736,4.4264741222187e-09
"ENSG00000162711","114548","NLRP3",1.34205013606673,5.91518263091031,4.84018057683342e-07
"ENSG00000184731","642273","FAM110C",1.26674368625332,6.78000387599594,1.45958906030808e-08
"ENSG00000172554","54221","SNTG2",1.05653080031818,2.92162459775605,0.0106996441819581
"ENSG00000118004","78989","COLEC11",1.63496502552612,6.69048048054695,2.12825272962186e-08
"ENSG00000162975","3754","KCNF1",1.42717411279377,4.01829310498683,0.000456481688807347
"ENSG00000150873","130813","CIMIP5",1.54182370359668,2.92168687005276,0.0106996441819581
"ENSG00000196208","9687","GREB1",1.59359934962678,5.0040573564271,1.5563985171013e-05
"ENSG00000163032","7447","VSNL1",1.13814549762957,5.28517962183594,5.45608822417906e-06
"ENSG00000143867","130497","OSR1",1.09919409529056,5.45526565171719,2.86448598665263e-06
"ENSG00000143878","388","RHOB",1.19164579643458,6.44161799882611,5.94895829636193e-08
"ENSG00000143869","151449","GDF7",1.35141765768313,5.40860759237079,3.40430896608194e-06
"ENSG00000157856","92749","DRC1",2.10459715213076,2.76860420748771,0.01554466939988
"ENSG00000173557","339778","CIMIP2C",1.4037154772213,2.48817367874669,0.0298936808442111
"ENSG00000138028","10669","CGREF1",1.29309749820541,3.93942131357952,0.000588571548470796
"ENSG00000163792","150921","TCF23",1.97030719445132,3.47997841105687,0.00234689162757543
"ENSG00000115226","64838","FNDC4",1.59827011436139,7.7483614832767,2.40282466722855e-10
"ENSG00000163806","245711","SPDYA",1.126687393973,4.1296398969482,0.000319995474719224
"ENSG00000189350","165186","TOGARAM2",1.51434617719616,3.65368851425307,0.00140692336406318
"ENSG00000162949","92291","CAPN13",1.06141498106449,2.30779231596857,0.0446880676245766
"ENSG00000158125","7498","XDH",1.04738608063549,2.99047088421221,0.0089858646106574
"ENSG00000277893","6716","SRD5A2",2.56335335687204,3.27653078252478,0.00418371163494971
"ENSG00000049323","4052","LTBP1",1.85800379246603,14.6368035169197,3.87677174053387e-23
"ENSG00000170577","10736","SIX2",1.89052581143225,4.32128031944589,0.000168465917704753
"ENSG00000138039","3973","LHCGR",2.974564683047,7.82582179800153,1.69833412999464e-10
"ENSG00000177994","129852","CIMIP6",1.50994657040881,2.48988480436824,0.0297800602501109
"ENSG00000214595","400954","EML6",1.17452544564046,5.23856245809194,6.51803009619938e-06
"ENSG00000115507","5013","OTX1",1.89634143528603,3.18799606536054,0.00534304604869296
"ENSG00000169604","84168","ANTXR1",1.27598374806686,11.095767283874,1.01571056933802e-16
"ENSG00000075340","119","ADD2",1.57723034442571,7.19738023257,2.4655774476112e-09
"ENSG00000116031","50489","CD207",1.68448561194482,3.57038601390898,0.00179915467183915
"ENSG00000163017","72","ACTG2",1.91644143523745,6.48239252324061,5.02952140748856e-08
"ENSG00000144045","165545","DQX1",1.64548389751828,4.12805817097671,0.000321334259952382
"ENSG00000115353","6869","TACR1",1.09868140810407,2.8600564746425,0.0124863860000045
"ENSG00000115423","1768","DNAH6",1.9813691994949,3.47568215131455,0.00237727160418499
"ENSG00000155066","150696","PROM2",2.05928456997201,4.67588301358821,5.0438390038543e-05
"ENSG00000174501","400986","ANKRD36C",1.05225426755674,7.14353645181208,3.07424193888083e-09
"ENSG00000274286","151","ADRA2B",1.07674356017607,4.93286478356332,2.01137633999034e-05
"ENSG00000158050","1844","DUSP2",1.28522054243629,5.8105937674465,7.32830744047548e-07
"ENSG00000196912","57730","ANKRD36B",1.00097865204416,5.96473197490649,3.95584179197546e-07
"ENSG00000168658","200403","VWA3B",2.39545667289328,2.8828556422193,0.0118058103618454
"ENSG00000170500","164832","LONRF2",1.21099201857358,4.89234180827135,2.34178675057016e-05
"ENSG00000196460","731220","RFX8",1.63992933217487,5.14687385251101,9.16498773471649e-06
"ENSG00000115641","2274","FHL2",2.10262399878909,12.3226040107447,4.92948299515044e-19
"ENSG00000119147","84417","ECRG4",1.38798822744231,4.19973870069317,0.000253285774160205
"ENSG00000144057","84620","ST6GAL2",1.02407429728481,3.52210806030111,0.00207590999424213
"ENSG00000135960","10913","EDAR",1.4173113211362,2.95410435865428,0.00987025916271658
"ENSG00000175497","57628","DPP10",1.06963321966297,3.02180101041946,0.00827566121495652
"ENSG00000163083","3625","INHBB",1.22913629260404,3.18643796895883,0.00536623167855069
"ENSG00000074047","2736","GLI2",1.17619715716843,7.42016902619087,9.58330242263252e-10
"ENSG00000186684","339761","CYP27C1",3.63711971598478,8.50582346302758,8.67520885503757e-12
"ENSG00000152076","91409","CCDC74B",1.72015670409692,3.21857885707062,0.00492695655040591
"ENSG00000163040","90557","CCDC74A",1.354144741726,3.76361707703953,0.00101135001441325
"ENSG00000150551","116372","LYPD1",1.24399639936867,4.04773191084002,0.000416169717846939
"ENSG00000176601","80122","MAP3K19",2.43734523048226,3.01017280073906,0.00852903713388351
"ENSG00000144229","80731","THSD7B",3.25704712958106,8.02312683694538,7.12146233478941e-11
"ENSG00000153234","4929","NR4A2",1.68610950229945,4.00985746023246,0.000469212755315712
"ENSG00000078098","2191","FAP",1.81159635936957,7.43792054342523,8.91415919170861e-10
"ENSG00000169507","151258","SLC38A11",2.60306698162069,7.64294587165978,3.76043748453524e-10
"ENSG00000153253","6328","SCN3A",1.59142431123699,5.15871292642619,8.79226315794876e-06
"ENSG00000136531","6326","SCN2A",1.11890015929085,5.44334310085245,2.99207308964037e-06
"ENSG00000178662","80034","CSRNP3",1.87017307240106,10.8236099993339,3.32437786153602e-16
"ENSG00000154479","129881","CFAP210",1.79813099802828,3.30933444639733,0.00381819564233176
"ENSG00000071909","140469","MYO3B",3.88925079548346,11.1416060694688,8.84629219239798e-17
"ENSG00000128683","2571","GAD1",1.09727544917822,2.8820244519285,0.0118250397736314
"ENSG00000144354","83879","CDCA7",1.69733819511648,8.02749010806989,6.93900976462831e-11
"ENSG00000188452","375298","CERKL",2.20778174005719,3.0899012722255,0.00691564701583557
"ENSG00000115252","5136","PDE1A",1.67260989040221,9.23890319091681,3.40789814894502e-13
"ENSG00000162998","2487","FRZB",1.65230861599839,8.44785555526898,1.12233270972913e-11
"ENSG00000188738","401024","FSIP2",1.1115431424539,4.24977894445205,0.000215144670123417
"ENSG00000144369","165215","FAM171B",1.10195622311006,6.42547873233176,6.30421258717389e-08
"ENSG00000168542","1281","COL3A1",2.30086420166606,8.6106086942125,5.69697444790803e-12
"ENSG00000204262","1290","COL5A2",1.50401517948175,8.13779145688004,4.32794218920777e-11
"ENSG00000138379","2660","MSTN",1.04159574504839,3.9226409774797,0.000619364479338294
"ENSG00000118997","56171","DNAH7",1.67304791901503,3.20466251606618,0.00511059678492007
"ENSG00000155760","8324","FZD7",1.06557452628268,8.0317507180266,6.87254917091719e-11
"ENSG00000182329","100652824","KIAA2012",2.53955001653718,3.19621307736058,0.00522737104067034
"ENSG00000178562","940","CD28",1.27087711794746,4.89059376872579,2.35670707480875e-05
"ENSG00000163599","1493","CTLA4",1.76153049712434,6.24078938126268,1.33050037878043e-07
"ENSG00000183671","2825","CMKLR2",1.38899964072373,4.5281629700534,8.37704041543359e-05
"ENSG00000114948","8745","ADAM23",1.58393281588472,5.57668640903632,1.81206929248783e-06
"ENSG00000138400","130752","MDH1B",1.57457359523964,3.21236604606808,0.0050065280413138
"ENSG00000144452","26154","ABCA12",3.25365011407064,6.28499753877823,1.11680135617867e-07
"ENSG00000115414","2335","FN1",1.20137934992102,7.17405716591064,2.70760242478235e-09
"ENSG00000144583","57574","MARCHF4",2.85512035425396,4.74991834901982,3.89336514858016e-05
"ENSG00000115457","3485","IGFBP2",1.66419141708671,11.824122778014,4.23100976239502e-18
"ENSG00000115461","3488","IGFBP5",1.89809380897872,9.42941784326908,1.41929282598184e-13
"ENSG00000158428","375307","CATIP",1.35204984059653,2.31373810649832,0.0441333272756821
"ENSG00000115556","84812","PLCD4",1.09357581495311,6.2551248092808,1.25493460765998e-07
"ENSG00000135925","80326","WNT10A",2.83670950729015,7.59493138333691,4.57522055534269e-10
"ENSG00000181378","255101","CFAP65",1.93349066857543,2.49128106330653,0.029679294377972
"ENSG00000175084","1674","DES",1.74116349663545,6.00388833726831,3.4191516164679e-07
"ENSG00000072195","10290","SPEG",1.53171366401684,6.48356495506303,5.0070019171543e-08
"ENSG00000114923","6508","SLC4A3",1.38134649144207,8.63591560498673,5.093815808002e-12
"ENSG00000152049","23704","KCNE4",2.42966001751258,12.7921587222156,7.45261150330749e-20
"ENSG00000171951","7857","SCG2",2.94975418273783,8.04171932516705,6.57280791668302e-11
"ENSG00000135919","5270","SERPINE2",1.05084759206036,4.53225039094615,8.27564627614436e-05
"ENSG00000187957","92737","DNER",1.44810543290766,2.64730557521118,0.0207395804659361
"ENSG00000135914","3357","HTR2B",1.14178795463236,4.18235143412813,0.000268178941419289
"ENSG00000171551","9427","ECEL1",2.99585242043286,5.18624759514219,7.97130713563953e-06
"ENSG00000066248","25791","NGEF",2.48409769599076,5.40427503388675,3.46514298204722e-06
"ENSG00000167165","54578","UGT1A6",3.8445820720706,4.51579561277552,8.74714979171504e-05
"ENSG00000163359","1293","COL6A3",1.58997959490747,8.13934306537698,4.32337184202153e-11
"ENSG00000132329","10267","RAMP1",1.38076917966885,5.90659343592916,5.01002452000157e-07
"ENSG00000178752","151176","ERFE",1.00614076582842,3.02600400498591,0.00818208639763552
"ENSG00000226321","728763","CROCC2",1.91887455951528,3.6266363007672,0.00152431091035241
"ENSG00000134121","10752","CHL1",1.197447321484,5.21224462972046,7.21518398173015e-06
"ENSG00000091181","3568","IL5RA",1.71095365004331,4.21912490036417,0.000238046084367724
"ENSG00000175928","57633","LRRN1",1.64122016664931,6.74595512832492,1.67821001817251e-08
"ENSG00000196277","2917","GRM7",2.05067425120593,4.02112715115199,0.000452893906585948
"ENSG00000125046","51066","SSUH2",3.60351490859024,9.38894023501621,1.67908716113531e-13
"ENSG00000180914","5021","OXTR",1.58225728622407,3.64169727999219,0.00145845192026179
"ENSG00000196220","9901","SRGAP3",1.72182558675091,6.21130590495629,1.50449295709683e-07
"ENSG00000157103","6529","SLC6A1",1.23186449607698,5.72348142852977,1.02250661599298e-06
"ENSG00000163520","2199","FBLN2",1.93733725896776,10.2385564705818,4.04272998245688e-15
"ENSG00000144596","80852","GRIP2",2.15066059530589,8.06460086270602,5.89225413515634e-11
"ENSG00000183960","131096","KCNH8",2.24288516969322,5.50173662575669,2.39359555415249e-06
"ENSG00000163576","151651","EFHB",1.18014435256726,2.29465384824063,0.0459530206426821
"ENSG00000151789","79750","ZNF385D",1.98943884956428,5.18446361309478,8.01255537049423e-06
"ENSG00000163491","152110","NEK10",1.80692228936967,3.22654821489106,0.00481347862422205
"ENSG00000144644","339896","GADL1",3.01167943773711,5.6918636562466,1.15855014347819e-06
"ENSG00000183813","1233","CCR4",1.34466916760163,4.37743513153289,0.000140305746349962
"ENSG00000173705","26032","SUSD5",1.54517494527893,5.21535823878093,7.13421948942382e-06
"ENSG00000163673","85443","DCLK3",1.04580198641967,3.27223386245703,0.00423538901759757
"ENSG00000144668","3680","ITGA9",1.11907399307477,8.81558677611156,2.34474495674391e-12
"ENSG00000008226","9940","DLEC1",1.34056974288397,2.63508234387613,0.0213097537610131
"ENSG00000168334","165904","XIRP1",2.93108355097304,4.81522751842418,3.09465011874695e-05
"ENSG00000179934","1237","CCR8",1.95599356399997,4.88432413736532,2.40752719804696e-05
"ENSG00000010282","57467","HHATL",1.53045829609318,2.9464128159522,0.010059249609692
"ENSG00000144649","729085","GASK1A",1.46540454389964,7.06793730231881,4.28481644926703e-09
"ENSG00000249992","25907","TMEM158",1.44967005899616,7.05276754921928,4.562310165107e-09
"ENSG00000145040","90226","UCN2",3.11401880864618,6.78995456425645,1.39006258549335e-08
"ENSG00000114270","1294","COL7A1",2.8909874465791,10.1540406197799,5.90797367592529e-15
"ENSG00000173421","339834","IHO1",1.01477168368808,4.56914592831535,7.28204678559437e-05
"ENSG00000187492","389118","CDHR4",2.20469440370268,2.96261174505285,0.00966626033821386
"ENSG00000004838","51364","ZMYND10",1.55809553838213,2.61244770686774,0.0224129394353074
"ENSG00000164082","2912","GRM2",1.16017301032839,4.48735331621523,9.61619504717292e-05
"ENSG00000114251","7474","WNT5A",1.12110627561212,6.6610333460617,2.41174909107873e-08
"ENSG00000144730","54756","IL17RD",1.41462676768568,5.82023879202051,7.03747589649039e-07
"ENSG00000174844","201625","DNAH12",1.93797947765291,2.67991475924863,0.0191883617633682
"ENSG00000163689","200844","CFAP20DC",1.61625387790058,4.20582511188055,0.00024820539993253
"ENSG00000163618","8618","CADPS",1.43565793793896,7.01421025807444,5.40399722646217e-09
"ENSG00000188817","132203","SNTN",2.30350381400284,2.81455326578392,0.0139286845002432
"ENSG00000163635","6314","ATXN7",1.04821616264372,4.27514201447473,0.000197223585851896
"ENSG00000172986","727936","GXYLT2",1.30402886240071,8.26165786112691,2.51680755833674e-11
"ENSG00000113805","5067","CNTN3",2.07829776407992,7.77998398013758,2.08782400548618e-10
"ENSG00000185008","6092","ROBO2",1.56851268206653,5.62844952627807,1.47554300488409e-06
"ENSG00000169855","6091","ROBO1",1.36559973011077,14.1974496040517,1.5057190664597e-22
"ENSG00000179097","3355","HTR1F",1.20922835731091,5.35415713309708,4.18192539522496e-06
"ENSG00000044524","2042","EPHA3",2.54019551734518,10.4286671189097,1.8849169010176e-15
"ENSG00000144810","1295","COL8A1",1.1894625898657,8.65839057615755,4.81736745578744e-12
"ENSG00000168386","11259","FILIP1L",1.35684475078228,9.5409951556588,8.94998956911332e-14
"ENSG00000181458","55076","TMEM45A",1.35200340042778,7.21597287615386,2.286993047744e-09
"ENSG00000114455","11148","HHLA2",2.91989816694606,5.25398864640183,6.16124854507218e-06
"ENSG00000091986","151887","CCDC80",2.31162403311967,7.69934479891867,2.96043526721167e-10
"ENSG00000144857","91653","BOC",1.8847672545766,10.7867210966187,3.89538390544089e-16
"ENSG00000174255","7634","ZNF80",1.82307012075783,5.57975478783509,1.78679821177547e-06
"ENSG00000181847","201633","TIGIT",1.37951709140819,5.91543046759275,4.83727984397503e-07
"ENSG00000172020","2596","GAP43",2.64262769805637,5.95430991334076,4.12142549322269e-07
"ENSG00000114638","7348","UPK1B",3.23249782313648,4.21089775644043,0.000244523347849652
"ENSG00000175697","165829","GPR156",1.89435098135947,6.20061072685736,1.56584297128158e-07
"ENSG00000163430","11167","FSTL1",1.21114990577133,10.4407959896999,1.77165457342101e-15
"ENSG00000173175","111","ADCY5",1.18726962423217,5.99690641293224,3.50303547609451e-07
"ENSG00000163885","348807","CFAP100",2.11601846524537,2.58014188443179,0.0241873353817604
"ENSG00000172771","90288","EFCAB12",1.33580005908502,2.96061973155805,0.00970910383807801
"ENSG00000114670","79858","NEK11",1.16936897977225,4.64883691859115,5.56025305380844e-05
"ENSG00000196353","131034","CPNE4",1.29576620729227,3.33799732717855,0.00352140995142448
"ENSG00000091513","7018","TF",1.38280727959707,4.60261042781554,6.51090570954046e-05
"ENSG00000154928","2047","EPHB1",1.28924609590476,5.81459225371836,7.18833990832286e-07
"ENSG00000174611","339855","KY",1.67220916137786,4.83593799146296,2.86630027359801e-05
"ENSG00000181322","347736","NME9",1.80143081981597,2.78696663352694,0.0148864355193279
"ENSG00000163751","1359","CPA3",1.02615664604273,4.58956595307616,6.82032701459595e-05
"ENSG00000047457","1356","CP",2.54644261074996,6.99640240425016,5.82078527416798e-09
"ENSG00000206199","389161","ANKUB1",2.29160859879303,2.81438634866581,0.0139331834417594
"ENSG00000138271","53836","GPR87",4.7436349154602,5.25853586293845,6.050881504168e-06
"ENSG00000163659","25976","TIPARP",1.12198504130745,7.50602734052661,6.68749444477929e-10
"ENSG00000168779","6474","SHOX2",2.38831746506175,6.07554045892261,2.55391510407916e-07
"ENSG00000121871","22865","SLITRK3",1.30016823717714,3.00852713169317,0.00856465069460815
"ENSG00000114200","590","BCHE",1.70514695908529,7.14760762005087,3.0381770271482e-09
"ENSG00000169064","79740","ZBBX",2.37649957102739,2.91367601959729,0.0109113196910628
"ENSG00000114204","5276","SERPINI2",1.80598846046443,4.49981341891279,9.23050716650442e-05
"ENSG00000174776","151790","WDR49",1.98018825637382,4.18900646965909,0.000262546834783761
"ENSG00000186329","389177","TMEM212",2.24382564688321,2.63943087174867,0.0211206956003695
"ENSG00000177694","254827","NAALADL2",1.09531221260758,8.23599846593716,2.80824715192171e-11
"ENSG00000172667","64393","ZMAT3",1.33697332404008,11.2398777908862,5.73524193597455e-17
"ENSG00000181449","6657","SOX2",2.81425223972874,3.21345052693006,0.00499508309110146
"ENSG00000073282","8626","TP63",2.72659377367849,4.37312954258732,0.000142243843637004
"ENSG00000163347","9076","CLDN1",1.95412599656267,6.62954211676196,2.75562620941154e-08
"ENSG00000113946","10686","CLDN16",2.2637762164207,3.93845633940429,0.000590305397058872
"ENSG00000188729","344901","OSTN",2.02117746121517,4.29365339818156,0.000184976043085189
"ENSG00000172061","131578","LRRC15",2.20913183815983,5.42139271812888,3.25403753561512e-06
"ENSG00000145113","4585","MUC4",2.02006124547074,3.34170413062495,0.00348911656406906
"ENSG00000168824","27065","NSG1",2.35315659342863,7.10449464110861,3.64555671546689e-09
"ENSG00000184985","57537","SORCS2",1.02097663014425,4.3749867888934,0.000141383721383132
"ENSG00000170801","94031","HTRA3",1.34043929443578,7.42867617642762,9.27811866131262e-10
"ENSG00000169676","1816","DRD5",3.92159197740571,8.6538754248792,4.81736745578744e-12
"ENSG00000109684","116449","CLNK",1.90564759030189,7.57465892069998,4.94492045423584e-10
"ENSG00000007062","8842","PROM1",2.78922996869077,3.52303122341427,0.00207182246650485
"ENSG00000153012","55203","LGI2",2.05964153711817,6.40966737341983,6.70848864127326e-08
"ENSG00000169851","5099","PCDH7",2.06657475124855,10.2442345844665,3.96806352202106e-15
"ENSG00000197057","401124","DTHD1",2.0818466893425,3.82698372581548,0.0008313723578657
"ENSG00000121895","80008","TMEM156",1.21432793076517,4.05321543961515,0.000409737162788808
"ENSG00000145244","10699","CORIN",1.7299233966898,6.19795874574099,1.58499124940531e-07
"ENSG00000163293","152519","NIPAL1",1.11835251916969,3.82750343242707,0.000829597539975789
"ENSG00000198515","1259","CNGA1",2.98969721222018,7.00517224548577,5.62041869606929e-09
"ENSG00000109182","80157","CWH43",2.22413289412335,2.72682142585421,0.0171643251887748
"ENSG00000163071","132671","SPATA18",1.70587040179656,4.5154566551532,8.7549092781102e-05
"ENSG00000109265","57482","CRACD",2.11942882481804,8.86280059635418,1.91668620741284e-12
"ENSG00000163453","3490","IGFBP7",1.19505282070061,10.470220083813,1.57948970682282e-15
"ENSG00000181617","260436","FDCSP",2.85856391439997,3.8472131537892,0.000780339264128374
"ENSG00000132465","3512","JCHAIN",2.85464734928868,8.70904356966558,3.77229399389703e-12
"ENSG00000169435","166824","RASSF6",1.40872145039828,3.42443520344375,0.00276673658822673
"ENSG00000169429","3576","CXCL8",1.37364654394833,3.0433774378971,0.00781382208108651
"ENSG00000124875","6372","CXCL6",2.44500541504181,3.88830495102755,0.000687233432815366
"ENSG00000182585","255324","EPGN",1.645854953769,2.73605148946256,0.0167968416013525
"ENSG00000124882","2069","EREG",1.80035076626395,3.9667597568091,0.000538465297841704
"ENSG00000109321","374","AREG",2.22735950633885,6.65348270391269,2.48283235136798e-08
"ENSG00000163749","339965","CCDC158",1.02341802492169,4.35576534456667,0.000150671321909786
"ENSG00000156234","10563","CXCL13",4.03724638466421,4.28489022782348,0.000190774801512909
"ENSG00000197826","255119","CFAP299",2.01876912494651,2.78337876309716,0.0150142387142354
"ENSG00000145283","345274","SLC10A6",2.10382273540004,7.19310981240561,2.4858679094011e-09
"ENSG00000118785","6696","SPP1",3.25599566166476,5.57781978634975,1.80472787214822e-06
"ENSG00000172955","130","ADH6",1.51938583572233,2.46220429555509,0.0317032141651015
"ENSG00000196344","131","ADH7",3.51147295789684,3.69574709864513,0.00124167353607502
"ENSG00000138823","4547","MTTP",3.05880501223816,6.36317053290111,8.08376837578723e-08
"ENSG00000138795","51176","LEF1",1.01749745343162,7.48996477298809,7.16436201754233e-10
"ENSG00000188517","84570","COL25A1",2.63920366571837,6.08278563890781,2.50156469967449e-07
"ENSG00000145362","287","ANK2",1.54421270350481,8.57397986045673,6.62591048895462e-12
"ENSG00000164099","8492","PRSS12",1.0996212365571,3.90777493583053,0.000647945516614033
"ENSG00000172403","171024","SYNPO2",1.69169805068358,7.09060031978038,3.88409577163968e-09
"ENSG00000172399","51778","MYOZ2",1.99955307804735,5.1583106773479,8.79226315794876e-06
"ENSG00000164112","132332","SMIM43",2.16403030464349,7.23775751019728,2.08785991247095e-09
"ENSG00000164056","10252","SPRY1",1.16002261988636,7.15522489126757,2.94945474602811e-09
"ENSG00000196159","79633","FAT4",1.0015917624883,7.17227454048332,2.7317012061861e-09
"ENSG00000164070","22824","HSPA4L",1.74182119335318,7.17860756849173,2.65695194874771e-09
"ENSG00000170153","57484","RNF150",1.18468954405794,8.45274586049026,1.09186971479079e-11
"ENSG00000183090","166752","FREM3",1.27283562011724,3.1405632188351,0.00607889295230475
"ENSG00000137473","83894","TTC29",1.91451794401489,2.55324614325475,0.0257728054268767
"ENSG00000145423","6423","SFRP2",3.57294035902604,9.94461045232275,1.51970093154583e-14
"ENSG00000197410","54798","DCHS2",1.46122054600977,3.74346709335122,0.00107347648439967
"ENSG00000151790","6999","TDO2",2.77027446960076,4.97094740715888,1.75502423761153e-05
"ENSG00000109472","1363","CPE",1.19833140949877,6.95630332358104,6.90954701376319e-09
"ENSG00000196104","50859","SPOCK3",2.62180471086579,3.699287481366,0.00122852843525054
"ENSG00000164106","11341","SCRG1",2.96373374492505,5.9568759457755,4.09333595660394e-07
"ENSG00000150628","132851","SPATA4",1.71815842455169,2.63464444749296,0.0213261286203464
"ENSG00000164122","140458","ASB5",2.68429274355011,4.78067382376793,3.48489148992142e-05
"ENSG00000218336","55714","TENM3",1.78322546981394,8.65594484393451,4.81736745578744e-12
"ENSG00000205129","441054","CFAP96",1.71633728622968,3.73196772388452,0.0011121005545166
"ENSG00000168491","256309","CCDC110",1.1354270106035,4.5696739154861,7.26941083108197e-05
"ENSG00000154553","27295","PDLIM3",1.66983843873332,10.5589160529967,1.08128132993415e-15
"ENSG00000083857","2195","FAT1",1.10518524693396,10.4025341488226,2.08001518152799e-15
"ENSG00000145536","170690","ADAMTS16",4.46920471326904,5.1899872563858,7.86413732436885e-06
"ENSG00000215218","134111","UBE2QL1",1.73408310255831,5.31634572745719,4.8400648489389e-06
"ENSG00000078295","108","ADCY2",2.12383313892927,7.17847023141344,2.65695194874771e-09
"ENSG00000215217","134121","CFAP90",1.87694163782783,2.75715492704892,0.0159753193736117
"ENSG00000113361","1004","CDH6",1.05869373531994,7.07083134944417,4.23129684306477e-09
"ENSG00000151388","81792","ADAMTS12",1.05013766770829,5.66967567491698,1.26518410332646e-06
"ENSG00000082196","114899","C1QTNF3",1.6908208665141,7.30779413697068,1.55780752493096e-09
"ENSG00000205838","153657","TTC23L",1.00160075697409,2.31381684007837,0.0441282786688879
"ENSG00000152611","133690","CAPSL",2.46837658280428,3.01874674828297,0.00833970101655102
"ENSG00000168621","2668","GDNF",1.84937765993853,5.82712827120245,6.83704372431942e-07
"ENSG00000164318","133584","EGFLAM",1.91481177963315,7.71531079018486,2.76490830999672e-10
"ENSG00000112936","730","C7",1.18297787980965,6.5534319837356,3.76629616351374e-08
"ENSG00000039537","729","C6",2.21548112179744,4.10932161637666,0.000342228548928293
"ENSG00000164171","3673","ITGA2",1.31599765748256,7.59036354167817,4.66585705981769e-10
"ENSG00000134363","10468","FST",1.00035882548047,4.00624303359256,0.000474806261810912
"ENSG00000169271","8988","HSPB3",2.71623689865851,7.9947405891954,8.05957662273036e-11
"ENSG00000113088","3003","GZMK",1.3644370701908,5.99291901871628,3.55461669568281e-07
"ENSG00000164287","166979","CDC20B",1.76350576450303,2.42470677821855,0.0344872014436144
"ENSG00000234602","345643","MCIDAS",2.03005495470981,3.42281583021173,0.00277661373209049
"ENSG00000152669","10309","CCNO",2.37502213833995,3.48797815275857,0.00229491688459023
"ENSG00000164509","133396","IL31RA",1.52218912174793,4.04358088913153,0.000421198982185018
"ENSG00000164512","79722","ANKRD55",1.05830388487099,3.91028511353249,0.000642460701883971
"ENSG00000152932","115827","RAB3C",1.90305728665661,5.46207400228554,2.79477811777697e-06
"ENSG00000186105","100130733","LRRC70",1.16211452774242,4.20197639343818,0.000251094800593341
"ENSG00000186479","401190","RGS7BP",1.50433957423677,6.53679964953921,4.03345520533229e-08
"ENSG00000049192","11174","ADAMTS6",1.4541886898594,7.39600915596202,1.06656339679104e-09
"ENSG00000131711","4131","MAP1B",1.45323703823213,9.60922496544458,6.54408135654037e-14
"ENSG00000171617","8507","ENC1",1.15985319101793,8.46463176406315,1.03848616382485e-11
"ENSG00000198780","26049","FAM169A",1.53187627700575,5.96776887054074,3.91032953066146e-07
"ENSG00000164220","2151","F2RL2",2.60954995035636,5.98239993456396,3.70004907882044e-07
"ENSG00000132837","29958","DMGDH",1.15036385867555,7.79788293005726,1.9243599197223e-10
"ENSG00000113296","7060","THBS4",1.94813961462507,4.94822694534628,1.90513798219434e-05
"ENSG00000113319","5924","RASGRF2",1.09653903187631,6.62177641228621,2.84600406910135e-08
"ENSG00000145681","1404","HAPLN1",1.52165420675571,3.00413092791908,0.00866944228666957
"ENSG00000153347","153643","FAM81B",2.15290221062851,3.35123432827658,0.00339733305087696
"ENSG00000175426","5122","PCSK1",3.43202566296645,4.95756460623332,1.84392520352006e-05
"ENSG00000186952","642987","TMEM232",1.18026998203307,2.47411566340326,0.0308807582082263
"ENSG00000134986","9315","NREP",1.11645712423796,7.25405397367161,1.97233858867259e-09
"ENSG00000113083","4015","LOX",1.09204298809975,7.33411044289106,1.39277457191121e-09
"ENSG00000164185","133923","ZNF474",1.77764888092107,3.19488578719711,0.0052462806573931
"ENSG00000064692","9627","SNCAIP",1.51169307581832,7.01504136408192,5.40548511391971e-09
"ENSG00000145808","171019","ADAMTS19",3.48361191318069,7.58996268461251,4.65787648846838e-10
"ENSG00000198108","337876","CHSY3",1.09160374161039,6.68165582480047,2.19813311259323e-08
"ENSG00000131435","8572","PDLIM4",2.35276262493017,8.35363651913893,1.68465397239467e-11
"ENSG00000069011","5307","PITX1",2.27095545856379,4.05100548425871,0.000412736151657047
"ENSG00000145824","9547","CXCL14",3.09082632975589,6.70463172970079,2.01131039589657e-08
"ENSG00000112981","8382","NME5",1.10940361607895,3.22920497931218,0.00478111223613231
"ENSG00000132563","51308","REEP2",1.55311779634737,6.07175086862505,2.58604829390659e-07
"ENSG00000120738","1958","EGR1",1.72196131421207,4.42993005806368,0.000116955277406423
"ENSG00000170482","9963","SLC23A1",1.92943212016167,3.03913214102595,0.00789543647552046
"ENSG00000170476","51237","MZB1",2.56931025607627,5.72950308647619,9.98592712108984e-07
"ENSG00000158458","9542","NRG2",1.01443069409058,4.72563757769184,4.24415909681795e-05
"ENSG00000081842","56142","PCDHA6",1.51963323312673,6.20988714562931,1.5067381585701e-07
"ENSG00000113212","56129","PCDHB7",1.06596216267209,7.36642762582896,1.20695439454062e-09
"ENSG00000113578","2246","FGF1",1.87477825946509,7.67718362323012,3.24830170752603e-10
"ENSG00000156475","5521","PPP2R2B",1.14930862148737,6.50757568785449,4.54234674307716e-08
"ENSG00000113657","1809","DPYSL3",1.07035956506534,10.1627597018265,5.62965310049075e-15
"ENSG00000086570","2196","FAT2",5.64272527092037,4.44312286565896,0.000112099046694468
"ENSG00000113140","6678","SPARC",1.00555825079403,7.31720444828279,1.49174154972447e-09
"ENSG00000170624","6444","SGCD",1.18584951942073,7.53834649463133,5.8126380084274e-10
"ENSG00000145850","91937","TIMD4",2.07151736981808,4.59319875151179,6.7329794152897e-05
"ENSG00000172548","348938","NIPAL4",1.87044180055914,4.58846619909473,6.83458094695171e-05
"ENSG00000170231","2172","FABP6",1.59693882676589,2.31665826613876,0.0438555075453514
"ENSG00000145861","114898","C1QTNF2",1.16382941357711,7.44413634495892,8.6292219017816e-10
"ENSG00000118322","23120","ATP10B",2.37134181909823,4.34381711319823,0.000156631589188794
"ENSG00000204767","100131897","INSYN2B",2.24244049217817,5.62995604922614,1.46276013004176e-06
"ENSG00000145936","3779","KCNMB1",1.05720450930567,5.4894414568335,2.507011499114e-06
"ENSG00000094755","2568","GABRP",2.17394629708712,4.08109656130683,0.000374190426800424
"ENSG00000156427","8817","FGF18",1.15799913832342,5.34004579642787,4.41866646877363e-06
"ENSG00000113763","90249","UNC5A",1.27444055740551,4.08493260730459,0.000369349259428566
"ENSG00000131188","80758","PRR7",1.25212192812311,5.53018795150253,2.149654897614e-06
"ENSG00000054598","2296","FOXC1",1.79301359451534,5.4433968808982,2.9979743356343e-06
"ENSG00000137285","347733","TUBB2B",1.83462807032682,7.13601851376615,3.17977026367377e-09
"ENSG00000239264","81567","TXNDC5",1.37899647141149,4.7966988751511,3.29454243894336e-05
"ENSG00000137203","7020","TFAP2A",3.02709739809746,4.63636487579747,5.80739068321078e-05
"ENSG00000197977","54898","ELOVL2",2.9005014154075,6.15561613429833,1.88098416189196e-07
"ENSG00000230873","401236","STMND1",2.25556278447077,2.85899182763872,0.0125150590101889
"ENSG00000112183","221662","RBM24",1.65236275464736,6.08156857268626,2.50526524370127e-07
"ENSG00000112186","10486","CAP2",1.18884975376369,6.57805203247597,3.40795025438975e-08
"ENSG00000124575","3007","H1-3",1.4662692877966,3.21266211428186,0.00500169864392694
"ENSG00000224389","721","C4B",1.15471465616928,4.32242874932778,0.000168037852915357
"ENSG00000168477","7148","TNXB",1.09355516059682,6.87245258255204,9.81182934475352e-09
"ENSG00000241106","3112","HLA-DOB",1.14617205302744,4.881157603299,2.43659719770807e-05
"ENSG00000124664","25803","SPDEF",1.15746770087598,2.85211890674787,0.012713188062209
"ENSG00000146197","222663","SCUBE3",1.41079574658743,4.7131534103603,4.44347624093543e-05
"ENSG00000124762","1026","CDKN1A",1.03594989389557,5.69493203843484,1.14542285778165e-06
"ENSG00000124772","57699","CPNE5",1.51830616134508,5.86742901738391,5.85605689337845e-07
"ENSG00000164530","221476","PI16",1.27182661580015,2.39728512880786,0.03665004224532
"ENSG00000164627","221458","KIF6",1.07747076064567,3.18006696050215,0.00545923747771076
"ENSG00000171462","65989","DLK2",1.6617846992779,3.13404414367589,0.00618317537056197
"ENSG00000204052","221424","LRRC73",1.22544868389071,2.65045530755558,0.020575011209753
"ENSG00000172426","221421","RSPH9",1.58750895903736,2.88953243365008,0.0116091903829784
"ENSG00000137225","11131","CAPN11",1.32014265735382,5.3543348102619,4.18088715106578e-06
"ENSG00000146221","202500","TCTE1",1.75124075311393,2.61568570902298,0.0222633130315451
"ENSG00000230062","100287718","ANKRD66",2.43569004813848,3.01766633291056,0.00835976141864769
"ENSG00000153294","221393","ADGRF4",2.25032613461668,5.42833314402596,3.16223981477625e-06
"ENSG00000244694","442213","PTCHD4",2.85643841199031,11.1038927186734,9.84375609373002e-17
"ENSG00000197261","135398","C6orf141",1.01984257548206,4.22678728046373,0.000231809641597495
"ENSG00000244067","2939","GSTA2",2.3173328958382,2.47124984553231,0.0310637296321535
"ENSG00000243955","2938","GSTA1",3.10698500230976,4.57843864851677,7.06976143735683e-05
"ENSG00000168143","222584","FAM83B",3.16495349819845,5.09957472030507,1.09433024660102e-05
"ENSG00000151917","221336","BEND6",1.53885433096906,6.59442937027513,3.16943408415814e-08
"ENSG00000146166","51557","LGSN",1.48321112956225,2.6322499388965,0.0214452336646757
"ENSG00000082293","1310","COL19A1",2.06497759028209,4.83622926079054,2.8640471771751e-05
"ENSG00000111799","1303","COL12A1",1.32444627348761,7.52350339870042,6.20582567951687e-10
"ENSG00000118402","6785","ELOVL4",1.41325046673262,7.12193591515611,3.3705555425821e-09
"ENSG00000146242","7162","TPBG",1.04505459292961,7.25845571985029,1.93666862918339e-09
"ENSG00000112837","9096","TBX18",1.33339337316823,2.91875868255753,0.0107739750145869
"ENSG00000154548","135295","SRSF12",1.6552358503084,5.31071331271966,4.95090008135532e-06
"ENSG00000135333","2045","EPHA7",1.0100976237036,2.72896716374863,0.0170769214539019
"ENSG00000164418","2898","GRIK2",1.90041022042706,4.63293966781512,5.86489705151957e-05
"ENSG00000272398","100133941","CD24",1.45064842426772,4.89824297796838,2.29138547548473e-05
"ENSG00000053328","728464","METTL24",1.42458863980478,7.11517063711754,3.4713716010089e-09
"ENSG00000123500","1300","COL10A1",4.6973050956815,7.74329971424225,2.44678376211387e-10
"ENSG00000111834","345895","RSPH4A",1.56505961946913,2.6569559370286,0.0202678181238654
"ENSG00000196376","222553","SLC35F1",1.29369457376861,5.38192404615478,3.76052308347011e-06
"ENSG00000198523","5350","PLN",1.93062125947566,6.11196792085199,2.23124096329745e-07
"ENSG00000154269","5169","ENPP3",1.06087966468851,5.14762152260918,9.14466780929522e-06
"ENSG00000079931","26002","MOXD1",1.50825202260038,8.78454780973365,2.66142992820009e-12
"ENSG00000171408","27115","PDE7B",1.66915719738256,8.97921495619602,1.12613416612566e-12
"ENSG00000118503","7128","TNFAIP3",1.16528414101432,5.98795138988884,3.62404898231411e-07
"ENSG00000203734","345930","ECT2L",2.33202744294149,3.04908686170936,0.00769259216723495
"ENSG00000118492","79747","ADGB",2.09447558987827,2.90697510823128,0.0111125310086766
"ENSG00000120262","80129","CCDC170",1.52465891451463,3.85069084551726,0.000772472535266789
"ENSG00000091844","26575","RGS17",1.44411168193115,5.15961411490267,8.7627691168505e-06
"ENSG00000078269","8871","SYNJ2",1.06390311602674,8.76406956803366,2.89704909116851e-12
"ENSG00000164694","84624","FNDC1",4.32316991867498,12.2565189101181,6.05117840241337e-19
"ENSG00000112530","135138","PACRG",1.40560044805328,2.84165764882558,0.0130417315341018
"ENSG00000112539","168090","C6orf118",2.2616920845725,2.71868419971322,0.0174905701115461
"ENSG00000112562","64094","SMOC2",1.78039143530007,7.38090801289696,1.14020233780109e-09
"ENSG00000186340","7058","THBS2",2.05522558291178,9.04458246668902,8.27065859787578e-13
"ENSG00000164638","222962","SLC29A4",1.31927383731396,6.81842864390771,1.23064713634466e-08
"ENSG00000136267","1607","DGKB",2.34395131757217,5.45647431895616,2.84584925469415e-06
"ENSG00000122691","7291","TWIST1",3.61809484924976,8.6541326428559,4.81736745578744e-12
"ENSG00000105855","3696","ITGB8",1.3908529760035,6.48520880458255,4.98899258232293e-08
"ENSG00000105877","8701","DNAH11",1.02713462660778,2.41114539790898,0.0355451961210537
"ENSG00000255690","9865","TRIL",1.15183873626176,6.08085725290705,2.51383092581802e-07
"ENSG00000176532","222171","PRR15",1.35461482001263,3.08932730533588,0.00692339161606951
"ENSG00000122574","644150","WIPF3",1.74564570730171,5.63406118437825,1.44321789897951e-06
"ENSG00000106483","6424","SFRP4",2.72086015988599,10.8680617862569,2.75466865708012e-16
"ENSG00000078053","273","AMPH",1.14543560467389,7.04654489888333,4.67550704661882e-09
"ENSG00000175600","79783","SUGCT",1.90198342391736,9.91349991916183,1.73631383516965e-14
"ENSG00000002746","23072","HECW1",2.83662145559873,9.30598184958406,2.47260214335984e-13
"ENSG00000164746","136288","C7orf57",2.30443344981867,3.35979021947981,0.0033166523189043
"ENSG00000179869","154664","ABCA13",1.93036919639119,2.77837300762406,0.0151903248423399
"ENSG00000049540","2006","ELN",1.11806953619679,4.78584300446831,3.42973762701866e-05
"ENSG00000106178","6369","CCL24",1.96896833667923,4.63997465769446,5.73696678810415e-05
"ENSG00000177679","222183","SRRM3",1.25212702331555,6.16232206526954,1.82253737434268e-07
"ENSG00000135205","57639","CCDC146",1.32586654976446,4.0637114485536,0.000396312164346643
"ENSG00000075223","10512","SEMA3C",1.18931760483096,9.62949725212562,5.94440717995342e-14
"ENSG00000153993","223117","SEMA3D",1.4830356029469,6.5553872907838,3.74358018103543e-08
"ENSG00000005471","5244","ABCB4",2.18096751949538,8.65122780443358,4.84623277911354e-12
"ENSG00000085563","5243","ABCB1",1.67749393517087,6.44604970028441,5.83850964260511e-08
"ENSG00000105784","154661","RUNDC3B",2.25435147924069,5.70476967753314,1.10122477764461e-06
"ENSG00000164647","26872","STEAP1",1.70754395362327,6.43645181087939,6.05866342387318e-08
"ENSG00000157214","261729","STEAP2",1.34496882639763,6.39478245976294,7.10253183675598e-08
"ENSG00000105792","79846","CFAP69",1.34458604859764,7.05314253316457,4.56988953623424e-09
"ENSG00000105825","7980","TFPI2",1.31521484795897,3.62684596754354,0.00152390225463016
"ENSG00000164692","1278","COL1A2",1.74959008381916,9.50845309311639,1.03543136679069e-13
"ENSG00000105880","1749","DLX5",2.66580229765565,7.84280549856573,1.58257152684245e-10
"ENSG00000180535","168620","BHLHA15",1.22275272665379,3.04062842824826,0.0078646925778673
"ENSG00000106236","4885","NPTX2",2.35333077387121,4.6439636953776,5.65882198459487e-05
"ENSG00000205277","10071","MUC12",1.51024432168881,5.79076796029188,7.85445068791557e-07
"ENSG00000106366","5054","SERPINE1",1.59078484834519,5.02005507623535,1.4651181142574e-05
"ENSG00000128606","10234","LRRC17",2.48782198886359,9.44582144273807,1.35046588957011e-13
"ENSG00000185055","100130771","EFCAB10",2.21845453232726,3.25823927676626,0.00441133207306718
"ENSG00000128536","222256","CDHR3",1.93032854589202,3.48595075726297,0.0023091258022975
"ENSG00000184408","3751","KCND2",1.34077643355369,4.00582072117174,0.000475085560458881
"ENSG00000106278","5803","PTPRZ1",1.80257454474039,4.18630858441089,0.000264985259503642
"ENSG00000164675","154865","IQUB",1.60313757787765,3.82018379329449,0.00084875755363586
"ENSG00000234224","730130","TMEM229A",2.8291233742699,6.99985616737948,5.72072081687138e-09
"ENSG00000170775","2861","GPR37",1.61281302243409,5.58037008645931,1.78384578595328e-06
"ENSG00000128596","64753","CCDC136",1.06731646753803,7.44268235440618,8.66075455663204e-10
"ENSG00000128591","2318","FLNC",2.05182060568781,7.82362237795708,1.72449731267772e-10
"ENSG00000135253","375616","KCP",1.24082649610359,5.34730549488669,4.29561556384037e-06
"ENSG00000128602","6608","SMO",1.7093587360283,13.5646867996363,2.5074077945118e-21
"ENSG00000240204","100287482","SMKR1",1.02168922163565,2.58015190586747,0.0241873353817604
"ENSG00000221866","91584","PLXNA4",2.08676520433799,8.97848052030214,1.12782463853703e-12
"ENSG00000198074","57016","AKR1B10",2.12530618512952,3.97723075713036,0.000520910234361905
"ENSG00000189320","389558","FAM180A",1.18456818677461,4.93094926028187,2.0279516101962e-05
"ENSG00000157680","9162","DGKI",1.69528835572784,7.16826795370122,2.76308166383245e-09
"ENSG00000157703","136306","SVOPL",1.46162053793608,4.15944046263984,0.000289318925576119
"ENSG00000261115","100507421","TMEM178B",1.29249273500649,6.1630331075735,1.8197343022233e-07
"ENSG00000165125","55503","TRPV6",1.8799141222869,5.05062297561142,1.31102194907331e-05
"ENSG00000159763","5304","PIP",2.09933243336482,2.74419746247753,0.0164593838417895
"ENSG00000174469","26047","CNTNAP2",1.40502895075666,4.74842349258834,3.90559207992693e-05
"ENSG00000002726","26","AOC1",1.03492844904473,3.06874673524349,0.00730776632680797
"ENSG00000187260","349136","WDR86",1.98318239988902,7.41762616151372,9.63851873400635e-10
"ENSG00000106018","7434","VIPR2",1.5942101929559,4.28864040188961,0.000188329242227419
"ENSG00000183117","64478","CSMD1",1.40796074855453,3.59749466172064,0.00166419280682471
"ENSG00000136573","640","BLK",2.05729752806651,4.0866440581999,0.000367829667024669
"ENSG00000003987","9108","MTMR7",1.56969001434264,5.32271147195455,4.72400065779481e-06
"ENSG00000003989","6542","SLC7A2",1.05818705323843,5.07144882647969,1.21629937357291e-05
"ENSG00000104213","5157","PDGFRL",1.3064501158108,4.99882891930279,1.58781859642641e-05
"ENSG00000156011","23362","PSD3",1.26361111005742,13.3193944845203,6.86084239415612e-21
"ENSG00000168453","55806","HR",2.47884946784697,14.2675009943091,1.22595247223598e-22
"ENSG00000168490","9796","PHYHIP",1.89586194882664,5.91791525584164,4.79447059368982e-07
"ENSG00000179388","1960","EGR3",2.65304928266232,4.07608587712528,0.000380749456784046
"ENSG00000134013","4017","LOXL2",1.07674740915185,6.89936461487351,8.76819971684253e-09
"ENSG00000042980","10863","ADAM28",1.14213427509366,4.35549473679786,0.000150977779098293
"ENSG00000221818","64641","EBF2",1.81582330863064,6.17381678915759,1.74602057946523e-07
"ENSG00000168077","51435","SCARA3",1.44347859233134,10.098093114937,7.69884804519402e-15
"ENSG00000168078","55872","PBK",1.03831576734159,2.92386596088468,0.0106421947676759
"ENSG00000168079","286133","SCARA5",1.39512551389232,4.88333266263223,2.41900023627604e-05
"ENSG00000189233","389643","NUGGC",1.80827150809424,7.46138345821573,8.06331443077374e-10
"ENSG00000168081","5368","PNOC",2.28014159633991,5.8738249189975,5.70729684948305e-07
"ENSG00000104332","6422","SFRP1",1.5097948005057,3.4235634825005,0.0027727288981335
"ENSG00000034239","79645","CLXN",2.13137986683915,3.13927166346205,0.00609811493007419
"ENSG00000147485","137902","PXDNL",1.91544522896006,6.69210699958169,2.11333753735144e-08
"ENSG00000196711","389658","ALKAL1",1.64016479555892,3.83358652832585,0.000813695287077885
"ENSG00000104237","6101","RP1",1.44701199180706,2.32194000696653,0.0433767447303779
"ENSG00000181195","5179","PENK",1.8935473201273,4.24412111000363,0.000219207222402176
"ENSG00000180828","27319","BHLHE22",2.06103711029639,7.93205294800729,1.05914397397043e-10
"ENSG00000172817","9420","CYP7B1",1.00366787280448,5.4796842970402,2.60574596439459e-06
"ENSG00000147573","84675","TRIM55",2.13052950102119,4.76296620134794,3.71494891832869e-05
"ENSG00000178125","286187","PPP1R42",1.67980538524356,2.46622190489747,0.0314216069426506
"ENSG00000137573","23213","SULF1",2.28508844037071,11.1933580992666,7.11955086940036e-17
"ENSG00000137571","81796","SLCO5A1",2.36169673390863,6.83669634066375,1.13778103476064e-08
"ENSG00000104313","2138","EYA1",2.53315152183468,3.74799921034659,0.00105905572999685
"ENSG00000137558","51050","PI15",2.51650142904924,5.82818702620099,6.8326434122043e-07
"ENSG00000121005","83690","CRISPLD1",1.67060619129824,6.98927042962085,5.99977229360286e-09
"ENSG00000164749","3174","HNF4G",2.15271996136442,3.77486932574024,0.000976813452783766
"ENSG00000091656","79776","ZFHX4",1.13403166305722,5.17057538417771,8.41754099867038e-06
"ENSG00000104435","11075","STMN2",2.23521580946089,5.54474934894557,2.0378054636613e-06
"ENSG00000156103","4325","MMP16",3.48775583459409,10.2118827201667,4.58203481722444e-15
"ENSG00000164949","2669","GEM",1.8832978852529,8.60725030914935,5.76723750755648e-12
"ENSG00000164938","94241","TP53INP1",1.05228712431906,7.86481397429668,1.44106669053883e-10
"ENSG00000156466","392255","GDF6",1.3236777708336,3.27651478026497,0.00418371163494971
"ENSG00000177459","203111","ERICH5",2.06202103137975,3.73847502835008,0.00109119648180465
"ENSG00000156486","3788","KCNS2",1.95738794330832,6.32149183622014,9.6102488300821e-08
"ENSG00000164920","116039","OSR2",1.97640181686722,5.82321401911545,6.95366407614375e-07
"ENSG00000132554","26166","RGS22",1.73329536450764,4.99480915762579,1.61174808673891e-05
"ENSG00000174226","169166","SNX31",2.39092701857873,5.02963120674879,1.41316441687753e-05
"ENSG00000164932","115908","CTHRC1",3.00199623274818,9.72548886832005,3.9171745376375e-14
"ENSG00000176406","9699","RIMS2",2.67748727700899,5.59031988108227,1.71868580707337e-06
"ENSG00000147647","1807","DPYS",1.83568030444451,5.08427394251947,1.15999861071756e-05
"ENSG00000169946","23414","ZFPM2",1.00601111295606,6.65421726321665,2.47968107220914e-08
"ENSG00000187955","7373","COL14A1",2.96407599461688,13.463713800849,3.83771866142289e-21
"ENSG00000170961","3037","HAS2",2.29963256256207,5.66858074672157,1.26897510014091e-06
"ENSG00000147689","84985","FAM83A",3.59792888718663,4.40440274015983,0.00012794477640292
"ENSG00000156804","114907","FBXO32",1.73027610629993,9.78083681914734,3.04630742807929e-14
"ENSG00000175946","340359","KLHL38",1.49357020641992,4.71222383632255,4.44915317168566e-05
"ENSG00000214814","654463","FER1L6",1.87826450737015,3.43894996801952,0.00265087909171664
"ENSG00000147697","56169","GSDMC",1.35221016893463,3.9474292830164,0.000573876321082228
"ENSG00000104415","8840","CCN4",1.29075089624812,4.76501625820008,3.69264012350055e-05
"ENSG00000169436","169044","COL22A1",1.98160125703908,5.75586864302765,8.99499257853106e-07
"ENSG00000167653","8000","PSCA",2.42047974870082,2.73027149985762,0.0170368805718337
"ENSG00000167656","8581","LY6D",3.82371566377812,4.77744104353537,3.52373168976937e-05
"ENSG00000181085","225689","MAPK15",1.2315554517104,2.55889170860791,0.0254355005877903
"ENSG00000147799","80728","ARHGAP39",1.05418180089868,3.64717332742693,0.00143518843656985
"ENSG00000164946","158326","FREM1",1.46063414556258,9.55429901461734,8.47606105034843e-14
"ENSG00000173068","54796","BNC2",1.27356560776226,9.90602052336001,1.78890118776709e-14
"ENSG00000178031","92949","ADAMTSL1",1.27781051871877,3.95076606555597,0.000567732399443797
"ENSG00000147889","1029","CDKN2A",1.31082658178858,6.71595351100184,1.90912303377777e-08
"ENSG00000188133","401498","TMEM215",3.15490711163954,6.35172255647142,8.47744888980787e-08
"ENSG00000230453","441459","ANKRD18B",2.249554479258,4.01283043458675,0.000464618712748911
"ENSG00000164972","84688","SPMIP6",1.99929490088038,2.6188079144965,0.0221195704379615
"ENSG00000122735","27019","DNAI1",2.18679281113401,2.62437623580969,0.0218411650271488
"ENSG00000172724","6363","CCL19",1.66601220329575,3.33595162760182,0.00354274456280779
"ENSG00000137077","6366","CCL21",1.12927414193741,4.76201336877427,3.73198950891066e-05
"ENSG00000122733","23349","PHF24",1.34077721057259,6.5312626980473,4.10761931906986e-08
"ENSG00000215187","730112","CIMIP2B",1.54331153114396,2.31497892438754,0.0440128154264631
"ENSG00000137098","26206","SPAG8",1.22382395753582,2.90723265727314,0.0111059341055341
"ENSG00000196092","5079","PAX5",1.57704615710645,3.17186309056693,0.00558257889244764
"ENSG00000154330","5239","PGM5",1.1278339688779,6.24602596243956,1.30755179043756e-07
"ENSG00000119139","9414","TJP2",1.06338402245123,5.38853099507173,3.67099475633455e-06
"ENSG00000204711","138255","CFAP95",2.12925708464932,2.75949131923112,0.015886716921276
"ENSG00000119138","687","KLF9",1.08264668822897,6.07575941353444,2.55901431521691e-07
"ENSG00000083067","80036","TRPM3",1.26123974213164,4.25221316021396,0.000213620341603257
"ENSG00000119125","9615","GDA",1.54467089911222,3.1043192383307,0.00667493211948606
"ENSG00000165091","117531","TMC1",1.95271645489074,6.427386938588,6.26668593483724e-08
"ENSG00000106772","158471","PRUNE2",1.62647423589477,6.45218502919574,5.70145807558187e-08
"ENSG00000197506","64078","SLC28A3",1.94994919288588,6.03404496230611,3.03573578039333e-07
"ENSG00000135052","51280","GOLM1",1.33391555093032,8.79758400579869,2.50261323143559e-12
"ENSG00000213694","1903","S1PR3",1.59728175662968,9.48602144974461,1.14558480971087e-13
"ENSG00000169071","4920","ROR2",1.06599464167696,7.41462437715452,9.79795383111576e-10
"ENSG00000106809","4969","OGN",2.1919803900122,8.82154773334136,2.28518080149769e-12
"ENSG00000127083","4958","OMD",1.37473537977463,4.53482450864789,8.20073115715905e-05
"ENSG00000106819","54829","ASPN",3.11714414880739,11.8101183075682,4.40008155267549e-18
"ENSG00000106823","1842","ECM2",2.01822726831322,10.3034200607821,3.16542171762652e-15
"ENSG00000165238","65268","WNK2",1.71679780386576,4.32950638693106,0.00016429834836643
"ENSG00000136943","1515","CTSV",1.71997904008452,4.44742542538074,0.000110453290022508
"ENSG00000197816","100499483","CCDC180",1.04426529305991,3.69822397926111,0.00123214543562303
"ENSG00000136928","9568","GABBR2",1.30343196186786,2.99113981146886,0.00897648691485659
"ENSG00000204291","1306","COL15A1",2.69105180127521,12.71735465299,1.00919737951089e-19
"ENSG00000119508","8013","NR4A3",2.5959359674856,4.78320737422439,3.45846553566986e-05
"ENSG00000136881","570","BAAT",3.07279168479354,6.86671496085729,1.00433477700907e-08
"ENSG00000260230","23732","FRRS1L",1.88969067456203,4.55664686340548,7.61850915861306e-05
"ENSG00000173258","158399","ZNF483",1.10097373786248,6.59823920335446,3.11972155837027e-08
"ENSG00000095397","25861","WHRN",1.24117174010185,6.66214500399771,2.39854358600402e-08
"ENSG00000041982","3371","TNC",1.7612075672192,7.45888100181932,8.18166103020036e-10
"ENSG00000182752","5069","PAPPA",1.38310526731944,6.0795300523756,2.52516203342341e-07
"ENSG00000148219","23245","ASTN2",1.20834309080396,6.4397799412636,5.96629077999791e-08
"ENSG00000185681","254956","MORN5",2.38831288526176,2.98911266681997,0.0090169880437715
"ENSG00000148204","286204","CRB2",2.74602008403978,5.85511025218536,6.1327371246849e-07
"ENSG00000136918","401551","WDR38",2.31986609273617,2.71775503816723,0.0175178237530994
"ENSG00000136859","23452","ANGPTL2",1.0919739493996,7.95995952421865,9.33059793093173e-11
"ENSG00000160401","286207","CFAP157",2.13605781080814,2.84817478004085,0.0128401129625948
"ENSG00000167094","158248","TTC16",1.16711767877781,2.70931537222075,0.017865375060583
"ENSG00000106976","1759","DNM1",1.45080286199443,8.11936586910677,4.72285217308521e-11
"ENSG00000167123","51148","CERCAM",1.07367235995393,6.53832287633986,4.01396278157685e-08
"ENSG00000107130","23413","NCS1",1.41562264284491,8.36265004355808,1.62016338112899e-11
"ENSG00000148357","256158","HMCN2",2.06634671320573,7.19689603210194,2.46771237947997e-09
"ENSG00000188523","389799","CFAP77",2.20207421325392,2.82231949672178,0.0136626488894151
"ENSG00000165695","158067","AK8",1.19602455244572,2.91969031993627,0.01075299892265
"ENSG00000130635","1289","COL5A1",1.42371022309605,6.9756379290837,6.36356835144605e-09
"ENSG00000160345","138162","PIERCE1",1.15394717200492,2.55224126564474,0.0258103257707702
"ENSG00000260220","399693","CCDC187",2.08035845887159,2.61241536447496,0.0224129394353074
"ENSG00000187922","414332","LCN10",1.99604156485373,3.65597144142243,0.00139719124999856
"ENSG00000267206","158062","LCN6",1.6608757981453,3.50526267927725,0.00218467137384205
"ENSG00000107317","5730","PTGDS",1.29265777257612,6.90914864202442,8.43236039003494e-09
"ENSG00000214402","401562","LCNL1",1.43743706490257,6.23592798824977,1.35463950207904e-07
"ENSG00000054179","954","ENTPD2",1.94330896980952,5.39082041566754,3.64024033368905e-06
"ENSG00000178473","114131","UCN3",1.6815872446893,2.6820067512417,0.0190995622651756
"ENSG00000173848","10276","NET1",1.05569053540828,8.84695619859478,2.044204099673e-12
"ENSG00000134460","3559","IL2RA",1.33451168521314,4.86760338807865,2.55693958318972e-05
"ENSG00000123243","80760","ITIH5",1.28148819249855,9.06909571197166,7.34202227259645e-13
"ENSG00000151468","83643","CCDC3",1.62428367197038,8.47446976186108,9.91705448289952e-12
"ENSG00000107611","8029","CUBN",1.0282397702682,6.88776704141774,9.1345673283786e-09
"ENSG00000077327","9576","SPAG6",2.45084949213292,2.88224602722743,0.0118230491467841
"ENSG00000165309","219681","ARMC3",2.44773075414984,2.90276199792258,0.011229028203264
"ENSG00000099256","56952","PRTFDC1",1.06404689573669,10.0546051058187,9.18061907664972e-15
"ENSG00000151023","219670","ENKUR",2.01090893438038,2.78802212617723,0.01485394125228
"ENSG00000169126","55130","ODAD2",1.71393405789607,2.73860358991167,0.0166862817661013
"ENSG00000165731","5979","RET",2.06975727418841,9.44227701064124,1.35046588957011e-13
"ENSG00000107562","6387","CXCL12",1.70340245761962,11.3756057966851,3.04984067539795e-17
"ENSG00000165507","11067","DEPP1",1.36922615616212,6.34716981684787,8.65969538660523e-08
"ENSG00000263639","4477","MSMB",3.78753839518089,3.05437983202446,0.00758687671026734
"ENSG00000265190","653145","ANXA8",1.68441014308123,3.95087388899119,0.000567732399443797
"ENSG00000170324","143162","FRMPD2",2.53143643328822,3.22915978335292,0.00478111223613231
"ENSG00000197444","55753","OGDHL",2.64167789945562,6.50622943591719,4.56153081679281e-08
"ENSG00000122870","80114","BICC1",1.34670000170427,9.43081705652202,1.41929282598184e-13
"ENSG00000148541","220965","FAM13C",1.37097729928674,8.26445399532089,2.50987768020029e-11
"ENSG00000165449","220963","SLC16A9",1.08835865644742,5.41005367497409,3.38813697560098e-06
"ENSG00000183346","219621","CABCOCO1",1.19498001464845,2.60667804849623,0.0227247589739073
"ENSG00000150347","84159","ARID5B",1.19392700311968,8.38460865941992,1.4878751994515e-11
"ENSG00000183230","29119","CTNNA3",2.54357532143209,6.41804281246489,6.4708363437026e-08
"ENSG00000108176","56521","DNAJC12",1.18779416007517,5.83080705276164,6.73886621956133e-07
"ENSG00000138336","80312","TET1",1.00310314087544,6.13737209154122,2.00387675107151e-07
"ENSG00000165730","219736","STOX1",1.20871605193008,2.69966073980666,0.018294961321614
"ENSG00000138316","140766","ADAMTS14",2.94967233550882,9.07667043978015,7.10069496529457e-13
"ENSG00000156042","118491","CFAP70",1.05133664438228,2.55772861545357,0.0254925460395996
"ENSG00000156113","3778","KCNMA1",1.37851456926805,7.250064354593,2.00154985816164e-09
"ENSG00000133665","84332","DYDC2",2.33440797036768,2.92951794427484,0.0104928242659554
"ENSG00000148600","92211","CDHR1",1.40355275685172,3.91816057031332,0.000628617916309278
"ENSG00000122367","11155","LDB3",1.81351847602785,5.83568083402851,6.62935530722046e-07
"ENSG00000107796","59","ACTA2",1.33572906479471,7.30873900086388,1.55314693306377e-09
"ENSG00000138135","9023","CH25H",1.24625232881385,3.40540196104381,0.00291587419459011
"ENSG00000138185","953","ENTPD1",1.3832486276584,13.7997529171258,9.050804125316e-22
"ENSG00000188649","387707","CC2D2B",1.04319158136499,5.86335616416703,5.93522645093121e-07
"ENSG00000172987","60495","HPSE2",2.71108287454234,8.40021792282448,1.38461332586758e-11
"ENSG00000059915","5662","PSD",1.01333883106891,5.11609543004036,1.02614315095974e-05
"ENSG00000065618","1308","COL17A1",4.91037762247281,6.84261473478792,1.11350445247822e-08
"ENSG00000197748","80217","CFAP43",2.04678952625439,3.03909828908486,0.00789543647552046
"ENSG00000120051","159686","CFAP58",1.16920089334182,2.88995239640396,0.0115967925264841
"ENSG00000138166","1847","DUSP5",1.29331135414115,4.35414865325623,0.000151521566073427
"ENSG00000203867","282996","RBM20",1.50890519258639,4.62004932302873,6.13898022095668e-05
"ENSG00000148702","3026","HABP2",1.74248938573465,4.42615147028094,0.000118485608292226
"ENSG00000148735","79949","PLEKHS1",3.69754214359544,3.61275452549946,0.0015873170457562
"ENSG00000107518","26033","ATRNL1",2.00132002350746,5.49529246651585,2.44646638361985e-06
"ENSG00000151892","2674","GFRA1",1.53471468833256,6.04968233501849,2.83796725137043e-07
"ENSG00000188316","387712","ENO4",1.43772260861397,3.73253925274705,0.00111008084048991
"ENSG00000121898","119587","CPXM2",2.10245019836456,8.31904814879949,1.96721184331572e-11
"ENSG00000203780","92565","FANK1",1.30686438150886,3.40904653327484,0.00288634730134547
"ENSG00000148848","8038","ADAM12",2.33198145930145,6.23966531787602,1.33531485678937e-07
"ENSG00000188916","642938","INSYN2A",2.02718995543396,4.85610678565428,2.66792940786516e-05
"ENSG00000186766","399823","FOXI2",1.31758647757576,3.54353675455408,0.00194781537698451
"ENSG00000108001","253738","EBF3",2.48581314928996,4.32144017156607,0.000168465917704753
"ENSG00000151640","10570","DPYSL4",2.07276650018442,6.43066583326386,6.20610194948325e-08
"ENSG00000171811","54777","CFAP46",1.95327110409323,2.93470146362865,0.0103559904043283
"ENSG00000197177","84435","ADGRA1",1.45926798106075,2.64005509950084,0.0210922448710248
"ENSG00000184956","4588","MUC6",1.91111282311983,2.6457623052289,0.0208135618855714
"ENSG00000215182","4586","MUC5AC",3.8306315764689,3.06888915228234,0.00730776632680797
"ENSG00000117983","727897","MUC5B",4.78317692626876,4.10791161068036,0.000343827807174249
"ENSG00000149043","90019","SYT8",2.16213730226107,3.9426136484399,0.000582725077039699
"ENSG00000244734","3043","HBB",2.15285744452995,5.42073152579403,3.26149092043212e-06
"ENSG00000132259","1262","CNGA4",1.66269678004345,2.61620716604905,0.0222461000338759
"ENSG00000149054","7762","ZNF215",1.45794523234854,5.67058075137759,1.26021842170513e-06
"ENSG00000166402","7275","TUB",1.25189774084465,9.73609873880258,3.71354312415932e-14
"ENSG00000176029","56673","C11orf16",2.18265569623518,2.73457346188284,0.0168568526886286
"ENSG00000166483","7465","WEE1",1.32512322157706,8.52296972462386,8.09290693492053e-12
"ENSG00000072952","10335","IRAG1",1.66411675287801,11.126423335045,9.35089954405378e-17
"ENSG00000165973","4745","NELL1",1.76490632775372,3.52234388764123,0.0020747697201731
"ENSG00000187398","338645","LUZP2",2.73379221013883,5.73803890443594,9.66501865094686e-07
"ENSG00000134343","63982","ANO3",1.46851392549649,3.85111932742377,0.00077167982369808
"ENSG00000129151","8424","BBOX1",1.66535624438871,3.29570960847569,0.00396438894124726
"ENSG00000066382","744","MPPED2",2.4324532550778,9.00351366496457,9.91977250199129e-13
"ENSG00000170959","341019","DCDC1",1.81708469621468,2.81071318769519,0.0140547132353994
"ENSG00000184937","7490","WT1",3.72338889893063,4.02861201826241,0.000442391417945523
"ENSG00000110427","25758","KIAA1549L",1.36781223592273,5.38003980814771,3.78529221347191e-06
"ENSG00000149090","25891","PAMR1",2.4258771150507,9.52240104658397,9.77165809519442e-14
"ENSG00000148948","57689","LRRC4C",1.35588873063183,6.259386206992,1.23388580473001e-07
"ENSG00000110492","4192","MDK",1.46627372769429,10.6292698811231,7.7863987383721e-16
"ENSG00000165923","79841","AGBL2",1.46598613256975,2.85668581941309,0.0125822562108021
"ENSG00000183908","219527","LRRC55",2.45348489177826,5.91078851101938,4.91766041148282e-07
"ENSG00000134817","187","APLNR",2.3094945748186,7.2223187863902,2.22773895911423e-09
"ENSG00000156738","931","MS4A1",1.81721747363443,3.35831764412975,0.00333046622716427
"ENSG00000166959","83661","MS4A8",2.71513354771969,2.95806771908169,0.00977338101441106
"ENSG00000167992","220001","VWCE",2.33339252368839,8.37604634180609,1.52297932389523e-11
"ENSG00000204950","390205","LRRC10B",1.62894369402087,2.89158750004868,0.0115526262782871
"ENSG00000177363","221091","LRRN4CL",1.34871768922526,5.3605822183795,4.09533315766153e-06
"ENSG00000167771","283248","RCOR2",1.16856745527388,4.4208110361742,0.000120605920064624
"ENSG00000110076","9379","NRXN2",1.95954994063429,6.93682835582286,7.51435714287048e-09
"ENSG00000149735","170589","GPHA2",2.05809231071309,4.60882207258367,6.36933852554121e-05
"ENSG00000175592","8061","FOSL1",1.6755222855967,3.60763050541287,0.00161171433914129
"ENSG00000173898","6712","SPTBN2",1.36700972670586,4.41026621593787,0.000125237001805636
"ENSG00000173227","91683","SYT12",3.3844833496078,7.89324117230642,1.26203644985644e-10
"ENSG00000132744","91703","ACY3",1.20843882963318,3.760709867509,0.00101918972787654
"ENSG00000172927","26579","MYEOV",1.39897439804711,3.92090607270871,0.000623084368767316
"ENSG00000131620","55107","ANO1",1.10695069730717,5.51372639766155,2.29058040115538e-06
"ENSG00000186642","5138","PDE2A",1.06997878904339,6.06351937581396,2.67683502229744e-07
"ENSG00000187726","374407","DNAJB13",1.94243173468968,3.38506261585208,0.00309017166793673
"ENSG00000149380","283208","P4HA3",2.21427887286619,6.01903703254182,3.21827089249961e-07
"ENSG00000054938","25884","CHRDL2",2.91570770122153,5.11619538708115,1.02754068444602e-05
"ENSG00000182704","25987","TSKU",1.08720562917153,8.25220392920597,2.63772198200767e-11
"ENSG00000149260","726","CAPN5",1.20509483365914,10.2872980576346,3.3603652877351e-15
"ENSG00000149256","26011","TENM4",1.75190705621199,9.85459520909854,2.21090153437157e-14
"ENSG00000150672","1740","DLG2",2.12274127274626,8.15120630907213,4.08594548041965e-11
"ENSG00000137501","54843","SYTL2",1.34737225118501,11.6220191219434,9.48172732449298e-18
"ENSG00000149201","60494","CCDC81",1.2764235392996,3.27112352307323,0.004249240833333
"ENSG00000165325","159989","DEUP1",1.56390042712107,2.7674071758841,0.0155896894343326
"ENSG00000149972","53942","CNTN5",1.59000742088816,2.49674287319926,0.0293205253281762
"ENSG00000187151","253935","ANGPTL5",1.29689827615091,4.12509358521236,0.000324374118787266
"ENSG00000110318","57562","CEP126",1.00018486696152,4.98371147559077,1.67751978570117e-05
"ENSG00000137691","85016","CFAP300",1.28708270371823,3.12273047547925,0.00636544987062556
"ENSG00000137673","4316","MMP7",3.97803372417901,7.0037949367425,5.66811529252124e-09
"ENSG00000166670","4319","MMP10",4.16434588416454,4.67867158717806,4.99892776762501e-05
"ENSG00000196611","4312","MMP1",4.85918684578207,4.93398049216745,2.00780872416209e-05
"ENSG00000149968","4314","MMP3",2.90369594045247,4.42920440018331,0.000117246868887504
"ENSG00000262406","4321","MMP12",2.109560176385,3.40566181786085,0.00291398492196983
"ENSG00000137745","4322","MMP13",5.53875811912341,6.29743123889813,1.06139019626303e-07
"ENSG00000170962","80310","PDGFD",1.89055356562737,6.99124351774603,5.95104652269256e-09
"ENSG00000170290","6588","SLN",3.88239444142447,5.15717857884075,8.84458936767176e-06
"ENSG00000110777","5450","POU2AF1",2.67458840818666,5.85225557095732,6.20902564079845e-07
"ENSG00000183644","399949","HOATZ",2.33398138249923,2.76092194815308,0.0158353208891871
"ENSG00000149294","4684","NCAM1",1.85887132198197,9.47389724878198,1.201438195548e-13
"ENSG00000149591","6876","TAGLN",1.06370640479236,6.08849373603649,2.4448756026606e-07
"ENSG00000137648","56649","TMPRSS4",4.03059889675978,4.65104935835416,5.52328270445967e-05
"ENSG00000149575","6327","SCN2B",1.10679099570718,5.72160922294639,1.02707196432863e-06
"ENSG00000160683","643","CXCR5",1.27648425525689,2.6387948531726,0.0211533696396574
"ENSG00000172350","64137","ABCG4",1.52368103558617,5.54429819603133,2.03948620654376e-06
"ENSG00000036672","9099","USP2",1.92695824692771,6.09367808921761,2.39332471072941e-07
"ENSG00000154096","7070","THY1",3.07425277511949,10.0091615291143,1.16373947148071e-14
"ENSG00000110400","5818","NECTIN1",1.0356276338072,5.66375374829464,1.29237820100583e-06
"ENSG00000137699","23650","TRIM29",2.53674450734181,3.90733947766335,0.000648627562369291
"ENSG00000184232","220323","OAF",1.27848954346322,7.78769890561313,2.02283282894521e-10
"ENSG00000166250","79827","CLMP",1.37253151654676,10.3408706025588,2.70730385309874e-15
"ENSG00000120471","63970","TP53AIP1",2.24270126978286,3.37041904826305,0.00321406102749748
"ENSG00000043039","8538","BARX2",1.99966790008133,3.84326018442619,0.000790457892662647
"ENSG00000080854","22997","IGSF9B",1.37895917923934,5.78040216608356,8.14767188863245e-07
"ENSG00000166105","112937","GLB1L3",3.4341480901224,5.92487524409857,4.6561462942783e-07
"ENSG00000109956","27087","B3GAT1",1.07002204356657,3.88583679172524,0.000692090216202559
"ENSG00000053702","83714","NRIP2",2.2330683105968,7.65067902500296,3.62915411010491e-10
"ENSG00000111218","56341","PRMT8",1.35251043479345,3.17543752301136,0.00553176528093506
"ENSG00000130037","3741","KCNA5",1.76606562917203,4.91572037815141,2.15206500340656e-05
"ENSG00000185652","4908","NTF3",1.44611517936371,5.58116772858774,1.78021411838446e-06
"ENSG00000139193","939","CD27",1.97737338914418,5.46928138291401,2.71592979280328e-06
"ENSG00000111664","2784","GNB3",1.049899468539,5.42318165506174,3.22695478060491e-06
"ENSG00000139194","83758","RBP5",1.08041031932949,3.38950422429503,0.00305118528568869
"ENSG00000197614","8076","MFAP5",1.16387335949446,2.35053708718955,0.040689237434451
"ENSG00000126838","5858","PZP",1.36503062740582,2.65864765690701,0.020194453663244
"ENSG00000110848","969","CD69",1.28933824672682,6.20560393819417,1.53797180455294e-07
"ENSG00000178878","81575","APOLD1",1.8231683964195,6.43959916639435,5.99280541507576e-08
"ENSG00000134531","2012","EMP1",1.13651122817334,7.09660492042342,3.78373381527488e-09
"ENSG00000111341","4256","MGP",1.03845583984812,6.49370082963339,4.82320004800958e-08
"ENSG00000111404","79785","RERGL",1.56312007292779,3.91049793744381,0.000642460701883971
"ENSG00000172572","5139","PDE3A",1.24038909623202,8.11554187644424,4.729088645334e-11
"ENSG00000139155","53919","SLCO1C1",1.52556540825428,6.90671661634449,8.45846946691974e-09
"ENSG00000069431","10060","ABCC9",1.11938300404291,8.38179379675234,1.50428203628222e-11
"ENSG00000118307","55259","DNAI7",1.57726569986836,2.94296602572877,0.0101473535715645
"ENSG00000152936","160492","LMNTD1",2.30619302779635,3.3900475696077,0.00304700498119454
"ENSG00000123096","8082","SSPN",1.59489147353234,9.27471429134069,2.88893436202427e-13
"ENSG00000029153","56938","BMAL2",1.03592178998985,6.28497093644231,1.11680135617867e-07
"ENSG00000087494","5744","PTHLH",2.05720578023453,7.72216132031073,2.67379522490694e-10
"ENSG00000110900","441631","TSPAN11",1.21175640365461,5.72176642451124,1.02707196432863e-06
"ENSG00000057294","5318","PKP2",2.17605084600256,6.58783076703326,3.26973240842871e-08
"ENSG00000184613","4753","NELL2",1.32666264778815,3.78467497126142,0.000947881231658276
"ENSG00000111405","8909","ENDOU",1.23797237467867,4.57644213939236,7.10177378618327e-05
"ENSG00000177875","387856","CCDC184",1.55321341759421,5.64257595537972,1.39421661108089e-06
"ENSG00000139537","85478","CCDC65",1.52419767430576,2.78230888797406,0.0150578868614628
"ENSG00000178401","79962","DNAJC22",2.78042870812081,12.1571791580872,9.29327649123504e-19
"ENSG00000135472","23017","FAIM2",1.87323550153564,5.16226184226557,8.70171183946129e-06
"ENSG00000161798","362","AQP5",1.57239743128292,2.98284815342871,0.00915881393887999
"ENSG00000110881","41","ASIC1",1.87427478357385,8.5213496141195,8.09290693492053e-12
"ENSG00000123358","3164","NR4A1",1.91973288050329,5.64722610975489,1.37410398858613e-06
"ENSG00000205420","3853","KRT6A",4.82080033138907,4.40050252456475,0.000129554208003566
"ENSG00000186081","3852","KRT5",6.81023758785645,4.91086578677522,2.19183303846429e-05
"ENSG00000167768","3848","KRT1",1.59632805375543,3.05489309329645,0.00757957006242664
"ENSG00000198353","3221","HOXC4",1.38214741357787,5.44051647406205,3.0224441582366e-06
"ENSG00000135447","5502","PPP1R1A",1.26457149822429,2.90834771872329,0.0110712543852176
"ENSG00000135424","3679","ITGA7",1.86618784467927,9.87166235074658,2.05968664910375e-14
"ENSG00000123342","4327","MMP19",1.45196330949244,5.87151989821004,5.7612978224443e-07
"ENSG00000111087","2735","GLI1",2.07235336558709,9.20224428636608,4.0027086910416e-13
"ENSG00000155980","3798","KIF5A",1.02364683053624,4.30021810887432,0.000180668435243367
"ENSG00000166148","552","AVPR1A",3.34945567399084,6.00039150592292,3.46696699343451e-07
"ENSG00000127324","7103","TSPAN8",1.1200337348684,4.05014853046181,0.000413611570445187
"ENSG00000139289","22822","PHLDA1",1.4536298705343,10.3289098810135,2.81260758223381e-15
"ENSG00000165899","283310","OTOGL",1.27915841771568,5.63353173939029,1.44321789897951e-06
"ENSG00000139220","8499","PPFIA2",2.0531430266705,9.13104436544124,5.51264478911647e-13
"ENSG00000231738","144448","TSPAN19",2.78861914308808,2.9738823227973,0.00938258441504133
"ENSG00000133640","84125","LRRIQ1",1.86897094083808,2.89762341854363,0.0113794368300438
"ENSG00000133636","4922","NTS",1.24072569996854,2.47188116142722,0.0310206087343259
"ENSG00000182050","25834","MGAT4C",1.14940588573629,3.67665555454622,0.00131507743321902
"ENSG00000139330","11081","KERA",3.37748939560068,12.0638000772522,1.37716521299654e-18
"ENSG00000139329","4060","LUM",1.41778249283227,8.10936142767203,4.85125882205931e-11
"ENSG00000187510","440107","PLEKHG7",2.42932703057165,3.76283309639018,0.00101389037237608
"ENSG00000188596","144535","CFAP54",2.06330057726648,4.4137107689638,0.000123658175944158
"ENSG00000151572","121601","ANO4",2.97637450529943,6.27585795790897,1.1603652623265e-07
"ENSG00000017427","3479","IGF1",2.47198583650459,9.418804465632,1.48904348767238e-13
"ENSG00000136011","55576","STAB2",1.702503881812,5.97579713815803,3.80034478527261e-07
"ENSG00000120820","83468","GLT8D2",1.38954171109679,11.0755854667343,1.10480589066942e-16
"ENSG00000235162","387882","C12orf75",1.48352449389489,6.55300244481821,3.76996702770435e-08
"ENSG00000151136","121551","ABTB3",1.08352402487583,4.82026940382904,3.03344937698053e-05
"ENSG00000075035","9671","WSCD2",2.1351472121587,7.0167029277462,5.36558850843056e-09
"ENSG00000111199","59341","TRPV4",1.14125972704645,3.70225358978075,0.00121850756452129
"ENSG00000111344","8437","RASAL1",1.45905992258337,4.18928126114388,0.000262052394989851
"ENSG00000186710","387885","CFAP73",1.95828773979431,2.57696044141923,0.0243691536054312
"ENSG00000166578","115811","IQCD",1.00623085830817,2.40963091437439,0.0356357696746287
"ENSG00000135094","10993","SDS",1.78889380248897,4.657280366121,5.39943556470013e-05
"ENSG00000135116","8739","HRK",1.60810318718382,3.23012014126439,0.00477045057395541
"ENSG00000183273","160777","CCDC60",2.3651271483697,2.88396274785811,0.011771423423164
"ENSG00000139714","283385","MORN3",1.14290015749084,3.4717322789207,0.00240516162515429
"ENSG00000158023","144406","CFAP251",1.39675169199838,2.8776366978031,0.011954387835442
"ENSG00000158113","254050","LRRC43",1.9459061939693,3.39861289968899,0.00297300728872368
"ENSG00000196917","27198","HCAR1",2.20749910139421,4.31502491097775,0.000172079478642688
"ENSG00000197653","196385","DNAH10",1.83370369870925,2.76410694608142,0.0157206862795958
"ENSG00000139364","114795","TMEM132B",1.40512990024219,5.52914713965124,2.1570057537385e-06
"ENSG00000181234","92293","TMEM132C",1.99637644634802,6.10101486117729,2.3253966548902e-07
"ENSG00000060709","23504","RIMBP2",1.70073687743876,4.18398567742163,0.000266832303526298
"ENSG00000165474","2706","GJB2",3.27643601347463,5.75426895470335,9.06537360569171e-07
"ENSG00000127863","55504","TNFRSF19",1.03267604116713,7.45619368792042,8.2527965609388e-10
"ENSG00000075673","479","ATP12A",3.92954276776253,4.08496136446283,0.000369504902780701
"ENSG00000102802","84935","MEDAG",2.3978420024062,5.25340162325978,6.16957852291932e-06
"ENSG00000172915","26960","NBEA",1.07870689564435,4.98290246850939,1.68243185380484e-05
"ENSG00000133083","9201","DCLK1",1.74852280772642,7.97889659720708,8.64798461537751e-11
"ENSG00000133101","8900","CCNA1",1.538596151332,2.93030515032754,0.0104725974932481
"ENSG00000133110","10631","POSTN",2.7286364010463,9.4455196627922,1.35046588957011e-13
"ENSG00000133115","161003","STOML3",2.14336509750554,2.63418006102977,0.0213471828292935
"ENSG00000120659","8600","TNFSF11",2.19008366808617,6.33817709244189,8.93943735093645e-08
"ENSG00000179813","144809","FAM216B",2.57047203562504,3.36255686337345,0.00328947388311642
"ENSG00000102468","3356","HTR2A",2.29051599635817,7.24215286552641,2.05708628298356e-09
"ENSG00000197168","341676","NEK5",1.57853963443342,2.90657594044912,0.0111219367687989
"ENSG00000184564","84189","SLITRK6",1.66452309363683,4.0192829654362,0.000455530528526591
"ENSG00000134873","9071","CLDN10",1.08442220077804,2.77468927614526,0.0153270828076438
"ENSG00000185352","266722","HS6ST3",1.8334159631017,4.52524853568273,8.46196495351079e-05
"ENSG00000169508","1880","GPR183",1.10802190564214,5.77321767803177,8.40133108364787e-07
"ENSG00000102452","259232","NALCN",1.33193849132696,6.19025805071885,1.63251090567436e-07
"ENSG00000198542","9358","ITGBL1",1.43842114167469,6.43066396248075,6.21249407997092e-08
"ENSG00000102466","2259","FGF14",1.74768126406927,5.87967290237206,5.57860311505219e-07
"ENSG00000204442","728215","NALF1",1.12725026863024,6.44858919436853,5.75378109485621e-08
"ENSG00000092009","1215","CMA1",2.83590198293099,5.99738594307196,3.49219698034459e-07
"ENSG00000100448","1511","CTSG",1.53472265308665,4.12635449566008,0.00032326860255863
"ENSG00000100473","1690","COCH",2.16720564652184,9.79789660458102,2.7920290557736e-14
"ENSG00000151322","64067","NPAS3",1.34157537038568,6.14395295575863,1.95857950407445e-07
"ENSG00000198807","5083","PAX9",3.02078585928412,4.09043154159063,0.000363310506267201
"ENSG00000131969","145447","ABHD12B",2.24261051723117,3.91796223794857,0.000628685713968292
"ENSG00000139926","122786","FRMD6",1.07045979986184,7.61067164965353,4.32157086698509e-10
"ENSG00000139971","145407","ARMH4",1.64363288298726,9.81983642461334,2.57568226986981e-14
"ENSG00000126778","6495","SIX1",2.83995924701419,4.28868148773948,0.000188329242227419
"ENSG00000100625","51804","SIX4",2.06521725022767,5.37908568569336,3.80699243191168e-06
"ENSG00000139973","83851","SYT16",3.05251462735294,8.34316249489698,1.74684199464129e-11
"ENSG00000140009","2100","ESR2",2.91792708877877,6.08092195642055,2.51383092581802e-07
"ENSG00000176153","2877","GPX2",2.11440832533782,3.52414499864351,0.00206657483792264
"ENSG00000100626","57452","GALNT16",1.4992469517463,8.31693510106792,1.97629407725075e-11
"ENSG00000198732","64093","SMOC1",1.5078576562962,5.61234524989084,1.57271421639296e-06
"ENSG00000205683","8110","DPF3",1.00240926430766,5.56751237133197,1.87335823587901e-06
"ENSG00000119636","80127","BBOF1",1.05046005768526,3.70668163351291,0.00120245064501938
"ENSG00000119681","4053","LTBP2",1.16813190867016,9.20930509317246,3.87942572307996e-13
"ENSG00000119630","5228","PGF",1.40152088797167,6.54382396706008,3.92789076904216e-08
"ENSG00000170345","2353","FOS",1.03406342712065,3.30188268273038,0.00390317193477067
"ENSG00000119699","7043","TGFB3",1.97325216945836,11.0458008795047,1.27153398362371e-16
"ENSG00000211448","1734","DIO2",4.05446019680179,10.5232813408834,1.2776030102845e-15
"ENSG00000185070","23768","FLRT2",1.2299977335499,7.40442279410335,1.0268712185964e-09
"ENSG00000100628","51676","ASB2",1.75058386026253,6.19076690698996,1.63005989925374e-07
"ENSG00000188488","5104","SERPINA5",1.46968735659111,4.45599470278628,0.000107222417525672
"ENSG00000196136","12","SERPINA3",2.31879283984599,5.05123462810487,1.31000428630527e-05
"ENSG00000168398","624","BDKRB2",2.78279848498072,7.40716199113504,1.01494164975781e-09
"ENSG00000100739","623","BDKRB1",2.87935237833776,4.71559655566086,4.40502443942975e-05
"ENSG00000168350","123099","DEGS2",1.07875217601799,2.71949688533302,0.0174558976034707
"ENSG00000184601","400258","C14orf180",1.71733750684129,4.90863593664635,2.20587473724872e-05
"ENSG00000166428","122618","PLD4",1.15732561534692,5.17295896568327,8.35405818599311e-06
"ENSG00000185567","113146","AHNAK2",1.11646064235715,4.40245840649051,0.000128762145680315
"ENSG00000166922","6447","SCG5",2.63621792453678,8.60449403171326,5.76723750755648e-12
"ENSG00000166923","26585","GREM1",4.48786376567563,4.94013564271985,1.96488881472286e-05
"ENSG00000198838","6263","RYR3",2.55289383075623,6.3996248009216,6.97029347007077e-08
"ENSG00000159251","70","ACTC1",1.70416716620121,3.92965410671874,0.000606032464671536
"ENSG00000104140","171177","RHOV",3.44403045062192,4.04690484861083,0.000417424343340309
"ENSG00000166963","4130","MAP1A",1.25097067765761,6.60449181936465,3.05437303679552e-08
"ENSG00000171877","84978","FRMD5",1.96997095723442,6.24828164843109,1.29073053804181e-07
"ENSG00000166147","2200","FBN1",1.35402888132948,9.69901117370214,4.32377801827526e-14
"ENSG00000185634","399694","SHC4",1.98721858076635,6.93081859293519,7.67169010850088e-09
"ENSG00000140284","11001","SLC27A2",1.71772712096889,3.98102876690786,0.000514535493356735
"ENSG00000140287","3067","HDC",1.21947520769091,5.4326739448602,3.12544970495846e-06
"ENSG00000151575","374618","TEX9",1.41729417008425,4.18991786290614,0.000261932670694813
"ENSG00000138587","55329","MNS1",1.12563285858973,3.77575148384116,0.000974790762170883
"ENSG00000166035","3990","LIPC",1.03985674358326,4.28664043262717,0.000189504836439026
"ENSG00000157470","145773","FAM81A",1.10581855903382,4.14409749884297,0.000304962661721227
"ENSG00000140297","9245","GCNT3",1.50538744668905,3.43814330040251,0.00265705600841224
"ENSG00000197361","283807","FBXL22",1.64363436715235,6.48417103999593,4.98899258232293e-08
"ENSG00000138615","8483","CILP",1.76479009850541,4.23297399323689,0.000227276183311923
"ENSG00000103742","57722","IGDCC4",2.63075991016899,8.64566002522749,5.00058206491567e-12
"ENSG00000103599","64799","IQCH",1.03284101827652,3.35721501808194,0.00333963020171155
"ENSG00000137809","22801","ITGA11",1.82112719276038,7.8140085467243,1.79970216934245e-10
"ENSG00000138622","10021","HCN4",2.25769673477958,4.35420051900029,0.000151500473588929
"ENSG00000129038","4016","LOXL1",1.12516353080109,6.67851133256817,2.2353302361549e-08
"ENSG00000167178","57611","ISLR2",1.53589414014382,4.6840739892727,4.90392400183362e-05
"ENSG00000137868","64220","STRA6",3.86409322185309,6.06215503619454,2.68734346726953e-07
"ENSG00000140481","80125","CCDC33",2.49039707297582,2.90521831151276,0.0111628198058538
"ENSG00000198794","192683","SCAMP5",1.00202035725695,5.20868863521904,7.31496754709828e-06
"ENSG00000182950","161753","CIMAP1C",1.33566276476779,4.60556744406464,6.44120368533018e-05
"ENSG00000169752","145957","NRG4",1.48384349308059,3.61518087783296,0.0015769106877931
"ENSG00000169783","84894","LINGO1",1.53945971861557,5.73641007898948,9.70540704489045e-07
"ENSG00000103740","23205","ACSBG1",1.96321653752422,2.96067689996435,0.00970908901453952
"ENSG00000166426","1381","CRABP1",2.55527840825884,5.222457875025,6.93618808764808e-06
"ENSG00000156206","161502","CFAP161",1.10293460138146,2.59488737117682,0.0234002786388258
"ENSG00000172345","80765","STARD5",1.06717747397899,8.22933658617008,2.87893249123824e-11
"ENSG00000188659","283726","SAXO2",1.77884121256959,2.82819896835987,0.0134695251859854
"ENSG00000169594","646","BNC1",3.10583817617752,5.41501730244879,3.33427113429259e-06
"ENSG00000157766","176","ACAN",2.93093450743641,6.24468377965118,1.3133984569409e-07
"ENSG00000166813","374654","KIF7",1.19824143889763,10.2513071240012,3.80047425806474e-15
"ENSG00000140527","56964","WDR93",1.47998379074499,2.57941915083719,0.0242279028460194
"ENSG00000185518","9899","SV2B",1.12385798508281,4.90303349914081,2.25112066979484e-05
"ENSG00000182175","56963","RGMA",1.57913899224213,6.51738341030358,4.37845935170149e-08
"ENSG00000184254","220","ALDH1A3",2.16772509930961,7.78846824152406,2.01957423367052e-10
"ENSG00000188536","3040","HBA2",1.95544104325081,4.4379427175051,0.000114068147176754
"ENSG00000206172","3039","HBA1",1.39502373897473,3.37953655510829,0.00313501384970759
"ENSG00000185615","64714","PDIA2",1.16568395095071,4.103638592056,0.000348156315733744
"ENSG00000257108","283948","NHLRC4",1.13377645584418,3.56287633094437,0.00183935100165147
"ENSG00000162004","124093","CCDC78",1.80202243031329,2.97367116869746,0.00938692023015313
"ENSG00000005513","30812","SOX8",1.16334088688589,5.62667575055182,1.48033596360499e-06
"ENSG00000127561","9143","SYNGR3",1.11295273218146,3.82106151567947,0.000846247486249573
"ENSG00000167964","25837","RAB26",1.42023508069528,4.9731933669641,1.73820467521801e-05
"ENSG00000166246","146562","DNAAF8",1.43192259759335,2.81556235788427,0.0138992206069857
"ENSG00000183454","2903","GRIN2A",3.14255583778679,6.90643028812971,8.49589636908058e-09
"ENSG00000166676","780776","TVP23A",1.40050333642679,8.08271614596398,5.40486980619098e-11
"ENSG00000048462","608","TNFRSF17",2.35957020354732,5.14580556248769,9.22314731917951e-06
"ENSG00000133392","4629","MYH11",1.42370313511146,5.90106973223252,5.11825727056716e-07
"ENSG00000158486","55567","DNAH3",2.4298538646627,2.89262916265897,0.0115203885216325
"ENSG00000175267","146177","VWA3A",1.37678133226222,2.71828881381579,0.0175021048471443
"ENSG00000134398","10595","ERN2",4.04967038205082,4.44160978543495,0.000112612313549427
"ENSG00000166869","63928","CHP2",2.33683920188172,3.0945023388496,0.00683800523741953
"ENSG00000177455","930","CD19",1.7735847201496,3.6589286641001,0.00138525397613331
"ENSG00000167371","112476","PRRT2",1.31918314623043,7.24823030502931,2.00278426666199e-09
"ENSG00000149927","8448","DOC2A",1.04809143547381,2.26580901769235,0.0488570175854328
"ENSG00000087245","4313","MMP2",1.44471694796717,10.3912513402585,2.1867798035493e-15
"ENSG00000087258","2775","GNAO1",1.75280404210234,9.78744829856393,2.92620034452818e-14
"ENSG00000205362","4489","MT1A",1.42309023602396,3.09706026406086,0.00679411238805794
"ENSG00000187193","4501","MT1X",1.2122056762064,3.96536242257941,0.000541057584631604
"ENSG00000102962","6367","CCL22",1.94485129790389,5.44700910535564,2.95715429402002e-06
"ENSG00000159625","84229","DRC7",1.83402942318568,2.53334780390526,0.0269219112321485
"ENSG00000103021","29070","CFAP263",1.63792559455445,3.44311903737005,0.0026191657950657
"ENSG00000166546","146227","BEAN1",1.82026962679512,8.56143055850263,6.90591696096834e-12
"ENSG00000166592","6236","RRAD",1.13145920176724,6.96167459024266,6.75136060646597e-09
"ENSG00000159713","51673","TPPP3",1.23579399438562,4.52639440088449,8.43938098410247e-05
"ENSG00000102904","55815","TSNAXIP1",1.14918980390834,3.07493276597726,0.0071957261197026
"ENSG00000062038","1001","CDH3",2.31421639468014,6.31540060212777,9.8307220558275e-08
"ENSG00000157423","54768","HYDIN",2.25436052446115,2.98570974522334,0.00909467673956711
"ENSG00000183196","4166","CHST6",2.83595313900021,6.00495067760979,3.40524753153802e-07
"ENSG00000205084","79583","TMEM231",1.252646756159,4.07261947676357,0.000385006065078261
"ENSG00000140873","170692","ADAMTS18",3.00940506658063,5.76833320667197,8.55553093957037e-07
"ENSG00000171724","57687","VAT1L",2.17679239111945,5.03198927881377,1.40389522229929e-05
"ENSG00000168589","83657","DYNLRB2",1.63722289777954,2.80422833764001,0.0142765591867549
"ENSG00000154099","123872","DNAAF1",2.42709400480062,3.59647858071201,0.00166818075937129
"ENSG00000103196","83716","CRISPLD2",1.00454709333197,5.13080546382626,9.72064633903082e-06
"ENSG00000153789","339145","CIBAR2",2.60106503744483,3.52400768623088,0.00206708312135133
"ENSG00000154102","404550","C16orf74",1.23586997220347,6.4384129913825,5.99280541507576e-08
"ENSG00000176692","2303","FOXC2",1.36538915272595,5.90126774896975,5.10626328823768e-07
"ENSG00000176678","2300","FOXL1",2.03899365431996,10.6686049364367,6.73275014728456e-16
"ENSG00000225614","84627","ZNF469",1.51158438207839,7.5232121574564,6.20582567951687e-10
"ENSG00000178773","27132","CPNE7",1.68371459959049,6.86791505563074,9.98116985025868e-09
"ENSG00000015413","1800","DPEP1",2.56877208198038,6.39440722606487,7.10828542499777e-08
"ENSG00000258947","10381","TUBB3",2.43066394616621,7.77035618670635,2.16204326302119e-10
"ENSG00000132386","5176","SERPINF1",1.55750075006812,8.61918446871663,5.47693536119077e-12
"ENSG00000167723","162514","TRPV3",1.0808301779491,4.48417727507977,9.7204969493008e-05
"ENSG00000083454","5026","P2RX5",1.2678821465397,4.14776759164428,0.00030158338613975
"ENSG00000161905","246","ALOX15",3.04244644842947,3.75500680678915,0.00103735009924561
"ENSG00000132517","55065","SLC52A1",2.10669285460243,4.81289282192617,3.11636786051393e-05
"ENSG00000129204","9098","USP6",1.91618339485715,4.04652790721057,0.000417888236544755
"ENSG00000167858","83659","TEKT1",2.44491042319068,2.89061827653978,0.0115760490809849
"ENSG00000161960","1973","EIF4A1",1.00929744788325,4.4265205393096,0.000118396825214366
"ENSG00000129194","6665","SOX15",1.13747465966294,3.77112027528255,0.000987364879972924
"ENSG00000129244","482","ATP1B2",1.1691787682437,6.20006445555375,1.57321618484107e-07
"ENSG00000108947","1949","EFNB3",2.7442147768881,10.3778961495158,2.30132401347264e-15
"ENSG00000183914","146754","DNAH2",1.74880953413851,3.01791640559364,0.00835633066625672
"ENSG00000065320","9423","NTN1",1.55084154870707,6.80363941209763,1.31678199562742e-08
"ENSG00000166596","146845","CFAP52",2.15407425417157,2.86713851010986,0.0122748166442579
"ENSG00000188803","388336","SHISA6",2.26684308247586,6.40843581235027,6.70959731683637e-08
"ENSG00000007174","1770","DNAH9",2.33531525366004,3.08968435869019,0.00691779347342388
"ENSG00000141052","93649","MYOCD",1.60987465492588,6.23941294789729,1.33532970394826e-07
"ENSG00000153976","9955","HS3ST3A1",1.34590531112154,6.38329654203759,7.4029272033047e-08
"ENSG00000125409","64518","TEKT3",1.29201154667771,3.84104284520313,0.0007955285882874
"ENSG00000240505","23495","TNFRSF13B",2.06596936278485,4.49906587473221,9.25173936143932e-05
"ENSG00000108551","51655","RASD1",1.31191748920366,5.24894881214438,6.28161316689244e-06
"ENSG00000171962","83450","DRC3",1.47756253043426,3.139273945891,0.00609811493007419
"ENSG00000108602","218","ALDH3A1",2.48428726816779,4.2384479522266,0.000223223532704432
"ENSG00000108691","6347","CCL2",1.1165126283088,3.18418360797488,0.00539827462576048
"ENSG00000108688","6354","CCL7",1.83704178341519,3.22655061523298,0.00481347862422205
"ENSG00000172156","6356","CCL11",2.60425546708077,6.07656569455063,2.55358242496768e-07
"ENSG00000181374","6357","CCL13",1.2176072430376,5.68263492035692,1.20206205521814e-06
"ENSG00000181291","124842","TMEM132E",2.77506652292178,9.49379788622697,1.09241922174569e-13
"ENSG00000270765","246176","GAS2L2",2.04253592178012,3.11790213200875,0.00644369804733134
"ENSG00000276409","6358","CCL14",1.09088413735443,2.69874140812694,0.0183338643613122
"ENSG00000161381","57125","PLXDC1",1.33634058403917,11.6729872223536,7.69327849207134e-18
"ENSG00000141750","342667","STAC2",1.28951098231266,2.98661558387957,0.00907597484106205
"ENSG00000167914","284110","GSDMA",1.34553570806903,3.28547689858228,0.00407819509228339
"ENSG00000141753","3487","IGFBP4",1.18409230213795,6.7604412617707,1.58681474276792e-08
"ENSG00000131746","84951","TNS4",4.55309316130989,4.66308619438903,5.28727016502184e-05
"ENSG00000171401","3860","KRT13",1.50168152472869,2.95424824269886,0.00986861578748057
"ENSG00000171346","3866","KRT15",3.80987901308656,5.71125408776192,1.07210526585075e-06
"ENSG00000186847","3861","KRT14",4.10797635120421,4.78557009228208,3.43084706867691e-05
"ENSG00000186832","3868","KRT16",3.36107036391699,5.99164630663181,3.56284066935644e-07
"ENSG00000128422","3872","KRT17",5.42809163802165,5.48763091058826,2.52266885368056e-06
"ENSG00000204815","83538","ODAD4",1.24462735063042,2.76694190191587,0.0156063774634675
"ENSG00000126562","65266","WNK4",1.53452060839667,3.15412365931514,0.00586315190053413
"ENSG00000176563","124817","CNTD1",1.3593257117031,2.59902888078333,0.0231542562416124
"ENSG00000267060","100885848","PTGES3L",1.1451811864686,3.90352877303498,0.000655628750395675
"ENSG00000005102","4222","MEOX1",3.12274256207356,5.76860300251113,8.55553093957037e-07
"ENSG00000167941","50964","SOST",1.88139601400187,2.98980730453387,0.00900016573952012
"ENSG00000108852","4355","MPP2",1.25865908434015,7.54287718993517,5.66280179433461e-10
"ENSG00000141294","90506","LRRC46",1.77133597362712,2.65771862102707,0.0202310205939509
"ENSG00000167080","124872","B4GALNT2",1.45796532977391,2.53831963520862,0.0266324625905013
"ENSG00000064300","4804","NGFR",2.23382967624498,7.19790541368064,2.4629605803331e-09
"ENSG00000108821","1277","COL1A1",2.38110471739865,8.88663407369634,1.75204307482773e-12
"ENSG00000136449","84073","MYCBPAP",1.77682359712953,4.2421850197952,0.000220356003657897
"ENSG00000049283","55040","EPN3",1.65603276974289,2.83378814784567,0.0132848952493164
"ENSG00000006283","8913","CACNA1G",2.21690859995761,7.10432973020578,3.64555671546689e-09
"ENSG00000153930","162282","ANKFN1",1.82210732858545,3.41184820078074,0.00286594210057582
"ENSG00000175175","22843","PPM1E",1.47037995265702,4.19832686364725,0.000254174919712297
"ENSG00000173838","162333","MARCHF10",1.68327332302432,2.72055063485084,0.0174200008370321
"ENSG00000007312","974","CD79B",1.05470622554015,4.50383056880161,9.09035689021093e-05
"ENSG00000007314","6329","SCN4A",1.09994667416159,3.39541488435085,0.00299897555859232
"ENSG00000224383","92340","PRR29",1.95742947736781,3.09135634560498,0.00688970110800963
"ENSG00000153822","3773","KCNJ16",1.9530506961125,3.09912427563113,0.00676019794729522
"ENSG00000180616","6752","SSTR2",1.55569009783431,5.90320626039252,5.07882832201372e-07
"ENSG00000069188","54549","SDK2",1.10663431261477,8.05507622958305,6.1328141265165e-11
"ENSG00000171595","64446","DNAI2",1.92885062893618,2.67017754206435,0.0196480409016938
"ENSG00000196169","124602","KIF19",1.9683820865192,3.46798201977077,0.00243225729232601
"ENSG00000132470","3691","ITGB4",1.33288168815887,5.18994583304219,7.86413732436885e-06
"ENSG00000129654","2302","FOXJ1",1.56626629090511,2.51419168649793,0.0281586486258871
"ENSG00000070526","55808","ST6GALNAC1",1.70963725319472,3.95370531623236,0.000562907311459864
"ENSG00000173918","114897","C1QTNF1",1.08825280859706,5.54848243675115,2.01264021114733e-06
"ENSG00000141519","55036","CCDC40",1.30782504932474,4.31191459089636,0.000173851021015799
"ENSG00000141433","116","ADCYAP1",3.91016895561281,6.46804873277545,5.34656631265142e-08
"ENSG00000101605","8736","MYOM1",1.35078948684787,6.35479987956077,8.3889376961856e-08
"ENSG00000206432","645369","TMEM200C",2.09580738329456,6.92112213208146,7.9954675014326e-09
"ENSG00000154864","63895","PIEZO2",1.15495279999739,5.49481175899109,2.45581903061195e-06
"ENSG00000141404","2774","GNAL",1.48489737336425,7.33963879092957,1.35797768692176e-09
"ENSG00000168675","753","LDLRAD4",1.296953458137,15.0214850314089,1.22520199010793e-23
"ENSG00000154040","26256","CABYR",2.33655826372014,9.51435019596607,9.96828927536459e-14
"ENSG00000198795","25925","ZNF521",1.1660405034281,8.31205453624088,2.01915372115805e-11
"ENSG00000134504","284252","KCTD1",1.18232999604696,6.9807585823477,6.21526025097004e-09
"ENSG00000154080","83539","CHST9",3.72270622879913,3.5818801346716,0.00174067935805169
"ENSG00000170558","1000","CDH2",2.96751469915763,7.20431878582534,2.40185030914957e-09
"ENSG00000134762","1825","DSC3",5.1461793956881,5.45842513364468,2.83161710572589e-06
"ENSG00000134757","1830","DSG3",4.49228563805852,5.05097994682302,1.31081345966737e-05
"ENSG00000197705","57565","KLHL14",1.24051526681239,4.41469590097118,0.000123097723926951
"ENSG00000134775","80206","FHOD3",1.83916628920105,5.08382616854174,1.16066480151299e-05
"ENSG00000172361","220136","CFAP53",1.76835734736347,3.14636418259335,0.00598594938637254
"ENSG00000134042","83876","MRO",1.25817075287304,4.58704078384825,6.86354864839728e-05
"ENSG00000198796","115701","ALPK2",3.09371581743404,5.63364331327603,1.4460038092008e-06
"ENSG00000206075","5268","SERPINB5",5.20814369046432,4.67901097658053,4.99398933550352e-05
"ENSG00000197641","5275","SERPINB13",3.74324221908221,4.14654449518035,0.000302787997542573
"ENSG00000206073","6318","SERPINB4",2.89983374220406,3.59447654934406,0.00167772259959797
"ENSG00000206072","89778","SERPINB11",1.99285148662245,2.86041776562858,0.0124792992070098
"ENSG00000057149","6317","SERPINB3",4.14651320655351,3.37315470248599,0.00319323438903716
"ENSG00000197632","5055","SERPINB2",1.64285362154301,3.1585055637027,0.00579571071398682
"ENSG00000141665","201456","FBXO15",1.22965882372944,2.55091816478072,0.0258910218065209
"ENSG00000141934","8612","PLPP2",1.69806786126811,4.27121712585568,0.000200278312729474
"ENSG00000129951","79948","PLPPR3",1.61403376376355,3.39056879199887,0.00304258168366807
"ENSG00000116032","116444","GRIN3B",1.54006072222235,2.46934454905113,0.0311997216182897
"ENSG00000099625","255057","CBARP",1.47749045322282,5.55768582519845,1.94338320936377e-06
"ENSG00000167476","126306","JSRP1",2.32151094669207,6.1835280363082,1.67346464078102e-07
"ENSG00000176490","148252","DIRAS1",1.84644809391259,6.76397044970845,1.55374279557461e-08
"ENSG00000174898","257062","CATSPERD",1.87260780756806,2.50296673967784,0.0288959688970875
"ENSG00000125726","970","CD70",1.6297827066493,4.80347482808356,3.21976580126876e-05
"ENSG00000178531","404217","CTXN1",1.32763278640987,3.41063699272099,0.00287264808404897
"ENSG00000167772","51129","ANGPTL4",1.27947342241001,3.50384579215032,0.00219224290602508
"ENSG00000181143","94025","MUC16",4.32925478080602,4.23707340905022,0.000224293413697027
"ENSG00000198003","115948","ODAD3",1.27973824802411,2.58945086265867,0.0236845685182009
"ENSG00000130176","1264","CNN1",1.86258039619236,7.42814658125038,9.28620753819743e-10
"ENSG00000132000","79883","PODNL1",1.766819653142,8.80314710251126,2.44655808204625e-12
"ENSG00000160951","5731","PTGER1",1.38804887603254,5.77728651997357,8.24482370025803e-07
"ENSG00000188039","284434","NWD1",2.50858809849228,3.08203626172471,0.00706326783504867
"ENSG00000167483","199786","NIBAN3",1.06713276452361,2.82222740488332,0.0136626488894151
"ENSG00000130477","23025","UNC13A",1.02070273566701,4.39465826384043,0.000132121531314174
"ENSG00000179913","10331","B3GNT3",2.30652030543587,4.5868758812313,6.87630143195048e-05
"ENSG00000105641","6528","SLC5A5",2.94602653334743,3.63851432976874,0.00147179831136617
"ENSG00000006016","9244","CRLF1",1.54595312935436,4.80353811650254,3.22247460413365e-05
"ENSG00000105696","25789","TMEM59L",2.98916282900205,9.7515639251518,3.45411122614738e-14
"ENSG00000105664","1311","COMP",3.29018075305355,8.42520799822717,1.2293286767867e-11
"ENSG00000160161","148113","CILP2",4.02891208222299,8.1983762026837,3.36458209153874e-11
"ENSG00000160321","7757","ZNF208",1.15684784006793,5.72216303061899,1.02454892851511e-06
"ENSG00000198597","9745","ZNF536",1.34190366475036,5.31031680385734,4.95681105794237e-06
"ENSG00000124302","64377","CHST8",1.83414712523311,5.69124376154906,1.15855014347819e-06
"ENSG00000011590","27033","ZBTB32",1.79985733976402,6.14603136217026,1.94639110110002e-07
"ENSG00000188766","399473","SPRED3",1.5444392707741,6.01415838371703,3.27354413607165e-07
"ENSG00000128016","7538","ZFP36",1.10157294706781,4.55680593981243,7.62218229731067e-05
"ENSG00000105205","1178","CLC",1.84684581352687,4.2007661005525,0.000252383740695334
"ENSG00000255974","1548","CYP2A6",2.16412831525427,3.28810358361902,0.00404798440698335
"ENSG00000197838","1553","CYP2A13",1.64409664678711,2.83459668621785,0.0132546787767641
"ENSG00000197446","1572","CYP2F1",3.00757393901411,2.96654038298481,0.00956541941394675
"ENSG00000105369","973","CD79A",2.64354769872469,5.08823819271489,1.14347172106211e-05
"ENSG00000124466","27076","LYPD3",1.35764045305474,7.28456250201135,1.71308153850971e-09
"ENSG00000176531","653583","PHLDB3",1.05820042972954,9.21195040898083,3.81390677502442e-13
"ENSG00000104783","3783","KCNN4",1.18235905403938,5.58725250158054,1.74123013821919e-06
"ENSG00000125740","2354","FOSB",2.94501986511002,4.53633659670387,8.15769949752489e-05
"ENSG00000204866","147920","IGFL2",4.18517876449453,8.35746323229535,1.64918907494608e-11
"ENSG00000182013","55228","PNMA8A",1.18651742513574,5.36992103320281,3.94573579076515e-06
"ENSG00000105479","93233","ODAD1",1.70601107636847,2.80627659860635,0.014210614219862
"ENSG00000176920","2524","FUT2",1.91327582417483,3.2989904408963,0.00393192075268797
"ENSG00000130528","3270","HRC",1.61823897366165,7.57742455590785,4.90593612427236e-10
"ENSG00000269404","6689","SPIB",1.51639837993737,3.31354947453857,0.00377658404005248
"ENSG00000161681","50944","SHANK1",1.99787538019211,7.4526076378842,8.32216890623138e-10
"ENSG00000105472","6320","CLEC11A",1.12519957797987,6.10182974263446,2.31858743449574e-07
"ENSG00000169035","5650","KLK7",3.10492033218434,4.63671696787629,5.80136001246912e-05
"ENSG00000186474","43849","KLK12",1.77048065996214,2.7588351603756,0.0159114714231778
"ENSG00000167759","26085","KLK13",2.50631974393461,4.32524311460585,0.000166534435871992
"ENSG00000105509","3036","HAS1",3.6992827395241,3.37992061697818,0.00313361915421541
"ENSG00000130433","59285","CACNG6",1.95153992986781,2.64459387483884,0.0208678638790442
"ENSG00000167646","352909","DNAAF3",1.73091734835389,2.74569500325871,0.0164122881791259
"ENSG00000080031","5794","PTPRH",2.16666041059408,5.98677552186546,3.62717320408954e-07
"ENSG00000160469","84446","BRSK1",1.68461984637271,11.8370355277387,3.99430483169844e-18
"ENSG00000095752","3589","IL11",2.81662074316579,6.14153126149986,1.97701964885756e-07
"ENSG00000160472","147744","TMEM190",2.14870931756567,2.91041717066987,0.0110094408916744
"ENSG00000179954","284297","SSC5D",2.36478201374781,14.8019355402544,2.37787597335128e-23
"ENSG00000231274","100130827","SBK3",1.05313391361812,3.49998386214442,0.00221369668939552
"ENSG00000180532","201516","ZSCAN4",1.53106499796076,3.64718110826074,0.00143477839949924
"ENSG00000088882","56265","CPXM1",3.69064592600511,7.21291051182404,2.31771623634619e-09
"ENSG00000088836","83959","SLC4A11",1.75999371407296,4.85290874282076,2.7021679911906e-05
"ENSG00000101222","25876","SPEF1",1.85998581847357,2.61619823923633,0.0222461000338759
"ENSG00000101311","55612","FERMT1",1.4801509095509,5.66944232908473,1.26570856173484e-06
"ENSG00000101333","5332","PLCB4",1.08921508303796,7.5502050658966,5.52479383657958e-10
"ENSG00000125869","24141","LAMP5",3.1746909784862,9.9809198438702,1.29724358948249e-14
"ENSG00000132639","6616","SNAP25",2.35464877269934,8.53527786597526,7.71329426277386e-12
"ENSG00000101230","140862","ISM1",2.27611437536027,12.1267697152588,1.07022141190509e-18
"ENSG00000089101","26074","CFAP61",1.82024722972903,2.98082309433963,0.00920831763786746
"ENSG00000170373","1469","CST1",2.90141313610246,4.44136327491219,0.000112646375638107
"ENSG00000170369","1470","CST2",3.93290430863354,7.58354590189472,4.80644643252692e-10
"ENSG00000170367","1473","CST5",2.0073987268269,4.78344774892979,3.45719885279973e-05
"ENSG00000101463","79953","SYNDIG1",1.77044894099846,8.48152640223426,9.57776932416751e-12
"ENSG00000180383","245937","DEFB124",2.69368881487807,7.70621014916127,2.86260476248174e-10
"ENSG00000088320","28954","REM1",1.57550326679247,7.59593904183736,4.55522263120314e-10
"ENSG00000131044","164395","TTLL9",1.61829186627408,3.06389632958465,0.00740215417848734
"ENSG00000125999","92747","BPIFB1",4.98840305805854,4.81754761272463,3.07167851405498e-05
"ENSG00000061656","6676","SPAG4",1.32112339449364,5.06788758495828,1.2332772860694e-05
"ENSG00000132821","128434","VSTM2L",1.26802710826303,4.18972684295296,0.000261990921970223
"ENSG00000149633","85449","KIAA1755",1.7589222963259,9.2983891807459,2.57476532546512e-13
"ENSG00000124143","343578","ARHGAP40",1.10686078534866,2.66056447958452,0.0201017681182291
"ENSG00000101447","81610","FAM83D",2.75975257562085,6.81126796019733,1.27436799199977e-08
"ENSG00000196090","11122","PTPRT",2.11372036000456,2.92947105394964,0.0104928242659554
"ENSG00000149596","57158","JPH2",1.01078628151102,4.75107003863294,3.87827674926347e-05
"ENSG00000101076","3172","HNF4A",2.00915914869157,5.2540596168837,6.14940290768359e-06
"ENSG00000101448","57119","EPPIN",1.68981316183893,2.60735766369753,0.022689122805973
"ENSG00000064655","2139","EYA2",2.29593249963277,6.01353384323122,3.29185477644751e-07
"ENSG00000158445","3745","KCNB1",1.39637525753996,3.89952045754067,0.000664706015742802
"ENSG00000101115","57167","SALL4",1.80138745430949,5.57816678909491,1.79824975799766e-06
"ENSG00000182463","128553","TSHZ2",1.89607315819391,11.4283501983116,2.39705021982591e-17
"ENSG00000064787","8537","BCAS1",1.18018484551919,2.75936467182453,0.0158899903687449
"ENSG00000019186","1591","CYP24A1",4.95804200442596,4.60416050773307,6.47592482428108e-05
"ENSG00000101134","55816","DOK5",2.33033904213984,7.99830100563092,7.92123763527409e-11
"ENSG00000054803","140689","CBLN4",3.49719185776279,6.46204206750583,5.48795685850446e-08
"ENSG00000101144","655","BMP7",1.4618683589584,5.78852750853915,7.93396130665731e-07
"ENSG00000124256","81030","ZBP1",1.04072484153797,4.6009558775436,6.55228349640366e-05
"ENSG00000124237","128602","CIMIP1",2.71276124274917,2.88781957805488,0.0116581238206935
"ENSG00000092758","1299","COL9A3",1.45720173761351,5.15909713916965,8.77787345233711e-06
"ENSG00000101204","1137","CHRNA4",1.98186872206472,3.89243773482087,0.000678656462711724
"ENSG00000275993","102724428","LOC102724428",1.69390780634159,4.41647693040858,0.000122499002800087
"ENSG00000154645","140578","CHODL",1.03113947078491,3.80338078671963,0.000893189175958678
"ENSG00000154734","9510","ADAMTS1",1.20399746955086,4.99372494264311,1.61621281655722e-05
"ENSG00000154736","11096","ADAMTS5",1.06467870072757,4.92241599327727,2.09615765848789e-05
"ENSG00000156284","9073","CLDN8",1.94420830772171,2.48929685559129,0.029818228696096
"ENSG00000183778","10317","B3GALT5",2.45999681311035,4.49363454528709,9.4284173815814e-05
"ENSG00000183036","5121","PCP4",1.71923035718912,4.22959348875079,0.000229735080230964
"ENSG00000160180","7033","TFF3",1.23423197855134,3.81916062638042,0.00085100159780114
"ENSG00000160188","89765","RSPH1",1.99415917190998,2.80292186181003,0.0143167535219681
"ENSG00000182871","80781","COL18A1",1.32316455588954,10.8143532810862,3.47798084735807e-16
"ENSG00000243156","57553","MICAL3",1.16544070285712,10.276011223547,3.51045942439175e-15
"ENSG00000099937","3053","SERPIND1",1.58797402369469,3.43824001032946,0.00265675929219958
"ENSG00000187905","400891","LRRC74B",2.26726367618916,2.81182917007787,0.0140184703999555
"ENSG00000254709","100423062","IGLL5",2.76045485409745,5.49791395531456,2.43093992631933e-06
"ENSG00000100218","27156","RSPH14",1.97340106654139,3.18320235475249,0.00541188660520983
"ENSG00000100228","9609","RAB36",1.0062230500725,3.1437415899079,0.00602833099678788
"ENSG00000128218","29802","VPREB3",1.8573175056586,3.37542677538707,0.0031717692183148
"ENSG00000169314","150248","C22orf15",1.53552615480359,2.61614579102227,0.0222461000338759
"ENSG00000099953","4320","MMP11",3.84354911797473,5.72178143024957,1.02707196432863e-06
"ENSG00000099958","91319","DERL3",2.51838381803318,5.99510362796887,3.52657088376168e-07
"ENSG00000169184","4330","MN1",1.06005053176584,5.8237145656199,6.94276416367437e-07
"ENSG00000100003","23541","SEC14L2",1.02102916581312,5.80411535794518,7.48225860586908e-07
"ENSG00000100012","266629","SEC14L3",2.1372165554986,3.6832103956678,0.00128865194273695
"ENSG00000100302","23551","RASD2",1.21454524500146,5.79272807134793,7.82138610731742e-07
"ENSG00000198125","4151","MB",2.55560761397154,4.20764169122584,0.000246955317672141
"ENSG00000100079","3957","LGALS2",1.32831542601574,4.06233702959298,0.000397604289464927
"ENSG00000128346","84645","C22orf23",1.76153318526909,3.38233504954787,0.0031127844537344
"ENSG00000184949","646851","FAM227A",1.47685770889946,3.91789827569186,0.000628816242829373
"ENSG00000133477","113828","FAM83F",2.39431429219142,4.45137524090208,0.000109023798898905
"ENSG00000128285","2847","MCHR1",1.51747878962821,3.04464841859472,0.00778886285774394
"ENSG00000167077","150365","MEI1",1.20582816633953,5.15622395371355,8.87614506428478e-06
"ENSG00000159958","115650","TNFRSF13C",2.30332294713077,4.471696431271,0.000101628981506012
"ENSG00000186976","64800","EFCAB6",1.07269427948823,2.85039713539588,0.0127660155914051
"ENSG00000138944","85352","SHISAL1",1.72881367799817,5.51990546066796,2.23836046497708e-06
"ENSG00000128408","26150","RIBC2",1.53193214351262,3.12549356241455,0.00631986012843401
"ENSG00000077942","2192","FBLN1",1.06950888172829,7.36358477050054,1.22986590172679e-09
"ENSG00000219438","25817","TAFA5",1.02207072993759,4.87083703983471,2.52425511769064e-05
"ENSG00000124343","7499","XG",1.60779230396889,4.61688948552945,6.20068993407791e-05
"ENSG00000056998","8908","GYG2",1.36360354328775,5.22419767874827,6.89992195291313e-06
"ENSG00000101825","25878","MXRA5",2.08432988813555,10.3503256177552,2.64062443890574e-15
"ENSG00000198759","25975","EGFL6",1.13639701344076,5.78753519584799,7.9501615229095e-07
"ENSG00000188158","4810","NHS",1.33036121292382,7.97628785013665,8.6676059501026e-11
"ENSG00000004848","170302","ARX",1.98472361622139,3.2537056197238,0.00446173940420015
"ENSG00000198947","1756","DMD",1.03290683633186,6.41133774527264,6.66278688389678e-08
"ENSG00000165164","286464","CFAP47",2.2945806776864,2.86477851381363,0.0123476116812377
"ENSG00000183690","80258","EFHC2",1.81879071936047,4.72986710579823,4.19081021254421e-05
"ENSG00000102109","27344","PCSK1N",1.63992599491359,5.49610023238029,2.44404265694512e-06
"ENSG00000102096","11040","PIM2",1.30519055849197,5.96730320171551,3.92736634334319e-07
"ENSG00000049768","50943","FOXP3",1.53073563532562,4.92795780643415,2.04972570929743e-05
"ENSG00000122824","170685","NUDT10",1.82753040439459,4.72424433456029,4.2691153882613e-05
"ENSG00000196368","55190","NUDT11",1.41536193179051,7.10976463555088,3.54820935758842e-09
"ENSG00000158423","158787","RIBC1",1.01700250332494,2.36912910821001,0.0390142451527854
"ENSG00000067445","7216","TRO",1.01085965357012,7.2325638349495,2.13209635153788e-09
"ENSG00000089472","9843","HEPH",1.36658579884501,11.7693385546427,5.17341544845241e-18
"ENSG00000131080","60401","EDA2R",1.90956185889985,14.3007053897853,1.22123638271653e-22
"ENSG00000130054","27112","NALF2",1.82091000743558,3.95208667951406,0.000565542556703933
"ENSG00000196338","54413","NLGN3",1.36715824771877,7.98280177027921,8.45609347002794e-11
"ENSG00000147166","26548","ITGB1BP2",1.062767717798,5.59649914947893,1.67376873946771e-06
"ENSG00000179300","203430","RTL3",1.34271268239154,3.5707759712161,0.00179676930982267
"ENSG00000078589","27334","P2RY10",1.06188802992021,4.3511503162514,0.000152996324356654
"ENSG00000147180","7552","ZNF711",1.22316061993779,7.9880433823691,8.2586075213884e-11
"ENSG00000124429","79983","POF1B",1.03408467951978,3.63657310139103,0.00148028937731745
"ENSG00000126733","117154","DACH2",2.55942180727974,5.99813204744441,3.48561054250259e-07
"ENSG00000102271","56062","KLHL4",2.41318431495426,9.8119849393862,2.66823073263721e-14
"ENSG00000186310","4675","NAP1L3",1.24286958895906,7.60626952074001,4.35642702972144e-10
"ENSG00000165194","57526","PCDH19",2.20398135654569,6.75282017349315,1.63446333580033e-08
"ENSG00000126950","59353","TMEM35A",1.05672288560945,5.78713694880236,7.9501615229095e-07
"ENSG00000102385","1821","DRP2",1.78960716642915,6.26688610755569,1.19584306966992e-07
"ENSG00000172476","142684","RAB40A",1.13088261853479,4.0936967388676,0.000359489092592537
"ENSG00000123560","5354","PLP1",1.71590893703712,4.08512963610604,0.000369349259428566
"ENSG00000123570","51209","RAB9B",1.21705183225534,5.80489773755496,7.46502131771473e-07
"ENSG00000123572","203447","NRK",1.44641381219465,5.02079574123125,1.45989504327677e-05
"ENSG00000165376","9075","CLDN2",4.34892526762598,7.60207636007507,4.464497394427e-10
"ENSG00000080572","139212","DNAAF6",2.25648339163874,2.87693244071737,0.0119751426617026
"ENSG00000101842","340547","VSIG1",1.14619771439536,2.95054946084838,0.00995856524543145
"ENSG00000197565","1288","COL4A6",1.85650726399262,5.3536777464575,4.19498389214577e-06
"ENSG00000188153","1287","COL4A5",1.04602075274118,6.92698290550091,7.83993357147378e-09
"ENSG00000077264","5063","PAK3",1.20583870151017,7.60733224643472,4.34214331518753e-10
"ENSG00000077274","827","CAPN6",2.38722388580981,6.43773272700749,6.01359022067887e-08
"ENSG00000123496","3598","IL13RA2",3.43957322706512,7.25139899043642,1.99424863314672e-09
"ENSG00000003096","90293","KLHL13",2.16722895329745,8.64959050257818,4.92193224689234e-12
"ENSG00000174460","170261","ZCCHC12",1.65525786434557,3.86877712300295,0.000731596746574846
"ENSG00000186471","158798","AKAP14",1.87086407814436,2.46334378038446,0.0316127618566411
"ENSG00000125675","2892","GRIA3",2.41552718446807,8.94678045894163,1.29529702976203e-12
"ENSG00000122121","7512","XPNPEP2",1.23016569376267,3.86801885592974,0.000733524766539822
"ENSG00000147255","3547","IGSF1",1.92914138536328,4.85563987598791,2.66821185167936e-05
"ENSG00000171004","90161","HS6ST2",2.71369390887864,6.29447957898734,1.07503252235755e-07
"ENSG00000203952","347475","CCDC160",1.52085320167374,3.4747057501565,0.00238368147231239
"ENSG00000130822","139728","PNCK",1.78785166589631,4.30451964280011,0.000178415321766199
"ENSG00000184343","26576","SRPK3",1.02396026856236,3.09555758750543,0.00681795238041591
"ENSG00000275063","102723407","LOC102723407",3.36256742413596,4.45069597500281,0.000109276301785244
