"gene_id","keep_primary","total_count_primary","max_cpm_primary","samples_cpm_ge1_primary"
"ENSG00000279457",TRUE,3951,7.24182207957277,98
"ENSG00000187634",TRUE,20987,54.3238894312359,101
"ENSG00000188976",TRUE,75678,129.829033838537,101
"ENSG00000187961",TRUE,15481,17.8484352709065,101
"ENSG00000187583",TRUE,3189,7.09424153025155,85
"ENSG00000188290",TRUE,16648,27.6980294948082,101
"ENSG00000187608",TRUE,39830,180.247345267724,101
"ENSG00000188157",TRUE,210063,318.279887862758,101
"ENSG00000131591",TRUE,17198,27.2458848487024,101
"ENSG00000162571",TRUE,8243,55.1779356349381,70
"ENSG00000186891",TRUE,4643,17.3205787603617,83
"ENSG00000186827",TRUE,8708,22.6999956122569,101
"ENSG00000078808",TRUE,192836,182.53105395436,101
"ENSG00000176022",TRUE,27387,70.4872248682544,101
"ENSG00000184163",TRUE,1008,2.04256520193078,24
"ENSG00000160087",TRUE,50933,80.1265034827165,101
"ENSG00000162572",TRUE,9307,19.7590553010419,101
"ENSG00000131584",TRUE,89461,118.156469891337,101
"ENSG00000169972",TRUE,10715,22.0649112034172,101
"ENSG00000127054",TRUE,102710,136.681958478506,101
"ENSG00000224051",TRUE,26560,31.2523486328265,101
"ENSG00000169962",TRUE,2286,11.7911718475095,49
"ENSG00000107404",TRUE,72046,69.3457183032971,101
"ENSG00000162576",TRUE,199434,332.622894216881,101
"ENSG00000175756",TRUE,53712,222.381169910209,101
"ENSG00000221978",TRUE,301487,351.109150642343,101
"ENSG00000242485",TRUE,61689,90.9706919239865,101
"ENSG00000235098",TRUE,26967,71.982615225685,101
"ENSG00000179403",TRUE,91263,130.017963107121,101
"ENSG00000215915",TRUE,8755,24.4747308570328,101
"ENSG00000160072",TRUE,39672,57.5344442300709,101
"ENSG00000197785",TRUE,23067,78.017911285803,101
"ENSG00000205090",TRUE,2569,3.80659878541646,91
"ENSG00000160075",TRUE,118625,152.270479362832,101
"ENSG00000228594",TRUE,7078,32.5325653238097,101
"ENSG00000197530",TRUE,48721,55.9582620830289,101
"ENSG00000189409",TRUE,2270,5.52882134503243,72
"ENSG00000248333",TRUE,42640,41.5303039608796,101
"ENSG00000189339",TRUE,85271,99.9833285545887,101
"ENSG00000008128",TRUE,3658,5.13696280303219,100
"ENSG00000215790",TRUE,36599,54.7546671509413,101
"ENSG00000008130",TRUE,93644,112.127196233017,101
"ENSG00000078369",TRUE,591006,526.106945815815,101
"ENSG00000178821",TRUE,1282,4.18237012126525,33
"ENSG00000142609",TRUE,11698,81.0900313976369,65
"ENSG00000187730",TRUE,2337,7.45325903161838,62
"ENSG00000067606",TRUE,60616,107.572959324019,101
"ENSG00000162585",TRUE,41058,149.935966573392,101
"ENSG00000157933",TRUE,197223,213.318754058932,101
"ENSG00000116151",TRUE,9790,34.839239957419,101
"ENSG00000157916",TRUE,156702,136.923063132513,101
"ENSG00000157911",TRUE,25973,29.5060610678356,101
"ENSG00000149527",TRUE,29699,131.939304459246,100
"ENSG00000157881",TRUE,28729,32.2506035222919,101
"ENSG00000157873",TRUE,185733,273.873502584516,101
"ENSG00000157870",TRUE,43021,54.628786436684,101
"ENSG00000142606",TRUE,3733,6.53128127814092,89
"ENSG00000215912",TRUE,3361,13.57435916551,81
"ENSG00000142611",TRUE,17031,24.2419132139507,101
"ENSG00000130762",TRUE,14780,44.4865531935314,101
"ENSG00000162591",TRUE,168823,227.044025157233,101
"ENSG00000158109",TRUE,95955,88.9530393815167,101
"ENSG00000116213",TRUE,33594,36.2747631938115,101
"ENSG00000078900",TRUE,8549,48.6691334763077,76
"ENSG00000235169",TRUE,1596,3.84065007294976,50
"ENSG00000130764",TRUE,61790,62.2603620973417,101
"ENSG00000116198",TRUE,52744,54.7376861484891,101
"ENSG00000169598",TRUE,12262,15.3470151973818,101
"ENSG00000198912",TRUE,31412,34.0626932833747,101
"ENSG00000196581",TRUE,3125,10.4407216678696,73
"ENSG00000131697",TRUE,27094,36.614082289673,101
"ENSG00000069424",TRUE,113749,167.999189434568,101
"ENSG00000116254",TRUE,1360,4.03562029244893,38
"ENSG00000116251",TRUE,147353,174.40010428535,101
"ENSG00000158286",TRUE,20039,44.2104816909341,101
"ENSG00000116237",TRUE,137642,138.14040578023,101
"ENSG00000158292",TRUE,50923,72.9940872300909,101
"ENSG00000097021",TRUE,29661,36.2073216928941,101
"ENSG00000069812",TRUE,5918,20.1024681749967,88
"ENSG00000187017",TRUE,6582,32.4402229174995,62
"ENSG00000215788",TRUE,21008,32.3628656591028,101
"ENSG00000171680",TRUE,39533,52.9842016125388,101
"ENSG00000162408",TRUE,27812,29.2470890627813,101
"ENSG00000204859",TRUE,34128,38.7462725043869,101
"ENSG00000162413",TRUE,60069,71.8792934062981,101
"ENSG00000116273",TRUE,31133,42.0983185560361,101
"ENSG00000041988",TRUE,16950,23.1945141660495,101
"ENSG00000007923",TRUE,54726,55.6925884434341,101
"ENSG00000171735",TRUE,40916,45.0394108789281,101
"ENSG00000049245",TRUE,203488,216.845428235189,101
"ENSG00000049246",TRUE,56575,136.802312330152,101
"ENSG00000049249",TRUE,2892,9.11145972755892,70
"ENSG00000116288",TRUE,173114,188.384656648396,101
"ENSG00000116285",TRUE,224036,453.269590234228,101
"ENSG00000162426",TRUE,3475,4.70874329919669,99
"ENSG00000142599",TRUE,229100,244.781236605067,101
"ENSG00000074800",TRUE,706782,1672.79137393006,101
"ENSG00000142583",TRUE,6341,19.7050386493918,86
"ENSG00000180758",TRUE,25266,30.1688957801515,101
"ENSG00000049239",TRUE,243474,260.220125786164,101
"ENSG00000171621",TRUE,77719,229.433475366284,101
"ENSG00000171612",TRUE,9814,15.4754014943843,101
"ENSG00000188807",TRUE,16402,18.3859127846125,101
"ENSG00000171608",TRUE,52225,148.164684276028,101
"ENSG00000171603",TRUE,221645,307.385221774547,101
"ENSG00000178585",TRUE,58660,105.738300575799,101
"ENSG00000162441",TRUE,54464,55.7053037232755,101
"ENSG00000173614",TRUE,14298,16.9519772500062,101
"ENSG00000162444",TRUE,10102,25.1777873043286,100
"ENSG00000130939",TRUE,75340,73.6787236320617,101
"ENSG00000054523",TRUE,107094,121.143405282827,101
"ENSG00000142657",TRUE,189240,331.323218944177,101
"ENSG00000175279",TRUE,1419,2.77398580767217,43
"ENSG00000160049",TRUE,65228,60.0121964636873,101
"ENSG00000142655",TRUE,24686,32.0429816112042,101
"ENSG00000130940",TRUE,56899,100.600968049249,101
"ENSG00000175262",TRUE,987,3.22894804762023,20
"ENSG00000120948",TRUE,106804,135.175821194996,101
"ENSG00000116649",TRUE,51751,162.512212890698,101
"ENSG00000171824",TRUE,97166,94.6063841523026,101
"ENSG00000198793",TRUE,103983,94.0206054634141,101
"ENSG00000171819",TRUE,2266,20.5974842767296,53
"ENSG00000120942",TRUE,26387,28.7334525711301,101
"ENSG00000116661",TRUE,8445,23.8722759436289,101
"ENSG00000132879",TRUE,32216,49.0117192037564,101
"ENSG00000116663",TRUE,18945,41.5926110611128,101
"ENSG00000116670",TRUE,26996,64.7639031909175,101
"ENSG00000162490",TRUE,926,2.22954846723156,22
"ENSG00000177674",TRUE,56989,154.906219608974,101
"ENSG00000215910",TRUE,4525,20.5587739199075,92
"ENSG00000177000",TRUE,97500,100.061098760304,101
"ENSG00000011021",TRUE,57561,67.6075418912962,101
"ENSG00000116685",TRUE,69679,73.4241925710983,101
"ENSG00000083444",TRUE,172470,257.474168615985,101
"ENSG00000116688",TRUE,157202,158.142553823474,101
"ENSG00000116691",TRUE,36355,133.142535862258,101
"ENSG00000120949",TRUE,4154,12.4445108151688,95
"ENSG00000028137",TRUE,155224,316.646989921144,101
"ENSG00000048707",TRUE,172956,193.869901925139,101
"ENSG00000162496",TRUE,80801,221.006083503725,101
"ENSG00000157330",TRUE,4999,35.4438254664415,43
"ENSG00000162493",TRUE,69673,157.73551431432,101
"ENSG00000116731",TRUE,103282,103.855561404973,101
"ENSG00000189337",TRUE,63745,76.9510789904246,101
"ENSG00000171729",TRUE,26117,36.4724359015285,101
"ENSG00000142621",TRUE,19150,106.860488719719,100
"ENSG00000142634",TRUE,120179,234.20434758576,101
"ENSG00000132906",TRUE,24563,30.877724632283,101
"ENSG00000116138",TRUE,32625,37.9377406911591,101
"ENSG00000197312",TRUE,78647,106.769105381107,101
"ENSG00000116786",TRUE,155856,160.420009820405,101
"ENSG00000162461",TRUE,5741,8.0188679245283,101
"ENSG00000162458",TRUE,128190,199.581714068892,101
"ENSG00000233954",TRUE,3362,4.03618505952529,99
"ENSG00000065526",TRUE,191073,194.582900531876,101
"ENSG00000116809",TRUE,44111,50.6815195901017,101
"ENSG00000173641",TRUE,39048,98.1632267645265,101
"ENSG00000186510",TRUE,1173,4.45881812904061,25
"ENSG00000142627",TRUE,61880,122.582879482807,101
"ENSG00000142632",TRUE,19712,37.0937440622449,101
"ENSG00000132881",TRUE,4439,7.5573188627807,100
"ENSG00000037637",TRUE,57275,59.2771659031258,101
"ENSG00000055070",TRUE,197814,173.944098062693,101
"ENSG00000157191",TRUE,121130,159.686157991401,101
"ENSG00000219481",TRUE,22184,35.6300804465595,101
"ENSG00000058453",TRUE,61041,142.9343332671,101
"ENSG00000117122",TRUE,29490,59.2534745132729,101
"ENSG00000159363",TRUE,54325,74.2506954466545,101
"ENSG00000117118",TRUE,74635,76.4853605464759,101
"ENSG00000117115",TRUE,19694,65.0690291195018,101
"ENSG00000142623",FALSE,594,3.93064020372508,16
"ENSG00000159339",TRUE,6348,39.8497656602347,83
"ENSG00000179051",TRUE,121432,139.000814784643,101
"ENSG00000074964",TRUE,67949,74.7795013755686,101
"ENSG00000117154",TRUE,4387,8.55031015191869,92
"ENSG00000179023",TRUE,4800,20.6314804953913,88
"ENSG00000159423",TRUE,15060,24.4747308570328,101
"ENSG00000169991",TRUE,35585,48.7631826160098,101
"ENSG00000127481",TRUE,277813,317.840172695776,101
"ENSG00000127463",TRUE,72949,72.6917941754564,101
"ENSG00000053372",TRUE,35953,61.6886417367887,101
"ENSG00000053371",TRUE,44697,50.8417750783216,101
"ENSG00000040487",TRUE,17882,26.056175004718,101
"ENSG00000077549",TRUE,333882,342.048142236274,101
"ENSG00000173436",TRUE,22944,29.4449838926148,101
"ENSG00000158747",TRUE,439949,713.96962441611,101
"ENSG00000162542",TRUE,29284,37.612537685493,101
"ENSG00000169914",TRUE,26114,33.1761006289308,101
"ENSG00000188257",TRUE,108110,565.780470550422,101
"ENSG00000127472",TRUE,13397,19.731987379653,101
"ENSG00000117215",TRUE,2565,15.0278836601359,49
"ENSG00000162543",TRUE,37840,266.017623969881,101
"ENSG00000162545",TRUE,120017,273.532400515622,101
"ENSG00000090432",TRUE,39456,36.6871218901205,101
"ENSG00000183114",TRUE,1881,5.82102258045647,60
"ENSG00000158825",TRUE,6866,12.4881020149444,100
"ENSG00000158828",TRUE,115111,120.637726373924,101
"ENSG00000244038",TRUE,250324,277.977343329052,101
"ENSG00000117245",TRUE,10421,21.6130130680329,101
"ENSG00000127483",TRUE,336075,311.456363494268,101
"ENSG00000075151",TRUE,141731,153.640292480332,101
"ENSG00000117298",TRUE,333831,407.986075928112,101
"ENSG00000142794",TRUE,11225,17.9108457047903,100
"ENSG00000162551",TRUE,156038,390.556023123179,101
"ENSG00000076864",TRUE,44428,107.290808513962,101
"ENSG00000090686",TRUE,98054,102.594490753992,101
"ENSG00000187942",TRUE,1185,2.45601610074846,35
"ENSG00000142798",TRUE,789115,1426.58389282966,101
"ENSG00000070831",TRUE,350259,329.402589820375,101
"ENSG00000162552",TRUE,4528,17.5092847846261,88
"ENSG00000184677",TRUE,86925,101.596321825589,101
"ENSG00000173372",TRUE,469047,1005.27831030159,101
"ENSG00000159189",TRUE,280049,462.707128926508,101
"ENSG00000173369",TRUE,505221,1322.9728862459,101
"ENSG00000133216",TRUE,20283,52.0894951088433,101
"ENSG00000004487",TRUE,88779,93.0305952008305,101
"ENSG00000169641",TRUE,107449,123.798236737744,101
"ENSG00000125944",TRUE,191807,179.276478636497,101
"ENSG00000125945",TRUE,44808,93.2857303423696,101
"ENSG00000204219",TRUE,33834,65.5625441379887,101
"ENSG00000088280",TRUE,60036,72.5766112600528,101
"ENSG00000007968",TRUE,3637,17.1699650320107,87
"ENSG00000117318",TRUE,154492,207.230437688309,101
"ENSG00000142676",TRUE,1010874,1174.4105468167,101
"ENSG00000011007",TRUE,106309,118.19370283979,101
"ENSG00000057757",TRUE,59475,60.0242221341342,101
"ENSG00000011009",TRUE,58153,130.205568159414,101
"ENSG00000117308",TRUE,35240,54.5718099277998,101
"ENSG00000117305",TRUE,47388,53.8580090594151,101
"ENSG00000179163",TRUE,103789,134.50665030003,101
"ENSG00000188822",TRUE,1531,8.21320007264119,29
"ENSG00000189266",TRUE,125062,131.154474477031,101
"ENSG00000188529",TRUE,141891,148.870571678406,101
"ENSG00000142661",TRUE,2104,7.7635702566822,57
"ENSG00000142677",TRUE,1678,5.57649349502034,47
"ENSG00000185436",TRUE,10824,19.3941249167723,100
"ENSG00000158055",TRUE,728,2.94798015279381,16
"ENSG00000001460",TRUE,16182,43.5301566496168,101
"ENSG00000001461",TRUE,60714,77.6021752330886,101
"ENSG00000117602",TRUE,38267,71.265516876022,101
"ENSG00000184454",TRUE,9174,25.3860220589079,99
"ENSG00000133226",TRUE,115241,122.645073724046,101
"ENSG00000169504",TRUE,591850,806.156542531006,101
"ENSG00000020633",TRUE,38596,86.9523902220307,101
"ENSG00000117614",TRUE,75427,72.3055760495743,101
"ENSG00000117616",TRUE,165747,217.07337101956,101
"ENSG00000183726",TRUE,165727,154.816140881023,101
"ENSG00000204178",TRUE,42620,39.0826428733092,101
"ENSG00000157978",TRUE,58137,66.0164885583309,101
"ENSG00000117643",TRUE,52118,70.751286304563,101
"ENSG00000162430",TRUE,241712,280.969910238736,101
"ENSG00000117640",TRUE,68594,70.3665429174277,101
"ENSG00000182749",TRUE,24038,43.9175877589565,101
"ENSG00000117632",TRUE,93462,169.13921693814,101
"ENSG00000158006",TRUE,29764,31.1432866631574,101
"ENSG00000158008",TRUE,1964,5.39386136196669,42
"ENSG00000158022",TRUE,1318,4.38699912808392,38
"ENSG00000175087",TRUE,15525,19.4024394581846,101
"ENSG00000197245",TRUE,15624,31.0426693706365,101
"ENSG00000142684",TRUE,13110,102.191414686134,101
"ENSG00000142675",TRUE,21950,44.2920055848134,101
"ENSG00000130695",TRUE,18373,25.9461941454116,101
"ENSG00000142669",TRUE,318104,2074.93002862715,101
"ENSG00000158062",TRUE,80359,161.865061184406,101
"ENSG00000169442",TRUE,177633,369.534093226093,101
"ENSG00000176092",TRUE,2959,11.1936266841046,72
"ENSG00000176083",TRUE,3328,12.7159015585765,70
"ENSG00000117682",TRUE,43215,44.2919879856017,101
"ENSG00000198830",TRUE,145486,159.839782536964,101
"ENSG00000117676",TRUE,118734,173.295088454547,101
"ENSG00000117713",TRUE,173931,171.134246523872,101
"ENSG00000060642",TRUE,21648,24.3345667381539,101
"ENSG00000204160",TRUE,54787,67.2208275368212,101
"ENSG00000175793",TRUE,55665,616.913831325577,101
"ENSG00000142751",TRUE,38466,36.6298494087261,101
"ENSG00000198746",TRUE,15954,23.7216622152779,101
"ENSG00000090273",TRUE,102735,167.407159062104,101
"ENSG00000131910",TRUE,1603,4.80849954853221,43
"ENSG00000175707",TRUE,7009,14.9801658712912,98
"ENSG00000253368",TRUE,18686,41.0377358490566,101
"ENSG00000158246",TRUE,20710,50.8784189374533,101
"ENSG00000090020",TRUE,79508,84.2252885979168,101
"ENSG00000142784",TRUE,112852,124.906416506572,101
"ENSG00000186501",TRUE,52079,91.1213056523374,101
"ENSG00000142765",TRUE,46586,114.45884312913,101
"ENSG00000142733",TRUE,158713,230.064150570386,101
"ENSG00000142748",TRUE,315904,880.55403336587,101
"ENSG00000174950",TRUE,8515,56.4531719049719,76
"ENSG00000181773",TRUE,3928,14.0545290403289,79
"ENSG00000158195",TRUE,331712,352.309754697162,101
"ENSG00000126705",TRUE,75190,104.120959379319,101
"ENSG00000000938",TRUE,176808,323.1338104453,101
"ENSG00000126709",TRUE,159808,579.989168119151,101
"ENSG00000009780",TRUE,26288,28.5226820299846,101
"ENSG00000117758",TRUE,151707,196.646827797886,101
"ENSG00000117751",TRUE,59128,51.5142287940173,101
"ENSG00000130775",TRUE,128390,198.250383061002,101
"ENSG00000117748",TRUE,62809,70.7463402334368,101
"ENSG00000130768",TRUE,15658,36.4551361121279,100
"ENSG00000158156",TRUE,18657,20.5050145412509,101
"ENSG00000158161",TRUE,47481,57.7541389426619,101
"ENSG00000169403",TRUE,74201,193.003031028209,101
"ENSG00000126698",TRUE,130995,123.083376848084,101
"ENSG00000130770",TRUE,77502,107.909073635621,101
"ENSG00000130766",TRUE,31974,48.2805002340509,101
"ENSG00000130772",TRUE,14535,30.7252005835981,101
"ENSG00000204138",TRUE,92650,100.278217040727,101
"ENSG00000180198",TRUE,31842,55.2274283493324,101
"ENSG00000180098",TRUE,31186,34.4905437923723,101
"ENSG00000120656",TRUE,26682,32.5096360249037,101
"ENSG00000188060",TRUE,6665,38.0135247424382,99
"ENSG00000162419",TRUE,22568,23.0157126388398,101
"ENSG00000198492",TRUE,91546,92.9558679469647,101
"ENSG00000159023",TRUE,89437,113.747033495713,101
"ENSG00000253304",TRUE,19751,27.0830170726431,101
"ENSG00000116350",TRUE,150712,149.145956604135,101
"ENSG00000116353",TRUE,18015,17.8889962228662,101
"ENSG00000060656",TRUE,69496,165.106070598733,101
"ENSG00000162511",TRUE,736758,1086.54101802421,101
"ENSG00000162512",TRUE,208169,285.967626161624,101
"ENSG00000134644",TRUE,130125,132.961031910332,101
"ENSG00000060688",TRUE,40927,44.2065644364878,101
"ENSG00000121766",TRUE,38823,38.8907316933652,101
"ENSG00000121769",TRUE,35017,141.621538122593,101
"ENSG00000168528",TRUE,45744,117.571604868619,101
"ENSG00000142910",TRUE,191778,234.349250168846,101
"ENSG00000162517",TRUE,99188,142.78181447672,101
"ENSG00000084636",TRUE,217228,428.643068916513,101
"ENSG00000121753",TRUE,8466,16.1059483975325,91
"ENSG00000134668",TRUE,30568,80.0596794703534,101
"ENSG00000184007",TRUE,299073,362.987362667425,101
"ENSG00000121774",TRUE,186035,171.613824975106,101
"ENSG00000121775",TRUE,18702,31.9301104104058,101
"ENSG00000025800",TRUE,92645,89.5869572748301,101
"ENSG00000084652",TRUE,120467,132.747710066507,101
"ENSG00000160050",TRUE,4843,14.1576904649913,100
"ENSG00000160051",TRUE,4488,10.2779536533818,101
"ENSG00000222046",TRUE,7358,59.0982335069451,51
"ENSG00000160055",TRUE,21078,40.8095218590158,101
"ENSG00000084623",TRUE,171697,182.165225626865,101
"ENSG00000183615",TRUE,13823,50.7568264542772,101
"ENSG00000182866",TRUE,21715,76.496576720531,101
"ENSG00000116478",TRUE,118981,121.116290916722,101
"ENSG00000175130",TRUE,89594,128.517962963296,101
"ENSG00000225828",TRUE,13445,21.4570991159752,101
"ENSG00000160058",TRUE,118543,115.367906867812,101
"ENSG00000160062",TRUE,17081,27.2568825316125,101
"ENSG00000176261",TRUE,29111,32.420009378795,101
"ENSG00000162521",TRUE,186566,167.461940050463,101
"ENSG00000162520",TRUE,43983,65.0845504474646,101
"ENSG00000162522",TRUE,108917,256.284049884601,101
"ENSG00000134684",TRUE,104388,210.016641574473,101
"ENSG00000116497",TRUE,52061,52.8709096922411,101
"ENSG00000160097",TRUE,3153,6.59383365282518,82
"ENSG00000121900",TRUE,24343,44.6569704560629,101
"ENSG00000116514",TRUE,51298,101.744633624408,101
"ENSG00000004455",TRUE,133236,137.133799663559,101
"ENSG00000142920",TRUE,8761,14.3589058392833,101
"ENSG00000116525",TRUE,12984,14.8964752855512,101
"ENSG00000160094",TRUE,52297,54.1288707725825,101
"ENSG00000134686",TRUE,277092,390.767318206594,101
"ENSG00000121903",TRUE,5842,7.08150935290348,99
"ENSG00000121904",TRUE,4058,22.9649059413024,80
"ENSG00000163866",TRUE,50978,65.2910512401459,101
"ENSG00000189280",TRUE,1365,8.05492007080644,27
"ENSG00000189433",TRUE,870,4.32587883472937,22
"ENSG00000188910",TRUE,2234,10.1979721997366,35
"ENSG00000187513",TRUE,53310,82.9364001564068,101
"ENSG00000163867",TRUE,21677,26.9695016719825,101
"ENSG00000197056",TRUE,14877,18.5147614126417,101
"ENSG00000116560",TRUE,368655,502.098691604495,101
"ENSG00000146463",TRUE,97484,98.6915112991945,101
"ENSG00000142687",TRUE,142263,155.897483786078,101
"ENSG00000020129",TRUE,40147,43.07671751785,101
"ENSG00000116819",TRUE,2214,3.45964417329035,91
"ENSG00000126067",TRUE,110430,157.298488412268,101
"ENSG00000142686",TRUE,33957,35.4516438456058,101
"ENSG00000092853",TRUE,4482,20.1428171867127,96
"ENSG00000134698",TRUE,94334,124.257836928199,101
"ENSG00000092847",TRUE,78629,79.6963086298994,101
"ENSG00000126070",TRUE,56159,57.6719263229747,101
"ENSG00000092850",TRUE,14912,107.918513360508,72
"ENSG00000116863",TRUE,40765,59.9442638836864,101
"ENSG00000171812",TRUE,38188,59.8519285872385,101
"ENSG00000054116",TRUE,73744,68.6388956475306,101
"ENSG00000116871",TRUE,170897,188.453149688381,101
"ENSG00000054118",TRUE,189116,169.359515714916,101
"ENSG00000214193",TRUE,13514,25.0977325519573,101
"ENSG00000142694",TRUE,24937,77.4154563723991,101
"ENSG00000196182",TRUE,107304,130.214094373575,101
"ENSG00000181817",TRUE,29887,36.6722282368777,101
"ENSG00000116885",TRUE,16680,71.0387973101386,101
"ENSG00000116898",TRUE,60663,96.0915586879195,101
"ENSG00000119535",TRUE,256007,885.981126762593,101
"ENSG00000163873",TRUE,1322,8.18865635586249,31
"ENSG00000163874",TRUE,45617,107.718095677932,101
"ENSG00000163875",TRUE,67957,65.08354908004,101
"ENSG00000163877",TRUE,22742,25.9535970447717,101
"ENSG00000163879",TRUE,37399,151.675389576009,101
"ENSG00000134697",TRUE,68403,110.457452868174,101
"ENSG00000169218",TRUE,10355,20.6830204141411,100
"ENSG00000116922",TRUE,17989,19.6442589550175,101
"ENSG00000134690",TRUE,4316,14.2998625829334,93
"ENSG00000183317",TRUE,1872,5.50320899217248,53
"ENSG00000185090",TRUE,5878,8.27509224631125,100
"ENSG00000196449",TRUE,20303,27.7563393775424,101
"ENSG00000197982",TRUE,35856,62.0528560806,101
"ENSG00000188786",TRUE,44294,57.0326464132255,101
"ENSG00000204084",TRUE,65886,74.0759243770947,101
"ENSG00000183431",TRUE,98514,90.9355724841097,101
"ENSG00000183386",TRUE,26146,37.0506488345479,101
"ENSG00000183520",TRUE,34091,39.185420297707,101
"ENSG00000116954",TRUE,35257,42.8227067671716,101
"ENSG00000214114",TRUE,22784,47.4599624582628,101
"ENSG00000158315",TRUE,2515,7.65220594291065,64
"ENSG00000174574",TRUE,86210,108.156401580838,101
"ENSG00000168653",TRUE,114799,304.76687931819,101
"ENSG00000127603",TRUE,1369853,1722.89445036913,101
"ENSG00000183682",TRUE,4914,14.4762676829515,84
"ENSG00000090621",TRUE,201602,240.081687403705,101
"ENSG00000163909",TRUE,103599,170.882932280233,101
"ENSG00000116983",TRUE,1990,13.3599505461784,43
"ENSG00000084072",TRUE,52924,61.8550528460809,101
"ENSG00000116985",TRUE,5684,9.77483265690134,99
"ENSG00000043514",TRUE,22240,30.0781290738672,101
"ENSG00000116990",TRUE,8493,16.4068483352237,100
"ENSG00000168389",TRUE,98321,263.348104021673,101
"ENSG00000131236",TRUE,581317,683.365652555186,101
"ENSG00000131238",TRUE,310469,531.38210938223,101
"ENSG00000117000",TRUE,47659,68.6734094280829,101
"ENSG00000084073",TRUE,81103,88.7486203920407,101
"ENSG00000049089",TRUE,17775,36.4470913063593,101
"ENSG00000084070",TRUE,238285,377.691608363846,101
"ENSG00000187801",TRUE,2301,4.24220962856552,81
"ENSG00000187815",TRUE,7823,8.1736601945702,101
"ENSG00000164002",TRUE,10893,13.7415039459628,101
"ENSG00000117010",TRUE,5411,6.1253088799051,101
"ENSG00000117016",TRUE,25783,36.8937939719367,101
"ENSG00000066136",TRUE,63954,69.0554571093327,101
"ENSG00000117013",TRUE,5672,11.1502719675225,101
"ENSG00000179862",TRUE,12124,24.2836748162889,101
"ENSG00000171793",TRUE,37000,56.5774999588269,101
"ENSG00000171790",TRUE,1840,4.22164552545022,50
"ENSG00000010803",TRUE,61886,58.4905660377358,101
"ENSG00000204060",TRUE,1388,3.1592616142933,39
"ENSG00000127129",TRUE,1541,10.2414604407345,32
"ENSG00000127124",TRUE,35626,75.4162659423617,101
"ENSG00000198815",TRUE,96664,91.7478477514126,101
"ENSG00000177181",TRUE,11216,31.6773091818199,99
"ENSG00000066185",TRUE,5539,27.5086406605218,95
"ENSG00000127125",TRUE,58696,57.7885091318407,101
"ENSG00000186409",TRUE,10442,49.8783044943526,101
"ENSG00000171960",TRUE,22834,52.3382706019624,101
"ENSG00000065978",TRUE,571412,655.109527752405,101
"ENSG00000117385",TRUE,61469,81.4149435120224,101
"ENSG00000164008",TRUE,6102,8.21799041371418,101
"ENSG00000177868",TRUE,16845,22.3753733484236,101
"ENSG00000164010",TRUE,35041,37.8950764067756,101
"ENSG00000164011",TRUE,13706,17.4656735303094,101
"ENSG00000117394",TRUE,25866,60.3398682120488,101
"ENSG00000186973",TRUE,14188,104.139853929118,63
"ENSG00000117395",TRUE,51411,67.1544293152977,101
"ENSG00000243710",TRUE,11862,94.76877853927,70
"ENSG00000179178",TRUE,87936,178.208807016956,101
"ENSG00000253313",TRUE,10742,22.3232679082136,97
"ENSG00000066056",TRUE,134333,183.423509942045,101
"ENSG00000117399",TRUE,5652,33.511554558091,95
"ENSG00000066322",TRUE,109272,129.071621392863,101
"ENSG00000159479",TRUE,48282,55.6321430222519,101
"ENSG00000198198",TRUE,107761,117.354655238205,101
"ENSG00000178922",TRUE,46208,77.9426044216275,101
"ENSG00000142949",TRUE,193835,431.312048527956,101
"ENSG00000066135",TRUE,36317,38.6441828463513,101
"ENSG00000126091",TRUE,4226,6.02454913403884,101
"ENSG00000117407",TRUE,2767,6.40622722423745,71
"ENSG00000117408",TRUE,49564,56.8566824524915,101
"ENSG00000132768",TRUE,26111,36.2039209272293,101
"ENSG00000117410",TRUE,144375,376.007172828199,101
"ENSG00000117411",TRUE,46188,79.0722073842598,101
"ENSG00000159214",TRUE,13627,45.6462059311954,101
"ENSG00000196517",TRUE,25485,52.785713525632,101
"ENSG00000171872",TRUE,1197,3.74701918514551,28
"ENSG00000178028",TRUE,54707,64.0861414133381,101
"ENSG00000117419",TRUE,46533,67.9267914862879,101
"ENSG00000187147",TRUE,85852,103.471631377117,101
"ENSG00000126106",TRUE,13970,19.2630835321996,101
"ENSG00000198520",TRUE,10666,30.6071413942618,101
"ENSG00000142945",TRUE,5040,13.8820064298981,94
"ENSG00000142937",TRUE,1014492,1257.54932486643,101
"ENSG00000142959",TRUE,3368,25.6078451284487,43
"ENSG00000173846",TRUE,46554,83.8591756406811,101
"ENSG00000188396",TRUE,2371,16.9496052282855,32
"ENSG00000222009",TRUE,23238,35.7147587060966,101
"ENSG00000117425",TRUE,4282,11.1979565637071,95
"ENSG00000070785",TRUE,27089,30.3981163207626,101
"ENSG00000126107",TRUE,74159,78.9150497365371,101
"ENSG00000126088",TRUE,72089,95.9409449595685,101
"ENSG00000162415",TRUE,12559,18.6078739955095,101
"ENSG00000132781",TRUE,19737,32.9844065088626,101
"ENSG00000132773",TRUE,15113,20.7995075130945,101
"ENSG00000070759",TRUE,13090,18.4196809080154,101
"ENSG00000280670",TRUE,4940,12.2553912115847,96
"ENSG00000132763",TRUE,6934,8.55335362858002,101
"ENSG00000117450",TRUE,392676,489.578091011399,101
"ENSG00000117448",TRUE,145134,201.735867793364,101
"ENSG00000132780",TRUE,142917,186.194366840023,101
"ENSG00000159588",TRUE,43111,303.879791472412,101
"ENSG00000159592",TRUE,165584,157.494638882492,101
"ENSG00000159596",TRUE,24893,28.1012275908868,101
"ENSG00000197429",TRUE,14845,18.6665775910683,101
"ENSG00000086015",TRUE,87872,114.731691264049,101
"ENSG00000117461",TRUE,149804,228.265842873102,101
"ENSG00000117472",TRUE,124978,709.103228894713,100
"ENSG00000085998",TRUE,90182,93.0146161672968,101
"ENSG00000171357",TRUE,4634,8.79895431374524,94
"ENSG00000085999",TRUE,2634,19.1279435005733,75
"ENSG00000132128",TRUE,102966,124.37111659707,101
"ENSG00000173660",TRUE,98775,97.9572326391547,101
"ENSG00000117481",TRUE,35825,41.2440746249416,101
"ENSG00000117480",TRUE,22665,42.9249125800267,101
"ENSG00000079277",TRUE,84869,105.527893010861,101
"ENSG00000142961",TRUE,53795,58.6361542860615,101
"ENSG00000123472",TRUE,61006,66.0510260255885,101
"ENSG00000159658",TRUE,313836,293.537949134142,101
"ENSG00000142973",TRUE,244233,818.041196702204,101
"ENSG00000186377",TRUE,29015,97.0792567503157,101
"ENSG00000186160",TRUE,1834,4.39308069514757,47
"ENSG00000162366",TRUE,19333,66.1647073128525,101
"ENSG00000162367",TRUE,47911,93.2838899900806,101
"ENSG00000123473",TRUE,5431,8.30314601589683,100
"ENSG00000162368",TRUE,191849,189.231497275089,101
"ENSG00000186564",TRUE,1348,2.71027601149759,39
"ENSG00000269113",TRUE,15497,28.0713384385741,101
"ENSG00000117834",TRUE,6022,35.0400908911445,68
"ENSG00000132122",TRUE,27943,54.3371226233933,101
"ENSG00000186094",FALSE,915,5.97028190159676,18
"ENSG00000162373",TRUE,7342,14.5856254051668,101
"ENSG00000185104",TRUE,63306,78.2081387046631,101
"ENSG00000123080",TRUE,20097,33.6985997240679,101
"ENSG00000123091",TRUE,161118,170.556877094006,101
"ENSG00000085831",TRUE,19761,42.6253903969732,101
"ENSG00000085832",TRUE,160438,148.374717874418,101
"ENSG00000117859",TRUE,161428,178.960894560102,101
"ENSG00000078618",TRUE,215678,226.158679651457,101
"ENSG00000169213",TRUE,804,6.16349281028564,22
"ENSG00000117862",TRUE,8094,9.27367788393371,99
"ENSG00000198841",TRUE,4998,5.79648758300464,100
"ENSG00000134717",TRUE,56290,56.8155170487082,101
"ENSG00000157077",TRUE,51368,67.0947323999323,101
"ENSG00000154222",TRUE,80074,81.2883571521726,101
"ENSG00000085840",TRUE,2664,9.22571779544093,85
"ENSG00000134748",TRUE,69077,68.7704250173133,101
"ENSG00000134744",TRUE,66998,73.7882375545156,101
"ENSG00000116157",TRUE,16531,28.4461974208481,101
"ENSG00000182183",TRUE,1462,4.1779742766766,40
"ENSG00000162377",TRUE,24561,33.2931692259946,101
"ENSG00000162378",TRUE,69661,77.3934372172091,101
"ENSG00000121310",TRUE,127833,196.278428244335,101
"ENSG00000116171",TRUE,167030,142.244718968964,101
"ENSG00000174348",TRUE,233474,408.846607688903,101
"ENSG00000162383",TRUE,1701,3.99310730521974,48
"ENSG00000157184",TRUE,37073,45.5253277938564,101
"ENSG00000162384",TRUE,61206,59.1722446599991,101
"ENSG00000162385",TRUE,28857,31.0256003732554,101
"ENSG00000157193",TRUE,15789,30.6789708661465,101
"ENSG00000174332",TRUE,990,3.06957982512853,30
"ENSG00000058804",TRUE,29145,40.5903997905867,101
"ENSG00000058799",TRUE,39880,51.8864294169095,101
"ENSG00000211452",FALSE,811,6.4237210333636,18
"ENSG00000081870",TRUE,26762,50.0294508716083,101
"ENSG00000116212",TRUE,26966,29.2470890627813,101
"ENSG00000203985",TRUE,24120,221.278296302219,73
"ENSG00000116209",TRUE,408777,444.823788263272,101
"ENSG00000116205",TRUE,21532,29.3979703762169,101
"ENSG00000215883",TRUE,13601,14.9125822927248,101
"ENSG00000116221",TRUE,52386,89.0127134554238,101
"ENSG00000157216",TRUE,80299,106.790046776647,101
"ENSG00000162390",TRUE,9390,14.7414672719047,101
"ENSG00000184313",TRUE,1419,3.77570290488712,36
"ENSG00000243725",TRUE,1043,1.47079880380798,24
"ENSG00000162396",TRUE,4947,6.61461869641429,101
"ENSG00000006555",TRUE,8277,22.4378242054838,99
"ENSG00000116133",TRUE,575177,1240.16558727114,101
"ENSG00000143001",TRUE,1431,4.73399181213964,32
"ENSG00000169174",TRUE,23784,69.5533402143848,100
"ENSG00000162402",TRUE,118948,115.817512050235,101
"ENSG00000162407",TRUE,262828,474.80874888307,101
"ENSG00000162409",TRUE,13507,27.2562203650549,101
"ENSG00000187889",TRUE,5828,33.1654613124894,80
"ENSG00000021852",TRUE,4298,13.8825365076517,65
"ENSG00000173406",TRUE,2448,12.7353286119997,52
"ENSG00000162600",TRUE,17596,30.9094341487731,101
"ENSG00000184292",TRUE,150343,394.218304465711,101
"ENSG00000162601",TRUE,73797,79.7773644545444,101
"ENSG00000177606",TRUE,589714,1643.19575785485,101
"ENSG00000172456",TRUE,15218,21.5947845677055,101
"ENSG00000134709",TRUE,18204,42.2262284056763,101
"ENSG00000134716",TRUE,4559,21.5947845677055,71
"ENSG00000162598",TRUE,8365,61.7432951089183,59
"ENSG00000162599",TRUE,90729,118.322780376943,101
"ENSG00000162604",TRUE,37375,38.1015267982991,101
"ENSG00000132849",TRUE,49510,69.6480439210682,101
"ENSG00000240563",TRUE,2909,9.28421728721259,80
"ENSG00000132854",TRUE,9509,24.0028113916061,100
"ENSG00000162607",TRUE,57406,64.8270168763067,101
"ENSG00000116641",TRUE,57447,59.1738066955729,101
"ENSG00000125703",TRUE,20764,24.2275435507721,101
"ENSG00000088035",TRUE,15650,17.3894627490139,101
"ENSG00000142856",TRUE,15136,21.765834355054,101
"ENSG00000203965",TRUE,12475,22.9742493428533,101
"ENSG00000079739",TRUE,78068,100.745338492452,101
"ENSG00000185483",TRUE,26079,42.5314465408805,101
"ENSG00000158966",TRUE,54777,106.061587547296,101
"ENSG00000162437",TRUE,47622,63.4507952144489,101
"ENSG00000162434",TRUE,421329,401.891847063968,101
"ENSG00000162433",TRUE,16756,46.0124940112216,101
"ENSG00000116675",TRUE,8425,14.5856254051668,99
"ENSG00000213625",TRUE,267108,302.254711749029,101
"ENSG00000116678",TRUE,120590,229.576347728956,101
"ENSG00000184588",TRUE,70205,133.136255447718,101
"ENSG00000118473",TRUE,33986,60.2546467079786,101
"ENSG00000152760",TRUE,9539,48.5447516342629,96
"ENSG00000152763",TRUE,20143,130.892762703362,100
"ENSG00000198160",TRUE,73840,80.7373438230406,101
"ENSG00000116704",TRUE,31622,32.8848357012359,101
"ENSG00000203963",TRUE,1858,18.2131384593015,23
"ENSG00000081985",TRUE,2359,11.2516462275889,72
"ENSG00000142864",TRUE,278149,273.276095613231,101
"ENSG00000116717",TRUE,79203,200.259584286443,101
"ENSG00000172380",TRUE,208358,254.765945080774,101
"ENSG00000162595",TRUE,7725,24.2333968290342,97
"ENSG00000116729",TRUE,160757,181.696070402527,101
"ENSG00000024526",TRUE,2001,7.38007268919758,56
"ENSG00000066557",TRUE,21064,22.2730852107058,101
"ENSG00000116754",TRUE,274912,316.37643624598,101
"ENSG00000118454",TRUE,40757,40.755996565628,101
"ENSG00000197568",TRUE,6770,15.5885208843255,101
"ENSG00000116761",TRUE,5324,13.6514776359393,99
"ENSG00000050628",TRUE,8852,22.039902833166,101
"ENSG00000132485",TRUE,139621,169.57283006402,101
"ENSG00000172260",TRUE,44294,112.264150943396,101
"ENSG00000162620",TRUE,1241,5.44126958120211,28
"ENSG00000254685",TRUE,16871,21.5623339070221,101
"ENSG00000259030",TRUE,2010,4.55384477641201,71
"ENSG00000178965",TRUE,27236,242.363215929377,72
"ENSG00000116791",TRUE,42462,69.6374164477893,101
"ENSG00000162623",TRUE,38016,34.8571609256496,101
"ENSG00000137968",TRUE,2966,32.7484435627964,46
"ENSG00000117054",TRUE,58665,68.3181625195376,101
"ENSG00000137955",TRUE,81090,77.3770074719214,101
"ENSG00000184005",TRUE,14264,28.5853846135612,101
"ENSG00000117069",TRUE,20161,45.0714473802018,101
"ENSG00000142892",TRUE,58753,69.792443055974,101
"ENSG00000036549",TRUE,60613,68.6545678059898,101
"ENSG00000077254",TRUE,114388,125.854981361724,101
"ENSG00000180488",TRUE,34826,45.5359710516258,101
"ENSG00000162614",TRUE,96555,154.427894751953,101
"ENSG00000162613",TRUE,129846,137.16803145206,101
"ENSG00000162616",TRUE,63648,138.274837902491,101
"ENSG00000137960",TRUE,13472,22.3053382810279,101
"ENSG00000122420",TRUE,11743,33.7811943312348,101
"ENSG00000137959",TRUE,61730,497.502884895937,101
"ENSG00000137965",TRUE,72717,203.707652521232,101
"ENSG00000162618",TRUE,101348,325.845621361036,101
"ENSG00000117114",TRUE,333341,614.790682480333,101
"ENSG00000137941",TRUE,31376,63.7667717149573,101
"ENSG00000142875",TRUE,69292,95.5372294052902,101
"ENSG00000203943",TRUE,1186,1.69966203328943,34
"ENSG00000137976",TRUE,5529,21.2965722945053,89
"ENSG00000117133",TRUE,42256,39.8953011002017,101
"ENSG00000174021",TRUE,8931,11.0158311437626,101
"ENSG00000117151",TRUE,32525,38.3595210647329,101
"ENSG00000117155",TRUE,18362,19.7206434994974,101
"ENSG00000171517",TRUE,8275,35.5193986550693,99
"ENSG00000153898",TRUE,15060,40.5086209610538,101
"ENSG00000162643",TRUE,8908,60.6096972795012,79
"ENSG00000055732",TRUE,19454,34.2753104563167,101
"ENSG00000097096",TRUE,11321,22.9417727655982,100
"ENSG00000162642",TRUE,27759,26.922764829574,101
"ENSG00000142867",TRUE,25487,30.877724632283,101
"ENSG00000153904",TRUE,83471,128.673927665931,101
"ENSG00000142871",TRUE,622188,2014.15884511764,101
"ENSG00000117174",TRUE,35391,39.5356168612977,101
"ENSG00000171502",TRUE,13887,51.1132576681605,98
"ENSG00000122417",TRUE,68285,118.973169084606,101
"ENSG00000137975",TRUE,11133,69.2907803077667,48
"ENSG00000016602",FALSE,824,7.09424153025155,19
"ENSG00000097033",TRUE,255077,258.964344106132,101
"ENSG00000183291",TRUE,211886,214.964862681916,101
"ENSG00000153936",TRUE,53737,67.217289709143,101
"ENSG00000143013",TRUE,119257,146.723416815159,101
"ENSG00000065243",TRUE,90321,107.164636542299,101
"ENSG00000137947",TRUE,42464,66.9017367032798,101
"ENSG00000137944",TRUE,37148,38.279344923649,101
"ENSG00000213516",TRUE,35036,65.4829217745009,101
"ENSG00000117226",TRUE,80313,132.563530728673,101
"ENSG00000117228",TRUE,112901,397.782198946761,101
"ENSG00000162645",TRUE,163394,271.312984167592,101
"ENSG00000162654",TRUE,158588,529.953237610608,101
"ENSG00000154451",TRUE,45665,315.135143695936,101
"ENSG00000183347",TRUE,2240,12.8406100214284,32
"ENSG00000197147",TRUE,35424,47.9283103436691,101
"ENSG00000171488",TRUE,63412,127.118772533625,101
"ENSG00000171492",TRUE,30571,33.7653780764138,101
"ENSG00000162664",TRUE,46292,49.8505116669158,101
"ENSG00000122482",TRUE,58360,67.2926892784692,101
"ENSG00000162669",TRUE,1629,3.91661251149304,55
"ENSG00000097046",TRUE,11396,22.8336515437163,101
"ENSG00000069702",TRUE,209613,444.968385025813,101
"ENSG00000172031",TRUE,1405,4.93012665943581,35
"ENSG00000189195",TRUE,9640,12.5837421264596,100
"ENSG00000174842",TRUE,9245,13.6079337482754,101
"ENSG00000122484",TRUE,31272,34.6633181491999,101
"ENSG00000162676",TRUE,11349,29.8245691101158,101
"ENSG00000067208",TRUE,51659,59.0537099580079,101
"ENSG00000122406",TRUE,924886,997.701613540897,101
"ENSG00000154511",TRUE,19871,32.2542080347336,101
"ENSG00000143033",TRUE,38156,39.2641906473172,101
"ENSG00000117500",TRUE,131041,175.732845406633,101
"ENSG00000122483",TRUE,8107,10.9032763052641,101
"ENSG00000117505",TRUE,81104,87.912603591542,101
"ENSG00000137942",TRUE,105325,153.010727725937,101
"ENSG00000137936",TRUE,46056,68.0585382161562,101
"ENSG00000067334",TRUE,79913,126.145818603307,101
"ENSG00000023909",TRUE,30178,38.7296756626554,101
"ENSG00000198691",TRUE,2649,5.08806347577246,83
"ENSG00000137962",TRUE,199093,329.35121094015,101
"ENSG00000117528",TRUE,71125,84.0490699535673,101
"ENSG00000117525",TRUE,134847,293.052265643592,101
"ENSG00000143036",TRUE,17587,28.2601400235592,101
"ENSG00000117519",TRUE,447708,531.304420925166,101
"ENSG00000172339",TRUE,12291,12.9985884439828,101
"ENSG00000152078",TRUE,12730,25.6826256024012,101
"ENSG00000122481",TRUE,3232,4.39696569545438,97
"ENSG00000117569",TRUE,33900,48.4714325353685,101
"ENSG00000188641",TRUE,112507,128.512371047591,101
"ENSG00000162627",TRUE,27622,33.5270379024136,101
"ENSG00000117600",TRUE,32065,93.2169862522131,99
"ENSG00000099260",TRUE,86483,194.395715180609,101
"ENSG00000156869",TRUE,7786,13.4323867884439,99
"ENSG00000162688",TRUE,49023,58.3462196919621,101
"ENSG00000117620",TRUE,42453,57.1749297025763,101
"ENSG00000156875",TRUE,2560,3.41934396740189,91
"ENSG00000156876",TRUE,5707,7.91874110775346,101
"ENSG00000122435",TRUE,23165,27.9451772723517,101
"ENSG00000122477",TRUE,1417,2.3546455243045,42
"ENSG00000137992",TRUE,42650,46.9721705096548,101
"ENSG00000137996",TRUE,40861,43.7817125866017,101
"ENSG00000079335",TRUE,24907,44.663754479034,101
"ENSG00000162692",TRUE,55539,192.035244032884,101
"ENSG00000162694",TRUE,34014,41.9068632384342,101
"ENSG00000162695",TRUE,57264,71.1114903723931,101
"ENSG00000117543",TRUE,25459,27.0552015287549,101
"ENSG00000170989",TRUE,233685,372.899796127155,101
"ENSG00000060718",TRUE,4934,45.1760937560438,49
"ENSG00000185946",TRUE,34493,47.91381910853,101
"ENSG00000240038",TRUE,26231,45.6156315738898,101
"ENSG00000198890",TRUE,16982,18.2976736276245,101
"ENSG00000162631",TRUE,14650,40.3133271443592,101
"ENSG00000134215",TRUE,32536,46.0019313105634,101
"ENSG00000085491",TRUE,73268,93.0792167054846,101
"ENSG00000162636",TRUE,51983,77.6555117357988,101
"ENSG00000162639",TRUE,11030,15.8511995064993,101
"ENSG00000134186",TRUE,111019,103.204251417835,101
"ENSG00000116266",TRUE,69850,71.6923645057841,101
"ENSG00000121957",TRUE,39791,48.6675006150565,101
"ENSG00000121940",TRUE,59348,59.0742831940501,101
"ENSG00000085433",TRUE,38483,42.6045107631227,101
"ENSG00000197780",TRUE,27253,35.2785478401511,101
"ENSG00000215717",TRUE,89900,85.2435083775216,101
"ENSG00000179902",TRUE,11829,80.5656560201623,61
"ENSG00000116299",TRUE,33670,148.310127046073,101
"ENSG00000031698",TRUE,190285,253.147400674649,101
"ENSG00000143126",TRUE,28984,64.8492029060225,101
"ENSG00000134222",TRUE,15010,37.9731439813495,101
"ENSG00000221986",TRUE,1493,3.95986520618838,41
"ENSG00000134243",TRUE,330589,386.87940074527,101
"ENSG00000143106",TRUE,86653,119.934331340732,101
"ENSG00000143028",TRUE,5309,7.78103323632979,99
"ENSG00000162650",TRUE,9433,13.9265809222553,101
"ENSG00000174151",TRUE,25850,35.70606883652,101
"ENSG00000181754",TRUE,17425,35.6132075471698,101
"ENSG00000065135",TRUE,128916,139.044874119708,101
"ENSG00000116337",TRUE,72483,95.0338118560955,101
"ENSG00000168765",TRUE,31444,42.6989919875003,101
"ENSG00000213366",TRUE,34827,67.3814659289438,101
"ENSG00000134184",TRUE,23957,66.4886587693007,63
"ENSG00000134201",TRUE,30778,61.863360767958,101
"ENSG00000134202",TRUE,65934,97.7094202783637,101
"ENSG00000184371",TRUE,133097,215.723907348586,101
"ENSG00000168710",TRUE,215032,206.252231394548,101
"ENSG00000143093",TRUE,54647,55.7810867788997,101
"ENSG00000116396",TRUE,36251,50.874027863685,101
"ENSG00000162775",TRUE,15619,18.299567994643,101
"ENSG00000168679",TRUE,26460,31.3111598509074,101
"ENSG00000134248",TRUE,68659,104.30179361436,101
"ENSG00000177301",TRUE,2136,6.19585879961543,62
"ENSG00000177272",TRUE,7077,13.8337370494403,99
"ENSG00000143119",TRUE,202502,369.028711817637,101
"ENSG00000121931",TRUE,15260,23.9984483626173,101
"ENSG00000156171",TRUE,79777,95.4317688986516,101
"ENSG00000134255",TRUE,51321,59.4621975823165,101
"ENSG00000162777",TRUE,55958,102.519100511942,101
"ENSG00000064886",TRUE,96232,593.666534085075,101
"ENSG00000134216",TRUE,8966,37.7179805142684,74
"ENSG00000173947",TRUE,41863,292.317093612358,101
"ENSG00000085465",TRUE,5248,7.8727485965089,101
"ENSG00000116455",TRUE,25012,27.5911077538524,101
"ENSG00000116459",TRUE,152422,167.258506620958,101
"ENSG00000143110",TRUE,87640,187.435833210708,101
"ENSG00000121933",TRUE,6738,31.1932801550498,94
"ENSG00000116473",TRUE,148924,158.711635920016,101
"ENSG00000197852",TRUE,40924,65.1634928877961,101
"ENSG00000064703",TRUE,26410,27.0961190507242,101
"ENSG00000171385",TRUE,41710,71.4109719577524,101
"ENSG00000143079",TRUE,95526,112.380760476677,101
"ENSG00000134245",TRUE,36186,76.2290524596063,101
"ENSG00000007341",TRUE,22671,22.7277044330056,101
"ENSG00000116489",TRUE,222223,331.74143572773,101
"ENSG00000155363",TRUE,82687,90.0902358907632,101
"ENSG00000155366",TRUE,148309,290.307961396497,101
"ENSG00000155367",TRUE,1771,2.69693064634794,65
"ENSG00000155380",TRUE,28840,66.728795434501,101
"ENSG00000198799",TRUE,35346,35.6589201135991,101
"ENSG00000081026",TRUE,64402,111.449163125992,101
"ENSG00000116793",TRUE,35821,54.034829868882,101
"ENSG00000081019",TRUE,42366,47.0064254228445,101
"ENSG00000134242",TRUE,22001,32.6744171921866,100
"ENSG00000188761",TRUE,3328,8.78738210040445,88
"ENSG00000134262",TRUE,35650,37.6699463935735,101
"ENSG00000118655",TRUE,16576,26.9323621244688,101
"ENSG00000163349",TRUE,182962,258.597121404105,101
"ENSG00000116774",TRUE,152371,193.577587256722,101
"ENSG00000197323",TRUE,79983,99.9812415386283,101
"ENSG00000116752",TRUE,34739,41.3952747376348,101
"ENSG00000175984",TRUE,10450,15.7192232345839,101
"ENSG00000116748",TRUE,4403,33.2856266882338,63
"ENSG00000213281",TRUE,88285,102.935068737917,101
"ENSG00000009307",TRUE,917163,847.916237174709,101
"ENSG00000052723",TRUE,46218,45.8883854441737,101
"ENSG00000134198",TRUE,23948,52.9256676689669,101
"ENSG00000134259",TRUE,933,3.42350693981777,21
"ENSG00000173218",TRUE,39010,50.7851827578863,101
"ENSG00000118729",TRUE,21864,121.209566069753,100
"ENSG00000163393",TRUE,20950,27.5433632054845,101
"ENSG00000163399",TRUE,983886,1426.92558964063,101
"ENSG00000116815",TRUE,36596,45.2714191916145,101
"ENSG00000143061",TRUE,38566,80.3459119496855,101
"ENSG00000116824",TRUE,28420,114.937067534868,101
"ENSG00000134247",TRUE,123842,196.704268594817,101
"ENSG00000134256",TRUE,14541,32.3996983011107,101
"ENSG00000116830",TRUE,24826,28.4734509653784,101
"ENSG00000134253",TRUE,8757,14.9736590953208,101
"ENSG00000134258",TRUE,5859,49.8041878318253,37
"ENSG00000198162",TRUE,112621,135.589086019643,101
"ENSG00000183508",TRUE,71940,242.104634720509,101
"ENSG00000196505",TRUE,26034,30.161310172089,101
"ENSG00000065183",TRUE,39979,72.1948776137101,101
"ENSG00000155761",TRUE,18122,157.796817854861,75
"ENSG00000092607",TRUE,4165,9.66005618288676,88
"ENSG00000116874",TRUE,19542,24.3864552602397,101
"ENSG00000143067",TRUE,18721,34.8191064695329,101
"ENSG00000092621",TRUE,30989,95.0002828306136,101
"ENSG00000134240",FALSE,1153,12.1379925894521,14
"ENSG00000134250",TRUE,286957,309.042675437462,101
"ENSG00000265808",TRUE,71297,70.3654738875806,101
"ENSG00000273136",TRUE,6975,9.8459902512389,100
"ENSG00000198019",TRUE,3167,11.3783852810438,78
"ENSG00000171943",TRUE,12517,16.7700165520063,101
"ENSG00000266338",TRUE,35045,57.2846695268769,101
"ENSG00000196369",TRUE,4825,6.99432705064631,97
"ENSG00000162825",TRUE,4220,5.0457342509842,101
"ENSG00000117262",TRUE,5093,8.88620997270729,101
"ENSG00000117281",TRUE,1193,2.6100591542433,31
"ENSG00000265491",TRUE,113596,153.71801922544,101
"ENSG00000186141",TRUE,40844,39.2564083779564,101
"ENSG00000186364",TRUE,4572,6.21364077007603,100
"ENSG00000131788",TRUE,84387,119.087486084447,101
"ENSG00000198483",TRUE,11215,19.1096800084083,101
"ENSG00000143127",TRUE,52553,160.194546977621,101
"ENSG00000131779",TRUE,38522,50.6815195901017,101
"ENSG00000265241",TRUE,104824,100.965154500571,101
"ENSG00000271601",TRUE,87379,95.3841103095411,101
"ENSG00000272031",TRUE,1901,3.22118967950649,67
"ENSG00000121851",TRUE,31867,31.7682061349293,101
"ENSG00000265972",TRUE,3137756,4717.25077701955,101
"ENSG00000271425",TRUE,7790,9.81017164581418,101
"ENSG00000268043",TRUE,25487,31.5326639344144,101
"ENSG00000131791",TRUE,59523,70.241319964646,101
"ENSG00000131781",TRUE,55226,196.198670557808,101
"ENSG00000131778",TRUE,1610,2.54294491719536,65
"ENSG00000116128",TRUE,39600,49.0469994194468,101
"ENSG00000162836",TRUE,22625,31.1050753371871,101
"ENSG00000265107",TRUE,146074,284.079160397135,101
"ENSG00000188092",TRUE,5275,7.07884523249563,101
"ENSG00000263956",TRUE,17358,20.4716011198773,101
"ENSG00000280649",TRUE,1105,2.14002369589874,25
"ENSG00000270629",TRUE,11744,14.2716612945817,101
"ENSG00000178104",TRUE,104651,125.775124140048,101
"ENSG00000269713",TRUE,24417,27.033519445095,101
"ENSG00000150337",TRUE,13897,47.3586846832634,101
"ENSG00000203814",TRUE,2033,10.5674663376662,50
"ENSG00000184678",TRUE,26396,48.5741933382035,101
"ENSG00000184260",TRUE,778,3.01227456701942,17
"ENSG00000178096",TRUE,10523,11.8396711708159,101
"ENSG00000159164",TRUE,12831,18.4759306901921,101
"ENSG00000143368",TRUE,65613,71.8068368411819,101
"ENSG00000014914",TRUE,39287,57.1605916099048,101
"ENSG00000264522",TRUE,49872,83.4507966516506,101
"ENSG00000136631",TRUE,58102,59.9574025004395,101
"ENSG00000023902",TRUE,75751,173.582321924494,101
"ENSG00000143401",TRUE,70058,78.2648392979905,101
"ENSG00000117362",TRUE,218586,202.41964126103,101
"ENSG00000118292",TRUE,24924,36.4746471892051,101
"ENSG00000159208",TRUE,7919,24.0785263414131,101
"ENSG00000266472",TRUE,70074,101.363039180203,101
"ENSG00000117360",TRUE,83918,78.9651915361463,101
"ENSG00000163125",TRUE,76884,81.9105639030384,101
"ENSG00000143374",TRUE,29509,29.5837988694084,101
"ENSG00000143369",TRUE,67938,97.5124507381272,101
"ENSG00000143382",TRUE,141031,281.345852677772,101
"ENSG00000143384",TRUE,1213220,2490.55002423395,101
"ENSG00000143420",TRUE,218799,206.867955890059,101
"ENSG00000143457",TRUE,43900,64.0104907677526,101
"ENSG00000163131",TRUE,472961,1060.92958919195,101
"ENSG00000143387",TRUE,161419,517.013801937678,101
"ENSG00000143437",TRUE,120498,115.752508267523,101
"ENSG00000143379",TRUE,66330,70.6311494879503,101
"ENSG00000143418",TRUE,256245,328.319448733375,101
"ENSG00000143412",TRUE,1099,2.23651141792196,27
"ENSG00000143409",TRUE,36736,41.3277199633695,101
"ENSG00000143363",TRUE,39306,40.5624879182689,101
"ENSG00000163141",TRUE,12415,44.0974579760953,100
"ENSG00000143443",TRUE,5227,6.02940632317882,101
"ENSG00000197622",TRUE,270320,320.085253844856,101
"ENSG00000213190",TRUE,8667,22.630140548572,101
"ENSG00000143458",TRUE,39882,41.7201169144923,101
"ENSG00000143434",TRUE,18605,26.4974028325892,101
"ENSG00000163154",TRUE,13355,37.1335141266497,101
"ENSG00000163156",TRUE,26331,37.8793526802692,101
"ENSG00000163155",TRUE,10587,13.842812271134,101
"ENSG00000163159",TRUE,38368,36.2226016684085,101
"ENSG00000143398",TRUE,86989,104.849394528466,101
"ENSG00000159352",TRUE,124577,173.883549381196,101
"ENSG00000143373",TRUE,39152,37.8611311955641,101
"ENSG00000143393",TRUE,128718,117.766737625101,101
"ENSG00000143390",TRUE,94948,109.81914982407,101
"ENSG00000143416",TRUE,223681,376.480070149505,101
"ENSG00000159377",TRUE,183068,228.951563290192,101
"ENSG00000143442",TRUE,137910,143.007708181508,101
"ENSG00000143375",TRUE,81752,152.239122894363,101
"ENSG00000143367",TRUE,15859,36.0849056603774,101
"ENSG00000143376",TRUE,65545,78.8156864350939,101
"ENSG00000178796",TRUE,1888,12.0917101804491,32
"ENSG00000143436",TRUE,46094,47.6662086097781,101
"ENSG00000143450",TRUE,1606,2.86166083866845,55
"ENSG00000182134",TRUE,13265,20.6263010517109,101
"ENSG00000143365",TRUE,21497,69.4534963123501,101
"ENSG00000159445",TRUE,32929,39.9874993435662,101
"ENSG00000197747",TRUE,417777,836.433340397117,101
"ENSG00000163191",TRUE,507793,1253.0309130159,101
"ENSG00000159450",TRUE,1141,2.38842300969092,28
"ENSG00000163207",TRUE,1773,18.1960942483122,30
"ENSG00000169469",TRUE,993,11.3064474388384,19
"ENSG00000163220",TRUE,406462,1522.8729862699,101
"ENSG00000163221",TRUE,30859,239.211146108387,93
"ENSG00000143546",TRUE,241290,1150.18663974667,101
"ENSG00000197956",TRUE,1023287,2227.65234917504,101
"ENSG00000196154",TRUE,402606,2007.22915773339,101
"ENSG00000188015",TRUE,8201,36.7497497176369,96
"ENSG00000196754",TRUE,34972,250.958794132648,96
"ENSG00000188643",TRUE,113784,320.129479609989,101
"ENSG00000189334",TRUE,70857,156.864198077536,101
"ENSG00000189171",TRUE,44900,162.060371705645,101
"ENSG00000160679",TRUE,105667,99.17646630099,101
"ENSG00000143553",TRUE,35915,36.1943811370622,101
"ENSG00000143621",TRUE,166072,191.738804753816,101
"ENSG00000169418",TRUE,100377,187.576334822752,101
"ENSG00000143624",TRUE,181746,196.79258318681,101
"ENSG00000143554",TRUE,95560,187.267103158977,101
"ENSG00000143614",TRUE,59455,59.2517967514847,101
"ENSG00000198837",TRUE,121461,165.043276343134,101
"ENSG00000160741",TRUE,79393,87.6446159373935,101
"ENSG00000143570",TRUE,1372,1.94040346049866,44
"ENSG00000143578",TRUE,14794,31.9058078297631,101
"ENSG00000143543",TRUE,26602,84.6449153332457,101
"ENSG00000143545",TRUE,28790,111.981307028947,101
"ENSG00000177954",TRUE,943983,1080.98505317208,101
"ENSG00000143549",TRUE,440922,500.201851117785,101
"ENSG00000163263",TRUE,2872,20.4716011198773,32
"ENSG00000143612",TRUE,231134,239.457270787832,101
"ENSG00000143569",TRUE,176966,168.727406410617,101
"ENSG00000143575",TRUE,79411,95.2179118817958,101
"ENSG00000143515",TRUE,139613,159.616139253833,101
"ENSG00000160712",TRUE,75086,122.111172574695,101
"ENSG00000169291",TRUE,84838,128.060289353014,101
"ENSG00000163239",TRUE,14073,25.0708583143784,101
"ENSG00000160714",TRUE,126311,121.389610682618,101
"ENSG00000160710",TRUE,471340,530.202943929288,101
"ENSG00000143603",TRUE,24550,62.29349928262,99
"ENSG00000163344",TRUE,39642,76.1352396814158,101
"ENSG00000163346",TRUE,210747,294.215518137016,101
"ENSG00000163348",TRUE,56313,83.0634711855605,101
"ENSG00000160691",TRUE,243870,288.566546214092,101
"ENSG00000173207",TRUE,11219,19.8057052781527,101
"ENSG00000160688",TRUE,31450,31.4565484687447,101
"ENSG00000160685",TRUE,78897,83.4609241400509,101
"ENSG00000163354",TRUE,2559,7.64119716719981,79
"ENSG00000143537",TRUE,200883,278.347522367779,101
"ENSG00000243364",TRUE,6269,11.3486105085539,101
"ENSG00000143590",TRUE,1209,5.42209422063495,29
"ENSG00000169242",TRUE,114186,178.276766157577,101
"ENSG00000169241",TRUE,45869,75.4250274520238,101
"ENSG00000179085",TRUE,16478,44.5816635918874,101
"ENSG00000163463",TRUE,6633,8.06557938929829,101
"ENSG00000163462",TRUE,2458,5.53633037693291,75
"ENSG00000185499",TRUE,365653,1794.9391076227,101
"ENSG00000169231",TRUE,82036,110.094556415046,101
"ENSG00000173171",TRUE,13750,17.014516448209,101
"ENSG00000177628",TRUE,49455,68.6712015206992,101
"ENSG00000160767",TRUE,32110,44.4310498635364,101
"ENSG00000116521",TRUE,62741,83.138778049736,101
"ENSG00000176444",TRUE,76506,90.0670095538806,101
"ENSG00000143630",TRUE,6587,8.72177050397555,101
"ENSG00000160752",TRUE,145378,251.449619481946,101
"ENSG00000160753",TRUE,50469,52.52220912446,101
"ENSG00000116539",TRUE,154677,172.699236931661,101
"ENSG00000125459",TRUE,13469,16.04330613638,101
"ENSG00000163374",TRUE,67093,72.6208060952069,101
"ENSG00000132676",TRUE,100185,99.6570783788244,101
"ENSG00000116580",TRUE,83953,88.0094519993597,101
"ENSG00000132718",TRUE,74304,107.453400078231,101
"ENSG00000143622",TRUE,63617,64.9239212227674,101
"ENSG00000132680",TRUE,83181,98.5637250759006,101
"ENSG00000116584",TRUE,188414,260.703913022475,101
"ENSG00000163479",TRUE,274943,339.235901351698,101
"ENSG00000160803",TRUE,50291,56.4731598158587,101
"ENSG00000116586",TRUE,39808,93.0039772567246,101
"ENSG00000132698",TRUE,37436,78.5972339220992,101
"ENSG00000254726",TRUE,5488,10.9803606297179,85
"ENSG00000160789",TRUE,461852,1035.58489033135,101
"ENSG00000196189",TRUE,45559,82.2368294996766,101
"ENSG00000160785",TRUE,57098,72.3368537742091,101
"ENSG00000160783",TRUE,22599,62.2787766731265,101
"ENSG00000160781",TRUE,3894,7.07305030983804,100
"ENSG00000198952",TRUE,137824,163.052407507553,101
"ENSG00000163472",TRUE,7679,14.1888825779123,101
"ENSG00000198715",TRUE,66535,128.277299710004,101
"ENSG00000163468",TRUE,176186,219.135506186761,101
"ENSG00000116604",TRUE,157804,168.418880515149,101
"ENSG00000183856",TRUE,10031,37.2768977668653,98
"ENSG00000163382",TRUE,59530,121.846506235936,101
"ENSG00000160818",TRUE,34238,68.5034974407377,101
"ENSG00000132702",TRUE,1122,2.9324497970704,33
"ENSG00000132688",TRUE,278433,642.35681023708,101
"ENSG00000143320",TRUE,15148,49.0854785131867,90
"ENSG00000143319",TRUE,45862,48.3413557767709,101
"ENSG00000143303",TRUE,33781,36.2157546020468,101
"ENSG00000143314",TRUE,45119,91.1966125165129,101
"ENSG00000143321",TRUE,248251,373.296125717882,101
"ENSG00000143294",TRUE,60130,60.3207982045639,101
"ENSG00000027869",TRUE,8026,35.5190135124476,101
"ENSG00000198400",TRUE,3970,7.79888531646298,92
"ENSG00000187800",TRUE,80779,100.98550854023,101
"ENSG00000160838",TRUE,8616,55.5462936414382,73
"ENSG00000132694",TRUE,116167,131.978328148091,101
"ENSG00000117036",TRUE,51644,60.5743341146973,101
"ENSG00000143297",TRUE,21473,116.045031081487,97
"ENSG00000160856",TRUE,6647,21.5397784930882,94
"ENSG00000132704",TRUE,4220,21.1552295950833,71
"ENSG00000163534",TRUE,5238,25.2203315361911,83
"ENSG00000073754",TRUE,1823,5.9900875424756,43
"ENSG00000183853",TRUE,174792,250.535395764726,101
"ENSG00000158473",TRUE,9960,20.9551761817516,101
"ENSG00000158477",TRUE,4786,19.2711631000908,71
"ENSG00000158481",TRUE,10390,21.801698169999,97
"ENSG00000158485",TRUE,1145,4.53439131766842,33
"ENSG00000158488",TRUE,4456,13.0479309975702,80
"ENSG00000163563",TRUE,67742,174.950276034696,101
"ENSG00000163564",TRUE,6157,13.2305494001023,99
"ENSG00000163565",TRUE,258366,314.34033183166,101
"ENSG00000163568",TRUE,5796,15.4530773073636,96
"ENSG00000162706",TRUE,28140,90.2929301464071,101
"ENSG00000213088",TRUE,175998,705.082913651083,101
"ENSG00000179639",TRUE,16792,45.7958219040557,98
"ENSG00000158716",TRUE,37318,98.350764613184,101
"ENSG00000181036",TRUE,4509,11.7911087179527,94
"ENSG00000158714",TRUE,71385,205.502863893447,101
"ENSG00000256029",TRUE,3523,7.11736669759175,88
"ENSG00000213085",TRUE,14465,97.111547386732,91
"ENSG00000158710",TRUE,794699,756.706008948139,101
"ENSG00000085552",TRUE,6257,29.3294584994651,81
"ENSG00000143315",TRUE,25757,30.6789708661465,101
"ENSG00000162729",TRUE,40902,41.4386406569484,101
"ENSG00000018625",TRUE,65970,211.55209978634,101
"ENSG00000143318",TRUE,2085,4.66769757535697,60
"ENSG00000162734",TRUE,462489,470.980438069936,101
"ENSG00000132716",TRUE,84781,91.8487336259372,101
"ENSG00000162735",TRUE,75571,68.6751033071681,101
"ENSG00000122218",TRUE,301572,279.197256247801,101
"ENSG00000162736",TRUE,159124,168.229115332517,101
"ENSG00000162738",TRUE,29277,44.6430695744071,101
"ENSG00000162739",TRUE,23138,49.9726380586384,101
"ENSG00000066294",TRUE,81193,184.490349811756,101
"ENSG00000117090",TRUE,12052,45.2060171976605,100
"ENSG00000117091",TRUE,45137,140.606010437281,101
"ENSG00000026751",TRUE,45936,182.286298017201,101
"ENSG00000122224",TRUE,11302,44.9803108147885,99
"ENSG00000122223",TRUE,4947,13.5028736536846,93
"ENSG00000179914",TRUE,28751,262.868861163784,66
"ENSG00000158764",TRUE,11035,48.6731257519745,60
"ENSG00000158769",TRUE,145508,193.683410869446,101
"ENSG00000215845",TRUE,22963,52.2684575422541,101
"ENSG00000158773",TRUE,86289,102.040800957783,101
"ENSG00000186517",TRUE,116089,233.364881623462,101
"ENSG00000143217",TRUE,12426,42.7356247150688,100
"ENSG00000162755",TRUE,5389,22.2432765967657,95
"ENSG00000143256",TRUE,35222,54.6727833914025,101
"ENSG00000158793",TRUE,43010,43.6641838257736,101
"ENSG00000158796",TRUE,58018,57.5371808721776,101
"ENSG00000143222",TRUE,120409,201.024681749967,101
"ENSG00000143258",TRUE,40404,54.3371226233933,101
"ENSG00000143224",TRUE,33379,87.6648988082562,101
"ENSG00000158850",TRUE,47072,57.0061379084318,101
"ENSG00000158859",TRUE,130881,1094.55628245694,101
"ENSG00000158864",TRUE,121777,155.747848067335,101
"ENSG00000158869",TRUE,198935,534.015298392772,101
"ENSG00000158882",TRUE,26185,35.9966810758821,101
"ENSG00000248485",TRUE,6881,14.9153521952924,96
"ENSG00000158887",TRUE,3718,5.30234244809842,100
"ENSG00000143252",TRUE,90613,86.2290082243278,101
"ENSG00000188931",TRUE,10345,77.4625183435022,60
"ENSG00000143226",TRUE,147020,254.403238759502,101
"ENSG00000173110",TRUE,13832,30.8991875872381,100
"ENSG00000203747",TRUE,221502,392.636791730516,101
"ENSG00000162747",TRUE,44302,285.68851703149,101
"ENSG00000072694",TRUE,34383,88.0622194805518,101
"ENSG00000132185",TRUE,4142,26.274816006655,53
"ENSG00000162746",TRUE,1801,3.88941469372437,59
"ENSG00000081721",TRUE,23183,21.490140881549,101
"ENSG00000118217",TRUE,126502,119.036800074997,101
"ENSG00000162745",TRUE,81897,151.916535221035,101
"ENSG00000198929",TRUE,2038,3.81674172037769,69
"ENSG00000239887",TRUE,8543,16.2433426704446,101
"ENSG00000198574",TRUE,2171,5.90496772064536,53
"ENSG00000152332",TRUE,156443,175.975613690512,101
"ENSG00000117143",TRUE,80403,320.582170406603,101
"ENSG00000162733",TRUE,229197,307.086749446286,101
"ENSG00000132196",TRUE,16354,32.4461926902333,101
"ENSG00000185860",TRUE,5554,55.6181851213871,35
"ENSG00000117152",TRUE,5877,23.7810068835722,77
"ENSG00000143248",TRUE,628289,1380.31469457693,101
"ENSG00000143228",TRUE,2802,8.91819386892623,85
"ENSG00000185630",TRUE,168986,240.009997907065,101
"ENSG00000143171",TRUE,5277,16.558802846816,95
"ENSG00000143198",TRUE,122685,125.406605036156,101
"ENSG00000143149",TRUE,110785,121.903125289267,101
"ENSG00000143183",TRUE,100684,98.6109777840424,101
"ENSG00000143179",TRUE,23137,44.6515024769161,101
"ENSG00000188859",TRUE,3789,7.62531548647234,88
"ENSG00000143157",TRUE,113509,151.25786163522,101
"ENSG00000152382",TRUE,16003,17.3015246514335,101
"ENSG00000143195",TRUE,6589,17.132171876864,96
"ENSG00000143167",TRUE,6334,24.7479232309662,78
"ENSG00000198842",TRUE,1419,4.61779957232579,39
"ENSG00000143190",TRUE,41617,43.8416147002451,101
"ENSG00000198821",TRUE,16210,40.8238012448261,101
"ENSG00000143162",TRUE,249842,340.099112916732,101
"ENSG00000198771",TRUE,93833,121.070796051659,101
"ENSG00000197965",TRUE,214867,275.336299499925,101
"ENSG00000143158",TRUE,56438,65.08354908004,101
"ENSG00000143164",TRUE,97357,101.164756533395,101
"ENSG00000143147",TRUE,59036,113.304594369552,101
"ENSG00000143155",TRUE,57911,57.7748821973904,101
"ENSG00000213064",TRUE,116160,130.875872285184,101
"ENSG00000143178",TRUE,9713,17.8174369595467,101
"ENSG00000143185",TRUE,1705,4.07729316328636,50
"ENSG00000143184",TRUE,2038,4.32233694141064,60
"ENSG00000143196",TRUE,43743,109.614091656822,101
"ENSG00000143153",TRUE,186684,321.80965234287,101
"ENSG00000143156",TRUE,16933,38.3156066342982,101
"ENSG00000117475",TRUE,31312,30.8333340226965,101
"ENSG00000117477",TRUE,4546,30.531568205634,52
"ENSG00000117479",TRUE,87310,285.492404796846,101
"ENSG00000198734",TRUE,16111,41.6853110733772,100
"ENSG00000174175",TRUE,75898,122.480900912336,101
"ENSG00000000460",TRUE,8834,12.1959327744449,101
"ENSG00000188404",TRUE,66842,186.013788163564,101
"ENSG00000007908",TRUE,41886,673.404366160882,92
"ENSG00000171806",TRUE,8154,9.90426551955263,101
"ENSG00000000457",TRUE,30769,35.8216914095805,101
"ENSG00000075945",TRUE,53358,68.1670161422819,101
"ENSG00000120370",TRUE,18121,20.1086602972735,101
"ENSG00000116132",TRUE,150811,290.375519617044,101
"ENSG00000117501",TRUE,3140,23.8055544177592,38
"ENSG00000007933",TRUE,65045,210.362713945399,101
"ENSG00000117507",TRUE,1154,6.42007108769623,25
"ENSG00000094963",TRUE,435363,992.138364779874,101
"ENSG00000010932",TRUE,13299,45.2336113229766,87
"ENSG00000076258",TRUE,10260,12.7176566789524,101
"ENSG00000117523",TRUE,305022,290.368085365761,101
"ENSG00000034971",TRUE,12402,112.5058359046,90
"ENSG00000117533",TRUE,52389,58.7152191283561,101
"ENSG00000010165",TRUE,45043,50.3829170906191,101
"ENSG00000197959",TRUE,16238,22.391707759915,101
"ENSG00000135845",TRUE,35073,30.5570288559198,101
"ENSG00000094975",TRUE,64191,64.6706784281074,101
"ENSG00000117560",TRUE,1508,6.75290830878589,37
"ENSG00000120337",TRUE,1263,9.4453882677115,26
"ENSG00000117586",TRUE,7529,15.179452230803,101
"ENSG00000117592",TRUE,277954,519.208193212658,101
"ENSG00000162753",FALSE,555,3.03715324251964,12
"ENSG00000183831",TRUE,910,4.93153032475052,20
"ENSG00000076321",TRUE,42927,43.3644161839615,101
"ENSG00000120334",TRUE,6930,7.93510444864627,101
"ENSG00000117593",TRUE,25312,31.3047675362479,101
"ENSG00000185278",TRUE,48961,67.460417580754,101
"ENSG00000135870",TRUE,58954,82.2529383265073,101
"ENSG00000152061",TRUE,73738,75.624788927381,101
"ENSG00000116161",TRUE,51113,66.5999093904018,101
"ENSG00000120333",TRUE,41055,40.3330751001858,101
"ENSG00000120332",TRUE,8045,45.3218377478209,73
"ENSG00000235750",TRUE,188829,261.378111478545,101
"ENSG00000116147",TRUE,6184,35.9932785302923,74
"ENSG00000143207",TRUE,62575,61.2044736929515,101
"ENSG00000116183",TRUE,9388,36.7361139859205,74
"ENSG00000152092",TRUE,3425,12.884758718026,54
"ENSG00000075391",TRUE,114963,162.345326194278,101
"ENSG00000116191",TRUE,25898,66.1737148538692,101
"ENSG00000116194",TRUE,57979,112.569620472662,101
"ENSG00000116199",TRUE,112804,134.954015829397,101
"ENSG00000186283",TRUE,63193,84.1208750956209,101
"ENSG00000143322",TRUE,85747,213.866207494091,101
"ENSG00000057252",TRUE,103195,118.262484467887,101
"ENSG00000169905",TRUE,80470,96.5433998729724,101
"ENSG00000143337",TRUE,139221,149.592178745714,101
"ENSG00000135837",TRUE,115898,116.607536006922,101
"ENSG00000116260",TRUE,510606,650.287279675728,101
"ENSG00000230124",TRUE,45631,41.3705220365566,101
"ENSG00000143324",TRUE,75342,98.6300374318296,101
"ENSG00000135835",TRUE,14969,18.383086817377,101
"ENSG00000135823",TRUE,63955,73.2384125346589,101
"ENSG00000153029",TRUE,91727,92.7367788393371,101
"ENSG00000162783",TRUE,67548,107.659321974889,101
"ENSG00000198216",TRUE,1199,7.5875546323094,21
"ENSG00000135821",TRUE,1785550,2709.60006536027,101
"ENSG00000135828",TRUE,34796,34.3211639060072,101
"ENSG00000143333",TRUE,28558,76.4812878646825,101
"ENSG00000135838",TRUE,54690,231.677022416752,101
"ENSG00000135829",TRUE,235515,240.473886213682,101
"ENSG00000135862",TRUE,579686,809.432798910173,101
"ENSG00000058085",TRUE,81933,173.47161777361,101
"ENSG00000157064",TRUE,6556,24.9031334078998,90
"ENSG00000116698",TRUE,123536,133.764543871218,101
"ENSG00000116701",TRUE,161019,374.484588341047,101
"ENSG00000162704",TRUE,272408,320.1324075018,101
"ENSG00000143344",TRUE,127888,170.79926129741,101
"ENSG00000173627",TRUE,4776,43.0011443292222,39
"ENSG00000198756",TRUE,17469,46.5408805031447,101
"ENSG00000198860",TRUE,43215,51.8856327551879,101
"ENSG00000116667",TRUE,108794,143.553459119497,101
"ENSG00000116406",TRUE,93055,106.228532983959,101
"ENSG00000135842",TRUE,194006,353.239306831853,101
"ENSG00000121481",TRUE,24946,31.7386690512937,101
"ENSG00000121486",TRUE,30235,39.2560984386526,101
"ENSG00000116668",TRUE,11735,15.0439624945943,101
"ENSG00000116679",TRUE,217268,339.92016719493,101
"ENSG00000143341",TRUE,313412,605.26970684234,101
"ENSG00000116690",TRUE,147997,481.086219850652,101
"ENSG00000047410",TRUE,249431,235.205645798639,101
"ENSG00000157181",TRUE,47211,46.3263646288457,101
"ENSG00000073756",TRUE,44749,208.507205796612,101
"ENSG00000116711",TRUE,23137,45.0772699535788,101
"ENSG00000162670",TRUE,7951,31.8298327663885,88
"ENSG00000150681",TRUE,13773,39.5997316722182,101
"ENSG00000090104",TRUE,235065,606.201341013764,101
"ENSG00000127074",TRUE,9828,17.9735776376206,97
"ENSG00000116741",TRUE,234326,659.976182079315,101
"ENSG00000116750",TRUE,36298,36.899591686932,101
"ENSG00000116747",TRUE,54740,59.7113834488317,101
"ENSG00000023572",TRUE,15795,18.2705345525687,101
"ENSG00000134371",TRUE,61882,64.7819644482899,101
"ENSG00000162630",TRUE,8565,23.6861960706766,99
"ENSG00000162687",TRUE,16229,30.9748427672956,101
"ENSG00000000971",TRUE,728264,1412.03584940057,101
"ENSG00000066279",TRUE,5969,13.2075769677168,95
"ENSG00000177888",TRUE,30544,40.7652361650215,101
"ENSG00000213047",TRUE,27187,33.2960241907797,101
"ENSG00000203724",TRUE,1262,2.04422106175112,40
"ENSG00000143355",TRUE,900,4.80462206665811,22
"ENSG00000151414",TRUE,148726,192.971549029852,101
"ENSG00000081237",TRUE,270847,553.425576174925,101
"ENSG00000116833",TRUE,17866,49.1583668911974,101
"ENSG00000162702",TRUE,36587,43.442328591864,101
"ENSG00000118193",TRUE,2666,7.19391426326703,75
"ENSG00000118197",TRUE,33045,37.9644155314955,101
"ENSG00000118200",TRUE,107683,118.533341826114,101
"ENSG00000163362",TRUE,9038,36.7046488448087,99
"ENSG00000116852",TRUE,31728,55.4311877542742,101
"ENSG00000116857",TRUE,79766,91.0482808800556,101
"ENSG00000163395",TRUE,18220,134.52547087286,98
"ENSG00000081277",TRUE,35090,115.490071462919,100
"ENSG00000118194",TRUE,7082,25.3025242412031,101
"ENSG00000159166",TRUE,30824,77.8284491327818,101
"ENSG00000174307",TRUE,75604,86.6757562852131,101
"ENSG00000159176",TRUE,686525,1084.33626093333,101
"ENSG00000134369",TRUE,114853,144.028940891563,101
"ENSG00000198700",TRUE,130419,120.204402515723,101
"ENSG00000198892",TRUE,15047,16.1284738838872,101
"ENSG00000163431",TRUE,206297,683.064840342157,101
"ENSG00000134375",TRUE,58591,83.6956255887499,101
"ENSG00000176393",TRUE,104977,122.090651810797,101
"ENSG00000163435",TRUE,92368,315.815618152329,101
"ENSG00000143862",TRUE,67188,75.7587053605384,101
"ENSG00000143851",TRUE,23459,63.8112147517997,101
"ENSG00000133067",TRUE,16934,44.0983235593056,101
"ENSG00000077152",TRUE,4963,21.9896043392418,96
"ENSG00000077157",TRUE,338128,809.017389432032,101
"ENSG00000117139",TRUE,87450,98.9900017728138,101
"ENSG00000183155",TRUE,17699,20.0921747769979,101
"ENSG00000117153",TRUE,56347,62.8343448932229,101
"ENSG00000159346",TRUE,181748,182.705776151503,101
"ENSG00000159348",TRUE,83522,88.1300667492846,101
"ENSG00000163444",TRUE,40614,41.5679022563042,101
"ENSG00000143847",TRUE,5951,10.398513755284,100
"ENSG00000163485",TRUE,4346,8.1511993131256,96
"ENSG00000133048",TRUE,125209,516.698257002687,101
"ENSG00000133063",TRUE,61021,309.264591709403,96
"ENSG00000159388",TRUE,478391,1615.09060207767,101
"ENSG00000122176",TRUE,201830,267.466748546641,101
"ENSG00000188783",TRUE,363083,1092.29559748428,101
"ENSG00000058668",TRUE,414845,497.410933554572,101
"ENSG00000122188",TRUE,11873,38.0659878541646,98
"ENSG00000182004",TRUE,32557,47.3586846832634,101
"ENSG00000143842",TRUE,108662,122.02307164307,101
"ENSG00000143845",TRUE,8986,14.3561886171633,101
"ENSG00000174567",TRUE,4707,10.0644188554207,81
"ENSG00000143850",TRUE,30909,51.5877652028385,101
"ENSG00000158615",TRUE,139512,266.594562398946,101
"ENSG00000133056",TRUE,76710,153.140953980355,101
"ENSG00000198625",TRUE,87316,112.611178453985,101
"ENSG00000170382",TRUE,10760,24.2370144336777,100
"ENSG00000163531",TRUE,86345,128.918898526965,101
"ENSG00000174529",TRUE,2837,4.5318292680036,96
"ENSG00000117222",TRUE,33401,37.8242523373337,101
"ENSG00000133059",TRUE,58270,65.5131179191439,101
"ENSG00000133069",TRUE,8079,11.8667796027819,101
"ENSG00000163545",TRUE,13193,24.085372968003,101
"ENSG00000162873",TRUE,866,3.01929041419465,21
"ENSG00000117266",TRUE,36369,45.8921754018472,101
"ENSG00000174514",TRUE,23438,50.2292596583484,101
"ENSG00000158711",TRUE,95709,106.968808732001,101
"ENSG00000158715",TRUE,24608,39.9282322225986,101
"ENSG00000069275",TRUE,423818,463.68305430038,101
"ENSG00000117280",TRUE,50867,61.9351056103145,101
"ENSG00000133065",TRUE,79946,87.7399825616785,101
"ENSG00000174502",TRUE,36552,111.881483681546,101
"ENSG00000276600",TRUE,29760,58.918469729014,101
"ENSG00000196188",TRUE,134988,411.208795627089,101
"ENSG00000263961",TRUE,16789,41.6721493795405,99
"ENSG00000266028",TRUE,89091,107.296272219886,101
"ENSG00000263528",TRUE,17867,44.2804361351855,101
"ENSG00000266094",TRUE,80509,117.397258946986,101
"ENSG00000143486",TRUE,81375,82.0342416761184,101
"ENSG00000143479",TRUE,12258,33.8305125069549,101
"ENSG00000162889",TRUE,195758,233.667713642934,101
"ENSG00000136634",TRUE,3900,14.0780024102948,78
"ENSG00000162892",FALSE,694,12.9908186856529,11
"ENSG00000162894",TRUE,22332,58.4879399112327,101
"ENSG00000162896",TRUE,369090,956.979687284174,101
"ENSG00000182795",TRUE,161151,398.136043483833,101
"ENSG00000123836",TRUE,60246,126.935139887492,101
"ENSG00000180667",TRUE,21235,28.9727406579093,101
"ENSG00000123843",TRUE,4832,10.296326501484,92
"ENSG00000123838",TRUE,135854,515.207210453118,101
"ENSG00000196352",TRUE,336425,679.615694935073,101
"ENSG00000117322",TRUE,5362,40.5807019567436,46
"ENSG00000203710",TRUE,33881,143.035248437614,100
"ENSG00000117335",TRUE,447343,452.49759565417,101
"ENSG00000174059",TRUE,296131,468.735527090299,101
"ENSG00000076356",TRUE,181110,228.25020040599,101
"ENSG00000008118",TRUE,3466,11.8985152846977,87
"ENSG00000196878",TRUE,80438,217.244829735175,101
"ENSG00000123689",TRUE,41860,184.930660909159,101
"ENSG00000117594",TRUE,35903,54.9699018645022,101
"ENSG00000009790",TRUE,32043,75.3665828387722,101
"ENSG00000162757",TRUE,5119,7.83322502298608,101
"ENSG00000117595",TRUE,42517,143.835532045558,101
"ENSG00000117597",TRUE,28939,33.2120359078485,101
"ENSG00000082497",TRUE,11530,30.194634266411,100
"ENSG00000054392",TRUE,13423,32.496471109957,100
"ENSG00000143473",TRUE,1023,2.88742243120102,31
"ENSG00000117625",TRUE,62709,70.1944978533979,101
"ENSG00000082512",TRUE,57196,79.7590470424118,101
"ENSG00000198570",TRUE,1940,6.63780764019378,52
"ENSG00000170385",TRUE,51158,130.331541705567,101
"ENSG00000117650",TRUE,2214,5.5025753411257,65
"ENSG00000123684",TRUE,102916,100.280963963428,101
"ENSG00000143493",TRUE,26140,36.6839706729856,101
"ENSG00000143476",TRUE,6628,30.728042840982,100
"ENSG00000066027",TRUE,151182,203.226572604827,101
"ENSG00000065600",TRUE,11884,19.4470734686219,101
"ENSG00000117691",TRUE,65239,129.151272060958,101
"ENSG00000162772",TRUE,112302,598.450019241598,101
"ENSG00000123685",TRUE,7864,19.1279435005733,101
"ENSG00000117697",TRUE,37838,38.5827718411212,101
"ENSG00000203705",TRUE,17346,16.5235679257921,101
"ENSG00000162769",TRUE,17832,24.2723758171315,101
"ENSG00000143494",TRUE,10469,26.7766689040489,98
"ENSG00000174606",TRUE,44246,42.0554743827631,101
"ENSG00000136643",TRUE,43605,41.3650070137854,101
"ENSG00000117707",TRUE,8708,21.3523111741615,100
"ENSG00000143499",TRUE,49739,82.223629227054,101
"ENSG00000152104",TRUE,98547,158.519491472936,101
"ENSG00000117724",TRUE,12841,29.9559086118853,99
"ENSG00000082482",TRUE,2463,16.0798377964916,43
"ENSG00000136636",TRUE,106142,150.024385839144,101
"ENSG00000196482",TRUE,2566,7.85962645507114,57
"ENSG00000092978",TRUE,21105,23.1161107902884,101
"ENSG00000162814",TRUE,6315,44.3614617245227,62
"ENSG00000067533",TRUE,25479,32.0627694937296,101
"ENSG00000092969",TRUE,23682,59.6491382202316,100
"ENSG00000143353",TRUE,21428,21.954367166502,101
"ENSG00000136628",TRUE,156116,214.783248138779,101
"ENSG00000162813",TRUE,33365,31.7661523964205,101
"ENSG00000067704",TRUE,135245,136.334032284564,101
"ENSG00000118873",TRUE,73651,70.0751249580892,101
"ENSG00000116141",TRUE,19947,30.7690927027892,101
"ENSG00000162817",TRUE,75879,128.961303833636,101
"ENSG00000117791",TRUE,61782,66.657809303741,101
"ENSG00000186205",TRUE,15098,29.5076304707364,101
"ENSG00000136630",TRUE,13906,44.5063567277119,101
"ENSG00000143507",TRUE,16978,28.0093021254589,101
"ENSG00000143498",TRUE,5834,9.27263971652922,101
"ENSG00000154305",TRUE,117952,117.449531391237,101
"ENSG00000186063",TRUE,40458,39.9743268211351,101
"ENSG00000162819",TRUE,57597,65.4611848094598,101
"ENSG00000197520",TRUE,980,4.06511922787291,18
"ENSG00000154309",TRUE,36897,88.6187187530606,101
"ENSG00000187554",TRUE,26549,49.2041421610367,101
"ENSG00000143502",TRUE,10471,47.6641641359265,101
"ENSG00000203697",TRUE,64864,148.639406194434,101
"ENSG00000162909",TRUE,612978,730.024563655914,101
"ENSG00000143514",TRUE,88790,107.203988354395,101
"ENSG00000143756",TRUE,57424,58.3821803072618,101
"ENSG00000143753",TRUE,129644,124.868390832476,101
"ENSG00000143748",TRUE,30104,35.4438254664415,101
"ENSG00000143771",TRUE,61527,93.8748232954898,101
"ENSG00000162923",TRUE,234549,221.122872443679,101
"ENSG00000143786",TRUE,4035,6.30403480623512,97
"ENSG00000185842",TRUE,5108,6.81900466649612,101
"ENSG00000143815",TRUE,83936,97.8119250779646,101
"ENSG00000154380",TRUE,226640,355.750666559884,101
"ENSG00000143742",TRUE,145484,153.454439330834,101
"ENSG00000143819",TRUE,188857,247.464558289382,101
"ENSG00000196187",TRUE,120164,149.125095643831,101
"ENSG00000143811",TRUE,49791,61.4504011671961,101
"ENSG00000143768",TRUE,3112,8.028457656001,79
"ENSG00000143751",TRUE,41819,69.5556400799882,101
"ENSG00000163041",TRUE,20885,26.8281869755901,101
"ENSG00000182827",TRUE,74903,71.4971680801249,101
"ENSG00000185155",TRUE,678,3.88194653684116,15
"ENSG00000183814",TRUE,6035,7.37797358685456,100
"ENSG00000143799",TRUE,135759,163.211929847871,101
"ENSG00000203685",TRUE,9887,51.4952442184543,99
"ENSG00000143772",TRUE,99681,168.894187530066,101
"ENSG00000143801",TRUE,28538,38.5329694886881,101
"ENSG00000163050",TRUE,54226,58.1341351045605,101
"ENSG00000143776",TRUE,173245,180.966136958947,101
"ENSG00000181450",TRUE,15127,17.4318868274302,101
"ENSG00000143740",TRUE,29385,32.3597522501052,101
"ENSG00000081692",TRUE,20155,31.7794966820549,101
"ENSG00000143816",TRUE,12955,35.5345911949686,100
"ENSG00000154342",TRUE,5121,13.6689758798264,81
"ENSG00000143761",TRUE,532024,554.765622853917,101
"ENSG00000143793",TRUE,17218,22.5167523884702,101
"ENSG00000162910",TRUE,28952,64.2367551416891,101
"ENSG00000143774",TRUE,208280,310.565507859702,101
"ENSG00000198835",TRUE,7617,12.1918758836027,101
"ENSG00000181873",TRUE,21182,41.7949580564049,101
"ENSG00000162913",TRUE,2591,5.07221586260563,78
"ENSG00000154358",TRUE,97865,152.009686504698,101
"ENSG00000154370",TRUE,30794,29.3860461449867,101
"ENSG00000162931",TRUE,2939,11.0188880693644,71
"ENSG00000181218",TRUE,2952,6.57486741061921,87
"ENSG00000196890",TRUE,797,4.4758697788979,18
"ENSG00000168159",TRUE,105145,195.346005671209,101
"ENSG00000116574",TRUE,110769,204.403502583237,101
"ENSG00000168118",TRUE,49801,54.2787828323408,101
"ENSG00000154429",TRUE,20526,24.3836081434657,101
"ENSG00000069248",TRUE,65643,62.7219399828594,101
"ENSG00000135776",TRUE,35191,33.1255956960817,101
"ENSG00000135801",TRUE,51418,51.7366588578334,101
"ENSG00000135763",TRUE,15779,36.1329328469798,101
"ENSG00000143641",TRUE,142075,180.963514786486,101
"ENSG00000177614",TRUE,7530,18.5460027572617,99
"ENSG00000135775",TRUE,39122,39.9782167841099,101
"ENSG00000135744",TRUE,11463,25.9367774544326,100
"ENSG00000135773",TRUE,8667,19.1953640601827,94
"ENSG00000119280",TRUE,166938,287.916364960788,101
"ENSG00000143643",TRUE,32755,38.6940243876932,101
"ENSG00000173409",TRUE,22939,24.1078471722704,101
"ENSG00000182118",TRUE,27276,38.6456130918325,101
"ENSG00000143633",TRUE,13187,15.8511995064993,101
"ENSG00000116906",TRUE,73221,70.9634718647446,101
"ENSG00000116903",TRUE,30231,40.4077541681676,101
"ENSG00000010072",TRUE,14089,15.8111407359949,101
"ENSG00000135766",TRUE,77982,150.218151983233,101
"ENSG00000116918",TRUE,39148,39.3313016923665,101
"ENSG00000162946",TRUE,17471,25.277670977049,101
"ENSG00000116991",TRUE,107139,145.752159099815,101
"ENSG00000212916",TRUE,3668,5.80512896540545,98
"ENSG00000135778",TRUE,47938,54.1930703341569,101
"ENSG00000135749",TRUE,24188,33.342126361054,101
"ENSG00000143674",TRUE,9199,17.4318868274302,101
"ENSG00000135750",TRUE,9971,19.8031764603263,101
"ENSG00000168275",TRUE,13173,26.1395337537493,101
"ENSG00000059588",TRUE,65792,92.1588924966519,101
"ENSG00000168264",TRUE,272358,314.685453305634,101
"ENSG00000173726",TRUE,207770,211.183388875818,101
"ENSG00000188739",TRUE,1243,3.6147294804233,33
"ENSG00000054267",TRUE,95025,96.3829227157484,101
"ENSG00000152904",TRUE,20803,22.5096943626196,101
"ENSG00000162885",TRUE,48996,65.38316008202,101
"ENSG00000168243",TRUE,1178,7.61152997516572,27
"ENSG00000143669",TRUE,126603,142.20555473665,101
"ENSG00000116962",TRUE,353025,704.873656576844,101
"ENSG00000077585",TRUE,38126,56.5799760162545,101
"ENSG00000086619",TRUE,21850,27.9249367576111,101
"ENSG00000186197",TRUE,1653,4.15652537452939,45
"ENSG00000116977",TRUE,149712,164.896505977333,101
"ENSG00000119285",TRUE,55199,80.500483002898,101
"ENSG00000077522",TRUE,12918,30.5149263445084,101
"ENSG00000116984",TRUE,106487,100.585023035198,101
"ENSG00000198626",TRUE,63173,105.950848181489,101
"ENSG00000133019",TRUE,6174,14.5335337761401,97
"ENSG00000155816",TRUE,1717,6.78085419653196,35
"ENSG00000180875",TRUE,16384,56.026433477547,98
"ENSG00000091483",TRUE,57699,60.6567917409712,101
"ENSG00000117009",TRUE,12464,23.8501844426494,101
"ENSG00000054277",TRUE,33993,51.4667163783877,101
"ENSG00000203668",TRUE,23665,34.353246258823,101
"ENSG00000174371",TRUE,2137,7.14993129146672,72
"ENSG00000197769",TRUE,8284,44.1037735849057,88
"ENSG00000180287",TRUE,1537,4.22903798448077,44
"ENSG00000143702",TRUE,60431,64.6447988130108,101
"ENSG00000054282",TRUE,50359,59.2307058268993,101
"ENSG00000117020",TRUE,128664,160.298742138365,101
"ENSG00000179456",TRUE,34097,41.7653269366634,101
"ENSG00000035687",TRUE,65463,72.2479683281835,101
"ENSG00000179397",TRUE,2740,6.65044059924702,94
"ENSG00000121644",TRUE,116406,148.582522733126,101
"ENSG00000203667",TRUE,54282,54.185865078036,101
"ENSG00000153187",TRUE,615496,790.250400630041,101
"ENSG00000203666",TRUE,18490,58.342501620667,101
"ENSG00000162849",TRUE,38914,164.10199551642,101
"ENSG00000185420",TRUE,22216,26.8481844969745,101
"ENSG00000162851",TRUE,15883,20.3735790315976,101
"ENSG00000162852",TRUE,63812,74.1571583381879,101
"ENSG00000143653",TRUE,63247,68.4587951428155,101
"ENSG00000153207",TRUE,85871,115.939584936286,101
"ENSG00000277462",TRUE,5931,7.5119078967003,101
"ENSG00000188295",TRUE,6142,7.02992070805766,100
"ENSG00000196418",TRUE,6735,30.4321613098768,101
"ENSG00000162714",TRUE,63187,56.9115605128335,101
"ENSG00000162711",TRUE,32549,63.3889962214646,100
"ENSG00000169224",TRUE,5490,16.0934962947733,96
"ENSG00000162722",TRUE,6933,27.0606816765162,82
"ENSG00000175137",TRUE,45827,50.7497888913421,101
"ENSG00000171161",TRUE,48307,67.0984159803576,101
"ENSG00000171163",TRUE,41057,74.5537955337306,101
"ENSG00000185220",TRUE,10971,14.0899551168883,101
"ENSG00000184731",TRUE,22173,82.9850658116294,101
"ENSG00000035115",TRUE,55410,65.6273933408948,101
"ENSG00000143727",TRUE,85682,79.2485384273735,101
"ENSG00000189292",TRUE,22792,115.284642325138,101
"ENSG00000151353",TRUE,39425,36.4878732482271,101
"ENSG00000172554",TRUE,2285,6.13338561366097,59
"ENSG00000130508",TRUE,199534,344.652257756484,101
"ENSG00000032389",TRUE,22986,25.0619228764159,101
"ENSG00000171853",TRUE,56332,52.5763886642853,101
"ENSG00000182551",TRUE,127826,144.222038363651,101
"ENSG00000171865",TRUE,60347,64.4654088050314,101
"ENSG00000171863",TRUE,518966,577.145887392827,101
"ENSG00000118004",TRUE,8413,28.6603286868911,95
"ENSG00000134326",TRUE,24918,55.9438096045199,101
"ENSG00000134321",TRUE,32289,74.4233131642064,101
"ENSG00000151692",TRUE,41358,58.229374131277,101
"ENSG00000115738",TRUE,122373,182.169351189215,101
"ENSG00000134313",TRUE,200737,189.155916854527,101
"ENSG00000143797",TRUE,73536,147.666747507465,101
"ENSG00000151693",TRUE,74763,83.5668436878425,101
"ENSG00000119185",TRUE,76381,79.6648861537459,101
"ENSG00000119203",TRUE,37722,40.4095652756952,101
"ENSG00000134330",TRUE,45380,44.2023660606605,101
"ENSG00000151694",TRUE,100587,118.180524476025,101
"ENSG00000134308",TRUE,303913,291.625819929257,101
"ENSG00000115750",TRUE,16271,19.5528459656124,101
"ENSG00000134317",TRUE,11976,42.7602729541945,101
"ENSG00000172059",TRUE,85088,114.5949396198,101
"ENSG00000205795",TRUE,11097,21.8875708992108,98
"ENSG00000171848",TRUE,15375,90.4889153769498,99
"ENSG00000115756",TRUE,110451,170.622211832606,101
"ENSG00000115758",TRUE,96565,155.798276011491,101
"ENSG00000115761",TRUE,30833,41.8829673471868,101
"ENSG00000143882",TRUE,1311,3.89340004920452,33
"ENSG00000143870",TRUE,348767,497.791043408764,101
"ENSG00000162975",TRUE,1021,3.28766791439432,27
"ENSG00000150873",TRUE,2427,16.0970891777229,30
"ENSG00000162976",TRUE,53818,54.6812755003049,101
"ENSG00000134318",TRUE,214538,247.734994337486,101
"ENSG00000169016",TRUE,16409,19.8697657683541,101
"ENSG00000196208",TRUE,10782,27.2896049630695,98
"ENSG00000134324",TRUE,82796,103.611214877898,101
"ENSG00000071575",TRUE,110241,126.037018638434,101
"ENSG00000162981",TRUE,19477,48.7710044523425,101
"ENSG00000151779",TRUE,70502,72.7769806485782,101
"ENSG00000079785",TRUE,131605,122.433127972732,101
"ENSG00000197872",TRUE,63187,87.3659913317743,101
"ENSG00000163032",TRUE,8845,24.9170620880412,101
"ENSG00000163029",TRUE,53912,55.6974400186938,101
"ENSG00000178295",TRUE,17256,28.4853739437185,101
"ENSG00000170745",TRUE,55134,95.8162656702175,101
"ENSG00000240857",TRUE,22977,23.2352873936089,101
"ENSG00000143867",TRUE,37018,99.7382527505042,101
"ENSG00000183891",TRUE,9810,13.9702695683148,101
"ENSG00000118965",TRUE,39270,84.9442640176551,101
"ENSG00000132031",TRUE,15968,39.5355050329544,101
"ENSG00000068697",TRUE,482325,464.277909370951,101
"ENSG00000115884",TRUE,183031,364.128274317316,101
"ENSG00000055917",TRUE,214864,221.870554100887,101
"ENSG00000143878",TRUE,1022530,2497.53190444036,101
"ENSG00000118960",TRUE,49840,51.3518193423618,101
"ENSG00000143869",TRUE,5515,14.7108026754046,87
"ENSG00000118961",TRUE,25405,29.1690742393405,101
"ENSG00000084674",TRUE,1443,3.1322918378316,47
"ENSG00000119771",TRUE,23471,30.5031446540881,101
"ENSG00000119778",TRUE,35707,39.8962098126664,101
"ENSG00000173960",TRUE,32791,34.6334967924434,101
"ENSG00000163026",TRUE,14340,18.6592151203488,101
"ENSG00000119782",TRUE,5275,9.78989234281311,101
"ENSG00000115128",TRUE,70137,68.3471926678915,101
"ENSG00000219626",TRUE,10752,11.9392021713429,101
"ENSG00000115129",TRUE,52047,78.7558721282444,101
"ENSG00000186453",TRUE,961,2.28384102196488,24
"ENSG00000198399",TRUE,140533,151.728721184819,101
"ENSG00000084676",TRUE,152730,162.985781370148,101
"ENSG00000184924",TRUE,18503,32.0807241387568,101
"ENSG00000138092",TRUE,11372,16.5917958959878,101
"ENSG00000138031",TRUE,144010,178.90365417445,101
"ENSG00000115137",TRUE,17186,44.6292795914691,101
"ENSG00000084710",TRUE,8489,23.5048527034052,100
"ENSG00000115138",TRUE,2224,4.19332430632915,73
"ENSG00000119772",TRUE,54193,62.9644869285945,101
"ENSG00000138101",TRUE,16321,31.840958626857,101
"ENSG00000143970",TRUE,77053,88.5717770717898,101
"ENSG00000084731",TRUE,20169,25.5454819058561,101
"ENSG00000084733",TRUE,166480,186.920232245938,101
"ENSG00000157833",TRUE,6905,11.8506949026546,101
"ENSG00000084754",TRUE,259730,254.091299876799,101
"ENSG00000138029",TRUE,177387,175.023661217597,101
"ENSG00000138018",TRUE,37833,43.7564123643887,101
"ENSG00000157856",TRUE,13594,121.219394559002,62
"ENSG00000173557",TRUE,829,5.06340363806307,21
"ENSG00000171303",TRUE,192604,470.944872908496,101
"ENSG00000213699",TRUE,62790,69.2750955042018,101
"ENSG00000115163",TRUE,1337,3.50037888101008,33
"ENSG00000084764",TRUE,35214,85.2465567721663,101
"ENSG00000119777",TRUE,131016,208.148172581042,101
"ENSG00000084693",TRUE,34150,55.4460684846492,101
"ENSG00000228474",TRUE,142948,181.715463255446,101
"ENSG00000138080",TRUE,262357,470.100702749502,101
"ENSG00000138030",TRUE,5708,15.5885208843255,100
"ENSG00000138028",TRUE,3295,10.542960984568,72
"ENSG00000138073",TRUE,73477,110.274641823015,101
"ENSG00000163792",TRUE,1129,11.0820776396212,23
"ENSG00000138074",TRUE,33891,55.6321430222519,101
"ENSG00000138085",TRUE,137565,139.685183059572,101
"ENSG00000084774",TRUE,60367,61.9234527160008,101
"ENSG00000163794",TRUE,1221,2.71909756080216,35
"ENSG00000115204",TRUE,67613,115.144195324317,101
"ENSG00000115207",TRUE,73274,70.5872506702723,101
"ENSG00000115211",TRUE,50945,59.1158883777561,101
"ENSG00000115234",TRUE,161103,180.66116715699,101
"ENSG00000163795",TRUE,32455,34.6307645600082,101
"ENSG00000115241",TRUE,101337,106.952264793732,101
"ENSG00000115216",TRUE,156378,153.285234017624,101
"ENSG00000157992",TRUE,12320,35.4076647866883,101
"ENSG00000138002",TRUE,54728,169.812954846682,101
"ENSG00000115226",TRUE,14825,46.7811448844002,101
"ENSG00000084734",TRUE,770,2.87672068605338,11
"ENSG00000243943",TRUE,40441,46.6329738383826,101
"ENSG00000176714",TRUE,7221,13.3764543871218,99
"ENSG00000198522",TRUE,37159,35.5761541300627,101
"ENSG00000119760",TRUE,86879,84.3754016500284,101
"ENSG00000163798",TRUE,40443,39.7514972182265,101
"ENSG00000243147",TRUE,55431,59.8898667879245,101
"ENSG00000171174",TRUE,6402,17.608552950279,100
"ENSG00000158019",TRUE,34886,45.3347322336423,101
"ENSG00000075426",TRUE,435444,1123.15614215733,101
"ENSG00000163803",TRUE,13581,29.78730124634,101
"ENSG00000213639",TRUE,329497,502.480130901305,101
"ENSG00000163806",TRUE,896,3.45898008175848,19
"ENSG00000171103",TRUE,16168,17.0795406298844,101
"ENSG00000163811",TRUE,50729,101.441966676491,101
"ENSG00000189350",TRUE,19966,126.207225008438,101
"ENSG00000179270",TRUE,1043,3.57829750850301,29
"ENSG00000115295",TRUE,63687,69.8750689666931,101
"ENSG00000119801",TRUE,179242,204.694155045686,101
"ENSG00000213626",TRUE,387095,646.580183421365,101
"ENSG00000172954",TRUE,18681,23.2996713340327,101
"ENSG00000162949",TRUE,38898,235.183763009735,101
"ENSG00000158089",TRUE,3820,10.0501755011897,88
"ENSG00000214711",TRUE,948,2.50678456600596,16
"ENSG00000013016",TRUE,38812,49.6641401460158,101
"ENSG00000158125",TRUE,1535,5.98576629114974,38
"ENSG00000277893",TRUE,6887,56.2264523390884,44
"ENSG00000162959",TRUE,2534,3.38880888789685,87
"ENSG00000162961",TRUE,29984,36.678256790332,101
"ENSG00000021574",TRUE,28423,31.9036188169647,101
"ENSG00000152683",TRUE,46595,46.5132784099641,101
"ENSG00000091106",TRUE,22459,45.0716945941974,101
"ENSG00000119820",TRUE,80643,84.5687977551177,101
"ENSG00000115760",TRUE,172335,182.495533994573,101
"ENSG00000018699",TRUE,24815,29.2005003690339,101
"ENSG00000049323",TRUE,361581,652.950662436628,101
"ENSG00000152689",TRUE,39017,55.3633037693291,101
"ENSG00000119812",TRUE,48910,57.752809211156,101
"ENSG00000150938",TRUE,300095,652.137281462888,101
"ENSG00000171055",TRUE,80342,84.7540669355584,101
"ENSG00000205221",TRUE,3233,22.0849761411774,57
"ENSG00000115808",TRUE,73196,72.1199203116242,101
"ENSG00000008869",TRUE,75353,93.4682895147731,101
"ENSG00000152133",TRUE,24723,30.1061725719352,101
"ENSG00000055332",TRUE,117998,180.030788585384,101
"ENSG00000218739",TRUE,48812,47.4864884198414,101
"ENSG00000115816",TRUE,78974,109.889548226178,101
"ENSG00000003509",TRUE,24624,25.3912732835591,101
"ENSG00000115825",TRUE,107436,107.381752862495,101
"ENSG00000115828",TRUE,16736,33.2370619196967,99
"ENSG00000163171",TRUE,127714,191.075179384728,101
"ENSG00000115841",TRUE,19418,27.2255888747708,101
"ENSG00000138061",TRUE,159214,728.819831490348,101
"ENSG00000119787",TRUE,77785,97.815101764098,101
"ENSG00000143889",TRUE,61990,62.0844760675347,101
"ENSG00000143891",TRUE,40756,49.588233150495,101
"ENSG00000115875",TRUE,175168,225.884071353811,101
"ENSG00000152147",TRUE,12952,16.5675101186068,101
"ENSG00000163214",TRUE,33325,49.1225726080746,101
"ENSG00000188010",TRUE,19200,82.7526415474487,101
"ENSG00000214694",TRUE,1633,5.29012320394649,47
"ENSG00000115904",TRUE,109847,136.028616494311,101
"ENSG00000011566",TRUE,65063,75.7046461490572,101
"ENSG00000152154",TRUE,8837,16.6951223244844,101
"ENSG00000138050",TRUE,18951,20.0186386303503,101
"ENSG00000183023",TRUE,68045,90.3585002405155,101
"ENSG00000205086",TRUE,892,3.67343219710615,19
"ENSG00000162878",TRUE,66937,101.808176100629,101
"ENSG00000143924",TRUE,165171,216.405599968965,101
"ENSG00000115944",TRUE,91549,84.3780506669889,101
"ENSG00000057935",TRUE,47132,45.5706327425676,101
"ENSG00000162881",TRUE,3151,6.17470478157561,93
"ENSG00000162882",TRUE,12059,16.5612186858187,101
"ENSG00000152518",TRUE,587162,793.788165904472,101
"ENSG00000115970",TRUE,58965,76.7067864572241,101
"ENSG00000152527",TRUE,222736,430.190853169801,101
"ENSG00000138036",TRUE,39414,56.7554646594831,101
"ENSG00000138095",TRUE,149981,140.037118527326,101
"ENSG00000138032",TRUE,38614,48.7675035344107,101
"ENSG00000138078",TRUE,104048,115.789014046758,101
"ENSG00000143919",TRUE,6045,8.57561538406835,101
"ENSG00000170577",TRUE,1128,4.75531202319505,28
"ENSG00000068784",TRUE,29712,31.9448584417579,101
"ENSG00000171132",TRUE,95331,174.525163624844,101
"ENSG00000116016",TRUE,3018041,7100.34516050421,101
"ENSG00000250565",TRUE,6841,8.58983914535065,100
"ENSG00000119729",TRUE,153656,199.802292209739,101
"ENSG00000151665",TRUE,21263,22.3376838564569,101
"ENSG00000119878",TRUE,15316,19.1768296970429,101
"ENSG00000171150",TRUE,57887,101.670873152965,101
"ENSG00000180398",TRUE,215753,232.849147541674,101
"ENSG00000068724",TRUE,99314,113.813319484641,101
"ENSG00000143933",TRUE,656807,650.534040958799,101
"ENSG00000119888",TRUE,87654,151.876833205905,101
"ENSG00000095002",TRUE,32787,43.4646610324632,101
"ENSG00000116062",TRUE,61701,70.0563458579771,101
"ENSG00000138081",TRUE,122659,127.560436185825,101
"ENSG00000170802",TRUE,46699,60.3515705785094,101
"ENSG00000162869",TRUE,50088,50.8559317500187,101
"ENSG00000243244",TRUE,54750,90.7518067609588,101
"ENSG00000138039",TRUE,775,3.45898008175848,21
"ENSG00000179915",TRUE,1127,5.27057663063056,26
"ENSG00000115239",TRUE,2080,4.97025303558204,70
"ENSG00000143942",TRUE,2015,4.55049254531311,71
"ENSG00000068912",TRUE,140097,161.802835439826,101
"ENSG00000119737",TRUE,2531,5.91571452625146,77
"ENSG00000068878",TRUE,141700,244.54084922892,101
"ENSG00000170634",TRUE,13716,15.4548041998319,101
"ENSG00000177994",TRUE,2159,17.608552950279,36
"ENSG00000115306",TRUE,1622084,2199.90956779132,101
"ENSG00000214595",TRUE,5892,21.7923495792242,97
"ENSG00000115310",TRUE,490389,613.524508692916,101
"ENSG00000162994",TRUE,11218,25.6593687209675,101
"ENSG00000143947",TRUE,904214,1007.89958574063,101
"ENSG00000085760",TRUE,42489,49.7957261376587,101
"ENSG00000115355",TRUE,143610,158.452641820596,101
"ENSG00000163001",TRUE,55523,89.2519357694401,101
"ENSG00000275052",TRUE,140689,148.947626839731,101
"ENSG00000138035",TRUE,43530,56.3769229692,101
"ENSG00000115380",TRUE,472242,670.379912130146,101
"ENSG00000055813",TRUE,7603,18.4422690442102,96
"ENSG00000028116",TRUE,30542,29.6760589086683,101
"ENSG00000115392",TRUE,20794,25.4361675482087,101
"ENSG00000119866",TRUE,6890,17.0421955886632,101
"ENSG00000115421",TRUE,35075,42.1082768913885,101
"ENSG00000162924",TRUE,31770,61.3336224253272,101
"ENSG00000162927",TRUE,11272,14.062426429019,101
"ENSG00000162928",TRUE,34136,37.6799738875469,101
"ENSG00000162929",TRUE,22408,55.0928545096713,101
"ENSG00000173209",TRUE,149980,220.28259308271,101
"ENSG00000115464",TRUE,251222,245.099243145147,101
"ENSG00000082898",TRUE,234260,254.709526883798,101
"ENSG00000170264",TRUE,6958,18.8932971569518,101
"ENSG00000115484",TRUE,150159,162.160274578203,101
"ENSG00000173163",TRUE,24591,35.9213742117066,101
"ENSG00000170340",TRUE,54052,72.8352308270458,101
"ENSG00000186889",TRUE,4501,10.2023804647539,100
"ENSG00000115504",TRUE,66521,81.5251572327044,101
"ENSG00000115507",TRUE,1162,6.09011789587747,21
"ENSG00000143951",TRUE,13564,23.8055544177592,101
"ENSG00000014641",TRUE,144042,142.00032891239,101
"ENSG00000169764",TRUE,187001,243.702079496428,101
"ENSG00000143952",TRUE,72182,65.7232704402516,101
"ENSG00000197329",TRUE,94717,213.950572861939,101
"ENSG00000119862",TRUE,47367,62.0512007465108,101
"ENSG00000119844",TRUE,79046,78.7472625501749,101
"ENSG00000179833",TRUE,69247,84.7696064348377,101
"ENSG00000115902",TRUE,43570,70.2197330623082,101
"ENSG00000011523",TRUE,73605,110.443907993439,101
"ENSG00000138069",TRUE,232556,264.379947450302,101
"ENSG00000138071",TRUE,394289,464.294957792947,101
"ENSG00000198369",TRUE,87105,107.311320754717,101
"ENSG00000143995",TRUE,93386,115.491338364291,101
"ENSG00000143971",TRUE,29498,39.3190854773232,101
"ENSG00000197223",TRUE,16112,15.3722286230897,101
"ENSG00000243667",TRUE,6607,8.99782797623708,101
"ENSG00000115946",TRUE,26722,55.6546549155838,101
"ENSG00000221823",TRUE,68198,73.2479691173326,101
"ENSG00000119865",TRUE,48270,54.4540944827913,101
"ENSG00000115956",TRUE,84726,341.935737325911,101
"ENSG00000204923",TRUE,6241,8.42276441595611,101
"ENSG00000169621",TRUE,5705,6.79420602750358,101
"ENSG00000163219",TRUE,58028,124.094344284678,101
"ENSG00000183607",TRUE,35156,96.798986048031,101
"ENSG00000169604",TRUE,533164,862.015362751577,101
"ENSG00000198380",TRUE,113528,208.53217524224,101
"ENSG00000169599",TRUE,34946,30.9305755014601,101
"ENSG00000115977",TRUE,89591,89.2292866518525,101
"ENSG00000196975",TRUE,163966,189.478641696274,101
"ENSG00000087338",TRUE,33236,35.1199194843884,101
"ENSG00000124380",TRUE,24895,26.0046370002855,101
"ENSG00000059728",TRUE,63695,133.245053358818,101
"ENSG00000244617",TRUE,3304,4.0959077641812,99
"ENSG00000169564",TRUE,312961,333.30607704978,101
"ENSG00000115998",TRUE,15333,19.5044778214507,101
"ENSG00000116001",TRUE,143960,174.159881886204,101
"ENSG00000116005",TRUE,184770,336.878781207574,101
"ENSG00000143977",TRUE,28563,53.3554012503,101
"ENSG00000035141",TRUE,40369,51.1333607751546,101
"ENSG00000163235",TRUE,14830,24.5129986984765,101
"ENSG00000075340",TRUE,13594,35.8261546883616,100
"ENSG00000152672",TRUE,2697,9.3119373406233,69
"ENSG00000116031",TRUE,5043,16.9534341533056,72
"ENSG00000144031",TRUE,2475,5.53707025945859,83
"ENSG00000144043",TRUE,116335,109.748427672956,101
"ENSG00000124357",TRUE,107253,299.264775868075,101
"ENSG00000124370",TRUE,14505,17.2689603435966,101
"ENSG00000124383",TRUE,44470,59.5589993293046,101
"ENSG00000124374",TRUE,14363,37.4843015593923,101
"ENSG00000075292",TRUE,168556,167.696905565104,101
"ENSG00000135636",TRUE,116916,239.5600805793,101
"ENSG00000003137",TRUE,12689,36.6406000534142,99
"ENSG00000144036",TRUE,51957,57.5767983332087,101
"ENSG00000116096",TRUE,27807,48.4976205290127,101
"ENSG00000144040",TRUE,26083,30.9283777736832,101
"ENSG00000135631",TRUE,67948,81.5056889094083,101
"ENSG00000135632",TRUE,29296,32.1351459485687,101
"ENSG00000135617",TRUE,18969,23.119207301874,101
"ENSG00000135624",TRUE,182797,204.85635384814,101
"ENSG00000163013",TRUE,15577,27.0057473073692,101
"ENSG00000116127",TRUE,54630,103.535268420096,101
"ENSG00000144034",TRUE,20551,20.9438071612381,101
"ENSG00000144048",TRUE,29340,29.7351909410172,101
"ENSG00000124356",TRUE,53679,47.7595729142119,101
"ENSG00000163017",TRUE,306446,1032.65542936136,101
"ENSG00000114956",TRUE,44703,73.6501131636248,101
"ENSG00000187605",TRUE,55032,67.5877534513235,101
"ENSG00000163170",TRUE,12834,23.141175470231,101
"ENSG00000114978",TRUE,208157,216.210845084283,101
"ENSG00000065911",TRUE,105467,210.976574501422,101
"ENSG00000188687",TRUE,6328,16.6476415897021,99
"ENSG00000204843",TRUE,175410,174.546601554162,101
"ENSG00000159239",TRUE,803,4.0068683888598,20
"ENSG00000005448",TRUE,20553,73.8350052893675,101
"ENSG00000114993",TRUE,28822,34.2646231998459,101
"ENSG00000115274",TRUE,934,1.72459274281314,15
"ENSG00000239779",TRUE,14146,24.3900838872236,101
"ENSG00000115275",TRUE,87952,105.377795645065,101
"ENSG00000135637",TRUE,10216,12.4159984892336,101
"ENSG00000115282",TRUE,44879,46.3794355930906,101
"ENSG00000179528",TRUE,1121,1.76403358348567,29
"ENSG00000115289",TRUE,18121,24.1232757958345,101
"ENSG00000144045",TRUE,886,3.85275806621134,24
"ENSG00000115307",TRUE,164916,208.67532063027,101
"ENSG00000115317",TRUE,38830,41.720002753219,101
"ENSG00000115318",TRUE,21314,39.3344580346465,101
"ENSG00000115325",TRUE,28828,40.1416950465515,101
"ENSG00000159374",TRUE,2750,6.52341789857403,86
"ENSG00000135622",TRUE,15204,22.1463371826897,101
"ENSG00000159399",TRUE,73854,139.491577690207,101
"ENSG00000115350",TRUE,35773,71.7674415592377,101
"ENSG00000115353",TRUE,7882,24.6368594926651,92
"ENSG00000115363",TRUE,15628,34.5125786163522,101
"ENSG00000115364",TRUE,46322,49.5653649551027,101
"ENSG00000005436",TRUE,24442,26.0455037774371,101
"ENSG00000176204",TRUE,1518,6.1652856041583,34
"ENSG00000163541",TRUE,78431,71.4895229912161,101
"ENSG00000115423",TRUE,18959,154.39602436661,91
"ENSG00000186854",TRUE,10015,16.529411050165,101
"ENSG00000034510",TRUE,1257092,2727.01216552268,101
"ENSG00000176407",TRUE,77741,75.1474142832,101
"ENSG00000152284",TRUE,43943,95.1125694536382,101
"ENSG00000152291",TRUE,500584,477.989733721118,101
"ENSG00000042445",TRUE,83518,95.4713530861115,101
"ENSG00000115459",TRUE,35608,40.1085530560953,101
"ENSG00000042493",TRUE,251918,497.257999333516,101
"ENSG00000168906",TRUE,384631,982.617006813152,101
"ENSG00000115486",TRUE,80487,82.9887368591152,101
"ENSG00000118640",TRUE,173756,515.701405873725,101
"ENSG00000168899",TRUE,78120,342.947459455161,101
"ENSG00000168894",TRUE,63783,157.240732398414,101
"ENSG00000168890",TRUE,39235,46.1265673696207,101
"ENSG00000168883",TRUE,68249,65.486411438828,101
"ENSG00000168887",TRUE,55711,54.0716336106107,101
"ENSG00000168878",TRUE,8065330,18797.8883627784,101
"ENSG00000115523",TRUE,28162,89.489462615777,101
"ENSG00000168874",TRUE,122339,190.330188679245,101
"ENSG00000115525",TRUE,82152,122.885641989909,101
"ENSG00000068654",TRUE,60787,73.3897252068664,101
"ENSG00000132300",TRUE,84790,84.188532131377,101
"ENSG00000132305",TRUE,105656,118.755787799088,101
"ENSG00000132313",TRUE,39557,40.9153873723312,101
"ENSG00000068615",TRUE,17330,36.0618154997382,101
"ENSG00000115548",TRUE,115394,136.936751292258,101
"ENSG00000115561",TRUE,146998,140.900805228971,101
"ENSG00000239305",TRUE,59202,72.6700717253608,101
"ENSG00000153561",TRUE,72634,89.4400882773671,101
"ENSG00000153563",TRUE,33157,82.9545791773397,101
"ENSG00000172116",TRUE,6844,20.3734601315987,97
"ENSG00000185304",TRUE,829,2.94735435648447,21
"ENSG00000172086",TRUE,44734,46.4004075414725,101
"ENSG00000144115",TRUE,22775,51.0105167966382,100
"ENSG00000172071",TRUE,58667,75.2041644635915,101
"ENSG00000153574",TRUE,28078,29.8785057532608,101
"ENSG00000163060",TRUE,3666,27.5086406605218,37
"ENSG00000172005",TRUE,19272,41.268161568166,101
"ENSG00000144029",TRUE,65401,103.245710784591,101
"ENSG00000144026",TRUE,39104,52.3896888874279,101
"ENSG00000275111",TRUE,8229,10.7254708481702,101
"ENSG00000233757",TRUE,1224,2.09418993180794,34
"ENSG00000155066",TRUE,33657,164.867217229075,101
"ENSG00000115041",TRUE,6855,7.64115833525703,101
"ENSG00000115042",TRUE,20306,22.4682172212386,101
"ENSG00000174501",TRUE,9438,19.8802316216505,99
"ENSG00000186281",TRUE,4775,19.6550915498017,88
"ENSG00000274286",TRUE,2417,5.82749973215915,72
"ENSG00000158050",TRUE,17419,49.4025125203813,101
"ENSG00000084090",TRUE,213282,255.154216423426,101
"ENSG00000135956",TRUE,163213,173.99626865699,101
"ENSG00000144021",TRUE,110965,106.633769153836,101
"ENSG00000144028",TRUE,305112,308.716475544592,101
"ENSG00000198885",TRUE,6976,12.8391239319886,100
"ENSG00000121152",TRUE,5064,13.5310527666467,97
"ENSG00000163121",TRUE,893,5.90701493052973,21
"ENSG00000196843",TRUE,75695,292.072903488972,101
"ENSG00000114982",TRUE,124458,123.299550268085,101
"ENSG00000249715",TRUE,2000,10.2779536533818,48
"ENSG00000114988",TRUE,31571,33.9115788109936,101
"ENSG00000158158",TRUE,33325,45.7799223068469,101
"ENSG00000168763",TRUE,44907,47.2754752323226,101
"ENSG00000163126",TRUE,2247,4.76936943653055,83
"ENSG00000213337",TRUE,4434,6.4992942219914,101
"ENSG00000168758",TRUE,73870,107.734574741599,101
"ENSG00000144199",TRUE,8643,10.1882628895998,101
"ENSG00000135976",TRUE,12921,16.4749551208619,101
"ENSG00000196912",TRUE,4517,7.50522758852139,95
"ENSG00000135940",TRUE,99683,120.26506208825,101
"ENSG00000115073",TRUE,101058,96.6233452802124,101
"ENSG00000115085",TRUE,25794,51.8872042297888,101
"ENSG00000075568",TRUE,107370,120.765955427236,101
"ENSG00000168658",TRUE,17155,151.675389576009,63
"ENSG00000144191",FALSE,657,5.74356233571333,12
"ENSG00000040933",TRUE,70837,77.6555117357988,101
"ENSG00000183513",TRUE,36077,34.083508071141,101
"ENSG00000115446",TRUE,51779,50.0482554821514,101
"ENSG00000071073",TRUE,112459,177.121919591474,101
"ENSG00000196872",TRUE,41702,66.957845124237,101
"ENSG00000135951",TRUE,9832,57.1333306026221,97
"ENSG00000273045",TRUE,1301,2.91821413077101,43
"ENSG00000144182",TRUE,8469,9.52910394684231,101
"ENSG00000158411",TRUE,26020,35.3513443093356,101
"ENSG00000185414",TRUE,31867,33.1172138815648,101
"ENSG00000144214",TRUE,1781,4.15157300794842,69
"ENSG00000115514",TRUE,30754,35.697880846553,101
"ENSG00000158417",TRUE,159854,355.29778517994,101
"ENSG00000135945",TRUE,83648,89.5542285239513,101
"ENSG00000144218",TRUE,37345,119.865689736007,101
"ENSG00000170500",TRUE,29059,102.861728281481,101
"ENSG00000115526",TRUE,18938,19.4182389937107,101
"ENSG00000115539",TRUE,21791,22.6597589917038,101
"ENSG00000170485",TRUE,32537,56.8073186288773,101
"ENSG00000071082",TRUE,716040,829.287275546696,101
"ENSG00000204634",TRUE,67235,135.450091997468,101
"ENSG00000158435",TRUE,52861,57.8941869570829,101
"ENSG00000163162",TRUE,125206,175.078644255828,101
"ENSG00000196460",TRUE,1337,3.81441737579303,38
"ENSG00000071054",TRUE,256446,283.56299731482,101
"ENSG00000115590",TRUE,42930,264.261498709119,101
"ENSG00000115594",TRUE,682653,1279.1602613415,101
"ENSG00000115598",TRUE,1749,5.750034500207,55
"ENSG00000115602",TRUE,240942,1140.4682489773,101
"ENSG00000115604",TRUE,58468,180.653850542928,101
"ENSG00000115607",TRUE,19056,83.2636359277421,101
"ENSG00000135953",TRUE,18419,18.8320383798342,101
"ENSG00000170417",TRUE,4568,6.01963158535326,101
"ENSG00000135972",TRUE,26602,30.6071413942618,101
"ENSG00000135966",TRUE,58873,56.7112103138788,101
"ENSG00000135974",TRUE,34091,36.8151163815892,101
"ENSG00000115641",TRUE,52527,103.949703068462,101
"ENSG00000071051",TRUE,97055,121.073079583985,101
"ENSG00000119147",TRUE,17252,58.1766467997913,99
"ENSG00000115652",TRUE,73329,87.0019606944177,101
"ENSG00000144057",TRUE,4044,14.6806617289453,82
"ENSG00000115665",FALSE,796,3.2956045372657,16
"ENSG00000198203",TRUE,7975,17.2356478760136,99
"ENSG00000198075",TRUE,33681,71.1220896723024,101
"ENSG00000135968",TRUE,83401,104.178578110355,101
"ENSG00000169756",TRUE,126376,156.492350919629,101
"ENSG00000153201",TRUE,183917,205.007843870076,101
"ENSG00000163006",TRUE,5715,24.5612863040373,101
"ENSG00000135960",TRUE,1151,6.1427479453157,27
"ENSG00000172985",TRUE,47926,89.7873777511941,101
"ENSG00000186522",TRUE,123478,155.421318337286,101
"ENSG00000198142",TRUE,30386,49.875797182051,101
"ENSG00000144063",TRUE,7251,21.5264223974989,98
"ENSG00000144061",TRUE,19305,77.2357987776188,101
"ENSG00000175701",TRUE,15698,51.4345882318566,101
"ENSG00000169679",TRUE,6923,17.6826257745951,100
"ENSG00000153093",TRUE,10460,26.310890851127,98
"ENSG00000153094",TRUE,64818,138.640247726329,101
"ENSG00000153107",TRUE,23441,27.810933415033,101
"ENSG00000153208",TRUE,63844,106.818609625529,101
"ENSG00000153214",TRUE,64680,72.7636396263122,101
"ENSG00000144152",TRUE,7929,16.7886541823323,101
"ENSG00000144161",TRUE,14105,23.8055544177592,101
"ENSG00000188177",TRUE,33134,48.6654757318861,101
"ENSG00000169629",TRUE,3077,4.97957261376587,98
"ENSG00000114999",TRUE,87084,119.826606323678,101
"ENSG00000125630",TRUE,26613,32.0156241925106,101
"ENSG00000125611",TRUE,11931,33.812782014793,101
"ENSG00000144136",TRUE,100615,195.359196846539,101
"ENSG00000169607",TRUE,3182,7.2501167184488,86
"ENSG00000115008",TRUE,4222,53.7033294906261,71
"ENSG00000125538",TRUE,21832,312.08727326628,100
"ENSG00000136689",TRUE,45021,409.505981479734,101
"ENSG00000125637",TRUE,73476,111.985789106102,101
"ENSG00000125618",TRUE,5250,11.4962948974385,91
"ENSG00000136682",TRUE,12703,12.7176117235496,101
"ENSG00000144134",TRUE,20635,71.6433828191611,101
"ENSG00000115084",TRUE,93059,92.8184954043012,101
"ENSG00000115091",TRUE,301696,401.735149639318,101
"ENSG00000175497",TRUE,1323,5.83323027959839,30
"ENSG00000088205",TRUE,107140,113.992916371612,101
"ENSG00000125633",TRUE,73764,98.1893747208153,101
"ENSG00000125629",TRUE,44687,53.0682183740773,101
"ENSG00000019169",TRUE,290507,595.252019088482,101
"ENSG00000115107",TRUE,64402,169.191570381813,101
"ENSG00000186132",TRUE,9253,10.958112351032,101
"ENSG00000155368",TRUE,176521,246.170379246335,101
"ENSG00000171227",TRUE,29503,44.1940332652765,101
"ENSG00000080293",TRUE,15626,52.283348765354,97
"ENSG00000163075",TRUE,24114,103.38412204284,101
"ENSG00000144120",TRUE,6548,11.9737914039022,101
"ENSG00000088179",TRUE,39347,44.4312647329349,101
"ENSG00000115109",TRUE,70248,137.593992948128,101
"ENSG00000226479",TRUE,63620,72.2317019294405,101
"ENSG00000144118",TRUE,137498,155.062573846513,101
"ENSG00000163083",TRUE,29297,80.5002733389798,101
"ENSG00000074047",TRUE,21174,40.6465981205347,101
"ENSG00000115112",TRUE,62652,177.103173136347,101
"ENSG00000074054",TRUE,97400,124.191765991112,101
"ENSG00000155438",TRUE,36634,65.2380457492622,101
"ENSG00000211460",TRUE,88047,83.158445287214,101
"ENSG00000136732",TRUE,103148,117.542362699239,101
"ENSG00000136717",TRUE,51681,89.6904752330032,101
"ENSG00000186684",TRUE,2007,9.24661935890722,39
"ENSG00000163161",TRUE,83779,90.9115189517131,101
"ENSG00000169967",TRUE,120915,130.857425532221,101
"ENSG00000163166",TRUE,75285,68.3615212802388,101
"ENSG00000169994",TRUE,5530,12.2496927541752,85
"ENSG00000072163",TRUE,150992,233.006353872367,101
"ENSG00000136709",TRUE,90956,84.537122356355,101
"ENSG00000173349",TRUE,18454,24.9068510268247,101
"ENSG00000144231",TRUE,29421,33.0094573160032,101
"ENSG00000144233",TRUE,56074,55.9386072365817,101
"ENSG00000136715",TRUE,37119,37.4530369661475,101
"ENSG00000136731",TRUE,118069,123.140016702367,101
"ENSG00000136720",TRUE,72403,99.8506478316453,101
"ENSG00000152076",TRUE,5634,32.9796090467691,57
"ENSG00000136699",TRUE,61207,57.0982646572778,101
"ENSG00000152082",TRUE,48426,182.242611304675,101
"ENSG00000136710",TRUE,56057,56.9330870991367,101
"ENSG00000136718",TRUE,51895,64.1148077778684,101
"ENSG00000072135",TRUE,133242,155.503202566074,101
"ENSG00000136002",TRUE,11032,21.4650861618934,101
"ENSG00000152102",TRUE,196041,200.392065555578,101
"ENSG00000115762",TRUE,194112,248.92254039836,101
"ENSG00000173272",TRUE,16966,55.9530000823857,101
"ENSG00000163040",TRUE,10367,59.2493798842007,95
"ENSG00000183840",TRUE,8954,22.6323718142018,96
"ENSG00000150551",TRUE,2460,5.91186794187629,67
"ENSG00000176771",TRUE,32893,87.6052100366749,100
"ENSG00000152127",TRUE,122228,133.932806234839,101
"ENSG00000152128",TRUE,22208,40.7454132090866,101
"ENSG00000082258",TRUE,76777,79.1795697219762,101
"ENSG00000176601",TRUE,9299,82.0724828497984,55
"ENSG00000115839",TRUE,111860,109.841463910416,101
"ENSG00000121988",TRUE,6568,7.54586503779582,101
"ENSG00000048991",TRUE,42478,42.2642462966938,101
"ENSG00000144224",TRUE,210814,235.50830703622,101
"ENSG00000076003",TRUE,44624,83.8002699752551,101
"ENSG00000115866",TRUE,93078,95.9937934504694,101
"ENSG00000121966",TRUE,229923,529.620864992619,101
"ENSG00000144229",TRUE,4383,20.9253921316169,66
"ENSG00000150540",TRUE,87065,130.726910752805,101
"ENSG00000144228",TRUE,43436,50.1195782260302,101
"ENSG00000115919",TRUE,26963,52.6176826680393,101
"ENSG00000075884",TRUE,32306,52.2502502251274,101
"ENSG00000121964",TRUE,47272,46.6533054043062,101
"ENSG00000169554",TRUE,273795,351.44073071467,101
"ENSG00000121989",TRUE,27222,32.766031370974,101
"ENSG00000115947",TRUE,38007,40.0084680597865,101
"ENSG00000204406",TRUE,39056,40.9275171140312,101
"ENSG00000135999",TRUE,56643,61.6587792615702,101
"ENSG00000168280",TRUE,6238,16.5974982378868,100
"ENSG00000150556",TRUE,3046,13.4886342044527,57
"ENSG00000187123",TRUE,1647,3.1776109423951,56
"ENSG00000168288",TRUE,86471,83.7663144617134,101
"ENSG00000115963",TRUE,95358,201.852654275138,101
"ENSG00000184898",TRUE,24167,33.0274614971333,101
"ENSG00000123609",TRUE,35910,57.1994503317338,101
"ENSG00000123610",TRUE,13782,69.3366437358757,101
"ENSG00000080345",TRUE,89004,94.1601918991712,101
"ENSG00000183091",TRUE,4481,19.5994310234548,100
"ENSG00000162980",TRUE,41021,53.3017736689527,101
"ENSG00000182389",TRUE,7119,13.1355563575662,100
"ENSG00000115145",TRUE,64783,70.7366380956402,101
"ENSG00000157827",TRUE,136593,195.623850155929,101
"ENSG00000196504",TRUE,126396,114.933810284521,101
"ENSG00000177917",TRUE,20306,22.8924778818059,101
"ENSG00000177519",TRUE,847,5.29877625441735,23
"ENSG00000144278",TRUE,2977,19.5994310234548,49
"ENSG00000153234",TRUE,57119,255.795795314432,101
"ENSG00000115159",TRUE,61893,73.4379489235915,101
"ENSG00000136542",TRUE,55703,153.396284873608,101
"ENSG00000136541",TRUE,2739,5.20886089180907,78
"ENSG00000115165",TRUE,61066,114.86018655324,101
"ENSG00000123612",TRUE,1458,8.99509666540355,32
"ENSG00000115170",TRUE,68098,74.7359915844453,101
"ENSG00000153237",TRUE,2107,9.52222176710369,40
"ENSG00000144283",TRUE,132324,177.966655260766,101
"ENSG00000163331",FALSE,601,2.98306333367703,17
"ENSG00000115183",TRUE,162030,191.123510961448,101
"ENSG00000196151",TRUE,16683,18.4171035164487,101
"ENSG00000123636",TRUE,98633,104.213674287468,101
"ENSG00000136536",TRUE,128808,127.132696908543,101
"ENSG00000241399",TRUE,204396,304.795597484277,101
"ENSG00000054219",TRUE,15584,26.0626527721206,101
"ENSG00000153246",TRUE,36305,41.7003794935338,101
"ENSG00000115221",TRUE,90313,218.842642243664,101
"ENSG00000153250",TRUE,229963,304.678873631241,101
"ENSG00000136560",TRUE,68045,87.2824128972944,101
"ENSG00000115233",TRUE,61753,84.755958683202,101
"ENSG00000197635",TRUE,43969,111.713745325202,101
"ENSG00000078098",TRUE,35193,114.556717392328,101
"ENSG00000115267",TRUE,43859,67.1325715254238,101
"ENSG00000115271",TRUE,69457,168.728681098598,101
"ENSG00000182263",TRUE,16522,36.2060425651771,101
"ENSG00000115290",TRUE,5769,10.670858983784,98
"ENSG00000082438",TRUE,103421,134.242408165183,101
"ENSG00000169507",TRUE,4971,22.0069626886095,73
"ENSG00000153253",TRUE,4862,19.994592179921,87
"ENSG00000136531",TRUE,2111,5.16068233195528,70
"ENSG00000178662",TRUE,8697,17.9932212985535,98
"ENSG00000115339",TRUE,25100,55.4707204528104,101
"ENSG00000123607",TRUE,41757,82.6014951701931,101
"ENSG00000144285",TRUE,12905,31.5642921405918,82
"ENSG00000169432",TRUE,12938,19.4692663517229,101
"ENSG00000136546",TRUE,263305,611.386889153145,101
"ENSG00000172318",TRUE,863,2.53096103543303,17
"ENSG00000198648",TRUE,34329,37.6088773723896,101
"ENSG00000172292",TRUE,88559,117.297420182481,101
"ENSG00000163072",TRUE,72541,95.2044025157233,101
"ENSG00000152253",TRUE,1252,9.14883681381225,27
"ENSG00000073737",TRUE,13819,62.4420521613462,100
"ENSG00000081479",TRUE,19258,55.0259560094785,95
"ENSG00000163093",TRUE,10820,20.8384756919181,101
"ENSG00000239474",TRUE,1224,2.77269118005437,37
"ENSG00000138399",TRUE,26696,29.752939890297,101
"ENSG00000138398",TRUE,100802,91.0921356339747,101
"ENSG00000154479",TRUE,4427,34.3102276370244,47
"ENSG00000144362",TRUE,2306,3.00515129164485,80
"ENSG00000213160",TRUE,32504,52.496746852042,101
"ENSG00000138385",TRUE,115419,123.637736595092,101
"ENSG00000138382",TRUE,27299,31.7228048760252,101
"ENSG00000144357",TRUE,81440,86.6656280485049,101
"ENSG00000071909",TRUE,1727,5.45116530113659,52
"ENSG00000204335",TRUE,1134,4.2704622348323,22
"ENSG00000204334",TRUE,3649,11.7800733831043,68
"ENSG00000128683",TRUE,976,7.17945291964167,15
"ENSG00000115806",TRUE,122938,133.672658773924,101
"ENSG00000198586",TRUE,71215,75.9870385934865,101
"ENSG00000123600",TRUE,22076,23.9277141127235,101
"ENSG00000115827",TRUE,30029,36.18309721624,101
"ENSG00000071967",TRUE,576775,873.270440251572,101
"ENSG00000077380",TRUE,138701,139.618708880179,101
"ENSG00000115840",TRUE,48173,59.5416520590487,101
"ENSG00000128708",TRUE,56427,65.3090338295116,101
"ENSG00000172878",TRUE,11194,13.2253080098662,101
"ENSG00000091409",TRUE,209331,410.050381055001,101
"ENSG00000152256",TRUE,29306,92.0296696643213,101
"ENSG00000091428",TRUE,37639,74.6571529693551,101
"ENSG00000091436",TRUE,192992,343.979197125903,101
"ENSG00000144354",TRUE,6188,16.0215159890951,91
"ENSG00000172845",TRUE,152553,144.73238886496,101
"ENSG00000138430",TRUE,65348,70.7946186039685,101
"ENSG00000138433",TRUE,58264,68.7033121632578,101
"ENSG00000144306",TRUE,26442,25.7947160238656,101
"ENSG00000163328",TRUE,25053,36.1764379390729,101
"ENSG00000115935",TRUE,173775,256.334443871306,101
"ENSG00000128656",TRUE,80245,138.541045008131,101
"ENSG00000115966",TRUE,72669,74.0000016544716,101
"ENSG00000154518",TRUE,123276,150.071676139172,101
"ENSG00000144320",TRUE,45340,55.9165490519461,101
"ENSG00000128709",TRUE,1994,13.1374301202665,45
"ENSG00000175879",TRUE,3213,12.7768442580645,71
"ENSG00000128645",TRUE,2251,5.63447335400573,55
"ENSG00000128654",TRUE,34654,38.4667530115538,101
"ENSG00000170144",TRUE,381455,355.668785300245,101
"ENSG00000116044",TRUE,222145,264.232332099209,101
"ENSG00000018510",TRUE,82933,95.1411568783116,101
"ENSG00000196659",TRUE,10259,35.5949718436971,100
"ENSG00000197557",TRUE,10992,31.2873000919121,101
"ENSG00000155636",TRUE,17677,20.2003978348281,101
"ENSG00000079156",TRUE,24168,86.2888993439989,101
"ENSG00000180228",TRUE,54672,52.3097659929687,101
"ENSG00000204311",TRUE,4198,5.40286668387866,101
"ENSG00000079150",TRUE,32009,44.0213988019576,101
"ENSG00000116095",TRUE,34331,34.6741661854325,101
"ENSG00000155657",TRUE,42407,240.550370030693,101
"ENSG00000163492",TRUE,7566,23.9038380275935,97
"ENSG00000187231",TRUE,96341,135.256196017909,101
"ENSG00000144331",TRUE,37195,110.658032440505,101
"ENSG00000163510",TRUE,41996,42.1518413863302,101
"ENSG00000170035",TRUE,68989,73.5573622426053,101
"ENSG00000115232",TRUE,103464,180.026339641422,101
"ENSG00000188452",TRUE,4732,36.5774232958586,46
"ENSG00000138434",TRUE,270448,343.76618328372,101
"ENSG00000150722",TRUE,2076,5.9678463564806,63
"ENSG00000115252",TRUE,25613,51.4711739838274,101
"ENSG00000077232",TRUE,196136,247.880058699207,101
"ENSG00000162998",TRUE,46712,84.829550517872,101
"ENSG00000061676",TRUE,258407,282.340560542273,101
"ENSG00000162999",TRUE,6270,12.7911567798217,99
"ENSG00000163002",TRUE,12839,15.4044134141348,101
"ENSG00000170396",TRUE,1840,5.32729433248664,63
"ENSG00000188738",TRUE,1678,4.34472253675956,52
"ENSG00000065548",TRUE,76560,77.3770074719214,101
"ENSG00000138448",TRUE,253156,395.853963072988,101
"ENSG00000144369",TRUE,13593,24.2207653081665,99
"ENSG00000064989",TRUE,305996,742.566616105458,101
"ENSG00000003436",TRUE,307839,471.147798742138,101
"ENSG00000144366",TRUE,37193,48.0548791231782,101
"ENSG00000168542",TRUE,3723169,10354.6811007899,101
"ENSG00000204262",TRUE,426655,1060.40777191023,101
"ENSG00000115368",TRUE,53086,67.7226285579936,101
"ENSG00000138449",TRUE,315049,549.402768530743,101
"ENSG00000138381",TRUE,30085,32.7891214548826,101
"ENSG00000151687",TRUE,6998,8.3742539408765,101
"ENSG00000128694",TRUE,9624,9.83966505780143,101
"ENSG00000128699",TRUE,84555,93.449994245835,101
"ENSG00000064933",TRUE,25567,28.4650948455466,101
"ENSG00000187699",TRUE,7789,28.4705421973987,100
"ENSG00000138379",TRUE,799,2.29106947439074,14
"ENSG00000198130",TRUE,32394,36.1995573527196,101
"ENSG00000151689",TRUE,58377,84.2405494302899,101
"ENSG00000151690",TRUE,105810,171.39547332745,101
"ENSG00000189362",TRUE,11215,13.6514776359393,101
"ENSG00000138386",TRUE,80050,97.1889037606284,101
"ENSG00000115419",TRUE,178606,253.49743856275,101
"ENSG00000115415",TRUE,283357,828.546339012224,101
"ENSG00000138378",TRUE,19435,55.6618306991603,101
"ENSG00000128641",TRUE,317037,430.518947257508,101
"ENSG00000173559",TRUE,85654,308.382871582392,101
"ENSG00000168497",TRUE,351994,723.166264270195,101
"ENSG00000196950",TRUE,46914,71.9181514928892,101
"ENSG00000118997",TRUE,16212,119.556784409191,94
"ENSG00000081320",TRUE,125046,186.511875345099,101
"ENSG00000138411",TRUE,116545,282.445072135088,101
"ENSG00000144395",TRUE,1498,2.62281598113251,55
"ENSG00000119041",TRUE,50941,53.8081103029986,101
"ENSG00000197121",TRUE,50373,86.1803538084478,101
"ENSG00000065413",TRUE,74017,92.1552338143586,101
"ENSG00000115524",TRUE,658199,604.547136733988,101
"ENSG00000115520",TRUE,47953,73.0604085561669,101
"ENSG00000144381",TRUE,234704,360.230496621849,101
"ENSG00000115541",TRUE,31629,90.7195583218358,101
"ENSG00000115540",TRUE,32783,36.8123977462446,101
"ENSG00000162944",TRUE,18971,36.857520734822,101
"ENSG00000247626",TRUE,7321,11.500069000414,100
"ENSG00000115896",TRUE,21403,34.4054482570667,100
"ENSG00000119042",TRUE,7242,9.86239326406069,101
"ENSG00000226124",TRUE,2007,3.40153585259459,73
"ENSG00000178074",TRUE,20541,21.539343687751,101
"ENSG00000162971",TRUE,17764,19.5275038717329,101
"ENSG00000162972",TRUE,11425,12.0654593607453,101
"ENSG00000196141",TRUE,139341,148.134815649323,101
"ENSG00000155729",TRUE,27812,30.3048486397506,101
"ENSG00000163535",TRUE,6248,11.5215033122636,101
"ENSG00000138356",TRUE,135557,256.266969700584,101
"ENSG00000082153",TRUE,141691,159.830784778551,101
"ENSG00000013441",TRUE,240750,334.84614498779,101
"ENSG00000240344",TRUE,26005,28.9445312444501,101
"ENSG00000196290",TRUE,25583,25.9971768879656,101
"ENSG00000115942",TRUE,33474,35.3171591466919,101
"ENSG00000155744",TRUE,43526,55.6160976274419,101
"ENSG00000119013",TRUE,39234,62.2735951192263,101
"ENSG00000003402",TRUE,505449,699.070480711122,101
"ENSG00000003400",TRUE,59879,64.859005287236,101
"ENSG00000064012",TRUE,55760,67.1527303854028,101
"ENSG00000155749",TRUE,4377,30.0025558852394,78
"ENSG00000115993",TRUE,171285,254.166666666667,101
"ENSG00000082146",TRUE,22601,28.9308176100629,101
"ENSG00000155754",TRUE,1387,2.49287358666532,48
"ENSG00000155755",TRUE,31284,40.762180340516,101
"ENSG00000003393",TRUE,54171,51.7566601543696,101
"ENSG00000138395",TRUE,6802,10.7901881979193,97
"ENSG00000155760",TRUE,59025,102.868641688936,101
"ENSG00000182329",TRUE,6675,59.1738066955729,41
"ENSG00000116030",TRUE,93716,85.4277318762959,101
"ENSG00000055044",TRUE,72286,127.423604047797,101
"ENSG00000204217",TRUE,382203,716.258474618556,101
"ENSG00000138439",TRUE,18974,22.5308519549488,101
"ENSG00000163596",TRUE,15179,39.4492044637153,101
"ENSG00000138442",TRUE,30881,40.9601223039437,101
"ENSG00000138380",TRUE,22327,28.6351934245569,101
"ENSG00000144426",TRUE,38082,56.3287081117448,101
"ENSG00000119004",TRUE,20942,18.8108505898234,101
"ENSG00000138443",TRUE,113278,130.069112315295,101
"ENSG00000173166",TRUE,138948,220.440251572327,101
"ENSG00000178562",TRUE,10297,31.6749644310138,98
"ENSG00000163599",TRUE,7774,18.1602750205501,92
"ENSG00000163600",TRUE,4509,10.378932519871,98
"ENSG00000116117",TRUE,60368,74.3710691823899,101
"ENSG00000118257",TRUE,169598,220.033345460134,101
"ENSG00000114933",TRUE,46001,53.6563739511803,101
"ENSG00000023228",TRUE,109116,106.870136141571,101
"ENSG00000114942",TRUE,336310,396.390745502805,101
"ENSG00000183671",TRUE,1161,4.2967015654316,26
"ENSG00000204186",TRUE,19608,28.4311289646977,101
"ENSG00000114948",TRUE,18907,45.751892918834,101
"ENSG00000138400",TRUE,8911,63.5570516359857,80
"ENSG00000118246",TRUE,53301,54.1375882196608,101
"ENSG00000118263",TRUE,119496,228.683856551121,101
"ENSG00000118260",TRUE,79180,89.5670751732476,101
"ENSG00000144401",TRUE,13916,15.3816244811234,101
"ENSG00000163249",TRUE,41926,60.4865470638542,101
"ENSG00000163251",TRUE,34859,74.2233166116448,101
"ENSG00000178385",TRUE,41561,56.6037735849057,101
"ENSG00000138413",TRUE,146782,231.364681209441,101
"ENSG00000115020",TRUE,89634,88.0825155088714,101
"ENSG00000078018",TRUE,57718,120.676100628931,101
"ENSG00000197713",TRUE,47340,52.7157059480118,101
"ENSG00000144445",TRUE,43822,58.4936479979226,101
"ENSG00000115361",TRUE,24563,59.3910717055528,101
"ENSG00000115365",TRUE,99991,116.466583049633,101
"ENSG00000021826",TRUE,8197,13.4204407696552,101
"ENSG00000178568",TRUE,10015,29.3499657632649,99
"ENSG00000030419",TRUE,21382,44.0833367831046,101
"ENSG00000144451",TRUE,16923,44.7393276676618,101
"ENSG00000138376",TRUE,11080,13.4846532317397,101
"ENSG00000144452",TRUE,1327,6.87254648243118,29
"ENSG00000138363",TRUE,54457,92.1002948866187,101
"ENSG00000115414",TRUE,6206201,11878.6138654199,101
"ENSG00000118242",TRUE,14246,24.2175092130324,101
"ENSG00000115425",TRUE,12841,15.2256068130992,101
"ENSG00000163449",TRUE,1869,4.57655355062754,62
"ENSG00000079246",TRUE,380874,346.600541105998,101
"ENSG00000144583",TRUE,2669,12.9816100039996,45
"ENSG00000138375",TRUE,29831,35.8119692554244,101
"ENSG00000197756",TRUE,717367,1562.91865909803,101
"ENSG00000115457",TRUE,125834,267.660973789893,101
"ENSG00000115461",TRUE,1382129,5019.96043865138,101
"ENSG00000231672",TRUE,1539,2.82244293725992,48
"ENSG00000079308",TRUE,1115037,1568.5534591195,101
"ENSG00000188282",TRUE,1152,4.76111088355184,25
"ENSG00000180871",TRUE,21646,90.4756022521844,100
"ENSG00000163464",TRUE,15269,65.3073292036151,97
"ENSG00000163466",TRUE,496793,563.15319043004,101
"ENSG00000179921",TRUE,3842,7.0905732095353,89
"ENSG00000127837",TRUE,92668,90.3678261575742,101
"ENSG00000127838",TRUE,88773,167.674006669354,101
"ENSG00000135926",TRUE,319630,354.825846048907,101
"ENSG00000158428",TRUE,4390,27.6597870377774,49
"ENSG00000018280",TRUE,302812,828.836757422872,101
"ENSG00000144579",TRUE,214790,282.174820065544,101
"ENSG00000135913",TRUE,28924,35.602185231758,101
"ENSG00000144580",TRUE,69472,74.9686031187846,101
"ENSG00000115556",TRUE,3721,8.17026080772312,89
"ENSG00000115568",TRUE,38181,40.7584601658006,101
"ENSG00000074582",TRUE,31893,32.5784619972241,101
"ENSG00000163481",TRUE,24207,24.7038519268153,101
"ENSG00000163482",TRUE,50720,109.988996697835,101
"ENSG00000135912",TRUE,32159,47.006523326496,101
"ENSG00000135929",TRUE,154408,332.518547495783,101
"ENSG00000135925",TRUE,3970,16.3419991323177,65
"ENSG00000181378",TRUE,19180,149.257047539919,73
"ENSG00000163501",TRUE,1026,2.97591405892393,32
"ENSG00000213901",TRUE,1508,2.71104711031748,49
"ENSG00000115649",TRUE,85479,85.1268121645334,101
"ENSG00000144567",TRUE,128796,116.53567044593,101
"ENSG00000158552",TRUE,38302,57.082603045018,101
"ENSG00000115657",TRUE,2634,4.18554959928595,94
"ENSG00000198925",TRUE,38699,40.1037282571373,101
"ENSG00000163516",TRUE,66276,93.553015870407,101
"ENSG00000163521",TRUE,20657,54.4126958120211,101
"ENSG00000115661",TRUE,35775,40.8549978307942,101
"ENSG00000127824",TRUE,49462,109.939803729004,101
"ENSG00000135924",TRUE,102590,127.569827913272,101
"ENSG00000123992",TRUE,84611,117.317695117656,101
"ENSG00000175084",TRUE,594345,1809.0565596812,101
"ENSG00000072195",TRUE,56534,189.945177139123,101
"ENSG00000144591",TRUE,50774,144.438565488581,101
"ENSG00000072182",TRUE,1042,3.22001872762892,28
"ENSG00000123989",TRUE,113855,175.99214157811,101
"ENSG00000188760",TRUE,5583,8.43436878765437,101
"ENSG00000124006",TRUE,114655,142.172577595778,101
"ENSG00000144589",TRUE,37473,47.2534448788565,101
"ENSG00000114923",TRUE,8906,16.4266257211407,101
"ENSG00000116106",TRUE,31133,93.6246723316932,101
"ENSG00000163082",TRUE,51244,184.704712749431,101
"ENSG00000116120",TRUE,47843,85.1720633824741,101
"ENSG00000124003",TRUE,788,2.22770353773736,21
"ENSG00000123983",TRUE,142070,172.500537934479,101
"ENSG00000152049",TRUE,29661,62.1111445894585,101
"ENSG00000171951",TRUE,8954,49.7527568489763,75
"ENSG00000152056",TRUE,6719,12.7844144243075,101
"ENSG00000085449",TRUE,80527,83.2289330551143,101
"ENSG00000135900",TRUE,27694,29.7310987911583,101
"ENSG00000135919",TRUE,53913,217.109689417925,101
"ENSG00000124019",TRUE,11272,24.0476447767146,101
"ENSG00000036257",TRUE,100686,100.914384251542,101
"ENSG00000135905",TRUE,82269,121.012166602858,101
"ENSG00000169047",TRUE,61696,90.0889684018847,101
"ENSG00000144468",TRUE,43695,56.8831005829948,101
"ENSG00000081052",TRUE,44779,91.4298963719833,101
"ENSG00000169031",TRUE,62769,168.578041177301,101
"ENSG00000168958",TRUE,77659,67.4893958681151,101
"ENSG00000173744",TRUE,122534,158.721565462187,101
"ENSG00000135917",TRUE,18696,60.0337639011357,101
"ENSG00000115009",TRUE,10051,152.424813891184,80
"ENSG00000123977",TRUE,8206,49.9538776829804,71
"ENSG00000153823",TRUE,56282,84.4291386099631,101
"ENSG00000187957",TRUE,4154,20.727838396217,47
"ENSG00000153827",TRUE,299275,281.833915143528,101
"ENSG00000153832",TRUE,8340,33.4789225621185,100
"ENSG00000163053",TRUE,15049,22.4542810729044,101
"ENSG00000135899",TRUE,61462,74.852886558469,101
"ENSG00000079263",TRUE,13593,33.6094819590429,101
"ENSG00000185404",TRUE,41257,46.4219364075178,101
"ENSG00000067066",TRUE,194426,205.187249468902,101
"ENSG00000135932",TRUE,155806,159.326740017236,101
"ENSG00000135916",TRUE,141692,249.471486254,101
"ENSG00000135898",TRUE,1907,6.22735951192263,63
"ENSG00000204128",TRUE,4105,12.1214026125992,88
"ENSG00000173692",TRUE,125931,136.005391581719,101
"ENSG00000135914",TRUE,3523,12.2706226219095,78
"ENSG00000135931",TRUE,26591,41.0162999585235,101
"ENSG00000156966",TRUE,37624,61.8720169197521,101
"ENSG00000115053",TRUE,568907,868.255209531257,101
"ENSG00000171596",TRUE,6294,10.8528837345365,99
"ENSG00000187514",TRUE,766248,754.206552684867,101
"ENSG00000156973",TRUE,26446,27.2019883079784,101
"ENSG00000144524",TRUE,48238,51.4816011163866,101
"ENSG00000144535",TRUE,34741,41.5652537452939,101
"ENSG00000163283",TRUE,5636,61.3277876878304,52
"ENSG00000171551",TRUE,2303,8.74124959823872,45
"ENSG00000221944",TRUE,7295,11.5626978600545,101
"ENSG00000135930",TRUE,90680,97.9040890544077,101
"ENSG00000115468",TRUE,19848,37.8930817610063,101
"ENSG00000204120",TRUE,101483,96.9009988840756,101
"ENSG00000066248",TRUE,2478,7.67643226601487,48
"ENSG00000168918",TRUE,95972,133.256021235985,101
"ENSG00000085978",TRUE,43312,44.8149008562896,101
"ENSG00000077044",TRUE,86438,131.039112078977,101
"ENSG00000085982",TRUE,73340,73.3059929689728,101
"ENSG00000167165",TRUE,2872,22.8917686258259,33
"ENSG00000241635",FALSE,557,3.92980580864597,18
"ENSG00000123485",TRUE,3551,16.3415895260803,82
"ENSG00000188042",TRUE,72601,130.506836314452,101
"ENSG00000130147",TRUE,110909,138.25850059564,101
"ENSG00000157985",TRUE,71653,82.7926817238957,101
"ENSG00000132321",TRUE,11515,51.3897682669088,101
"ENSG00000144476",TRUE,38478,105.121801328522,101
"ENSG00000198612",TRUE,78796,82.6200989258517,101
"ENSG00000163359",TRUE,2130041,5057.1275004472,101
"ENSG00000115648",TRUE,168709,407.276623252219,101
"ENSG00000124839",TRUE,34118,72.6676688807006,101
"ENSG00000124831",TRUE,272421,258.119443995241,101
"ENSG00000177483",TRUE,3120,6.30872051242143,93
"ENSG00000132329",TRUE,19796,44.9037321047419,101
"ENSG00000184182",TRUE,18773,39.1595693712524,101
"ENSG00000132330",TRUE,2687,3.88941469372437,93
"ENSG00000144488",TRUE,2136,5.01356913201192,63
"ENSG00000168427",TRUE,2468,3.73508336318464,84
"ENSG00000178752",TRUE,1959,7.30789751936002,39
"ENSG00000132323",TRUE,39205,38.8583419145505,101
"ENSG00000144485",TRUE,5131,8.15196346833438,101
"ENSG00000132326",TRUE,51551,153.207508011546,101
"ENSG00000204104",TRUE,35619,81.845763283915,101
"ENSG00000065802",TRUE,49711,48.3490566037736,101
"ENSG00000233608",TRUE,9266,44.1298224068345,101
"ENSG00000068024",TRUE,40144,46.3354750935451,101
"ENSG00000130414",TRUE,98619,93.1061683894583,101
"ENSG00000172428",TRUE,33596,55.3505451689818,101
"ENSG00000063660",TRUE,84715,203.688073982225,101
"ENSG00000144504",TRUE,30342,86.8335937333503,101
"ENSG00000188542",TRUE,6692,7.33466595238781,101
"ENSG00000142327",TRUE,126446,185.631420192572,101
"ENSG00000142330",TRUE,35594,39.180114327945,101
"ENSG00000178623",TRUE,3594,5.00201851117785,98
"ENSG00000172478",TRUE,12832,53.5377358490566,98
"ENSG00000226321",TRUE,10796,74.3287882954685,83
"ENSG00000162804",TRUE,144563,193.863467800929,101
"ENSG00000122085",TRUE,51750,57.7880985860809,101
"ENSG00000115687",TRUE,24957,43.7390159358122,101
"ENSG00000115685",TRUE,76559,88.5717770717898,101
"ENSG00000146205",TRUE,1901,3.95904110530452,76
"ENSG00000115677",TRUE,670578,720.863739503346,101
"ENSG00000168385",TRUE,696944,649.51631627294,101
"ENSG00000006607",TRUE,53247,64.3861887862685,101
"ENSG00000115694",TRUE,128842,128.096975962501,101
"ENSG00000176720",TRUE,63197,85.540227368139,101
"ENSG00000176946",TRUE,47134,47.9884101504566,101
"ENSG00000168397",TRUE,83559,96.0166593535007,101
"ENSG00000168393",TRUE,18361,71.9933621517641,101
"ENSG00000168395",TRUE,56663,66.5210656562918,101
"ENSG00000180902",TRUE,55485,88.3754621863009,101
"ENSG00000188389",TRUE,4347,10.491357628099,97
"ENSG00000188011",TRUE,757,2.16114667355146,13
"ENSG00000134121",TRUE,46264,86.3496668807631,101
"ENSG00000134115",TRUE,8897,26.4392454252743,90
"ENSG00000144619",TRUE,19706,35.0824691055434,101
"ENSG00000091181",TRUE,10989,71.6433828191611,94
"ENSG00000072756",TRUE,24531,29.6132053333453,101
"ENSG00000113851",TRUE,71350,76.4579285183647,101
"ENSG00000144455",TRUE,57918,59.5268774204054,101
"ENSG00000175928",TRUE,13594,28.969826279283,98
"ENSG00000170364",TRUE,25082,28.6826212984179,101
"ENSG00000150995",TRUE,164538,270.726459370704,101
"ENSG00000134107",TRUE,312557,656.386966940363,101
"ENSG00000134108",TRUE,138931,163.607708898411,101
"ENSG00000134109",TRUE,141934,198.662482081554,101
"ENSG00000196277",TRUE,1173,9.82451452161491,25
"ENSG00000071282",TRUE,139236,290.487421383648,101
"ENSG00000125046",TRUE,2275,12.8046013507989,48
"ENSG00000182533",TRUE,1000,3.52366355017419,20
"ENSG00000180914",TRUE,3702,42.7775750999586,52
"ENSG00000070950",TRUE,16662,16.5248571486662,101
"ENSG00000196220",TRUE,20020,66.9243773990152,101
"ENSG00000134077",TRUE,44130,40.8392360263192,101
"ENSG00000168137",TRUE,194715,180.695494009087,101
"ENSG00000163719",TRUE,71049,91.1443971623711,101
"ENSG00000156983",TRUE,41511,45.7655355062754,101
"ENSG00000114026",TRUE,28833,31.5669167571121,101
"ENSG00000134072",TRUE,39063,46.8931318733938,101
"ENSG00000171148",TRUE,100886,143.4595762543,101
"ENSG00000241553",TRUE,112495,645.530439712261,101
"ENSG00000214021",TRUE,56633,92.1588924966519,101
"ENSG00000156990",TRUE,24357,30.6498937194226,101
"ENSG00000171135",TRUE,35616,48.2465515916691,101
"ENSG00000163701",TRUE,19156,36.0849056603774,101
"ENSG00000163702",TRUE,39047,47.8951656156088,101
"ENSG00000163703",TRUE,52490,57.6209923317784,101
"ENSG00000163704",TRUE,4869,13.7944839087345,99
"ENSG00000125037",TRUE,77447,78.6194969985484,101
"ENSG00000144554",TRUE,12327,21.8341987825435,101
"ENSG00000254999",TRUE,193229,288.651210384636,101
"ENSG00000134086",TRUE,47061,48.9473539682657,101
"ENSG00000134070",TRUE,16426,53.7757059454652,101
"ENSG00000157014",TRUE,33831,54.1456353421741,101
"ENSG00000157017",TRUE,1323,2.83575274136816,40
"ENSG00000157020",TRUE,126407,149.224210825888,101
"ENSG00000157103",TRUE,13993,27.4272835255048,98
"ENSG00000196639",TRUE,21917,41.9539554274363,101
"ENSG00000197548",TRUE,47835,70.5965459502423,101
"ENSG00000144560",TRUE,119577,128.750770044095,101
"ENSG00000144559",TRUE,13311,16.852821064001,101
"ENSG00000157152",TRUE,3675,8.05190682926716,84
"ENSG00000157150",TRUE,7021,16.2913877615022,96
"ENSG00000132170",TRUE,50389,110.598928579431,101
"ENSG00000154743",TRUE,15464,19.5251663013451,101
"ENSG00000225526",FALSE,693,3.95580137726737,16
"ENSG00000075975",TRUE,46713,52.0961892297953,101
"ENSG00000132155",TRUE,172283,160.250813067427,101
"ENSG00000088726",TRUE,2583,12.3119165744533,48
"ENSG00000144712",TRUE,12666,15.3845463513946,101
"ENSG00000144713",TRUE,804703,1043.8284443364,101
"ENSG00000144711",TRUE,191485,230.492201740777,101
"ENSG00000132182",TRUE,67748,115.167710479754,101
"ENSG00000163517",TRUE,27300,35.4725139895943,101
"ENSG00000163520",TRUE,247168,467.263418312974,101
"ENSG00000154764",TRUE,4957,15.2823166705141,80
"ENSG00000163528",TRUE,15573,17.8216283018989,101
"ENSG00000170876",TRUE,194990,199.503188728204,101
"ENSG00000268279",TRUE,1522,2.54019219094117,49
"ENSG00000154767",TRUE,87907,94.7045345874159,101
"ENSG00000170860",TRUE,45713,52.1876568736114,101
"ENSG00000131389",TRUE,184586,328.665495038223,101
"ENSG00000144596",TRUE,7588,19.3771563192652,89
"ENSG00000154781",TRUE,29732,29.6476429949421,101
"ENSG00000154783",TRUE,138207,205.434185561506,101
"ENSG00000177463",TRUE,90730,99.9213836477987,101
"ENSG00000131368",TRUE,85164,103.607297956949,101
"ENSG00000131381",TRUE,73309,68.1405509126374,101
"ENSG00000131375",TRUE,65395,68.6530818360536,101
"ENSG00000131370",TRUE,266911,347.152389331238,101
"ENSG00000206562",TRUE,14374,16.4673193682597,101
"ENSG00000144597",TRUE,53529,60.4766400651255,101
"ENSG00000206561",TRUE,6335,9.72302474644684,101
"ENSG00000131373",TRUE,26550,32.5720442985848,101
"ENSG00000169814",TRUE,30917,36.412530408479,101
"ENSG00000206560",TRUE,94736,127.476070817977,101
"ENSG00000131386",TRUE,44728,197.798742138365,100
"ENSG00000154813",TRUE,50978,62.3475859537816,101
"ENSG00000154814",TRUE,16808,28.5228441842382,101
"ENSG00000131378",TRUE,162374,194.999540866639,101
"ENSG00000154822",TRUE,33324,38.1052646132425,101
"ENSG00000131374",TRUE,129328,124.428773178118,101
"ENSG00000182568",TRUE,68366,81.7555261650047,101
"ENSG00000183960",TRUE,1631,8.62800815711802,32
"ENSG00000163576",TRUE,8734,49.5760117398414,82
"ENSG00000144566",TRUE,105505,114.568169537269,101
"ENSG00000114166",TRUE,84850,103.619626382592,101
"ENSG00000129810",TRUE,1157,4.61285889772046,30
"ENSG00000151789",TRUE,22000,61.2887654232229,101
"ENSG00000182247",TRUE,46073,56.0262504477695,101
"ENSG00000170142",TRUE,105465,105.247202029601,101
"ENSG00000197885",TRUE,13773,15.6067214247496,101
"ENSG00000174748",TRUE,952431,1017.13687939982,101
"ENSG00000174738",TRUE,79567,167.889998736702,101
"ENSG00000151090",TRUE,29502,40.477934994316,101
"ENSG00000077092",TRUE,23263,36.6797664865907,101
"ENSG00000077097",TRUE,227512,211.28525235103,101
"ENSG00000151092",TRUE,45998,52.6760299697687,101
"ENSG00000151093",TRUE,10477,11.098153055265,101
"ENSG00000163491",TRUE,9747,67.0646717690604,71
"ENSG00000033867",TRUE,48348,102.082095095799,101
"ENSG00000163508",TRUE,4126,8.38002699752551,95
"ENSG00000187118",TRUE,18589,20.6486684040207,101
"ENSG00000163512",TRUE,113532,118.268545302483,101
"ENSG00000206559",TRUE,1792,2.54019219094117,72
"ENSG00000144642",TRUE,78060,102.861119160577,101
"ENSG00000163513",TRUE,891806,1160.7781104297,101
"ENSG00000144644",TRUE,1770,8.82329561140821,36
"ENSG00000163527",TRUE,269538,367.200897539791,101
"ENSG00000144645",TRUE,35383,41.584818069491,101
"ENSG00000197385",TRUE,2506,6.29187106322982,85
"ENSG00000152642",TRUE,103931,150.982976939348,101
"ENSG00000170293",TRUE,15745,24.6616974686577,101
"ENSG00000153551",TRUE,51164,95.1878763178136,101
"ENSG00000091317",TRUE,176630,181.449640190249,101
"ENSG00000144635",TRUE,59797,54.926528035043,101
"ENSG00000182973",TRUE,35755,37.1820088048811,101
"ENSG00000206557",TRUE,3022,6.69347985449981,61
"ENSG00000183813",TRUE,8522,44.2834454181165,97
"ENSG00000170266",TRUE,100188,137.342403041398,101
"ENSG00000188167",TRUE,3131,5.13696280303219,96
"ENSG00000170275",TRUE,387770,374.979516537423,101
"ENSG00000173705",TRUE,12443,51.7963859975096,99
"ENSG00000153558",TRUE,12798,28.5666653013111,101
"ENSG00000153560",TRUE,138669,127.526827963417,101
"ENSG00000163539",TRUE,86588,88.3558481176648,101
"ENSG00000170248",TRUE,223952,216.961386964584,101
"ENSG00000144681",TRUE,30838,61.4560856819639,101
"ENSG00000163673",TRUE,1178,3.38455914886337,27
"ENSG00000168016",TRUE,110525,160.965212808115,101
"ENSG00000178567",TRUE,66015,75.6842950505631,101
"ENSG00000076242",TRUE,57204,51.0119023237697,101
"ENSG00000093167",TRUE,97723,98.5613551747636,101
"ENSG00000144674",TRUE,177100,180.339519949639,101
"ENSG00000144668",TRUE,127574,251.642652964629,101
"ENSG00000144677",TRUE,146417,177.381223115768,101
"ENSG00000136059",TRUE,28072,57.5212429776419,101
"ENSG00000187091",TRUE,36518,35.9276729559748,101
"ENSG00000008226",TRUE,45522,361.151328716975,101
"ENSG00000060971",TRUE,99173,115.43778256477,101
"ENSG00000172936",TRUE,144139,222.050963446416,101
"ENSG00000172939",TRUE,86036,84.101440523056,101
"ENSG00000093217",TRUE,4488,6.53128127814092,99
"ENSG00000114739",TRUE,16886,20.0268949863689,101
"ENSG00000157036",TRUE,18976,18.6233318935778,101
"ENSG00000168356",TRUE,1054,2.72063479060105,24
"ENSG00000114742",TRUE,76143,76.8693309855928,101
"ENSG00000114745",TRUE,107527,103.614676524923,101
"ENSG00000168026",TRUE,23532,93.8619002757363,101
"ENSG00000144655",TRUE,282020,685.574248090354,101
"ENSG00000168334",TRUE,3651,42.4448593296163,44
"ENSG00000168329",TRUE,10843,55.1346085333199,93
"ENSG00000179934",TRUE,891,2.52226041952085,27
"ENSG00000144659",TRUE,50941,59.2232888427016,101
"ENSG00000168028",TRUE,582003,1816.55217764106,101
"ENSG00000170011",TRUE,15203,46.9915098912066,96
"ENSG00000114784",TRUE,52409,77.8080225091079,101
"ENSG00000168032",TRUE,8074,21.0111417415513,98
"ENSG00000188846",TRUE,476562,605.617801699254,101
"ENSG00000177873",TRUE,8963,11.6382710486823,101
"ENSG00000177842",TRUE,4795,6.13207547169811,101
"ENSG00000172888",TRUE,66355,66.2575477105706,101
"ENSG00000168036",TRUE,608765,622.143372531808,101
"ENSG00000168038",TRUE,11593,33.5544957507463,101
"ENSG00000182606",TRUE,148383,180.355539615263,101
"ENSG00000114812",TRUE,281720,773.550771404543,101
"ENSG00000093183",TRUE,99534,101.141498394644,101
"ENSG00000008324",TRUE,19870,55.1999314406309,101
"ENSG00000114857",TRUE,284966,346.851619548023,101
"ENSG00000114853",TRUE,80468,88.3349516778445,101
"ENSG00000010282",TRUE,829,7.17945291964167,19
"ENSG00000280571",TRUE,916,6.72601378787483,20
"ENSG00000244607",TRUE,840,3.09850073374009,17
"ENSG00000181061",TRUE,52249,77.2502589068921,101
"ENSG00000144648",TRUE,3338,7.17773463872401,94
"ENSG00000273291",TRUE,1002,2.41394069319092,26
"ENSG00000182983",TRUE,19497,24.2357162676843,101
"ENSG00000144649",TRUE,17007,36.4878732482271,101
"ENSG00000144647",TRUE,34314,42.8097095708614,101
"ENSG00000163788",TRUE,155337,246.378819120894,101
"ENSG00000160746",TRUE,48985,47.0588082039298,101
"ENSG00000011198",TRUE,59398,73.054662196751,101
"ENSG00000179152",TRUE,40097,47.1524400786115,101
"ENSG00000185219",TRUE,59029,62.3368418203748,101
"ENSG00000178917",TRUE,5259,6.78055311938287,97
"ENSG00000196345",TRUE,8360,11.3359782941711,101
"ENSG00000144792",TRUE,7628,11.4553473719537,101
"ENSG00000186448",TRUE,36714,33.5691823899371,101
"ENSG00000169981",TRUE,11072,12.3519259634076,101
"ENSG00000196653",TRUE,11562,14.1321862733999,101
"ENSG00000186446",TRUE,6904,8.70604215223355,101
"ENSG00000163807",TRUE,42736,41.1058528410468,101
"ENSG00000163808",TRUE,3993,9.3858100153562,97
"ENSG00000169964",TRUE,19247,20.103252900867,101
"ENSG00000163812",TRUE,158878,242.392145391743,101
"ENSG00000075914",TRUE,30593,47.2704652877914,101
"ENSG00000163815",TRUE,44257,91.8279554324748,101
"ENSG00000163814",TRUE,32230,51.879362324818,101
"ENSG00000249992",TRUE,4937,13.6237149471584,88
"ENSG00000011376",TRUE,28473,30.8100703251351,101
"ENSG00000144791",TRUE,133036,209.773658640024,101
"ENSG00000211456",TRUE,93447,106.70117149945,101
"ENSG00000163817",TRUE,6353,21.3740272283141,95
"ENSG00000163818",TRUE,39537,84.2641053200048,101
"ENSG00000163820",TRUE,141004,174.737517296831,101
"ENSG00000172215",TRUE,10778,60.0344685704914,101
"ENSG00000173578",TRUE,3977,14.2572229596161,86
"ENSG00000163823",TRUE,44227,132.525389318622,101
"ENSG00000121807",TRUE,23894,97.0152117944079,100
"ENSG00000160791",TRUE,22513,67.5098773655334,100
"ENSG00000121797",TRUE,22615,60.2895868809859,101
"ENSG00000012223",TRUE,82336,832.485034506512,101
"ENSG00000163827",TRUE,3793,6.37244610946234,94
"ENSG00000178038",TRUE,126661,183.388732012796,101
"ENSG00000181585",TRUE,1403,3.25827755230045,40
"ENSG00000160808",TRUE,3092,4.38810492768994,93
"ENSG00000160801",TRUE,29090,57.3085236375444,101
"ENSG00000160799",TRUE,37901,81.1054927169979,101
"ENSG00000160796",TRUE,222244,300.381964611808,101
"ENSG00000181555",TRUE,154058,156.889939591327,101
"ENSG00000088727",TRUE,10520,33.8567885052575,101
"ENSG00000114648",TRUE,33819,34.326822633169,101
"ENSG00000076201",TRUE,80222,81.0417526279051,101
"ENSG00000114650",TRUE,98584,108.032601069308,101
"ENSG00000163832",TRUE,24892,31.8548035462304,101
"ENSG00000114646",TRUE,5773,17.7787148206295,84
"ENSG00000173473",TRUE,115572,120.690382238608,101
"ENSG00000132153",TRUE,98684,105.417299170462,101
"ENSG00000047849",TRUE,472394,484.533082223349,101
"ENSG00000164045",TRUE,2284,12.6515531814816,71
"ENSG00000164047",TRUE,1956,24.2765953895711,33
"ENSG00000164048",TRUE,40460,67.6075418912962,101
"ENSG00000172113",TRUE,30039,35.5949718436971,101
"ENSG00000164050",TRUE,192848,403.232343669648,101
"ENSG00000164051",TRUE,12469,14.4643264724442,101
"ENSG00000232112",TRUE,73925,91.8743742940923,101
"ENSG00000164053",TRUE,13507,26.056175004718,101
"ENSG00000164054",TRUE,214065,346.411575207233,101
"ENSG00000114268",TRUE,15628,30.6567863931693,101
"ENSG00000145040",TRUE,975,5.27757217836983,23
"ENSG00000114270",TRUE,92397,428.521557368291,101
"ENSG00000010256",TRUE,125896,202.726078360407,101
"ENSG00000225697",TRUE,34328,45.5933089865063,101
"ENSG00000008300",TRUE,5242,7.53766818203013,101
"ENSG00000213672",TRUE,43307,66.4455998886644,101
"ENSG00000068745",TRUE,99438,115.930082274082,101
"ENSG00000114302",TRUE,90794,91.7458509941577,101
"ENSG00000178537",TRUE,34630,42.7274854927107,101
"ENSG00000221883",TRUE,2026,2.8781600572661,81
"ENSG00000177479",TRUE,135153,124.076980264203,101
"ENSG00000178467",TRUE,58428,111.31930684876,101
"ENSG00000178252",TRUE,223350,235.635178005094,101
"ENSG00000178149",TRUE,31160,60.9875632226403,101
"ENSG00000178057",TRUE,56030,73.2735788427474,101
"ENSG00000178035",TRUE,140654,220.875032626699,101
"ENSG00000198218",TRUE,105469,97.1483866764069,101
"ENSG00000172053",TRUE,193525,201.662482610464,101
"ENSG00000172046",TRUE,97359,94.5150625257061,101
"ENSG00000172037",TRUE,443330,423.565230361577,101
"ENSG00000177352",TRUE,24741,23.7590094547062,101
"ENSG00000185909",TRUE,38634,70.6699311331428,101
"ENSG00000173421",TRUE,1809,3.5280536715749,58
"ENSG00000188315",TRUE,14706,16.0446067972628,101
"ENSG00000114316",TRUE,116479,110.738240996794,101
"ENSG00000233276",TRUE,294983,387.76730644603,101
"ENSG00000067560",TRUE,797880,747.304293453784,101
"ENSG00000145022",TRUE,61755,65.5118435025179,101
"ENSG00000173402",TRUE,178705,216.579508301033,101
"ENSG00000164061",TRUE,3204,5.01356913201192,95
"ENSG00000164062",TRUE,85656,97.7951485942101,101
"ENSG00000173531",TRUE,11148,15.9957313409794,101
"ENSG00000164068",TRUE,49300,47.8914541575665,101
"ENSG00000173540",TRUE,48593,77.8991380057453,101
"ENSG00000176095",TRUE,82684,76.6796941713512,101
"ENSG00000187492",TRUE,21472,148.425742465013,74
"ENSG00000185614",TRUE,6761,10.0192034733239,101
"ENSG00000182179",TRUE,148319,188.473061814522,101
"ENSG00000183763",TRUE,2970,5.53543067726456,94
"ENSG00000164078",TRUE,26554,51.6848147160999,101
"ENSG00000164077",TRUE,13743,16.6825740193792,101
"ENSG00000004534",TRUE,225333,256.73882551416,101
"ENSG00000003756",TRUE,230667,248.227335442813,101
"ENSG00000001617",TRUE,93227,176.441317276561,101
"ENSG00000114353",TRUE,655768,703.76390401541,101
"ENSG00000012171",TRUE,92165,152.672955974843,101
"ENSG00000214706",TRUE,50096,71.8198949308868,101
"ENSG00000186792",TRUE,2954,4.61584742919934,94
"ENSG00000243477",TRUE,13489,17.3663571981814,101
"ENSG00000114378",TRUE,62374,130.34168966277,101
"ENSG00000068001",TRUE,284903,471.999194002042,101
"ENSG00000114383",TRUE,43275,56.931989316667,101
"ENSG00000068028",TRUE,75285,83.6961607745879,101
"ENSG00000004838",TRUE,31999,204.501048426846,100
"ENSG00000114388",TRUE,27293,31.9301104104058,101
"ENSG00000114395",TRUE,16692,21.6130700183643,101
"ENSG00000126062",TRUE,56346,65.1404375117949,101
"ENSG00000007402",TRUE,131066,355.69151946812,101
"ENSG00000088543",TRUE,13864,18.1708135767033,101
"ENSG00000114735",TRUE,52611,58.4180748092948,101
"ENSG00000114737",TRUE,48983,112.092471214607,101
"ENSG00000114738",TRUE,82878,116.829211177532,101
"ENSG00000088538",TRUE,6501,20.4831615471457,100
"ENSG00000145050",TRUE,77634,320.882548251744,101
"ENSG00000259956",TRUE,103733,88.7801126998795,101
"ENSG00000145041",TRUE,55428,56.1692165346087,101
"ENSG00000164080",TRUE,52260,50,101
"ENSG00000164081",TRUE,55588,83.3646986422624,101
"ENSG00000164082",TRUE,1286,2.65433044473058,30
"ENSG00000114767",TRUE,20994,48.4976205290127,101
"ENSG00000041880",TRUE,39595,44.472215078402,101
"ENSG00000090097",TRUE,51953,62.4417021036833,101
"ENSG00000114779",TRUE,70426,165.14795313684,101
"ENSG00000248487",TRUE,7507,20.3328533273811,101
"ENSG00000162244",TRUE,442542,594.17115834458,101
"ENSG00000164086",TRUE,65018,89.2652520128998,101
"ENSG00000164087",TRUE,5369,23.1945141660495,100
"ENSG00000023330",TRUE,77309,151.77161700512,101
"ENSG00000247596",TRUE,39703,61.6010148955471,101
"ENSG00000164088",TRUE,72704,105.454507827961,101
"ENSG00000164091",TRUE,216757,209.142965553898,101
"ENSG00000168237",TRUE,14788,24.2488102645063,101
"ENSG00000114841",TRUE,65043,189.233904258651,101
"ENSG00000163930",TRUE,119517,106.408599079961,101
"ENSG00000010318",TRUE,8442,11.299736818857,101
"ENSG00000010319",TRUE,110625,286.144906225726,101
"ENSG00000114854",TRUE,26631,62.3421016318009,101
"ENSG00000010322",TRUE,195939,228.078157869449,101
"ENSG00000010327",TRUE,337594,700.805678017068,101
"ENSG00000168268",TRUE,78093,112.056613893122,101
"ENSG00000168273",TRUE,10618,24.0228896719799,101
"ENSG00000163939",TRUE,113363,110.409087438192,101
"ENSG00000163938",TRUE,87406,178.535021827415,101
"ENSG00000016864",TRUE,80754,98.4718647820326,101
"ENSG00000114902",TRUE,90257,106.216664816547,101
"ENSG00000114904",TRUE,30768,49.0469994194468,101
"ENSG00000162267",TRUE,12253,41.4822800648659,101
"ENSG00000055955",TRUE,1084,3.40707599889244,21
"ENSG00000243696",TRUE,4461,9.69706245838617,95
"ENSG00000248592",TRUE,1712,4.03562029244893,60
"ENSG00000213533",TRUE,2455,3.91595693712524,97
"ENSG00000163935",TRUE,19783,26.9285935877956,101
"ENSG00000163933",TRUE,22923,24.2462834264706,101
"ENSG00000163932",TRUE,122110,180.415187923801,101
"ENSG00000163931",TRUE,296445,516.950060554817,101
"ENSG00000272886",TRUE,53587,51.747479646191,101
"ENSG00000157388",TRUE,64091,110.768644230435,101
"ENSG00000016391",TRUE,16445,31.9740978357598,101
"ENSG00000056736",TRUE,10924,31.0568081437503,100
"ENSG00000113812",TRUE,32984,31.6532188446,101
"ENSG00000113811",TRUE,60616,76.1347317024604,101
"ENSG00000157445",TRUE,5362,16.7452830188679,96
"ENSG00000114251",TRUE,46886,89.5715274454278,101
"ENSG00000187672",TRUE,1391,3.46897350100699,45
"ENSG00000180376",TRUE,31234,48.0645479672853,101
"ENSG00000163946",TRUE,135022,134.45815778679,101
"ENSG00000163947",TRUE,86908,103.885062430067,101
"ENSG00000144730",TRUE,12326,34.8392176816749,100
"ENSG00000163666",TRUE,1167,2.15266748560288,30
"ENSG00000157500",TRUE,86787,89.6824563058145,101
"ENSG00000174844",TRUE,28499,249.996107980786,82
"ENSG00000174840",TRUE,36455,37.9024398718025,101
"ENSG00000168374",TRUE,254481,335.065257846854,101
"ENSG00000174839",TRUE,59704,74.906073932295,101
"ENSG00000163681",TRUE,101302,166.305547483283,101
"ENSG00000136068",TRUE,307089,450.96135700848,101
"ENSG00000163687",TRUE,30192,138.12893081761,100
"ENSG00000163686",TRUE,23389,52.1475542528945,101
"ENSG00000163684",TRUE,21725,22.0933596839789,101
"ENSG00000168297",TRUE,47769,46.5262059588915,101
"ENSG00000168291",TRUE,83859,81.1001428272994,101
"ENSG00000168301",TRUE,11936,12.3705527686075,101
"ENSG00000168306",TRUE,20614,23.1108817474519,101
"ENSG00000168309",TRUE,286321,648.979244766711,101
"ENSG00000198643",TRUE,7419,48.5720529766108,88
"ENSG00000163689",TRUE,2549,17.4574065730234,40
"ENSG00000189283",TRUE,6014,8.16190437180316,101
"ENSG00000144724",TRUE,164287,209.98427672956,101
"ENSG00000114405",TRUE,8145,12.5313563940161,101
"ENSG00000163618",TRUE,4327,10.1913090412554,86
"ENSG00000188817",TRUE,24529,180.846640386342,69
"ENSG00000163634",TRUE,47594,44.8562980089863,101
"ENSG00000163635",TRUE,2404,4.80882596732276,80
"ENSG00000163636",TRUE,73774,72.2440281686676,101
"ENSG00000163637",TRUE,113401,165.486918333015,101
"ENSG00000163638",TRUE,117002,608.580811978699,101
"ENSG00000151276",TRUE,66019,133.254545199927,101
"ENSG00000144741",TRUE,21781,22.5920592526456,101
"ENSG00000144749",TRUE,147538,252.414450016875,101
"ENSG00000163376",TRUE,6358,10.6190869626068,101
"ENSG00000172340",TRUE,83157,82.7114080155078,101
"ENSG00000163378",TRUE,92825,111.53900021665,101
"ENSG00000144747",TRUE,94136,112.981916998572,101
"ENSG00000144744",TRUE,81910,80.0868650323218,101
"ENSG00000144746",TRUE,262040,262.533680307671,101
"ENSG00000163380",TRUE,1494,3.43720450782497,47
"ENSG00000114541",TRUE,102019,114.438164444326,101
"ENSG00000187098",TRUE,45801,56.4855840543423,101
"ENSG00000114861",TRUE,80707,125.988383765587,101
"ENSG00000163412",TRUE,60618,79.1209503308471,101
"ENSG00000170837",TRUE,3911,8.24477910211752,98
"ENSG00000163421",TRUE,4463,31.5269750361994,54
"ENSG00000163602",TRUE,104601,134.463972850066,101
"ENSG00000144736",TRUE,21973,25.7704573220822,101
"ENSG00000172986",TRUE,18399,33.9195068191356,101
"ENSG00000163605",TRUE,75004,80.5689262946182,101
"ENSG00000255423",TRUE,3032,6.58049869212589,85
"ENSG00000121440",TRUE,78130,122.830571029822,101
"ENSG00000113805",TRUE,7908,16.8327286863164,96
"ENSG00000227124",TRUE,10453,11.4203201236855,101
"ENSG00000185008",TRUE,77394,266.670857477182,101
"ENSG00000169855",TRUE,112410,150.953746489462,101
"ENSG00000114480",TRUE,55660,80.7794951589773,101
"ENSG00000175161",TRUE,1657,13.5243306324208,26
"ENSG00000206538",TRUE,125015,224.582511778956,101
"ENSG00000083937",TRUE,65122,68.1950043984541,101
"ENSG00000179097",TRUE,1575,3.62751305413474,54
"ENSG00000163320",TRUE,157075,181.109603303462,101
"ENSG00000175105",TRUE,31829,35.7090828422281,101
"ENSG00000179021",TRUE,24921,27.5243908592852,101
"ENSG00000044524",TRUE,44331,135.938148848613,101
"ENSG00000184500",TRUE,169373,208.130823581255,101
"ENSG00000169379",TRUE,24783,34.4210700818892,101
"ENSG00000178750",TRUE,2291,5.25226201794458,62
"ENSG00000178700",TRUE,17072,18.3643022078692,101
"ENSG00000178694",TRUE,22472,22.8544368628772,101
"ENSG00000113966",TRUE,19245,29.4491338888596,101
"ENSG00000080200",TRUE,107792,112.834893094186,101
"ENSG00000170854",TRUE,36188,44.1347421586393,101
"ENSG00000080822",TRUE,97093,95.9234232429119,101
"ENSG00000154165",TRUE,2856,23.8331043048891,51
"ENSG00000080819",TRUE,19087,20.8413919437306,101
"ENSG00000064225",TRUE,20305,30.7680230342335,101
"ENSG00000057019",TRUE,71706,98.0978166533246,101
"ENSG00000144810",TRUE,296060,552.641750966502,101
"ENSG00000184220",TRUE,19327,25.0296416494353,101
"ENSG00000168386",TRUE,225920,435.557452518301,101
"ENSG00000036054",TRUE,56065,59.2595753103276,101
"ENSG00000114021",TRUE,48688,54.1506868332238,101
"ENSG00000154174",TRUE,90128,84.6852698102386,101
"ENSG00000206535",TRUE,8905,12.8800749105157,101
"ENSG00000181458",TRUE,52018,170.483491773857,101
"ENSG00000114354",TRUE,114424,112.8194412497,101
"ENSG00000154175",TRUE,310817,434.773443511072,101
"ENSG00000081148",TRUE,1228,2.01588800217085,33
"ENSG00000138468",TRUE,52051,59.1298100997064,101
"ENSG00000174173",TRUE,21015,25.6600608857401,101
"ENSG00000081154",TRUE,172990,172.590259015676,101
"ENSG00000066422",TRUE,48291,50.245523645259,101
"ENSG00000114391",TRUE,487034,592.51440733272,101
"ENSG00000182504",TRUE,19783,30.9094341487731,101
"ENSG00000144815",TRUE,63939,65.9249516915084,101
"ENSG00000144802",TRUE,129372,661.696938809164,101
"ENSG00000170017",TRUE,252915,376.491518230172,101
"ENSG00000114423",TRUE,77461,104.466165618492,101
"ENSG00000114439",TRUE,118662,135.094096593385,101
"ENSG00000196776",TRUE,275425,357.924664705084,101
"ENSG00000114446",TRUE,141972,232.765420973646,101
"ENSG00000114455",TRUE,10431,55.2485506694707,75
"ENSG00000144821",TRUE,1532,4.95634697402626,41
"ENSG00000163507",TRUE,5409,10.5660615741734,99
"ENSG00000198919",TRUE,44830,160.139586702323,101
"ENSG00000163519",TRUE,3638,18.1439116643672,82
"ENSG00000177707",TRUE,22429,30.3832886871675,101
"ENSG00000153283",TRUE,25798,65.5794773292593,101
"ENSG00000177494",TRUE,8718,60.606358662934,85
"ENSG00000240891",TRUE,4289,8.85237774866329,99
"ENSG00000144824",TRUE,97025,160.394567129246,101
"ENSG00000144827",TRUE,33431,44.7322773202384,101
"ENSG00000114529",TRUE,12844,27.8445671531284,101
"ENSG00000174500",TRUE,2238,5.76607362215058,66
"ENSG00000091972",TRUE,27728,89.5116552864816,101
"ENSG00000186265",TRUE,3202,10.3268533869652,76
"ENSG00000144848",TRUE,75939,110.943646528821,101
"ENSG00000138459",TRUE,51318,51.0434672291029,101
"ENSG00000091986",TRUE,651591,1551.79552514934,101
"ENSG00000163606",TRUE,5193,9.89163211199216,99
"ENSG00000163607",TRUE,10852,12.4973838307945,101
"ENSG00000163608",TRUE,49915,51.8872042297888,101
"ENSG00000144857",TRUE,61667,123.016422372587,101
"ENSG00000206530",TRUE,30650,105.197878569907,101
"ENSG00000163611",TRUE,2919,5.19105460167524,93
"ENSG00000072858",TRUE,14603,30.5138438843938,101
"ENSG00000176542",TRUE,56469,61.9692040207472,101
"ENSG00000121579",TRUE,127307,144.618052329648,101
"ENSG00000114573",TRUE,106907,118.191795594924,101
"ENSG00000178075",TRUE,14075,33.8272158213356,100
"ENSG00000184307",TRUE,13864,25.5437377561988,101
"ENSG00000163617",TRUE,21496,69.1494675944434,101
"ENSG00000151576",TRUE,36397,41.0609765277861,101
"ENSG00000174255",TRUE,881,4.20707061322612,24
"ENSG00000181847",TRUE,10718,32.4025116124474,98
"ENSG00000181722",TRUE,18524,45.69826497164,101
"ENSG00000172020",TRUE,1208,8.43196981354807,31
"ENSG00000185565",TRUE,102322,136.275063331654,101
"ENSG00000114638",TRUE,2123,13.4167471671497,34
"ENSG00000121578",TRUE,34526,41.8119792669373,101
"ENSG00000031081",TRUE,186190,238.985938887814,101
"ENSG00000176142",TRUE,58278,71.7492060579233,101
"ENSG00000163389",TRUE,36404,45.5490888521962,101
"ENSG00000113845",TRUE,76619,70.8867399242587,101
"ENSG00000121594",TRUE,6801,11.9793219156592,99
"ENSG00000144843",TRUE,54305,62.4578739339713,101
"ENSG00000144837",TRUE,42149,94.6118796615516,101
"ENSG00000121577",TRUE,5233,6.36848148353275,101
"ENSG00000138495",TRUE,30154,39.5361036921299,101
"ENSG00000183833",TRUE,9447,51.8432073986756,97
"ENSG00000082701",TRUE,101457,107.70933497316,101
"ENSG00000175697",TRUE,1171,5.3656963925743,27
"ENSG00000163428",TRUE,70525,76.9652139974069,101
"ENSG00000163430",TRUE,929593,1417.46158831339,101
"ENSG00000065518",TRUE,69695,99.0030393933094,101
"ENSG00000113924",TRUE,1639,5.22949285341635,44
"ENSG00000144840",TRUE,35780,36.6529964844864,101
"ENSG00000153767",TRUE,17341,19.2212396721666,101
"ENSG00000051341",TRUE,3325,9.3025987770696,89
"ENSG00000180353",TRUE,197344,332.779416297853,101
"ENSG00000173230",TRUE,250796,290.881203028429,101
"ENSG00000173226",TRUE,35897,48.6218067955871,101
"ENSG00000145088",TRUE,7025,13.4629209681938,100
"ENSG00000163406",TRUE,45864,99.8321821773331,101
"ENSG00000145103",TRUE,6739,19.6493084805248,91
"ENSG00000114013",TRUE,42633,77.2012124112837,101
"ENSG00000036828",FALSE,822,8.34133757260286,18
"ENSG00000121552",TRUE,27575,40.9489320584566,101
"ENSG00000160124",TRUE,9836,12.7672351070202,101
"ENSG00000114023",TRUE,42536,42.6321853373649,101
"ENSG00000196981",TRUE,14518,21.6895051361806,101
"ENSG00000114030",TRUE,95467,97.2739553037756,101
"ENSG00000138496",TRUE,147551,239.945543663093,101
"ENSG00000163840",TRUE,122459,183.117462846422,101
"ENSG00000173200",TRUE,25592,51.6242623164622,101
"ENSG00000173193",TRUE,274317,429.294513814812,101
"ENSG00000169087",TRUE,20762,28.0331398679757,101
"ENSG00000138463",TRUE,24837,30.7759421770842,101
"ENSG00000082684",TRUE,4101,8.87541742456787,91
"ENSG00000065485",TRUE,47106,51.1748105033022,101
"ENSG00000121542",TRUE,18516,17.9307684066435,101
"ENSG00000173175",TRUE,38350,113.003452590497,101
"ENSG00000206527",TRUE,75643,87.0894265595308,101
"ENSG00000065534",TRUE,808082,1552.16001469572,101
"ENSG00000175455",TRUE,92372,102.28440428406,101
"ENSG00000160145",TRUE,45635,67.1415752575099,101
"ENSG00000114491",TRUE,30003,33.7193381184978,101
"ENSG00000082781",TRUE,265757,363.620163242857,101
"ENSG00000173702",FALSE,1104,9.4268489594479,17
"ENSG00000173706",TRUE,461167,700.495821667737,101
"ENSG00000221955",TRUE,13204,39.1675509494516,101
"ENSG00000163848",TRUE,67676,73.6967535531382,101
"ENSG00000114520",TRUE,54820,61.2207836319171,101
"ENSG00000144909",TRUE,55603,69.0688890885135,101
"ENSG00000189366",TRUE,1054,5.66798914708553,21
"ENSG00000114544",TRUE,61352,63.7467664566201,101
"ENSG00000144908",TRUE,7154,37.2134653011188,77
"ENSG00000163884",TRUE,60901,106.529533716078,101
"ENSG00000163885",TRUE,17042,150.995230878358,67
"ENSG00000070476",TRUE,50967,55.2907167519915,101
"ENSG00000180767",TRUE,1672,5.87081463203679,47
"ENSG00000197763",TRUE,15496,16.3419991323177,101
"ENSG00000159685",TRUE,11039,18.8062688427465,101
"ENSG00000114554",TRUE,136927,166.362763053578,101
"ENSG00000163870",TRUE,47008,72.595817065168,101
"ENSG00000073111",TRUE,19070,43.8990405099731,101
"ENSG00000114631",TRUE,7515,10.8505626735327,101
"ENSG00000114626",TRUE,84759,156.200725598688,101
"ENSG00000074416",TRUE,240993,374.135220125786,101
"ENSG00000187715",TRUE,1825,6.78085419653196,53
"ENSG00000058262",TRUE,422186,650.903142247643,101
"ENSG00000175792",TRUE,42982,86.8335937333503,101
"ENSG00000132394",TRUE,22534,30.4992799910716,101
"ENSG00000179348",TRUE,88106,159.97867516044,101
"ENSG00000163902",TRUE,351599,428.86939226938,101
"ENSG00000075785",TRUE,402658,399.068624612701,101
"ENSG00000177646",TRUE,53090,51.4267591745415,101
"ENSG00000114656",TRUE,3792,16.3238087436063,90
"ENSG00000114654",TRUE,25496,41.8546624721028,101
"ENSG00000172780",TRUE,2681,3.01624671128567,98
"ENSG00000240682",TRUE,20103,44.5063567277119,101
"ENSG00000169714",TRUE,429968,397.676864571155,101
"ENSG00000181789",TRUE,180373,210.37008593929,101
"ENSG00000183624",TRUE,56006,68.7126322732126,101
"ENSG00000184897",TRUE,151893,255.35513079551,101
"ENSG00000172771",TRUE,8556,53.3546711712318,86
"ENSG00000129071",TRUE,63457,78.0213016793486,101
"ENSG00000163913",TRUE,49504,75.5761618404072,101
"ENSG00000004399",TRUE,406020,421.680101419151,101
"ENSG00000172765",TRUE,55261,58.247075380161,101
"ENSG00000172752",TRUE,51980,151.100091592047,101
"ENSG00000206384",TRUE,123470,284.76449929755,101
"ENSG00000196455",TRUE,55887,58.3811307895515,101
"ENSG00000017260",TRUE,190569,198.611497708512,101
"ENSG00000034533",TRUE,12150,13.6009941539892,101
"ENSG00000114670",TRUE,19245,86.2290082243278,101
"ENSG00000198585",TRUE,165966,240.635703085887,101
"ENSG00000114686",TRUE,77044,101.650599321472,101
"ENSG00000196353",TRUE,959,3.76881581294613,26
"ENSG00000014257",TRUE,7449,21.3007305138922,100
"ENSG00000138246",TRUE,131370,127.972990448899,101
"ENSG00000240303",TRUE,3058,5.57063236890213,90
"ENSG00000129048",TRUE,3486,8.47865154325339,81
"ENSG00000081307",TRUE,62142,63.1060591983918,101
"ENSG00000113971",TRUE,20439,26.8599657998539,101
"ENSG00000144868",TRUE,32973,54.8577839448865,101
"ENSG00000091527",TRUE,300919,300.805548845667,101
"ENSG00000163781",TRUE,56327,54.8930208828735,101
"ENSG00000091513",TRUE,4474,37.1820088048811,85
"ENSG00000144867",TRUE,63080,128.724437666481,101
"ENSG00000154917",TRUE,14399,24.874095984367,101
"ENSG00000174640",TRUE,423824,811.024605016331,101
"ENSG00000163785",TRUE,95494,93.4416011809085,101
"ENSG00000114019",TRUE,104475,246.99838664455,101
"ENSG00000129055",TRUE,71763,72.9316101552202,101
"ENSG00000182923",TRUE,41718,43.5907986428731,101
"ENSG00000154928",TRUE,3123,11.8951002726839,77
"ENSG00000174611",TRUE,974,4.29491957267533,25
"ENSG00000073711",TRUE,21143,23.5643442110763,101
"ENSG00000174579",TRUE,57486,61.976691811746,101
"ENSG00000114054",TRUE,37483,39.2855161720598,101
"ENSG00000118007",TRUE,93453,90.407454498106,101
"ENSG00000168917",TRUE,15672,23.0271938888282,101
"ENSG00000158092",TRUE,53655,55.8036935479988,101
"ENSG00000174564",TRUE,2404,9.07888840684315,78
"ENSG00000066405",TRUE,316094,1030.59738776469,100
"ENSG00000158163",TRUE,22777,79.1715326464072,101
"ENSG00000138231",TRUE,21670,21.4131354242558,101
"ENSG00000114098",TRUE,71248,84.0639404045075,101
"ENSG00000181322",TRUE,4527,34.9903863346747,43
"ENSG00000158186",TRUE,74684,85.0406859771154,101
"ENSG00000158220",TRUE,34208,72.1843460814781,101
"ENSG00000114107",TRUE,32101,63.3758893017734,101
"ENSG00000158234",TRUE,18143,45.0521974466117,101
"ENSG00000051382",TRUE,55910,60.3355911660343,101
"ENSG00000175110",TRUE,31654,33.2156510124282,101
"ENSG00000184432",TRUE,208965,219.92020712628,101
"ENSG00000114113",TRUE,1193,4.44514715762246,33
"ENSG00000114115",TRUE,19257,28.3664830871441,101
"ENSG00000163864",TRUE,7255,10.6513657482179,101
"ENSG00000158258",TRUE,27981,125.327205032152,100
"ENSG00000114120",TRUE,127128,158.893708418988,101
"ENSG00000175093",TRUE,1570,3.53455292455301,47
"ENSG00000155893",TRUE,23600,36.1527880247871,101
"ENSG00000177311",TRUE,190242,222.089530844118,101
"ENSG00000155903",TRUE,48439,65.5025963476306,101
"ENSG00000114125",TRUE,58249,56.5075214970757,101
"ENSG00000069849",TRUE,199669,412.653710490164,101
"ENSG00000114126",TRUE,66333,71.0309304662562,101
"ENSG00000175066",TRUE,41482,48.5558468906369,101
"ENSG00000114127",TRUE,89116,104.692817617525,101
"ENSG00000175054",TRUE,55737,73.9105784779953,101
"ENSG00000120756",TRUE,22908,52.4745648617985,101
"ENSG00000144935",TRUE,19974,27.7562060219156,101
"ENSG00000163710",TRUE,25614,62.506740441219,101
"ENSG00000163714",TRUE,138892,133.936249389296,101
"ENSG00000175040",TRUE,43250,71.9079691161953,101
"ENSG00000181804",TRUE,35453,45.9736083386908,101
"ENSG00000181744",TRUE,37457,52.8970856405504,101
"ENSG00000152952",TRUE,66411,145.056288851859,101
"ENSG00000114698",TRUE,124733,190.841617877434,101
"ENSG00000188313",TRUE,106816,198.818121443059,101
"ENSG00000144891",TRUE,29511,53.4187394206406,101
"ENSG00000163751",TRUE,242518,478.251967548573,101
"ENSG00000163754",TRUE,80608,99.5907505821029,101
"ENSG00000071794",TRUE,43224,50.6671043260522,101
"ENSG00000163755",TRUE,48396,60.4738417755884,101
"ENSG00000047457",TRUE,103612,511.177047878487,101
"ENSG00000163762",TRUE,31788,79.4763024188082,99
"ENSG00000169908",TRUE,370976,822.140509676497,101
"ENSG00000018408",TRUE,213910,284.22692427913,101
"ENSG00000114744",TRUE,53443,54.792102022894,101
"ENSG00000206199",TRUE,3951,31.5140196577955,38
"ENSG00000082996",TRUE,134111,155.359523716068,101
"ENSG00000070087",TRUE,62130,121.824210053603,101
"ENSG00000196428",TRUE,54019,153.882430954328,101
"ENSG00000120742",TRUE,248207,340.578989938004,101
"ENSG00000144895",TRUE,138804,130.388495908362,101
"ENSG00000198843",TRUE,126221,138.691568754331,101
"ENSG00000181788",TRUE,39520,55.0666320385441,101
"ENSG00000144893",TRUE,994,2.49391522471763,25
"ENSG00000174946",TRUE,13595,94.7173693665269,101
"ENSG00000174944",TRUE,19823,34.7845096191887,101
"ENSG00000138271",TRUE,5453,29.5712365251463,39
"ENSG00000181631",TRUE,18773,60.1024647954766,101
"ENSG00000169313",TRUE,4869,11.3631309483028,94
"ENSG00000152580",TRUE,168362,267.924714982311,101
"ENSG00000114771",TRUE,8235,58.8899549099521,87
"ENSG00000198829",TRUE,6098,14.5050030230214,97
"ENSG00000152601",TRUE,419686,503.433769135678,101
"ENSG00000169860",TRUE,40750,113.899053474855,101
"ENSG00000181467",TRUE,63285,111.7656335574,101
"ENSG00000114790",TRUE,75840,165.763453526784,101
"ENSG00000174953",TRUE,86263,82.2751850091347,101
"ENSG00000196549",TRUE,110270,548.379541250607,101
"ENSG00000114805",TRUE,15702,46.541317439833,101
"ENSG00000174928",TRUE,1755,2.86166083866845,74
"ENSG00000169359",TRUE,23732,43.9936041247734,101
"ENSG00000163655",TRUE,68505,70.065235206226,101
"ENSG00000169282",TRUE,9643,23.7149151006039,101
"ENSG00000114850",TRUE,212593,298.519110524739,101
"ENSG00000163659",TRUE,157160,419.61454668237,101
"ENSG00000197980",TRUE,1342,6.57486741061921,28
"ENSG00000163660",TRUE,239135,596.125689212327,101
"ENSG00000197415",TRUE,57379,170.285921036188,101
"ENSG00000163661",TRUE,49593,1209.7078755312,101
"ENSG00000174899",TRUE,5239,12.0584404731093,101
"ENSG00000168779",TRUE,1454,5.28929320513961,36
"ENSG00000174891",TRUE,22808,24.9855941145485,101
"ENSG00000178053",TRUE,23522,82.1480560384262,101
"ENSG00000168827",TRUE,63298,72.3040783842796,101
"ENSG00000079257",TRUE,59917,124.020935785728,101
"ENSG00000118849",TRUE,131066,465.453726049108,101
"ENSG00000118855",TRUE,173943,224.528808451186,101
"ENSG00000151967",TRUE,3993,14.173381798425,95
"ENSG00000168811",TRUE,2681,11.0811626179694,59
"ENSG00000180044",TRUE,1536,8.97171252517352,45
"ENSG00000068885",TRUE,26808,41.8409525990552,101
"ENSG00000113810",TRUE,76425,103.129854985116,101
"ENSG00000213186",TRUE,3893,7.38057423635274,99
"ENSG00000186432",TRUE,119511,124.837401165064,101
"ENSG00000163590",TRUE,29711,48.7538360525079,101
"ENSG00000169255",TRUE,42107,118.704992127845,101
"ENSG00000169251",TRUE,69110,65.4983369445252,101
"ENSG00000121871",TRUE,2533,13.7107047896943,49
"ENSG00000114200",TRUE,56131,174.109431907684,101
"ENSG00000169064",TRUE,14115,116.760576429962,64
"ENSG00000114204",TRUE,2290,13.3305429090912,42
"ENSG00000174776",TRUE,6030,39.9026435954821,68
"ENSG00000114209",TRUE,43712,43.684435997871,101
"ENSG00000163536",TRUE,12917,30.6101796971942,101
"ENSG00000173905",TRUE,115451,133.57311858216,101
"ENSG00000085276",TRUE,96639,118.528690800802,101
"ENSG00000184378",TRUE,2003,4.15257552716347,76
"ENSG00000085274",TRUE,34097,35.1583027047049,101
"ENSG00000171757",TRUE,7874,40.8095218590158,99
"ENSG00000114248",TRUE,1110,3.93081761006289,27
"ENSG00000008952",TRUE,247184,257.194944037217,101
"ENSG00000173890",TRUE,16505,37.2255093500603,101
"ENSG00000173889",TRUE,105823,137.227161276439,101
"ENSG00000163558",TRUE,72584,125.873624561122,101
"ENSG00000136603",TRUE,98170,147.723759101441,101
"ENSG00000013297",TRUE,13013,20.1684053407288,101
"ENSG00000163584",TRUE,32533,77.9573153714758,101
"ENSG00000163577",TRUE,10487,19.545348890613,101
"ENSG00000154310",TRUE,54118,68.3275370126092,101
"ENSG00000075651",TRUE,34798,41.0812457476961,101
"ENSG00000186329",TRUE,5168,48.0645479672853,41
"ENSG00000075420",TRUE,181094,230.350434884859,101
"ENSG00000121858",TRUE,224119,927.624504683555,101
"ENSG00000144959",TRUE,54989,88.1441464411468,101
"ENSG00000114346",TRUE,18866,33.9536751457978,101
"ENSG00000169760",TRUE,2754,6.8509754735078,76
"ENSG00000177694",TRUE,13674,24.1747330746058,101
"ENSG00000177565",TRUE,154246,192.652996555894,101
"ENSG00000197584",TRUE,830,2.0034341944299,19
"ENSG00000172667",TRUE,83174,130.375551356445,101
"ENSG00000121879",TRUE,78772,91.6760166728116,101
"ENSG00000171121",TRUE,3733,5.02366929698549,101
"ENSG00000121864",TRUE,44351,43.869095937095,101
"ENSG00000171109",TRUE,66288,68.9966395282546,101
"ENSG00000114450",TRUE,117023,125.890246717058,101
"ENSG00000136518",TRUE,44697,44.8149008562896,101
"ENSG00000136522",TRUE,30824,38.101302527311,101
"ENSG00000136521",TRUE,71927,65.0305473606392,101
"ENSG00000058056",TRUE,47741,66.7777268861768,101
"ENSG00000163728",TRUE,76936,98.844511506578,101
"ENSG00000114416",TRUE,126090,130.91916629442,101
"ENSG00000205981",TRUE,27026,27.5395778594065,101
"ENSG00000181449",TRUE,7339,44.7690487293758,49
"ENSG00000058063",TRUE,116914,117.267861308397,101
"ENSG00000043093",TRUE,41556,41.2392505390333,101
"ENSG00000078070",TRUE,61016,106.919275514989,101
"ENSG00000078081",TRUE,280145,836.178678284901,101
"ENSG00000053524",TRUE,2233,4.93222848332664,76
"ENSG00000176597",TRUE,60136,133.80347340656,101
"ENSG00000172578",TRUE,70335,142.002021431649,101
"ENSG00000114796",TRUE,93733,138.252939885437,101
"ENSG00000163872",TRUE,90241,93.6374819005599,101
"ENSG00000175193",TRUE,12592,57.3085236375444,101
"ENSG00000114770",TRUE,99349,163.896328136631,101
"ENSG00000178084",TRUE,1789,14.6867145872462,39
"ENSG00000145191",TRUE,81694,83.6949466141241,101
"ENSG00000161202",TRUE,162102,151.155637577995,101
"ENSG00000161203",TRUE,390947,541.832887742618,101
"ENSG00000161204",TRUE,63952,65.4549303346,101
"ENSG00000145198",TRUE,817,2.69693064634794,18
"ENSG00000214160",TRUE,33060,72.2192827442906,101
"ENSG00000175166",TRUE,212703,227.123348831633,101
"ENSG00000114867",TRUE,426016,467.811448844002,101
"ENSG00000175182",TRUE,33664,40.3985488471594,101
"ENSG00000114859",TRUE,8527,10.491357628099,101
"ENSG00000163882",TRUE,54964,98.8026057982369,101
"ENSG00000090534",TRUE,1355,2.32109682037589,43
"ENSG00000090539",TRUE,32206,48.7647084120992,101
"ENSG00000182580",TRUE,13846,22.0487289880476,101
"ENSG00000177383",TRUE,43044,48.4557129425,101
"ENSG00000156931",TRUE,68489,81.0906271050081,101
"ENSG00000187068",TRUE,15954,51.3730202421244,101
"ENSG00000113790",TRUE,15030,19.1028958381426,101
"ENSG00000073803",TRUE,44716,56.7896538959552,101
"ENSG00000163900",TRUE,36038,59.3786532893158,101
"ENSG00000163898",TRUE,33933,63.0653278688287,101
"ENSG00000163904",TRUE,55384,68.5174961981973,101
"ENSG00000073792",TRUE,28851,39.4693726187048,101
"ENSG00000136527",TRUE,192604,249.110252650166,101
"ENSG00000244405",TRUE,59328,119.277811007187,101
"ENSG00000058866",TRUE,20540,39.2153842502529,101
"ENSG00000213139",TRUE,5085,7.17065660094123,101
"ENSG00000113838",TRUE,17802,17.8619352781706,101
"ENSG00000090520",TRUE,49177,70.5474952175443,101
"ENSG00000156976",TRUE,575886,553.649179887314,101
"ENSG00000163918",TRUE,13087,25.3707239374626,101
"ENSG00000073849",TRUE,204739,379.007939183683,101
"ENSG00000163923",TRUE,5544,7.47263317930651,101
"ENSG00000127241",TRUE,38599,88.2325352963616,101
"ENSG00000136514",TRUE,9890,19.1433644255399,101
"ENSG00000113916",TRUE,246000,313.679166744195,101
"ENSG00000145012",TRUE,423381,804.274406411911,101
"ENSG00000188001",TRUE,13949,22.7593081777229,101
"ENSG00000073282",TRUE,15118,67.8647233877707,89
"ENSG00000090530",TRUE,56506,125.971290861686,101
"ENSG00000163347",TRUE,53478,137.361935282723,101
"ENSG00000113946",TRUE,1795,10.7313927851486,32
"ENSG00000196083",TRUE,47100,97.8529669424885,101
"ENSG00000188729",TRUE,815,4.21598490677403,19
"ENSG00000152492",TRUE,207688,261.579813506245,101
"ENSG00000114279",TRUE,4066,11.6765804268779,85
"ENSG00000180611",TRUE,13295,20.4131034949274,101
"ENSG00000187527",TRUE,1081,3.23361139277463,33
"ENSG00000127249",TRUE,135498,292.284073704971,101
"ENSG00000198836",TRUE,88457,90.5683900508779,101
"ENSG00000114315",TRUE,38165,186.140914413706,101
"ENSG00000172061",TRUE,13637,73.9161987148624,89
"ENSG00000133657",TRUE,157603,524.448663803934,101
"ENSG00000145014",TRUE,33872,49.6783089503633,101
"ENSG00000041802",TRUE,64777,91.1486950403184,101
"ENSG00000185112",TRUE,28880,61.5020977845818,101
"ENSG00000173950",TRUE,23871,28.5255130265441,101
"ENSG00000114331",TRUE,104204,113.481709854266,101
"ENSG00000184203",TRUE,77364,86.579714823313,101
"ENSG00000189058",TRUE,116656,293.414683018499,101
"ENSG00000176945",TRUE,12208,39.2337677581436,101
"ENSG00000145113",TRUE,91197,398.72414320031,97
"ENSG00000061938",TRUE,85245,117.63318685665,101
"ENSG00000072274",TRUE,321416,549.323231799135,101
"ENSG00000163958",TRUE,1367,8.92920861591703,26
"ENSG00000163959",TRUE,1335,6.72601378787483,29
"ENSG00000161217",TRUE,103393,103.546938241293,101
"ENSG00000213123",TRUE,2434,7.47435064845,66
"ENSG00000145107",TRUE,1167,5.42777487934599,25
"ENSG00000163960",TRUE,88530,116.449531215585,101
"ENSG00000163961",TRUE,36063,37.6127514094999,101
"ENSG00000185798",TRUE,10382,10.7254708481702,101
"ENSG00000174013",TRUE,23117,25.6443095164378,101
"ENSG00000174004",TRUE,19353,52.984102054132,100
"ENSG00000163964",TRUE,26415,30.1841487554022,101
"ENSG00000174007",TRUE,6340,16.852821064001,100
"ENSG00000180370",TRUE,188178,188.830170675261,101
"ENSG00000119231",TRUE,54960,58.4941781255626,101
"ENSG00000114503",TRUE,95540,88.9266021880468,101
"ENSG00000119227",TRUE,8852,11.7847170758898,101
"ENSG00000163975",TRUE,8190,38.0496110137155,101
"ENSG00000075711",TRUE,98144,97.6469610464468,101
"ENSG00000161267",TRUE,15677,45.3944420342157,101
"ENSG00000145016",TRUE,60060,81.3366985223716,101
"ENSG00000122068",TRUE,109904,115.168558037065,101
"ENSG00000186001",TRUE,60352,59.4005176970818,101
"ENSG00000114473",TRUE,31797,151.902109141892,101
"ENSG00000182899",TRUE,446352,482.024125200465,101
"ENSG00000185621",TRUE,20256,45.4950595539398,101
"ENSG00000272602",TRUE,14975,18.3859127846125,101
"ENSG00000250312",TRUE,8070,12.8813942821171,101
"ENSG00000131127",TRUE,29166,44.0387220165348,101
"ENSG00000182903",TRUE,31161,37.9716981132075,101
"ENSG00000174227",TRUE,75816,80.1987814481214,101
"ENSG00000133256",TRUE,7148,10.1813248562455,101
"ENSG00000169020",TRUE,76142,246.479366446364,101
"ENSG00000215375",TRUE,9317,25.6796406838405,101
"ENSG00000169026",TRUE,23671,29.2772310054767,101
"ENSG00000185619",TRUE,101755,118.10883085913,101
"ENSG00000168993",TRUE,8797,18.0801914766989,101
"ENSG00000178950",TRUE,144022,142.63069869422,101
"ENSG00000127419",TRUE,39176,44.9364344424772,101
"ENSG00000145214",TRUE,39498,42.1511182580261,101
"ENSG00000127415",TRUE,36191,58.5887403285277,101
"ENSG00000127418",TRUE,31665,42.5928481496815,101
"ENSG00000178222",TRUE,4340,6.15800146613983,101
"ENSG00000159674",TRUE,95161,179.835968974747,101
"ENSG00000159692",TRUE,159326,203.554453866337,101
"ENSG00000090316",TRUE,81164,79.525442386433,101
"ENSG00000163945",TRUE,82607,149.35067190436,101
"ENSG00000174137",TRUE,1733,2.24945699405927,73
"ENSG00000163950",TRUE,51000,58.6601889826786,101
"ENSG00000013810",TRUE,36506,83.6659260989644,101
"ENSG00000168936",TRUE,74371,70.8398749578721,101
"ENSG00000068078",TRUE,45089,114.154854649379,101
"ENSG00000168924",TRUE,50553,72.0529014532112,101
"ENSG00000109685",TRUE,82763,81.3107826537095,101
"ENSG00000185049",TRUE,26780,33.2027918878835,101
"ENSG00000243449",TRUE,4612,31.7794966820549,100
"ENSG00000130997",TRUE,2808,4.83668407217965,93
"ENSG00000214367",TRUE,23798,24.214164145707,101
"ENSG00000123933",TRUE,187591,269.362041887114,101
"ENSG00000159733",TRUE,22219,28.0558961469745,101
"ENSG00000063978",TRUE,82275,97.1826818615233,101
"ENSG00000125386",TRUE,53856,51.3784921296414,101
"ENSG00000168884",TRUE,52509,57.1773993229038,101
"ENSG00000087266",TRUE,159608,193.736882857214,101
"ENSG00000087274",TRUE,453331,442.371538967282,101
"ENSG00000109736",TRUE,93928,135.175821194996,101
"ENSG00000087269",TRUE,48602,72.0529014532112,101
"ENSG00000125388",TRUE,7643,9.3968755134948,101
"ENSG00000197386",TRUE,160263,196.479535192675,101
"ENSG00000159788",TRUE,72093,92.2533358266418,101
"ENSG00000175920",TRUE,3116,9.85307259019985,75
"ENSG00000163956",TRUE,181884,229.849255982787,101
"ENSG00000184160",TRUE,9846,24.6557512879538,101
"ENSG00000132406",TRUE,30136,35.4825748454227,101
"ENSG00000145220",TRUE,24745,30.4448687249551,101
"ENSG00000168826",TRUE,10560,11.0158271207565,101
"ENSG00000168824",TRUE,4743,17.4765504923066,71
"ENSG00000168818",TRUE,40965,40.2805095386211,101
"ENSG00000163132",TRUE,5898,12.8021669098325,101
"ENSG00000170891",TRUE,6105,20.8456161602187,86
"ENSG00000152953",TRUE,6139,9.71249955359858,100
"ENSG00000173040",TRUE,12420,15.3722174356523,101
"ENSG00000072840",TRUE,69909,92.5288168279075,101
"ENSG00000072832",TRUE,17440,38.9183653762493,101
"ENSG00000109501",TRUE,100742,175.471698113208,101
"ENSG00000013288",TRUE,123677,121.625473387697,101
"ENSG00000179010",TRUE,343745,305.022486837378,101
"ENSG00000163993",TRUE,15056,65.8219409496128,99
"ENSG00000178988",TRUE,92429,86.2121294088331,101
"ENSG00000186222",TRUE,14212,15.2224343624775,101
"ENSG00000170871",TRUE,96901,103.761987985979,101
"ENSG00000132405",TRUE,123037,160.71820266619,101
"ENSG00000173013",TRUE,6520,32.1941783554458,98
"ENSG00000173011",TRUE,50325,47.4351896756751,101
"ENSG00000109519",TRUE,37979,56.8614522798248,101
"ENSG00000184985",TRUE,27174,62.1750174182305,101
"ENSG00000196526",TRUE,100061,138.751074699724,101
"ENSG00000163995",TRUE,11901,21.248092454208,101
"ENSG00000125089",TRUE,93278,167.6099870422,101
"ENSG00000170801",TRUE,103127,271.192208807366,101
"ENSG00000087008",TRUE,22335,22.8393058629111,101
"ENSG00000155275",TRUE,17163,18.5154312138127,101
"ENSG00000109667",TRUE,15390,19.4470734686219,101
"ENSG00000169676",TRUE,1345,9.04009573834945,37
"ENSG00000071127",TRUE,446305,462.610218210394,101
"ENSG00000178163",TRUE,37915,45.4784519134969,101
"ENSG00000109684",TRUE,2462,7.98457306209305,60
"ENSG00000002587",TRUE,12151,29.7002631307282,101
"ENSG00000157869",TRUE,29391,30.1629904459103,101
"ENSG00000038219",TRUE,115080,130.726271883973,101
"ENSG00000137449",TRUE,42806,61.4102034690137,101
"ENSG00000163145",TRUE,42079,73.8932375892084,99
"ENSG00000048342",TRUE,49623,132.404226475918,101
"ENSG00000118564",TRUE,192757,181.674430741397,101
"ENSG00000237765",TRUE,25978,29.1788624409908,101
"ENSG00000109743",TRUE,20817,39.7747691320492,101
"ENSG00000004468",TRUE,31330,76.2243351097432,101
"ENSG00000137440",TRUE,6151,34.8800208570701,72
"ENSG00000137441",TRUE,3327,13.8314782125141,66
"ENSG00000007062",TRUE,26857,188.479532437751,77
"ENSG00000169762",TRUE,53577,65.6426362178534,101
"ENSG00000169744",TRUE,176694,324.964954281685,101
"ENSG00000151552",TRUE,36039,45.2444856688654,101
"ENSG00000002549",TRUE,198908,329.819411187013,101
"ENSG00000118579",TRUE,101735,110.444700265192,101
"ENSG00000163257",TRUE,45938,48.5566066609848,101
"ENSG00000109805",TRUE,5073,20.8600013766095,95
"ENSG00000178177",TRUE,19034,24.2226218565898,101
"ENSG00000145147",TRUE,257093,413.740265504499,101
"ENSG00000163138",TRUE,21067,28.6422384899389,101
"ENSG00000152990",TRUE,45534,54.4489382270065,101
"ENSG00000109819",TRUE,18505,44.5449142236214,101
"ENSG00000109606",TRUE,178316,210.913419619419,101
"ENSG00000109610",TRUE,162552,333.308180840699,101
"ENSG00000181982",TRUE,37972,39.5800721161046,101
"ENSG00000153012",TRUE,20126,76.4604156996131,101
"ENSG00000109618",TRUE,25449,30.8941373180739,101
"ENSG00000038210",TRUE,22063,28.2170952342171,101
"ENSG00000168228",TRUE,14342,14.887918159678,101
"ENSG00000053900",TRUE,59328,83.2966293914892,101
"ENSG00000157765",TRUE,1324016,2762.37116506086,101
"ENSG00000091490",TRUE,177792,307.783472261977,101
"ENSG00000250317",TRUE,24516,25.6013668823486,101
"ENSG00000168214",TRUE,189409,249.943482198436,101
"ENSG00000109680",TRUE,13149,15.4844695510547,101
"ENSG00000109689",TRUE,76032,84.1185514506347,101
"ENSG00000169851",TRUE,45259,106.679475230336,101
"ENSG00000047365",TRUE,61971,148.478346461818,101
"ENSG00000197057",TRUE,17130,113.435356130338,92
"ENSG00000154274",TRUE,7233,18.3084180975391,98
"ENSG00000181826",TRUE,35160,63.7849139566362,101
"ENSG00000169299",TRUE,47007,58.4028577017629,101
"ENSG00000065882",TRUE,136675,138.67578925496,101
"ENSG00000109787",TRUE,135137,164.678614171242,101
"ENSG00000174123",TRUE,4216,19.107112368402,73
"ENSG00000174125",TRUE,23016,62.9467498035865,100
"ENSG00000174130",TRUE,12967,37.7199840108363,100
"ENSG00000197712",TRUE,95215,118.028316539605,101
"ENSG00000121895",TRUE,4092,16.9130199665178,80
"ENSG00000109790",TRUE,83248,140.861833850143,101
"ENSG00000157796",TRUE,58480,131.572921401012,101
"ENSG00000035928",TRUE,90368,89.3153954707182,101
"ENSG00000134962",TRUE,2762,10.6426329686547,50
"ENSG00000163682",TRUE,860725,1353.64088355435,101
"ENSG00000121897",TRUE,15985,17.3818333843956,101
"ENSG00000109814",TRUE,55528,105.772239571709,101
"ENSG00000163683",TRUE,141932,157.530776963281,101
"ENSG00000078140",TRUE,98082,102.710932415924,101
"ENSG00000121892",TRUE,183331,176.839141068629,101
"ENSG00000078177",TRUE,26490,34.9190588855416,101
"ENSG00000168421",TRUE,21303,60.9666184315388,101
"ENSG00000163694",TRUE,85228,115.806010600197,101
"ENSG00000179299",TRUE,15798,71.7189560077889,101
"ENSG00000163697",TRUE,150665,188.519738624218,101
"ENSG00000154277",TRUE,15103,60.0948776120374,100
"ENSG00000064042",TRUE,507977,774.528301886792,101
"ENSG00000109133",TRUE,65525,79.4813133157554,101
"ENSG00000014824",TRUE,97403,93.0084982100279,101
"ENSG00000188848",TRUE,1623,4.08657310824279,50
"ENSG00000178343",TRUE,7914,24.085372968003,92
"ENSG00000124406",TRUE,85438,127.143172469496,101
"ENSG00000151806",TRUE,35354,36.1239841640918,101
"ENSG00000163281",TRUE,26080,32.3727412484435,101
"ENSG00000151834",FALSE,767,3.29024934606294,16
"ENSG00000169019",TRUE,19549,24.1402444421599,101
"ENSG00000145246",TRUE,70552,90.6842935277334,101
"ENSG00000145244",TRUE,11754,49.9440362861696,97
"ENSG00000170448",TRUE,19273,41.5336143793307,101
"ENSG00000163293",TRUE,2024,6.44424835730404,55
"ENSG00000198515",TRUE,1356,4.85621365375264,36
"ENSG00000074966",TRUE,6222,18.5283165725105,100
"ENSG00000135605",TRUE,10081,16.2491316870255,101
"ENSG00000109171",TRUE,106423,109.615607576125,101
"ENSG00000075539",TRUE,126872,198.285481422056,101
"ENSG00000109180",TRUE,148313,137.996642434376,101
"ENSG00000145247",TRUE,28645,49.090846599859,101
"ENSG00000109182",TRUE,3427,24.8007210699589,39
"ENSG00000109184",TRUE,51149,55.9582620830289,101
"ENSG00000163069",TRUE,94867,127.307687095623,101
"ENSG00000163071",TRUE,48759,248.48464420823,101
"ENSG00000109189",TRUE,28284,30.4418522880038,101
"ENSG00000226887",TRUE,2283,6.52781136515969,72
"ENSG00000184178",TRUE,19822,23.1859503320186,101
"ENSG00000145216",TRUE,28893,27.4723870565446,101
"ENSG00000072201",TRUE,6383,13.5534834073587,97
"ENSG00000109220",TRUE,21023,26.8349493654885,101
"ENSG00000134853",TRUE,233639,470.125786163522,101
"ENSG00000157404",TRUE,139118,272.73620431846,101
"ENSG00000128052",TRUE,181050,351.976587516829,101
"ENSG00000128039",TRUE,31562,67.0130515693707,101
"ENSG00000134851",TRUE,145981,224.154416167167,101
"ENSG00000134852",TRUE,68978,76.7903285899242,101
"ENSG00000090989",TRUE,70547,72.7416840871077,101
"ENSG00000174799",TRUE,21210,22.7181489319233,101
"ENSG00000109265",TRUE,10700,21.2910789776506,96
"ENSG00000157426",TRUE,21716,27.3574942832661,101
"ENSG00000128059",TRUE,9777,15.3334253338853,101
"ENSG00000128050",TRUE,67665,110.557397314869,101
"ENSG00000174780",TRUE,144964,150.543026065367,101
"ENSG00000171476",TRUE,268093,562.434872384385,101
"ENSG00000084093",TRUE,56989,74.6016276841827,101
"ENSG00000084092",TRUE,32171,38.7149741348954,101
"ENSG00000047315",TRUE,145005,150.012779426197,101
"ENSG00000163453",TRUE,1280750,1930.82667895345,101
"ENSG00000150471",TRUE,19747,55.0336601223539,101
"ENSG00000145241",TRUE,39280,40.886897498225,101
"ENSG00000035720",TRUE,4544,12.884153753005,96
"ENSG00000033178",TRUE,66822,69.2639670030173,101
"ENSG00000083896",TRUE,124657,132.323416317498,101
"ENSG00000156096",TRUE,1995,6.51655510460089,49
"ENSG00000173597",TRUE,15198,37.7524095728539,100
"ENSG00000109193",TRUE,2825,12.7905458781654,68
"ENSG00000109205",TRUE,1562,4.85645639387804,39
"ENSG00000181617",TRUE,1899,17.2197184593784,34
"ENSG00000132465",TRUE,1134646,6866.66785602901,101
"ENSG00000132467",TRUE,41655,56.0805833970806,101
"ENSG00000018189",TRUE,91541,91.8816664496517,101
"ENSG00000132463",TRUE,115417,109.072930982636,101
"ENSG00000173542",TRUE,58034,63.095529865957,101
"ENSG00000156136",TRUE,29343,36.6722282368777,101
"ENSG00000080493",TRUE,45770,123.211202957439,101
"ENSG00000156140",TRUE,10117,21.4181036478755,101
"ENSG00000163626",TRUE,22945,22.2602688562405,101
"ENSG00000132466",TRUE,165409,166.774057256512,101
"ENSG00000169435",TRUE,11183,42.4721320088276,96
"ENSG00000169429",TRUE,60339,316.216753118081,101
"ENSG00000124875",TRUE,5744,45.2130236728694,55
"ENSG00000163739",TRUE,27017,163.773337700622,101
"ENSG00000163737",TRUE,2342,28.7460630432604,34
"ENSG00000163736",TRUE,15624,69.671961038114,83
"ENSG00000163735",TRUE,24103,119.638279849063,99
"ENSG00000163734",TRUE,12386,52.5692195088417,99
"ENSG00000081041",TRUE,69305,476.748438993979,101
"ENSG00000163738",TRUE,11999,18.5204847164295,101
"ENSG00000182585",TRUE,1458,30.4538864270223,18
"ENSG00000124882",TRUE,8228,33.0833056641928,81
"ENSG00000109321",TRUE,60004,183.949867700307,98
"ENSG00000174808",TRUE,14065,40.3061682974146,101
"ENSG00000169116",TRUE,186348,266.367608113037,101
"ENSG00000163743",TRUE,31412,35.6403494074811,101
"ENSG00000174796",TRUE,19999,23.4637115135879,101
"ENSG00000138769",TRUE,12846,27.9330234704604,101
"ENSG00000138757",TRUE,173749,175.490371744469,101
"ENSG00000138768",TRUE,136714,133.930450698167,101
"ENSG00000138744",TRUE,42395,52.5437909567292,101
"ENSG00000198301",TRUE,58104,57.6116580519385,101
"ENSG00000138755",TRUE,67360,543.625421096357,101
"ENSG00000169245",TRUE,30190,488.271114323711,100
"ENSG00000169248",TRUE,5605,52.3559484891273,73
"ENSG00000138750",TRUE,46612,43.1228997051591,101
"ENSG00000138760",TRUE,554325,542.940824056032,101
"ENSG00000189157",TRUE,5014,18.4161835564902,96
"ENSG00000118804",TRUE,2342,3.91300386213481,84
"ENSG00000163749",TRUE,1451,3.1741373063887,47
"ENSG00000138771",TRUE,88383,176.908625527629,101
"ENSG00000186212",TRUE,2958,7.71705514581668,80
"ENSG00000138758",TRUE,324208,421.290384442696,101
"ENSG00000118816",TRUE,451119,481.323144708315,101
"ENSG00000138764",TRUE,80278,115.50569117471,101
"ENSG00000156234",TRUE,15779,121.60316643994,64
"ENSG00000138767",TRUE,103194,156.997391427958,101
"ENSG00000169288",TRUE,20608,22.2669949834934,101
"ENSG00000138759",TRUE,66638,232.264593317589,101
"ENSG00000138772",TRUE,119320,304.83985890724,101
"ENSG00000138756",TRUE,71649,110.885011362595,101
"ENSG00000163291",TRUE,16807,22.6099185832018,101
"ENSG00000163297",TRUE,152454,172.177955482433,101
"ENSG00000152784",TRUE,5804,10.0803073954246,101
"ENSG00000197826",TRUE,1958,15.9957313409794,27
"ENSG00000152785",TRUE,8137,25.6360278427343,92
"ENSG00000138669",TRUE,5503,22.2531979588187,88
"ENSG00000138670",TRUE,59137,92.7142343660922,101
"ENSG00000138668",TRUE,236426,221.269846137595,101
"ENSG00000152795",TRUE,413589,436.221753132988,101
"ENSG00000145293",TRUE,46902,51.4614995174071,101
"ENSG00000249242",TRUE,28373,37.3547001118497,101
"ENSG00000145284",TRUE,37797,79.6804458345822,101
"ENSG00000138674",TRUE,300613,324.655477869899,101
"ENSG00000168152",TRUE,6307,7.42622519285275,101
"ENSG00000189308",TRUE,18578,21.2122960189211,101
"ENSG00000138663",TRUE,47581,45.5801911524184,101
"ENSG00000145287",TRUE,25933,50.9363291351419,101
"ENSG00000173085",TRUE,17464,22.4101301461768,101
"ENSG00000173083",TRUE,13817,41.2424727900584,101
"ENSG00000163312",TRUE,22228,22.5197365126942,101
"ENSG00000163319",TRUE,23926,32.1411275776871,101
"ENSG00000163322",TRUE,22142,29.3223971875891,101
"ENSG00000138678",TRUE,11245,15.0674680702625,100
"ENSG00000163624",TRUE,40923,138.979093886537,101
"ENSG00000163625",TRUE,148442,155.030366265392,101
"ENSG00000138639",TRUE,49918,63.1070747636664,101
"ENSG00000109339",TRUE,31677,76.6034106421215,101
"ENSG00000163629",TRUE,149009,228.649271829714,101
"ENSG00000145283",TRUE,1581,6.10861042202778,45
"ENSG00000172493",TRUE,265571,417.088170186988,101
"ENSG00000145332",TRUE,36673,37.6053614862854,101
"ENSG00000170509",TRUE,3384,27.1069668147174,61
"ENSG00000198189",TRUE,103763,134.515421095066,101
"ENSG00000170502",TRUE,49387,54.2841216199935,101
"ENSG00000152583",TRUE,2619709,4665.9660101274,101
"ENSG00000118785",TRUE,216105,1474.28176375126,100
"ENSG00000118762",TRUE,150751,224.924446175696,101
"ENSG00000118777",TRUE,25918,112.673571592694,101
"ENSG00000163644",TRUE,49515,85.047941085175,101
"ENSG00000138642",TRUE,35073,114.05318603244,101
"ENSG00000138646",TRUE,23250,36.0205948292328,101
"ENSG00000145337",TRUE,76084,71.8120637852878,101
"ENSG00000138641",TRUE,60847,73.8998969182368,101
"ENSG00000177432",TRUE,13095,25.1728451457189,101
"ENSG00000138640",TRUE,80757,112.189121027419,101
"ENSG00000180346",TRUE,10249,11.5214737153722,101
"ENSG00000185477",TRUE,71063,117.228821428813,101
"ENSG00000145335",TRUE,16261,21.5001388802985,101
"ENSG00000138722",TRUE,174970,428.301886792453,101
"ENSG00000184305",TRUE,2754,7.17105626706026,82
"ENSG00000163104",TRUE,53941,54.6463582416532,101
"ENSG00000163106",TRUE,22741,31.4846275590383,101
"ENSG00000163110",TRUE,162242,276.572903626915,101
"ENSG00000138696",TRUE,9849,50.4711306673686,89
"ENSG00000182168",TRUE,42741,61.3531131095476,101
"ENSG00000138698",TRUE,57775,59.0687803960441,101
"ENSG00000168785",TRUE,23530,35.0555701846014,101
"ENSG00000151247",TRUE,32684,35.1951227381023,101
"ENSG00000164024",TRUE,57905,63.9349175791248,101
"ENSG00000197894",TRUE,222292,240.352203417209,101
"ENSG00000172955",TRUE,1375,12.1672833690769,22
"ENSG00000187758",TRUE,3664,9.88443156408204,96
"ENSG00000196616",TRUE,1070897,2264.11194896421,101
"ENSG00000248144",TRUE,7156,28.9875936989921,97
"ENSG00000196344",TRUE,4390,24.4603536095131,39
"ENSG00000145331",TRUE,6985,10.2023804647539,101
"ENSG00000138823",TRUE,3143,28.8235678404248,50
"ENSG00000070190",TRUE,22574,44.2512652889773,101
"ENSG00000109270",TRUE,57585,64.9029520788866,101
"ENSG00000164031",TRUE,68364,72.4251406402534,101
"ENSG00000164032",TRUE,132436,177.441305598981,101
"ENSG00000145358",TRUE,2829,13.9667880126827,66
"ENSG00000164035",TRUE,147915,295.399795461003,101
"ENSG00000138814",TRUE,87789,101.565084017496,101
"ENSG00000153064",TRUE,19288,48.2060174432159,101
"ENSG00000138821",TRUE,273003,864.609129508112,101
"ENSG00000109320",TRUE,109756,172.617844791298,101
"ENSG00000109323",TRUE,85083,113.30672239831,101
"ENSG00000109332",TRUE,345428,391.202210710099,101
"ENSG00000145354",TRUE,28027,48.7046334718317,101
"ENSG00000164037",TRUE,1117,2.38646012369023,31
"ENSG00000164038",TRUE,16964,25.822907553991,101
"ENSG00000164039",TRUE,58140,59.2685062102078,101
"ENSG00000138778",TRUE,5882,14.3316260713523,100
"ENSG00000168772",TRUE,5039,14.255204844982,89
"ENSG00000168769",TRUE,72279,96.3547451483037,101
"ENSG00000138777",TRUE,63715,78.6446679124317,101
"ENSG00000236699",TRUE,13148,38.6816909847619,100
"ENSG00000138785",TRUE,32299,29.1875703568634,101
"ENSG00000138780",TRUE,12443,27.6282992566073,101
"ENSG00000168743",TRUE,410240,761.74806563296,101
"ENSG00000145348",TRUE,42172,43.0361003108423,101
"ENSG00000164022",TRUE,59347,57.322152232582,101
"ENSG00000155011",TRUE,21673,61.7418679011934,99
"ENSG00000138801",TRUE,102898,116.59273899457,101
"ENSG00000164023",TRUE,71450,111.477749041291,101
"ENSG00000155016",TRUE,33731,40.7601635129305,101
"ENSG00000138796",TRUE,66647,88.8446010068336,101
"ENSG00000138795",TRUE,23980,49.9726380586384,101
"ENSG00000109475",TRUE,497659,749.453912274431,101
"ENSG00000198856",TRUE,91136,125.9848536505,101
"ENSG00000188517",TRUE,6263,26.5954635077203,73
"ENSG00000138802",TRUE,79766,83.1895226390845,101
"ENSG00000005059",TRUE,26954,54.4317349931015,101
"ENSG00000138794",TRUE,16732,17.4267754603002,101
"ENSG00000123739",TRUE,36195,39.1498437970789,101
"ENSG00000205403",TRUE,34414,46.1717286471071,101
"ENSG00000109534",TRUE,15237,23.8221501886898,101
"ENSG00000138798",TRUE,2697,13.0319116957664,71
"ENSG00000170522",TRUE,16761,59.3786532893158,101
"ENSG00000138792",TRUE,46879,83.2173750429315,101
"ENSG00000174749",TRUE,32432,49.8802224989977,101
"ENSG00000138660",TRUE,24529,28.2830613585615,101
"ENSG00000145365",TRUE,17460,40.5931582999401,101
"ENSG00000073331",TRUE,55384,74.852886558469,101
"ENSG00000138658",TRUE,10733,15.4530773073636,101
"ENSG00000174720",TRUE,68044,61.0631364112681,101
"ENSG00000145362",TRUE,75772,142.138324208629,101
"ENSG00000145349",TRUE,99912,117.841898331394,101
"ENSG00000180801",TRUE,22950,29.6799056370484,101
"ENSG00000174607",TRUE,2625,6.09011789587747,70
"ENSG00000174599",TRUE,3003,4.96005014744754,91
"ENSG00000164099",TRUE,37886,125.754023281138,101
"ENSG00000145388",TRUE,37432,38.2197699691939,101
"ENSG00000150961",TRUE,112724,146.962007408626,101
"ENSG00000172403",TRUE,329128,1062.41443198698,101
"ENSG00000172399",TRUE,1417,9.11819420713416,29
"ENSG00000145390",TRUE,151182,350.707547169811,101
"ENSG00000164096",TRUE,219365,213.243387393473,101
"ENSG00000138735",TRUE,188113,393.645897757127,101
"ENSG00000164109",TRUE,5521,13.5310527666467,100
"ENSG00000138738",TRUE,20332,23.2159424013843,101
"ENSG00000173376",TRUE,139745,303.83658538351,101
"ENSG00000050730",TRUE,3792,51.0254006615787,74
"ENSG00000164111",TRUE,616172,611.575060079776,101
"ENSG00000164112",TRUE,1056,2.78475889641861,28
"ENSG00000123737",TRUE,35750,33.27185346761,101
"ENSG00000145386",TRUE,6297,16.4525300685363,100
"ENSG00000138686",TRUE,22169,27.5086406605218,101
"ENSG00000138741",TRUE,5248,10.7301199794834,93
"ENSG00000138688",TRUE,223017,226.553641869901,101
"ENSG00000181004",TRUE,8687,15.9459428004673,101
"ENSG00000138685",TRUE,34811,55.7272529221798,101
"ENSG00000170917",TRUE,6639,7.39518998915372,101
"ENSG00000145375",TRUE,10770,12.9055581012352,101
"ENSG00000164056",TRUE,204601,536.48308771715,101
"ENSG00000151458",TRUE,79852,121.528458001653,101
"ENSG00000196159",TRUE,156966,234.829811974602,101
"ENSG00000164066",TRUE,30115,68.92274802856,101
"ENSG00000164070",TRUE,13889,39.9145735659495,100
"ENSG00000142731",TRUE,5448,10.378932519871,101
"ENSG00000164073",TRUE,27963,30.861721485076,101
"ENSG00000164074",TRUE,22532,21.570020392795,101
"ENSG00000138709",TRUE,30234,34.7131712419904,101
"ENSG00000164040",TRUE,103246,122.454149373282,101
"ENSG00000077684",TRUE,138149,199.28630550584,101
"ENSG00000151466",TRUE,17193,23.1554115348907,101
"ENSG00000151470",TRUE,19925,22.9742493428533,101
"ENSG00000138650",TRUE,2995,11.7625432478625,69
"ENSG00000254535",TRUE,3728,6.13577266630218,96
"ENSG00000189184",TRUE,36384,96.0413626138437,101
"ENSG00000151012",TRUE,8675,54.7459256989977,98
"ENSG00000151014",TRUE,4368,11.5580553951442,92
"ENSG00000109381",TRUE,71923,72.301120245537,101
"ENSG00000137463",TRUE,805,3.46897350100699,17
"ENSG00000109390",TRUE,38258,55.3505451689818,101
"ENSG00000164134",TRUE,55204,67.0837358357483,101
"ENSG00000172007",TRUE,21505,33.7796047690413,101
"ENSG00000145391",TRUE,191217,222.154440402488,101
"ENSG00000085871",TRUE,51270,54.8205262813945,101
"ENSG00000196782",TRUE,35320,41.0873394016822,101
"ENSG00000153130",TRUE,72248,79.1451320718688,101
"ENSG00000153132",TRUE,2151,8.08633118317535,47
"ENSG00000179387",TRUE,37317,43.00883927715,101
"ENSG00000109436",TRUE,103541,121.001099499411,101
"ENSG00000170153",TRUE,23167,46.9781175326249,101
"ENSG00000109445",TRUE,50650,55.1577383538375,101
"ENSG00000164136",TRUE,14069,20.9156888582125,101
"ENSG00000109452",TRUE,66349,93.7690434532533,101
"ENSG00000170185",TRUE,52612,56.3812583196735,101
"ENSG00000109458",TRUE,71531,103.068790330401,101
"ENSG00000153147",TRUE,188184,193.174619234778,101
"ENSG00000183090",TRUE,890,5.84933858603938,18
"ENSG00000197465",TRUE,2118,6.02413186904983,64
"ENSG00000164161",TRUE,44360,158.777186042617,101
"ENSG00000164162",TRUE,7069,7.76497914449611,101
"ENSG00000164163",TRUE,84427,113.703410552256,101
"ENSG00000164164",TRUE,96295,125.11384051824,101
"ENSG00000170365",TRUE,37314,69.5146950311647,101
"ENSG00000151611",TRUE,12828,15.0686723992202,101
"ENSG00000151612",TRUE,26604,34.983043241199,101
"ENSG00000164167",TRUE,19281,21.5266748560288,101
"ENSG00000120519",TRUE,19176,21.2066618890414,101
"ENSG00000137473",TRUE,6016,39.9782167841099,48
"ENSG00000151617",TRUE,102362,195.777138639838,101
"ENSG00000164168",TRUE,50920,51.4937080763831,101
"ENSG00000164169",TRUE,24333,58.127738447112,101
"ENSG00000071205",TRUE,54444,86.2397615352875,101
"ENSG00000151623",TRUE,37862,46.3431300207764,101
"ENSG00000170390",TRUE,17684,24.6874617867688,101
"ENSG00000198589",TRUE,91069,146.46083956069,101
"ENSG00000145425",TRUE,783912,939.026324217775,101
"ENSG00000109686",TRUE,275873,385.942633844232,101
"ENSG00000164142",TRUE,14080,33.2522029962351,100
"ENSG00000059691",TRUE,20665,24.2794606385262,101
"ENSG00000109670",TRUE,51069,68.0143082471556,101
"ENSG00000170006",TRUE,23020,45.7217791198233,101
"ENSG00000169989",TRUE,942,6.19700146748018,19
"ENSG00000164144",TRUE,56477,62.7195135973875,101
"ENSG00000137460",TRUE,38953,90.7611998524467,101
"ENSG00000109654",TRUE,82830,154.033267487129,101
"ENSG00000121211",TRUE,1421,7.98252760260146,36
"ENSG00000121210",TRUE,37500,41.2564237305745,101
"ENSG00000137462",TRUE,109588,294.572171195213,101
"ENSG00000145423",TRUE,434884,1262.85854545396,101
"ENSG00000197410",TRUE,2749,16.4054335387067,53
"ENSG00000171566",TRUE,72467,73.608285723484,101
"ENSG00000171560",TRUE,8894,180.157643515712,53
"ENSG00000171557",TRUE,64411,912.169216720633,84
"ENSG00000121207",TRUE,1262,3.49063452687302,30
"ENSG00000164114",TRUE,26615,48.236530988966,101
"ENSG00000164116",TRUE,117208,217.162580804381,101
"ENSG00000061918",TRUE,60377,84.0052781712422,101
"ENSG00000151790",TRUE,19069,124.444087136803,85
"ENSG00000256043",TRUE,121046,147.112352934909,101
"ENSG00000145431",TRUE,43486,52.694597910987,101
"ENSG00000109738",TRUE,6522,9.12409067453727,100
"ENSG00000164125",TRUE,116831,213.112651604014,101
"ENSG00000164124",TRUE,13579,18.3791069705025,101
"ENSG00000171509",TRUE,13336,45.0193887252392,96
"ENSG00000205208",TRUE,10933,14.3083041933422,101
"ENSG00000171503",TRUE,33714,32.8208050580048,101
"ENSG00000171497",TRUE,36205,46.7604427112357,101
"ENSG00000052795",TRUE,122158,174.551946077031,101
"ENSG00000109756",TRUE,128630,163.716851849098,101
"ENSG00000145414",TRUE,15088,24.3815913080049,101
"ENSG00000164128",TRUE,6956,24.5185385810609,92
"ENSG00000198498",TRUE,14528,15.159165485233,101
"ENSG00000145416",TRUE,27892,64.801430824585,101
"ENSG00000183439",TRUE,2573,3.85746621722448,89
"ENSG00000250486",TRUE,1192,2.30094476115144,34
"ENSG00000170088",TRUE,42185,54.0686854787393,101
"ENSG00000109466",TRUE,57298,70.4422354865128,101
"ENSG00000052802",TRUE,95081,307.753311218406,101
"ENSG00000109472",TRUE,167779,296.301169261875,101
"ENSG00000038295",TRUE,17485,50.9482251142881,100
"ENSG00000196104",TRUE,2469,30.2826784004212,28
"ENSG00000137628",TRUE,69759,112.32073257372,101
"ENSG00000181381",TRUE,68559,148.196956281393,101
"ENSG00000129116",TRUE,554415,813.784548000283,101
"ENSG00000145439",TRUE,30018,32.9439989938255,101
"ENSG00000154447",TRUE,46450,56.3273229280098,101
"ENSG00000137601",TRUE,37858,61.894441486174,101
"ENSG00000109572",TRUE,101042,112.012124192323,101
"ENSG00000056050",TRUE,22401,26.1117006329677,101
"ENSG00000198948",TRUE,7204,16.487888278069,101
"ENSG00000109576",TRUE,11151,15.1916443435838,101
"ENSG00000109586",TRUE,35614,45.2683727181343,101
"ENSG00000164104",TRUE,80165,98.7151804112179,101
"ENSG00000164105",TRUE,22379,30.1764833516655,101
"ENSG00000164106",TRUE,6113,19.5744221772525,67
"ENSG00000164117",TRUE,33441,35.0400908911445,101
"ENSG00000164118",TRUE,27314,32.4208979213292,101
"ENSG00000164120",TRUE,203255,547.600796504534,101
"ENSG00000150625",TRUE,18977,59.8979656319159,101
"ENSG00000150627",TRUE,7560,15.265784102817,99
"ENSG00000150628",TRUE,1934,15.265784102817,31
"ENSG00000164122",TRUE,1102,7.02054160918082,24
"ENSG00000129128",TRUE,204796,284.064913697205,101
"ENSG00000150630",TRUE,22200,46.2500010340447,101
"ENSG00000109674",FALSE,755,2.03021975098585,14
"ENSG00000038002",TRUE,27041,28.1239881275289,101
"ENSG00000218336",TRUE,17215,35.8948631111831,101
"ENSG00000129187",TRUE,95612,84.2596102803015,101
"ENSG00000151718",TRUE,100622,261.22931681446,101
"ENSG00000168564",TRUE,30287,34.4184625424511,101
"ENSG00000168556",TRUE,13310,16.3120036544258,101
"ENSG00000182552",TRUE,17164,17.2209512184137,101
"ENSG00000168538",TRUE,71360,67.4429462181284,101
"ENSG00000173320",TRUE,19948,33.0609868372517,101
"ENSG00000164303",TRUE,1250,2.02654073549532,40
"ENSG00000168310",TRUE,59989,71.1102422305456,101
"ENSG00000164305",TRUE,44841,47.8554282254471,101
"ENSG00000164306",TRUE,21827,22.182351234777,101
"ENSG00000151725",TRUE,7883,21.5266748560288,101
"ENSG00000151726",TRUE,385107,885.525924956618,101
"ENSG00000151729",TRUE,54204,64.4584212278358,101
"ENSG00000164323",TRUE,68085,81.5304723300429,101
"ENSG00000109762",TRUE,66987,131.70610204152,101
"ENSG00000109771",TRUE,4136,19.8001754204854,90
"ENSG00000186352",TRUE,11158,25.4352234470993,101
"ENSG00000109775",TRUE,46467,47.9833749292366,101
"ENSG00000205129",TRUE,4218,28.5666653013111,58
"ENSG00000168491",TRUE,1325,2.55628190610892,42
"ENSG00000154553",TRUE,162042,358.209309681843,101
"ENSG00000154556",TRUE,69306,119.487104958346,101
"ENSG00000164342",TRUE,28319,42.1681607726408,101
"ENSG00000109794",TRUE,16766,30.4367887230696,101
"ENSG00000145476",TRUE,57207,59.7058403021383,101
"ENSG00000164344",TRUE,2231,6.82794062332795,69
"ENSG00000088926",TRUE,4752,21.3522007358544,62
"ENSG00000083857",TRUE,207064,316.02422296823,101
"ENSG00000109536",TRUE,24782,23.7049530941727,101
"ENSG00000153404",TRUE,7201,27.6257604379656,90
"ENSG00000164366",TRUE,24552,25.8143242785727,101
"ENSG00000073578",TRUE,18298,53.2419529720682,101
"ENSG00000249915",TRUE,14007,17.9402134617005,101
"ENSG00000180104",TRUE,88359,94.8737643297539,101
"ENSG00000112877",TRUE,4526,6.12769560579234,100
"ENSG00000171368",TRUE,44878,72.8278356054299,101
"ENSG00000206077",TRUE,23576,56.6690127349547,101
"ENSG00000188818",TRUE,14787,42.6115042122974,101
"ENSG00000028310",TRUE,56892,54.5865426906875,101
"ENSG00000071539",TRUE,7310,28.3391016699318,98
"ENSG00000145506",TRUE,77901,220.536202410013,101
"ENSG00000113504",TRUE,108141,117.501352049887,101
"ENSG00000049656",TRUE,160616,162.657232704403,101
"ENSG00000142319",TRUE,1140,4.24419994708897,23
"ENSG00000153395",TRUE,462380,1071.531870803,101
"ENSG00000171421",TRUE,16087,18.6153602239532,101
"ENSG00000145494",TRUE,35721,110.249249152911,101
"ENSG00000170561",TRUE,36237,70.9484938524323,101
"ENSG00000186493",TRUE,10295,22.0649112034172,99
"ENSG00000170549",TRUE,4154,10.5776778988556,80
"ENSG00000145536",TRUE,15483,101.006475266352,71
"ENSG00000164151",TRUE,87137,87.8583941495017,101
"ENSG00000133398",TRUE,27504,24.3489115255679,101
"ENSG00000215218",TRUE,1051,3.41824487324622,22
"ENSG00000037474",TRUE,86304,101.725918997489,101
"ENSG00000145545",TRUE,17768,21.916224702064,101
"ENSG00000112941",TRUE,59389,61.3531131095476,101
"ENSG00000078295",TRUE,5767,17.9632292049682,83
"ENSG00000215217",TRUE,15423,104.291000306374,70
"ENSG00000124275",TRUE,68042,139.963968467673,101
"ENSG00000124279",TRUE,10913,12.032520594223,101
"ENSG00000112902",TRUE,110279,162.351955353009,101
"ENSG00000150756",TRUE,13972,14.8429271967615,101
"ENSG00000150753",TRUE,179752,236.949102173556,101
"ENSG00000164237",TRUE,26687,34.6071404029031,101
"ENSG00000145495",TRUE,212754,230.627656200925,101
"ENSG00000145491",TRUE,10103,63.4059052587301,67
"ENSG00000164236",TRUE,19179,39.2153842502529,101
"ENSG00000112977",TRUE,185106,182.845696364582,101
"ENSG00000169862",TRUE,1990,8.33333333333333,47
"ENSG00000039139",TRUE,48718,345.974057538101,100
"ENSG00000038382",TRUE,184607,194.385701170316,101
"ENSG00000145569",TRUE,82370,150.550314465409,101
"ENSG00000154124",TRUE,44631,49.3537401909441,101
"ENSG00000154122",TRUE,90336,169.693392497655,101
"ENSG00000183580",TRUE,53726,67.0858337749388,101
"ENSG00000173545",TRUE,33188,34.0013478954297,101
"ENSG00000154153",TRUE,22385,45.9248660512686,101
"ENSG00000145555",TRUE,158815,225.083338365684,101
"ENSG00000176788",TRUE,61451,112.255881455473,101
"ENSG00000113361",TRUE,49808,116.284780583783,101
"ENSG00000113360",TRUE,60566,56.8655586663258,101
"ENSG00000082213",TRUE,30011,27.9580648937382,101
"ENSG00000133401",TRUE,97815,164.622641509434,101
"ENSG00000113384",TRUE,143890,135.070637490529,101
"ENSG00000150712",TRUE,68060,79.1666666666667,101
"ENSG00000056097",TRUE,130849,131.147244778578,101
"ENSG00000113387",TRUE,152587,190.049786586083,101
"ENSG00000113389",TRUE,93386,308.561599618347,101
"ENSG00000113407",TRUE,88817,161.297458836945,101
"ENSG00000151388",TRUE,40007,112.012500407577,101
"ENSG00000242110",TRUE,1954,3.04791253658306,71
"ENSG00000082196",TRUE,13580,43.1177825836698,101
"ENSG00000039560",TRUE,131667,159.591617989426,101
"ENSG00000205838",TRUE,1427,9.97566089887053,25
"ENSG00000113456",TRUE,39088,51.9870513112196,101
"ENSG00000113460",TRUE,28358,47.9169541683917,101
"ENSG00000168724",TRUE,71642,68.4294708623636,101
"ENSG00000113494",TRUE,3596,11.0023122144998,91
"ENSG00000152582",TRUE,28891,130.363750382967,101
"ENSG00000168685",TRUE,356652,646.058326442434,101
"ENSG00000152611",TRUE,11556,93.0305952008305,57
"ENSG00000164187",TRUE,31877,34.2080373245238,101
"ENSG00000145604",TRUE,17554,21.4329273084598,101
"ENSG00000152620",TRUE,34586,34.2587480990987,101
"ENSG00000164188",TRUE,12116,33.5014933902482,99
"ENSG00000079215",TRUE,65354,123.70306703671,101
"ENSG00000164190",TRUE,141571,145.91742479999,101
"ENSG00000197603",TRUE,51603,80.9388850203813,101
"ENSG00000113569",TRUE,35119,37.0936204199706,101
"ENSG00000082068",TRUE,38258,36.7194538157297,101
"ENSG00000168621",TRUE,702,2.16345183066486,18
"ENSG00000164318",TRUE,13705,32.9018219528213,99
"ENSG00000113594",TRUE,334521,1127.1775315801,101
"ENSG00000145623",TRUE,249390,487.333170912606,101
"ENSG00000164327",TRUE,75244,105.970533164345,101
"ENSG00000082074",TRUE,77963,244.649287406261,101
"ENSG00000153071",TRUE,258786,332.606129765736,101
"ENSG00000113638",TRUE,29403,33.585880023473,101
"ENSG00000171522",TRUE,69042,107.485548402601,101
"ENSG00000132356",TRUE,131321,136.911151693764,101
"ENSG00000145592",TRUE,800314,1222.98347420988,101
"ENSG00000132357",TRUE,48380,59.1484574177706,101
"ENSG00000112936",TRUE,1824100,5201.06500790265,101
"ENSG00000039537",TRUE,19523,118.952198900168,92
"ENSG00000182836",TRUE,22678,55.7756913420643,101
"ENSG00000083720",TRUE,47301,59.1455878546648,101
"ENSG00000205765",TRUE,52114,56.1460772514017,101
"ENSG00000151876",TRUE,16449,15.904996416781,101
"ENSG00000112964",TRUE,25672,42.1383647798742,101
"ENSG00000198865",TRUE,2529,4.4418412410655,77
"ENSG00000250722",TRUE,951839,1343.48104112878,101
"ENSG00000177721",TRUE,5885,10.5326944831284,101
"ENSG00000172262",TRUE,40920,46.48531768412,101
"ENSG00000177453",TRUE,3147,8.99993901641322,75
"ENSG00000112972",TRUE,131108,368.799918903222,101
"ENSG00000151882",TRUE,8175,16.7959435526598,101
"ENSG00000151881",TRUE,13185,15.9756852897445,101
"ENSG00000172244",TRUE,2641,8.80427976039153,94
"ENSG00000172239",TRUE,67469,66.3285660551858,101
"ENSG00000112992",TRUE,83060,91.3851921255639,101
"ENSG00000070193",TRUE,8768,28.1191009671981,97
"ENSG00000112996",TRUE,35271,34.8149939475183,101
"ENSG00000170571",TRUE,71861,106.053238375075,101
"ENSG00000151883",TRUE,74412,102.921366844982,101
"ENSG00000213949",TRUE,460678,801.211309849835,101
"ENSG00000152684",TRUE,45016,58.3254332839743,101
"ENSG00000164171",TRUE,119809,257.94846567224,101
"ENSG00000164172",TRUE,57078,58.5675390026005,101
"ENSG00000134363",TRUE,25330,142.260112819936,101
"ENSG00000164258",TRUE,45916,41.8384596155016,101
"ENSG00000185305",TRUE,39090,60.8524277375616,101
"ENSG00000169271",TRUE,3859,11.9663020487506,67
"ENSG00000178996",TRUE,68189,83.3636059252581,101
"ENSG00000164283",TRUE,13550,47.4604942675382,80
"ENSG00000113088",TRUE,13752,44.379371205587,101
"ENSG00000145649",TRUE,16241,78.3417202796192,100
"ENSG00000164287",TRUE,1722,22.8254977113363,23
"ENSG00000164294",TRUE,57671,109.73609573701,101
"ENSG00000234602",TRUE,774,4.307671751785,19
"ENSG00000152669",TRUE,4312,25.5428188674477,42
"ENSG00000067248",TRUE,67155,64.937106918239,101
"ENSG00000039123",TRUE,88084,93.6351807098529,101
"ENSG00000067113",TRUE,139232,209.267009612536,101
"ENSG00000177058",TRUE,18504,17.7783355294807,101
"ENSG00000164509",TRUE,787,3.30220325359797,17
"ENSG00000134352",TRUE,806499,1034.90996738857,101
"ENSG00000164512",TRUE,1413,4.08513040386156,38
"ENSG00000095015",TRUE,56617,100.904626488132,101
"ENSG00000155542",TRUE,7012,8.08114925157013,100
"ENSG00000155545",TRUE,30546,34.2696115377446,101
"ENSG00000062194",TRUE,144698,136.233525221233,101
"ENSG00000145632",TRUE,94919,166.89898469114,101
"ENSG00000175857",TRUE,11770,35.9133688611534,101
"ENSG00000152932",TRUE,4638,11.8111514986875,81
"ENSG00000113448",TRUE,115996,209.762235913392,101
"ENSG00000035499",TRUE,1579,4.22845398957709,45
"ENSG00000164181",TRUE,12823,59.4087165219611,101
"ENSG00000049167",TRUE,13101,13.4967419643556,101
"ENSG00000164182",TRUE,14066,26.5634915555288,101
"ENSG00000188725",TRUE,48066,55.8008142557093,101
"ENSG00000130449",TRUE,45037,62.645836756632,101
"ENSG00000068796",TRUE,37038,51.69206102142,101
"ENSG00000086189",TRUE,32612,35.9909566864809,101
"ENSG00000086200",TRUE,32805,44.9660472335452,101
"ENSG00000186105",TRUE,1395,5.12517481538182,37
"ENSG00000164197",TRUE,19696,30.2330332604945,101
"ENSG00000186479",TRUE,9739,24.3265339828686,96
"ENSG00000153006",TRUE,47365,90.895385059811,101
"ENSG00000153015",TRUE,31146,29.2252766945223,101
"ENSG00000049192",TRUE,15429,35.877591952477,100
"ENSG00000123219",TRUE,4147,12.7622429503599,99
"ENSG00000113593",TRUE,50802,48.1339438517545,101
"ENSG00000113595",TRUE,21794,27.4141024203552,101
"ENSG00000253251",TRUE,3455,4.24374899702136,99
"ENSG00000113597",TRUE,32434,31.0281682825775,101
"ENSG00000197860",TRUE,25160,52.9989152364125,101
"ENSG00000123213",TRUE,25557,63.564976810586,101
"ENSG00000112851",TRUE,145145,149.164241309626,101
"ENSG00000153914",TRUE,122644,144.517875123226,101
"ENSG00000069020",TRUE,112870,152.785681172307,101
"ENSG00000134061",TRUE,13251,51.5897835790233,100
"ENSG00000145675",TRUE,363044,654.323899371069,101
"ENSG00000145740",TRUE,78622,82.6089415918379,101
"ENSG00000134057",TRUE,9782,22.1437673416188,101
"ENSG00000153044",TRUE,5163,10.9170993912718,101
"ENSG00000134056",TRUE,26829,29.2859037085373,101
"ENSG00000134058",TRUE,23724,29.0524429018981,101
"ENSG00000183323",TRUE,21907,42.8426696962701,101
"ENSG00000085231",TRUE,17683,22.7618170942377,101
"ENSG00000273841",TRUE,42892,45.3597791609179,101
"ENSG00000152942",TRUE,41454,39.4669974491264,101
"ENSG00000152939",TRUE,22302,41.0426760545098,101
"ENSG00000197822",TRUE,21758,41.2273726775388,101
"ENSG00000183474",TRUE,4085,5.84010007380678,99
"ENSG00000205571",TRUE,2104,4.14808084476828,77
"ENSG00000172062",TRUE,4101,5.39509409895966,100
"ENSG00000249437",TRUE,6084,19.108834761803,99
"ENSG00000145736",TRUE,4713,9.32499447628943,91
"ENSG00000145734",TRUE,87195,85.7394473287093,101
"ENSG00000131844",TRUE,68075,66.3768517126995,101
"ENSG00000131711",TRUE,172625,314.762141928528,101
"ENSG00000113048",TRUE,68415,72.6258342713226,101
"ENSG00000049883",TRUE,16273,18.8177239683239,101
"ENSG00000178175",TRUE,16483,26.6051464539595,99
"ENSG00000083312",TRUE,173049,196.796152612631,101
"ENSG00000157107",TRUE,92330,113.725273381283,101
"ENSG00000251493",TRUE,1150,4.22197538186259,26
"ENSG00000145741",TRUE,385447,405.332445764893,101
"ENSG00000164331",TRUE,32108,53.098192537526,101
"ENSG00000164338",TRUE,20902,25.9816373713057,101
"ENSG00000214944",TRUE,29786,51.7496639190059,101
"ENSG00000171617",TRUE,120674,267.812314184284,101
"ENSG00000049860",TRUE,258938,336.229845889883,101
"ENSG00000164347",TRUE,39156,72.9281270258338,101
"ENSG00000164346",TRUE,95639,109.34385153489,101
"ENSG00000198780",TRUE,3006,7.1661300031531,76
"ENSG00000176928",TRUE,6865,11.6975879822465,101
"ENSG00000113161",TRUE,74758,156.746966291631,101
"ENSG00000113163",TRUE,97669,97.8394330817759,101
"ENSG00000122008",TRUE,49939,55.0053973143795,101
"ENSG00000189045",TRUE,4460,14.9487012969,96
"ENSG00000152359",TRUE,14504,16.3238087436063,101
"ENSG00000145703",TRUE,63213,100.390930207829,101
"ENSG00000164220",TRUE,8162,35.0631446635961,75
"ENSG00000181104",TRUE,151654,381.965128838882,101
"ENSG00000164251",TRUE,13662,62.0532410035287,100
"ENSG00000145708",TRUE,1167,3.1438518126585,31
"ENSG00000164252",TRUE,26401,26.5239386618927,101
"ENSG00000132846",TRUE,42971,45.499324831858,101
"ENSG00000113231",TRUE,6325,10.5709906505226,99
"ENSG00000164253",TRUE,54965,56.738584284582,101
"ENSG00000171530",TRUE,56847,61.6067427607214,101
"ENSG00000132842",TRUE,86501,106.503652569461,101
"ENSG00000085365",TRUE,57163,68.509754735078,101
"ENSG00000145685",TRUE,130148,177.379683057027,101
"ENSG00000113273",TRUE,51182,61.6984410967387,101
"ENSG00000132837",TRUE,3657,6.31024263910196,91
"ENSG00000132840",TRUE,12853,17.9645077376368,101
"ENSG00000152409",TRUE,55422,74.2622519285275,101
"ENSG00000152413",TRUE,9645,18.3859127846125,101
"ENSG00000164329",TRUE,68950,68.03835286814,101
"ENSG00000164309",TRUE,13038,21.1319753495508,100
"ENSG00000177034",TRUE,38794,51.2725547889514,101
"ENSG00000113296",TRUE,11614,46.2464401821348,96
"ENSG00000164300",TRUE,87136,92.444937484111,101
"ENSG00000039319",TRUE,85899,89.9860140148577,101
"ENSG00000152380",TRUE,2557,3.14679469166534,91
"ENSG00000228716",TRUE,11166,17.7595067562238,101
"ENSG00000113318",TRUE,27564,48.0645479672853,101
"ENSG00000113319",TRUE,35432,90.087579853472,101
"ENSG00000131730",TRUE,3952,14.0030927260709,93
"ENSG00000131732",TRUE,24446,24.4480680040715,101
"ENSG00000145687",TRUE,57010,70.4688183197316,101
"ENSG00000152348",TRUE,10764,13.3240297286357,101
"ENSG00000186468",TRUE,632803,704.916353719474,101
"ENSG00000205464",TRUE,8293,14.4752909678237,101
"ENSG00000174695",TRUE,156281,163.499417809506,101
"ENSG00000152422",TRUE,10157,11.2325490895649,101
"ENSG00000038427",TRUE,559584,899.219464261251,101
"ENSG00000145681",TRUE,3690,38.4079326968986,58
"ENSG00000164176",TRUE,140614,279.610141852835,101
"ENSG00000127184",TRUE,202066,230.98385176763,101
"ENSG00000145715",TRUE,77330,72.9796019486059,101
"ENSG00000134480",TRUE,47391,104.106863924145,101
"ENSG00000164180",TRUE,25785,28.2204107470633,101
"ENSG00000081189",TRUE,98778,147.91915152235,101
"ENSG00000153140",TRUE,19927,27.9620797922886,101
"ENSG00000176055",TRUE,9381,13.2502382784327,101
"ENSG00000113356",TRUE,2355,3.7626099416472,83
"ENSG00000176018",TRUE,40897,51.747479646191,101
"ENSG00000164199",TRUE,18972,41.1873878021548,100
"ENSG00000113369",TRUE,197422,270.812830791334,101
"ENSG00000175745",TRUE,141104,208.652909890789,101
"ENSG00000113391",TRUE,46710,56.0961574440371,101
"ENSG00000185261",TRUE,5045,10.0171709721495,97
"ENSG00000133302",TRUE,13206,15.9143631971356,101
"ENSG00000175471",TRUE,50974,117.014765204854,101
"ENSG00000153347",TRUE,10094,82.9037879247043,66
"ENSG00000198677",TRUE,136520,127.354763441899,101
"ENSG00000164291",TRUE,12886,15.4427538801396,101
"ENSG00000175449",TRUE,2208,3.11031041039273,89
"ENSG00000164292",TRUE,109169,163.534959034098,101
"ENSG00000173221",TRUE,100304,134.97262610997,101
"ENSG00000118985",TRUE,180176,555.292851174007,101
"ENSG00000175426",TRUE,5959,38.3549921144337,56
"ENSG00000153113",TRUE,398165,409.551827333138,101
"ENSG00000164307",TRUE,131291,145.184042682881,101
"ENSG00000164308",TRUE,133481,305.412835615992,101
"ENSG00000113441",TRUE,117798,121.189674955703,101
"ENSG00000058729",TRUE,30970,33.1594485572464,101
"ENSG00000174136",TRUE,52188,86.303374378663,101
"ENSG00000153922",TRUE,85271,189.568981553934,101
"ENSG00000174132",TRUE,26555,46.8495380851299,101
"ENSG00000113532",TRUE,35854,69.0414245465073,101
"ENSG00000173930",TRUE,21736,77.9884414689046,98
"ENSG00000145730",TRUE,370861,401.727181975066,101
"ENSG00000145723",TRUE,9950,12.2302672703567,101
"ENSG00000145725",TRUE,73047,73.8458286779662,101
"ENSG00000181751",TRUE,9631,12.9368699115477,101
"ENSG00000112874",TRUE,17208,20.3701286207819,101
"ENSG00000184349",TRUE,16859,32.589172029593,101
"ENSG00000145743",TRUE,36332,39.9757898687473,101
"ENSG00000151422",TRUE,58028,58.6473614710174,101
"ENSG00000198961",TRUE,270001,311.832312211751,101
"ENSG00000112893",TRUE,102984,117.184446039236,101
"ENSG00000186952",TRUE,8080,50.6340363806307,77
"ENSG00000164209",TRUE,74877,73.8495951470438,101
"ENSG00000145777",TRUE,3109,7.09162077178604,86
"ENSG00000134987",TRUE,47256,50.685486197026,101
"ENSG00000152495",TRUE,14234,31.2765295695528,101
"ENSG00000164211",TRUE,58502,95.9803889172964,101
"ENSG00000134986",TRUE,71383,137.588576412176,101
"ENSG00000129595",TRUE,48779,59.2004961736896,101
"ENSG00000134982",TRUE,72825,75.8670243798069,101
"ENSG00000153037",TRUE,18638,26.8423733566367,101
"ENSG00000129625",TRUE,238967,217.97181750384,101
"ENSG00000172795",TRUE,59471,65.3345674307181,101
"ENSG00000171444",TRUE,74722,91.2425488259524,101
"ENSG00000047188",TRUE,67900,69.1070268738395,101
"ENSG00000080709",TRUE,5506,19.5868638952275,73
"ENSG00000152503",TRUE,5076,11.8927275970744,99
"ENSG00000164219",TRUE,38939,37.7475356873913,101
"ENSG00000164221",TRUE,11215,15.0060555335336,100
"ENSG00000145780",TRUE,65227,102.925748774277,101
"ENSG00000134970",TRUE,86970,117.90904010307,101
"ENSG00000129596",TRUE,17832,40.2173205945471,101
"ENSG00000145782",TRUE,64804,65.124869262862,101
"ENSG00000177879",TRUE,71882,75.8578379926985,101
"ENSG00000172901",TRUE,1332,11.9487104958346,29
"ENSG00000145781",TRUE,26931,27.2575717839655,101
"ENSG00000092421",TRUE,73390,149.839532140505,101
"ENSG00000169570",TRUE,11169,14.6347921804801,101
"ENSG00000172869",TRUE,75862,83.5845346174277,101
"ENSG00000145779",TRUE,44443,89.9239282908378,101
"ENSG00000133835",TRUE,244133,325.451571123822,101
"ENSG00000184838",TRUE,10448,18.6518625080346,100
"ENSG00000151304",TRUE,15093,25.4847208095594,100
"ENSG00000113083",TRUE,85449,175.901284424695,101
"ENSG00000164185",TRUE,3357,27.5086406605218,39
"ENSG00000064692",TRUE,12979,36.2751305413474,100
"ENSG00000205302",TRUE,138719,175.969887174133,101
"ENSG00000064652",TRUE,23638,33.8050314465409,101
"ENSG00000168938",TRUE,66658,93.0284287185891,101
"ENSG00000061455",TRUE,38114,68.1857269618236,101
"ENSG00000168944",TRUE,50042,50.7678120754777,101
"ENSG00000151292",TRUE,45988,46.653673003399,101
"ENSG00000168916",TRUE,49843,88.6131634741792,101
"ENSG00000155324",TRUE,48827,98.7076616563346,101
"ENSG00000164904",TRUE,68712,87.1573287056942,101
"ENSG00000164902",TRUE,43288,40.8657760920751,101
"ENSG00000113368",TRUE,25751,71.8068368411819,101
"ENSG00000173926",TRUE,10550,27.8983155380414,101
"ENSG00000164241",TRUE,6510,12.0161369918213,101
"ENSG00000164244",TRUE,84469,88.1102513666295,101
"ENSG00000064651",TRUE,66441,115.6244811722,101
"ENSG00000138829",TRUE,6029,18.8599920054182,93
"ENSG00000113396",TRUE,1336,3.88760687232375,33
"ENSG00000066583",TRUE,26830,27.6118917514801,101
"ENSG00000145808",TRUE,1483,6.91796016351696,40
"ENSG00000198108",TRUE,11097,18.2011552738863,101
"ENSG00000169567",TRUE,169995,200.376574096036,101
"ENSG00000186687",TRUE,25709,30.9423177979309,101
"ENSG00000158985",TRUE,103453,141.076601288617,101
"ENSG00000158987",TRUE,17122,21.5266748560288,101
"ENSG00000217128",TRUE,49137,62.3684901291283,101
"ENSG00000164398",TRUE,1721,6.38112147517997,55
"ENSG00000164400",TRUE,1369,5.15602472010558,34
"ENSG00000072682",TRUE,79739,84.7625974393259,101
"ENSG00000131435",TRUE,21788,77.2350313114224,98
"ENSG00000197208",TRUE,11316,56.4531719049719,99
"ENSG00000197375",TRUE,21971,34.4292189209925,101
"ENSG00000197536",TRUE,22090,30.2869655304277,101
"ENSG00000125347",TRUE,106819,252.554024650195,101
"ENSG00000113522",TRUE,3928,5.13501172085586,101
"ENSG00000131437",TRUE,24401,43.7568762155003,101
"ENSG00000205089",TRUE,811,2.1160492815786,11
"ENSG00000164402",TRUE,125492,151.694236386716,101
"ENSG00000198944",FALSE,624,3.1592616142933,14
"ENSG00000164403",TRUE,29637,35.1415094339623,101
"ENSG00000164404",TRUE,856,2.26719565883421,12
"ENSG00000164405",TRUE,84867,155.207447065676,101
"ENSG00000164406",TRUE,2063,3.44862097718363,74
"ENSG00000072364",TRUE,217600,332.483914688053,101
"ENSG00000155329",TRUE,20350,22.6361793678821,101
"ENSG00000170606",TRUE,133716,145.831144923641,101
"ENSG00000053108",TRUE,3046,15.0930148968057,69
"ENSG00000113583",TRUE,84380,99.16999262428,101
"ENSG00000213585",TRUE,152423,181.592878606929,101
"ENSG00000081059",TRUE,19528,58.3526650561639,101
"ENSG00000113558",TRUE,227390,222.581828011642,101
"ENSG00000113575",TRUE,149572,153.544969482937,101
"ENSG00000119048",TRUE,81641,95.0602475883655,101
"ENSG00000237190",TRUE,16085,22.3661386601192,101
"ENSG00000043143",TRUE,101833,117.117887966507,101
"ENSG00000152700",TRUE,73044,80.0198041946495,101
"ENSG00000113615",TRUE,53175,70.4214434779683,101
"ENSG00000164615",TRUE,48247,50.4632066684343,101
"ENSG00000145833",TRUE,106297,94.5325296157433,101
"ENSG00000181904",TRUE,91895,99.4039543662981,101
"ENSG00000113621",TRUE,102389,127.319331065554,101
"ENSG00000132570",TRUE,11184,11.8649906145657,101
"ENSG00000069011",TRUE,1272,12.1916501463322,27
"ENSG00000113648",TRUE,284938,399.687852600945,101
"ENSG00000255833",TRUE,1167,8.5860663993538,24
"ENSG00000145824",TRUE,50760,170.565001920227,97
"ENSG00000120708",TRUE,308048,710.224342962423,101
"ENSG00000113658",TRUE,91816,105.62620300898,101
"ENSG00000152377",TRUE,14096,34.8226729997501,98
"ENSG00000146021",TRUE,24143,42.0871849991895,101
"ENSG00000177733",TRUE,200583,201.651271513972,101
"ENSG00000031003",TRUE,86585,92.0261486199211,101
"ENSG00000112981",TRUE,9445,48.3668407217965,100
"ENSG00000112983",TRUE,82522,86.3622742584071,101
"ENSG00000112984",TRUE,5669,22.593386983073,89
"ENSG00000094880",TRUE,40578,37.7118474269701,101
"ENSG00000146013",TRUE,996,3.08029847361291,22
"ENSG00000158402",TRUE,990,4.06657066547622,21
"ENSG00000120709",TRUE,72119,120.185118622712,101
"ENSG00000120733",TRUE,146819,151.489149519791,101
"ENSG00000132563",TRUE,3573,9.00281218118482,77
"ENSG00000120738",TRUE,616652,3716.15581070293,101
"ENSG00000120705",TRUE,198037,268.689883744241,101
"ENSG00000113013",TRUE,254811,313.434462720031,101
"ENSG00000044115",TRUE,542800,558.310431521108,101
"ENSG00000146006",TRUE,1649,7.61974062402916,42
"ENSG00000120725",TRUE,57579,190.752286956505,101
"ENSG00000015479",TRUE,4872,11.2973425806164,92
"ENSG00000120727",TRUE,125480,114.165795790937,101
"ENSG00000170482",TRUE,1982,13.300881198494,29
"ENSG00000170476",TRUE,52027,267.947416944192,101
"ENSG00000228672",TRUE,5692,9.98947126659808,101
"ENSG00000170469",TRUE,2409,5.94336806706115,84
"ENSG00000170464",TRUE,27738,28.5090281384108,101
"ENSG00000249751",TRUE,14037,25.5176848013741,101
"ENSG00000184584",TRUE,188976,218.01337178803,101
"ENSG00000131508",TRUE,109864,101.085088337764,101
"ENSG00000171604",TRUE,40218,48.9948431831958,101
"ENSG00000158458",TRUE,2946,8.25866764535737,79
"ENSG00000185129",TRUE,67902,88.5142296212531,101
"ENSG00000182700",TRUE,28086,38.0403904231077,101
"ENSG00000120306",TRUE,88695,109.485834875167,101
"ENSG00000113068",TRUE,67669,62.469820775961,101
"ENSG00000113070",TRUE,65346,217.337290875609,101
"ENSG00000131503",TRUE,4729,6.55396773473388,100
"ENSG00000254996",TRUE,3336,5.6970747887437,97
"ENSG00000213523",TRUE,41766,43.0872382711727,101
"ENSG00000113108",TRUE,33891,38.3603534555385,101
"ENSG00000176087",TRUE,115445,117.202151373435,101
"ENSG00000170458",TRUE,134553,439.390794611106,101
"ENSG00000131495",TRUE,44744,92.1756017507942,101
"ENSG00000113119",TRUE,15629,21.5299353647995,101
"ENSG00000113141",TRUE,147791,263.523708745163,101
"ENSG00000120314",TRUE,53379,52.1768650422269,101
"ENSG00000256453",TRUE,1543,2.03328533273811,59
"ENSG00000170445",TRUE,76421,72.4078418544585,101
"ENSG00000112855",TRUE,45875,50.4890058355164,101
"ENSG00000146007",TRUE,95121,92.2571779544093,101
"ENSG00000255408",TRUE,2776,6.58215739153491,88
"ENSG00000204967",TRUE,1773,5.06319799348839,61
"ENSG00000081842",TRUE,1165,3.09348405704247,30
"ENSG00000250120",TRUE,4475,10.6327157863256,97
"ENSG00000251664",TRUE,1484,4.75896703336183,39
"ENSG00000248383",TRUE,1993,5.60060620961613,64
"ENSG00000243232",TRUE,3876,8.44549079159987,97
"ENSG00000112852",TRUE,7833,11.6986654547063,101
"ENSG00000113205",TRUE,3899,7.11223545219593,93
"ENSG00000081818",TRUE,11188,18.5490069053134,101
"ENSG00000113209",TRUE,8816,12.5800717560883,101
"ENSG00000113211",TRUE,2757,7.39969345536579,87
"ENSG00000113212",TRUE,11104,16.7926360060907,101
"ENSG00000120322",TRUE,2142,3.49002302133145,75
"ENSG00000272674",TRUE,11008,16.3453363060052,101
"ENSG00000177839",TRUE,3296,5.53016769680524,97
"ENSG00000120324",TRUE,5362,7.43351464501499,99
"ENSG00000197479",TRUE,4035,9.0622242524588,94
"ENSG00000120328",TRUE,6326,8.38631924941456,100
"ENSG00000187372",TRUE,6711,9.26010970595011,101
"ENSG00000120327",TRUE,12614,17.1518269829244,101
"ENSG00000113248",TRUE,13070,19.545348890613,101
"ENSG00000178913",TRUE,139314,145.742973240313,101
"ENSG00000204956",TRUE,1023,1.68785920671058,20
"ENSG00000081853",TRUE,7098,11.8503593502969,101
"ENSG00000254245",TRUE,2149,3.83955768295492,80
"ENSG00000254221",TRUE,1786,3.02650301306829,66
"ENSG00000262576",TRUE,3220,4.8882114914031,95
"ENSG00000253910",TRUE,4763,8.05824435820192,96
"ENSG00000253485",TRUE,3709,6.14004025187115,92
"ENSG00000262209",TRUE,1422,2.24667174303534,46
"ENSG00000253731",TRUE,5836,6.93112357671853,101
"ENSG00000253537",TRUE,2108,3.16851363507133,80
"ENSG00000253953",TRUE,2131,3.25451806662534,78
"ENSG00000276547",TRUE,5419,8.09748427672956,97
"ENSG00000261934",TRUE,5024,6.4291103620408,97
"ENSG00000253305",TRUE,6204,7.79610424567631,99
"ENSG00000253846",TRUE,4119,5.90537173281618,95
"ENSG00000254122",TRUE,17796,22.7905038728925,99
"ENSG00000253873",TRUE,1858,2.57181012375633,78
"ENSG00000253159",TRUE,7757,13.3481091097653,99
"ENSG00000240184",TRUE,78822,84.6150049326702,100
"ENSG00000240764",TRUE,913,1.49875198921858,17
"ENSG00000131504",TRUE,216870,229.904884904742,101
"ENSG00000171720",TRUE,71078,70.3030052186405,101
"ENSG00000164620",TRUE,8208,11.450852276283,101
"ENSG00000197948",TRUE,44990,62.4839264045189,101
"ENSG00000120318",TRUE,97853,136.585847348576,101
"ENSG00000156453",TRUE,129871,251.874361767657,101
"ENSG00000081791",TRUE,116919,118.677770929754,101
"ENSG00000113555",TRUE,64393,146.783316451384,101
"ENSG00000013561",TRUE,71889,75.3359267027241,101
"ENSG00000113552",TRUE,58770,113.086566849609,101
"ENSG00000131507",TRUE,219768,222.995794249641,101
"ENSG00000187678",TRUE,137989,210.375876629443,101
"ENSG00000113578",TRUE,11339,32.6917645060667,96
"ENSG00000145819",TRUE,74288,86.9182664945486,101
"ENSG00000113580",TRUE,180185,247.006379472479,101
"ENSG00000145817",TRUE,63993,66.5862396771297,101
"ENSG00000183775",TRUE,6292,15.4166670113482,93
"ENSG00000186314",TRUE,4132,5.70584489969628,101
"ENSG00000156463",TRUE,11257,21.2264150943396,101
"ENSG00000133706",TRUE,160381,179.337670708327,101
"ENSG00000091009",TRUE,29123,33.6826674595644,101
"ENSG00000113649",TRUE,78893,86.3215055833545,101
"ENSG00000156475",TRUE,5384,11.6165479423765,97
"ENSG00000169302",TRUE,11301,20.7436434012262,101
"ENSG00000113657",TRUE,484700,639.251476684374,101
"ENSG00000176049",TRUE,8558,21.0143653681177,100
"ENSG00000164266",TRUE,2558,12.3645401399902,50
"ENSG00000164265",TRUE,622011,6500.61379770551,101
"ENSG00000133710",TRUE,12771,30.0279579455255,100
"ENSG00000145868",TRUE,75625,77.461505025934,101
"ENSG00000169252",TRUE,27811,86.4055138536707,101
"ENSG00000169247",TRUE,2231,6.501687355438,73
"ENSG00000173210",TRUE,116850,157.342492768297,101
"ENSG00000157510",TRUE,84995,183.086976398139,101
"ENSG00000164284",TRUE,34620,75.5205765559031,101
"ENSG00000145882",TRUE,22449,29.5046261996792,101
"ENSG00000113712",TRUE,128162,132.402822550503,101
"ENSG00000183111",TRUE,34999,53.6640529664203,101
"ENSG00000155846",TRUE,23156,60.3919619304086,101
"ENSG00000132915",TRUE,989,5.9654657178761,14
"ENSG00000155850",TRUE,87036,120.203907943109,101
"ENSG00000164296",TRUE,8355,9.02439044566727,101
"ENSG00000113716",TRUE,91896,109.181872639346,101
"ENSG00000182578",TRUE,160686,405.966831805344,101
"ENSG00000113721",TRUE,613519,785.27347626957,101
"ENSG00000070808",TRUE,3923,7.95548860730638,97
"ENSG00000183876",TRUE,11907,22.5783121992259,101
"ENSG00000070814",TRUE,58606,115.068888460142,101
"ENSG00000019582",TRUE,3547667,5032.33889338786,101
"ENSG00000164587",TRUE,768563,1114.61689666136,101
"ENSG00000070614",TRUE,266088,461.887913054879,101
"ENSG00000171992",TRUE,418400,503.659625469969,101
"ENSG00000164591",TRUE,3945,10.4166199254234,90
"ENSG00000086589",TRUE,74435,73.7736431171862,101
"ENSG00000132912",TRUE,98513,108.049999811961,101
"ENSG00000256235",TRUE,98259,140.428074042691,101
"ENSG00000145908",TRUE,12351,15.3158646806747,101
"ENSG00000211445",TRUE,1798291,5685.12413019263,101
"ENSG00000145901",TRUE,204865,385.042739744112,101
"ENSG00000197043",TRUE,418919,451.240354235306,101
"ENSG00000198624",TRUE,195216,224.099772649976,101
"ENSG00000196743",TRUE,179490,275.414591425426,101
"ENSG00000123643",TRUE,40569,67.6300749966511,101
"ENSG00000086570",TRUE,18175,107.313927851486,48
"ENSG00000113140",TRUE,2937170,5696.50182885682,101
"ENSG00000177556",TRUE,43618,217.712144331329,101
"ENSG00000275765",TRUE,1492,2.72063479060105,53
"ENSG00000145907",TRUE,194899,214.187285079318,101
"ENSG00000132911",TRUE,1565,8.90347690758449,30
"ENSG00000155511",TRUE,34998,169.958165701545,100
"ENSG00000055147",TRUE,40296,44.9897494818922,101
"ENSG00000037749",TRUE,37521,59.0002049657073,101
"ENSG00000164574",TRUE,124039,146.994712942921,101
"ENSG00000164576",TRUE,80937,88.2075471698113,101
"ENSG00000155506",TRUE,247727,249.226976327918,101
"ENSG00000170271",TRUE,108416,247.552024826246,101
"ENSG00000155508",TRUE,136129,157.219615374586,101
"ENSG00000082516",TRUE,36265,46.2555804783887,101
"ENSG00000082515",TRUE,24418,29.003707315223,101
"ENSG00000170624",TRUE,70309,129.446341029087,101
"ENSG00000145850",TRUE,1070,11.5632450033566,19
"ENSG00000135077",TRUE,56080,102.445715329042,101
"ENSG00000155868",TRUE,15477,15.2662605039205,101
"ENSG00000113263",TRUE,42721,115.782758332784,101
"ENSG00000055163",TRUE,68078,128.698763246401,101
"ENSG00000135074",TRUE,61166,104.3828810229,101
"ENSG00000172548",TRUE,958,4.96916561746284,23
"ENSG00000113272",TRUE,17823,17.6050439018683,101
"ENSG00000155858",TRUE,13982,20.2517846414681,101
"ENSG00000113282",TRUE,139547,163.048721362064,101
"ENSG00000164330",TRUE,33344,57.8049553607211,101
"ENSG00000145860",TRUE,252766,302.719115218398,101
"ENSG00000164332",TRUE,52888,51.1080551525897,101
"ENSG00000170214",TRUE,7353,18.3669047629754,92
"ENSG00000113312",TRUE,58277,68.7551669922182,101
"ENSG00000170234",TRUE,29669,34.2926836935356,101
"ENSG00000170231",TRUE,4977,29.9603317425824,49
"ENSG00000135083",TRUE,17857,36.8289028139685,101
"ENSG00000145861",TRUE,10860,20.4709381168868,101
"ENSG00000221886",TRUE,8255,12.7180837741043,101
"ENSG00000164609",TRUE,85026,80.277267361819,101
"ENSG00000164611",TRUE,9642,78.6203661992068,101
"ENSG00000118322",TRUE,1714,13.5656279789774,32
"ENSG00000145864",TRUE,6097,26.798489036746,96
"ENSG00000113328",TRUE,102502,110.715262790946,101
"ENSG00000170584",TRUE,26043,27.0738383450095,101
"ENSG00000072571",TRUE,4118,15.1184604438971,93
"ENSG00000038274",TRUE,110609,117.35053994379,101
"ENSG00000145934",TRUE,5986,16.9519772500062,86
"ENSG00000113645",TRUE,58572,110.840152806723,101
"ENSG00000113643",TRUE,69884,71.3209156256707,101
"ENSG00000120137",TRUE,103373,125.17354878492,101
"ENSG00000184347",TRUE,447932,683.6910239579,101
"ENSG00000040275",TRUE,12098,19.3336445825301,101
"ENSG00000134516",TRUE,116158,224.411889309606,101
"ENSG00000204767",TRUE,1358,5.36864946584416,34
"ENSG00000043462",TRUE,99722,168.926645594503,101
"ENSG00000182132",TRUE,1822,4.33770807681244,52
"ENSG00000145936",TRUE,26754,96.5159401872198,101
"ENSG00000094755",TRUE,5752,60.2449094996949,56
"ENSG00000204764",TRUE,10258,17.7802657724796,101
"ENSG00000181163",TRUE,440291,537.024827087234,101
"ENSG00000156427",TRUE,7062,13.6921556551754,95
"ENSG00000072803",TRUE,97570,101.463267593697,101
"ENSG00000072786",TRUE,101635,142.220484461091,101
"ENSG00000168246",TRUE,58534,69.1503307356954,101
"ENSG00000174705",TRUE,196295,425.56840726431,101
"ENSG00000214357",TRUE,131385,268.654670293235,101
"ENSG00000120129",TRUE,1287302,2252.37793669924,101
"ENSG00000113719",TRUE,276467,301.317958269515,101
"ENSG00000037241",TRUE,12319,14.8504559089964,101
"ENSG00000113732",TRUE,243359,276.152503035652,101
"ENSG00000164463",TRUE,81641,103.019123951915,101
"ENSG00000113734",TRUE,11530,14.3836110575177,101
"ENSG00000113739",TRUE,22172,66.3692090874719,101
"ENSG00000145919",TRUE,46204,44.4385382361677,101
"ENSG00000113742",TRUE,90211,113.893246594486,101
"ENSG00000120149",TRUE,1183,3.83838673178557,31
"ENSG00000184845",TRUE,2564,8.34756116224222,61
"ENSG00000164466",TRUE,31732,54.6623779379875,101
"ENSG00000113749",TRUE,31359,120.787738389087,101
"ENSG00000051596",TRUE,6505,8.46067829257872,101
"ENSG00000170085",TRUE,15570,17.0909941970843,101
"ENSG00000122203",TRUE,150055,137.971698113208,101
"ENSG00000175414",TRUE,26648,34.7610540942044,101
"ENSG00000048162",TRUE,18188,55.5126787550849,101
"ENSG00000146066",TRUE,62223,97.3717753789027,101
"ENSG00000175416",TRUE,81060,179.98340537941,101
"ENSG00000113194",TRUE,80446,71.954908435873,101
"ENSG00000146083",TRUE,72024,75.6601235703741,101
"ENSG00000169258",TRUE,3215,6.05300602613658,94
"ENSG00000048140",TRUE,54516,65.6603232370315,101
"ENSG00000113763",TRUE,1416,4.66956436821911,42
"ENSG00000160883",TRUE,75226,165.853214387046,101
"ENSG00000087206",TRUE,44758,41.0743596332183,101
"ENSG00000113761",TRUE,20739,21.5752437727352,101
"ENSG00000160867",TRUE,120605,200.213608886794,101
"ENSG00000165671",TRUE,140080,146.579665238864,101
"ENSG00000169228",TRUE,5926,8.65446373542727,101
"ENSG00000213347",TRUE,11171,24.5500377212083,101
"ENSG00000169230",TRUE,105642,180.516544864127,101
"ENSG00000169223",TRUE,159943,312.297565735738,101
"ENSG00000169220",TRUE,24235,45.7923541298869,101
"ENSG00000131187",TRUE,1499,3.24953554852624,50
"ENSG00000198055",TRUE,49127,63.042404935513,101
"ENSG00000131188",TRUE,2689,7.71705514581668,68
"ENSG00000113758",TRUE,95932,138.817446297449,101
"ENSG00000196923",TRUE,134366,193.500174448685,101
"ENSG00000146094",TRUE,45368,110.738240996794,101
"ENSG00000183258",TRUE,70364,90.1423164180561,101
"ENSG00000146067",TRUE,117193,140.165798541766,101
"ENSG00000184840",TRUE,199150,231.718125574259,101
"ENSG00000027847",TRUE,30301,60.0195707478619,101
"ENSG00000170074",TRUE,3045,7.98278000313609,79
"ENSG00000204677",TRUE,2445,7.08675367625347,63
"ENSG00000145911",TRUE,23667,81.872240272256,101
"ENSG00000145916",TRUE,51881,56.5423671195546,101
"ENSG00000145912",TRUE,42986,71.1649866458338,101
"ENSG00000197451",TRUE,139964,218.714275248614,101
"ENSG00000175309",TRUE,98023,110.484208649892,101
"ENSG00000050767",TRUE,8458,23.583762101521,101
"ENSG00000113240",TRUE,53426,66.1465249726287,101
"ENSG00000169131",TRUE,19656,23.9741848274706,101
"ENSG00000178338",TRUE,18632,18.8815725648065,101
"ENSG00000198939",TRUE,4357,5.48005049364835,100
"ENSG00000178187",TRUE,2739,4.60996450629623,95
"ENSG00000234284",TRUE,5709,8.26176091172072,101
"ENSG00000177932",TRUE,16966,19.6854702467975,101
"ENSG00000087116",TRUE,115598,227.803464984452,101
"ENSG00000176783",TRUE,76886,84.6714262664156,101
"ENSG00000169045",TRUE,584767,709.850205071118,101
"ENSG00000127022",TRUE,852633,1001.66132989239,101
"ENSG00000161021",TRUE,90387,82.1730811048311,101
"ENSG00000213316",TRUE,9743,13.7408931766253,101
"ENSG00000161013",TRUE,117533,132.007314706321,101
"ENSG00000161011",TRUE,431342,517.07199871664,101
"ENSG00000161010",TRUE,49919,82.0331543083255,101
"ENSG00000197226",TRUE,217587,215.747134241929,101
"ENSG00000113269",TRUE,191335,252.298258811781,101
"ENSG00000050748",TRUE,73727,73.9068298239344,101
"ENSG00000131459",TRUE,56718,378.792396211167,101
"ENSG00000113300",TRUE,66114,67.9837413573601,101
"ENSG00000161055",TRUE,694676,7705.70653530812,101
"ENSG00000037280",TRUE,85054,113.91522188346,101
"ENSG00000131446",TRUE,326267,454.474437702548,101
"ENSG00000196670",TRUE,34031,40.8850950476436,101
"ENSG00000113303",TRUE,3414,12.5016448138622,54
"ENSG00000168903",FALSE,556,3.41630206357194,17
"ENSG00000165810",TRUE,182347,571.854985617923,101
"ENSG00000146054",TRUE,6340,10.3421351894983,101
"ENSG00000146063",TRUE,60540,63.7628006206931,101
"ENSG00000204628",TRUE,1013301,1155.9603650937,101
"ENSG00000183718",TRUE,42533,48.7029839646776,101
"ENSG00000112679",TRUE,93450,86.7978417423603,101
"ENSG00000137265",TRUE,14256,88.1731882688641,100
"ENSG00000112685",TRUE,58120,56.1619045734663,101
"ENSG00000164379",TRUE,10946,23.7058160143169,101
"ENSG00000137273",TRUE,47779,74.6311939926892,101
"ENSG00000054598",TRUE,25736,151.857662125982,101
"ENSG00000112699",TRUE,19191,28.793046090274,101
"ENSG00000145949",TRUE,6686,35.6961780892706,101
"ENSG00000124535",TRUE,74313,74.7711309506439,101
"ENSG00000021355",TRUE,214123,454.886018663861,101
"ENSG00000170542",TRUE,69035,106.555285571468,101
"ENSG00000124570",TRUE,245875,337.977206419579,101
"ENSG00000124588",TRUE,37241,45.2954018959076,101
"ENSG00000137275",TRUE,79573,86.8894102253502,101
"ENSG00000137274",TRUE,17219,26.9796283401271,101
"ENSG00000137267",TRUE,13865,27.543375136794,101
"ENSG00000137285",TRUE,2063,5.13530639247405,58
"ENSG00000180822",TRUE,16147,24.0228896719799,101
"ENSG00000137266",TRUE,62657,124.752306183923,101
"ENSG00000168994",TRUE,107610,146.203884606335,101
"ENSG00000145945",TRUE,11912,14.396523045137,101
"ENSG00000112739",TRUE,141034,141.80930022522,101
"ENSG00000198721",TRUE,53546,64.0563002783257,101
"ENSG00000153046",TRUE,35860,34.8571609256496,101
"ENSG00000124787",TRUE,4157,6.36199856671241,101
"ENSG00000219607",TRUE,2490,5.12086564434366,84
"ENSG00000214113",TRUE,28252,31.1133272374762,101
"ENSG00000145982",TRUE,20551,24.9669431188187,101
"ENSG00000124785",TRUE,34040,56.2362442393039,101
"ENSG00000124491",TRUE,293769,995.62649354512,101
"ENSG00000112799",TRUE,20747,33.6837989513111,101
"ENSG00000124782",TRUE,82634,79.937570520189,101
"ENSG00000124783",TRUE,204990,278.938292713858,101
"ENSG00000124784",TRUE,29667,49.7626442548779,101
"ENSG00000096696",TRUE,71323,252.782192927676,101
"ENSG00000168566",TRUE,23937,27.9668480667008,101
"ENSG00000153162",TRUE,41692,108.252719378823,101
"ENSG00000239264",TRUE,2928,9.02767235754771,76
"ENSG00000188428",TRUE,17116,18.2743906524762,101
"ENSG00000124802",TRUE,6214,14.0138105056727,101
"ENSG00000124786",TRUE,37316,40.9676437399677,101
"ENSG00000137203",TRUE,4875,22.42305194535,45
"ENSG00000111846",TRUE,24181,51.2091663871611,101
"ENSG00000137434",TRUE,906,4.53439131766842,17
"ENSG00000111845",TRUE,21810,36.4878732482271,101
"ENSG00000111843",TRUE,104360,99.6888731698889,101
"ENSG00000137210",TRUE,46107,48.9731852974656,101
"ENSG00000111837",TRUE,4636,28.9445312444501,67
"ENSG00000153157",TRUE,1920,5.79172245613953,52
"ENSG00000197977",TRUE,6773,37.063515702204,73
"ENSG00000224531",TRUE,23698,28.775841929659,101
"ENSG00000244476",TRUE,2102,4.81549230045022,65
"ENSG00000111859",TRUE,408650,661.711444571614,101
"ENSG00000205269",TRUE,25050,38.8082265843316,101
"ENSG00000111863",TRUE,15553,58.9686230577537,99
"ENSG00000095951",TRUE,55546,89.0047964417716,101
"ENSG00000078401",TRUE,75212,174.740504347429,101
"ENSG00000112137",TRUE,42446,75.1991365778444,101
"ENSG00000145979",TRUE,14180,16.1945090648418,101
"ENSG00000145990",TRUE,82028,147.763842916712,101
"ENSG00000124523",TRUE,26343,29.6276550347602,101
"ENSG00000225921",TRUE,58792,59.3079644163524,101
"ENSG00000010017",TRUE,82297,86.9461260066731,101
"ENSG00000050393",TRUE,47479,58.6717645596811,101
"ENSG00000180537",TRUE,9103,24.2154476958738,100
"ENSG00000112149",TRUE,33850,81.713017513365,101
"ENSG00000008083",TRUE,37273,38.9919599408218,101
"ENSG00000047579",TRUE,25568,28.550847232341,101
"ENSG00000007944",TRUE,79401,137.913421834833,101
"ENSG00000137198",TRUE,14959,21.0586004351426,101
"ENSG00000124788",TRUE,92623,104.345626442657,101
"ENSG00000230873",TRUE,6411,51.4653414555366,48
"ENSG00000112183",TRUE,4327,12.9490964993774,80
"ENSG00000112186",TRUE,21778,42.0092781782127,101
"ENSG00000137414",TRUE,91162,97.9848109967227,101
"ENSG00000124789",TRUE,89484,115.639582726385,101
"ENSG00000137177",TRUE,140745,170.440251572327,101
"ENSG00000187566",TRUE,2685,4.77684601938184,89
"ENSG00000137364",TRUE,34295,41.3084854949698,101
"ENSG00000165097",TRUE,35095,49.1981457967024,101
"ENSG00000124795",TRUE,158006,177.748829525495,101
"ENSG00000137393",TRUE,131285,238.191500769216,101
"ENSG00000172201",TRUE,94135,193.365423107084,101
"ENSG00000172197",TRUE,15463,24.8888171077253,99
"ENSG00000112242",TRUE,26988,43.207111675315,101
"ENSG00000145996",TRUE,20707,20.4047609295079,101
"ENSG00000124766",TRUE,76208,147.813659647869,101
"ENSG00000146038",TRUE,6716,15.9459428004673,92
"ENSG00000124532",TRUE,41835,40.1761392584456,101
"ENSG00000112293",TRUE,5543,7.38993710691824,100
"ENSG00000112294",TRUE,27593,38.0888870684147,101
"ENSG00000137261",TRUE,4314,22.5963833997143,70
"ENSG00000111802",TRUE,58547,66.6659014068713,101
"ENSG00000112304",TRUE,25846,29.4772600257675,101
"ENSG00000112308",TRUE,193812,241.790687222181,101
"ENSG00000112312",TRUE,14446,23.6474717675052,101
"ENSG00000111913",TRUE,66239,152.239122894363,101
"ENSG00000079691",TRUE,50810,93.5325999029283,101
"ENSG00000112343",TRUE,94026,99.7304635617249,101
"ENSG00000187837",TRUE,22431,40.3618505952529,101
"ENSG00000010704",TRUE,22868,36.9250130544253,101
"ENSG00000180596",TRUE,2714,9.21309704858799,76
"ENSG00000180573",TRUE,26864,37.6557448446729,101
"ENSG00000168298",TRUE,891,2.9861217503219,20
"ENSG00000158373",TRUE,6050,14.1321862733999,98
"ENSG00000276966",TRUE,768,2.46988191263024,14
"ENSG00000273802",TRUE,3680,15.5049267601109,71
"ENSG00000277075",TRUE,1207,5.57063236890213,28
"ENSG00000274750",TRUE,1941,4.39197024000965,63
"ENSG00000124575",TRUE,695,2.61158656495408,16
"ENSG00000158406",TRUE,3949,10.14186715288,101
"ENSG00000186470",TRUE,138835,200.477846137065,101
"ENSG00000124508",TRUE,41004,60.3960055270784,101
"ENSG00000026950",TRUE,130386,218.713506807516,101
"ENSG00000111801",TRUE,98323,156.675320415673,101
"ENSG00000112763",TRUE,77287,89.0896120411582,101
"ENSG00000182952",TRUE,105248,102.63611047428,101
"ENSG00000146109",TRUE,33424,33.4432270084734,101
"ENSG00000181315",TRUE,9711,10.8233282066045,101
"ENSG00000124635",TRUE,1103,2.71525176731701,25
"ENSG00000197903",TRUE,9163,12.4159984892336,100
"ENSG00000112812",TRUE,10391,19.9400487792158,101
"ENSG00000124613",TRUE,9614,13.1497348212384,101
"ENSG00000096654",TRUE,13794,15.1272644711696,101
"ENSG00000197279",TRUE,3544,6.78613180449324,96
"ENSG00000196812",TRUE,6706,7.99278109938837,101
"ENSG00000198315",TRUE,70831,85.2435849264693,101
"ENSG00000137185",TRUE,19398,20.1024681749967,101
"ENSG00000187626",TRUE,11561,15.5118776301695,101
"ENSG00000189134",TRUE,1537,2.62613100897229,54
"ENSG00000197062",TRUE,23086,23.7642281735905,101
"ENSG00000137338",TRUE,11178,11.7718582479917,101
"ENSG00000235109",TRUE,13794,37.2674038105518,100
"ENSG00000189298",TRUE,11817,13.6902351476644,101
"ENSG00000158691",TRUE,15826,17.7596993275347,101
"ENSG00000187987",TRUE,2008,3.77865943139035,72
"ENSG00000232040",TRUE,1592,3.40079348825132,46
"ENSG00000204713",TRUE,89288,91.6580934426743,101
"ENSG00000197935",TRUE,3253,5.48865348068985,99
"ENSG00000204681",TRUE,121976,183.079996773717,101
"ENSG00000204644",TRUE,2045,8.16900342550975,47
"ENSG00000204642",TRUE,180313,269.268848761614,101
"ENSG00000204632",TRUE,18644,35.5592032881586,97
"ENSG00000206503",TRUE,1655236,2272.60181694362,101
"ENSG00000066379",TRUE,19969,40.3644791980602,101
"ENSG00000204619",TRUE,92162,91.6304700933786,101
"ENSG00000204618",TRUE,3249,14.0722770306069,68
"ENSG00000204616",FALSE,637,3.85331052356994,13
"ENSG00000234127",TRUE,78918,76.035290830759,101
"ENSG00000204599",TRUE,22707,23.8055544177592,101
"ENSG00000241370",TRUE,1584,2.35874492231015,59
"ENSG00000204592",TRUE,2245450,3817.26900232758,101
"ENSG00000204590",TRUE,118407,111.152931523017,101
"ENSG00000204576",TRUE,18939,27.7129260165787,101
"ENSG00000204574",TRUE,87803,88.2393122122793,101
"ENSG00000204569",TRUE,90250,131.764415765764,101
"ENSG00000204568",TRUE,64227,71.8817842355648,101
"ENSG00000137343",TRUE,20005,25.2414450016875,101
"ENSG00000204564",TRUE,15651,22.3661386601192,101
"ENSG00000204560",TRUE,67852,71.1002920615093,101
"ENSG00000146112",TRUE,145200,294.201198247943,101
"ENSG00000137404",TRUE,18363,53.4678735645947,101
"ENSG00000137337",TRUE,65135,67.3118077909007,101
"ENSG00000196230",TRUE,641932,1310.94189156685,101
"ENSG00000137312",TRUE,280984,432.562627823989,101
"ENSG00000137331",TRUE,51304,152.183206055287,101
"ENSG00000204580",TRUE,143779,424.373183817011,101
"ENSG00000137411",TRUE,47564,79.5993554334881,101
"ENSG00000196260",TRUE,89085,220.19727084912,101
"ENSG00000168631",TRUE,12540,53.4648849056967,75
"ENSG00000204544",TRUE,7147,71.2894974526759,68
"ENSG00000204540",TRUE,5217,10.8386284699044,97
"ENSG00000204536",TRUE,24492,43.7532880859571,101
"ENSG00000137310",TRUE,23769,52.4328294707559,101
"ENSG00000204531",TRUE,3250,10.8065065340164,82
"ENSG00000206344",TRUE,5442,12.4926404552165,97
"ENSG00000204525",TRUE,1432680,1887.12697923269,101
"ENSG00000234745",TRUE,2741464,3798.84306423606,101
"ENSG00000204520",TRUE,41182,51.478247680449,101
"ENSG00000204516",TRUE,15205,29.1339176114826,101
"ENSG00000198563",TRUE,205967,225.462669881759,101
"ENSG00000213760",TRUE,1530,2.86084690102524,55
"ENSG00000204498",TRUE,20777,24.2536018868524,101
"ENSG00000232810",TRUE,2588,15.271431971054,52
"ENSG00000227507",TRUE,16320,169.215040564712,101
"ENSG00000204482",TRUE,49137,144.862351045508,101
"ENSG00000204475",TRUE,1370,7.45745521798142,38
"ENSG00000204472",TRUE,98006,319.117540522111,101
"ENSG00000204469",TRUE,321861,309.791982208683,101
"ENSG00000204463",TRUE,236818,238.003917410218,101
"ENSG00000204444",TRUE,2199,3.01227456701942,87
"ENSG00000204439",TRUE,44647,44.0850524542917,101
"ENSG00000204438",TRUE,22681,23.4554187881255,101
"ENSG00000204435",TRUE,26072,73.7254200278003,101
"ENSG00000240053",TRUE,5841,9.4936086016725,96
"ENSG00000204428",TRUE,4345,5.66798914708553,101
"ENSG00000204427",TRUE,3298,4.70874329919669,95
"ENSG00000204420",TRUE,3088,24.6238331489066,66
"ENSG00000213722",TRUE,88713,96.9952410580253,101
"ENSG00000213719",TRUE,391242,440.678023317261,101
"ENSG00000204410",TRUE,3426,5.42974366620401,91
"ENSG00000204396",TRUE,7468,28.9727406579093,97
"ENSG00000204394",TRUE,70658,88.1490245854486,101
"ENSG00000204392",TRUE,30059,71.3156003741847,101
"ENSG00000204390",TRUE,3612,4.10957024242575,98
"ENSG00000204389",TRUE,79192,351.812152946423,101
"ENSG00000204388",TRUE,58465,322.355790093293,101
"ENSG00000204387",TRUE,18774,19.456428484237,101
"ENSG00000204386",TRUE,88877,125.196012385893,101
"ENSG00000204385",TRUE,72141,383.609505474749,101
"ENSG00000204371",TRUE,66029,78.5450593350314,101
"ENSG00000166278",TRUE,48136,141.12506346486,101
"ENSG00000204366",TRUE,4592,8.91763625808123,99
"ENSG00000243649",TRUE,9842,51.1114177796178,99
"ENSG00000204356",TRUE,69329,80.7289583961204,101
"ENSG00000204351",TRUE,75909,99.0285263907634,101
"ENSG00000204348",TRUE,26308,26.274816006655,101
"ENSG00000204344",TRUE,17904,21.6513644760881,101
"ENSG00000244731",TRUE,21384,43.2138452944338,100
"ENSG00000224389",TRUE,20264,66.323469554967,99
"ENSG00000168477",TRUE,331702,591.627160882829,101
"ENSG00000213676",TRUE,112580,127.567481247859,101
"ENSG00000204315",TRUE,5063,9.11213056523374,101
"ENSG00000204314",TRUE,3877,6.46993045903078,99
"ENSG00000221988",TRUE,13842,15.3063251597557,101
"ENSG00000241404",TRUE,2595,4.48754985387416,86
"ENSG00000204310",TRUE,100114,98.316866526881,101
"ENSG00000204308",TRUE,46515,47.1310243872374,101
"ENSG00000204305",TRUE,526527,1790.78048550467,101
"ENSG00000204304",TRUE,124210,119.861439804211,101
"ENSG00000213654",TRUE,66922,125.623523981254,101
"ENSG00000204301",TRUE,195673,306.412159571659,101
"ENSG00000204287",TRUE,2535000,3816.59717304271,101
"ENSG00000198502",TRUE,339183,722.530582950038,101
"ENSG00000196126",TRUE,1037713,1515.75395448878,101
"ENSG00000196735",TRUE,366890,789.294577874706,101
"ENSG00000179344",TRUE,418443,795.441764486087,101
"ENSG00000237541",TRUE,77389,236.688115198799,99
"ENSG00000232629",TRUE,45444,113.984429187156,100
"ENSG00000241106",TRUE,6992,19.5277693336833,100
"ENSG00000204267",TRUE,73412,122.855808642622,101
"ENSG00000204264",TRUE,116852,241.329401332409,101
"ENSG00000240065",TRUE,58885,174.135423388947,101
"ENSG00000168394",TRUE,188226,488.809281195112,101
"ENSG00000242574",TRUE,132740,291.99964276093,101
"ENSG00000204257",TRUE,222033,320.179552994706,101
"ENSG00000204256",TRUE,385347,408.629403317221,101
"ENSG00000204252",TRUE,99744,161.105494610599,101
"ENSG00000231389",TRUE,944706,1303.74953515424,101
"ENSG00000223865",TRUE,664843,903.995126042802,101
"ENSG00000204248",TRUE,5116,10.4969981286785,101
"ENSG00000204231",TRUE,94102,100.570504129913,101
"ENSG00000112473",TRUE,197726,253.914431684789,101
"ENSG00000204228",TRUE,15423,19.7141576834308,101
"ENSG00000204227",TRUE,73245,67.844568787562,101
"ENSG00000223501",TRUE,79034,73.4395033966931,101
"ENSG00000231500",TRUE,1254520,1575.5867048593,101
"ENSG00000235863",TRUE,15464,17.249887973002,101
"ENSG00000227057",TRUE,50855,84.1930741481928,101
"ENSG00000204220",TRUE,25586,38.2068067517842,101
"ENSG00000237441",TRUE,161632,164.133332555143,101
"ENSG00000231925",TRUE,231609,710.972104680758,101
"ENSG00000236104",TRUE,41301,41.3347740445176,101
"ENSG00000204209",TRUE,59628,63.1192859171417,101
"ENSG00000237649",TRUE,6573,30.5745868552471,100
"ENSG00000112511",TRUE,110342,124.343117538979,101
"ENSG00000112514",TRUE,78897,181.866076983797,101
"ENSG00000197283",TRUE,74290,115.712240021672,101
"ENSG00000030110",TRUE,23602,28.8403768798807,101
"ENSG00000096433",TRUE,277229,465.362113284112,101
"ENSG00000137288",TRUE,31567,75.9846259530648,101
"ENSG00000161896",TRUE,11272,24.6797368837229,100
"ENSG00000161904",TRUE,82516,73.0678812570724,101
"ENSG00000137309",TRUE,60656,124.1057121612,101
"ENSG00000186577",TRUE,26190,51.961736281085,101
"ENSG00000272325",TRUE,124030,121.684489821529,101
"ENSG00000124614",TRUE,2183,4.97025303558204,80
"ENSG00000124664",TRUE,5874,45.3944420342157,73
"ENSG00000196821",TRUE,206245,238.602760243768,101
"ENSG00000124562",TRUE,50468,57.8913791663918,101
"ENSG00000065060",TRUE,49629,70.497630663543,101
"ENSG00000064995",TRUE,47123,44.0817920697318,101
"ENSG00000064999",TRUE,141191,203.333078542006,101
"ENSG00000146197",TRUE,10319,72.9515959761436,95
"ENSG00000065029",TRUE,60971,65.7606059237802,101
"ENSG00000023892",TRUE,38448,68.2482200974276,101
"ENSG00000112033",TRUE,68848,91.7165996823141,101
"ENSG00000112039",TRUE,10834,17.1634113165845,101
"ENSG00000198755",TRUE,718464,862.54153271975,101
"ENSG00000007866",TRUE,62228,87.5283029475955,101
"ENSG00000096060",TRUE,815793,1327.14858072653,101
"ENSG00000157343",TRUE,1190,1.94040346049866,37
"ENSG00000096063",TRUE,60612,70.9716284553251,101
"ENSG00000112053",TRUE,1090,4.31228997051592,20
"ENSG00000112062",TRUE,122564,140.161244735998,101
"ENSG00000156711",TRUE,84059,129.294996613192,101
"ENSG00000096070",TRUE,63272,68.3648974649244,101
"ENSG00000010030",TRUE,7606,45.3347322336423,101
"ENSG00000112078",TRUE,175487,198.942859970385,101
"ENSG00000112079",TRUE,99477,120.100723781954,101
"ENSG00000112081",TRUE,310692,375.178797322269,101
"ENSG00000124762",TRUE,292844,1112.01991360143,101
"ENSG00000255587",TRUE,5992,11.9768595931396,100
"ENSG00000124772",TRUE,13848,47.7677809210049,101
"ENSG00000137168",TRUE,26338,37.5357915436032,101
"ENSG00000198663",TRUE,182213,177.532338787506,101
"ENSG00000164530",TRUE,21741,154.729088162352,95
"ENSG00000137409",TRUE,254054,238.419161232394,101
"ENSG00000146192",TRUE,68491,128.880048078013,101
"ENSG00000137193",TRUE,90019,255.273136577091,101
"ENSG00000172738",TRUE,1350,3.3955887463693,39
"ENSG00000065491",TRUE,28216,28.85789529318,101
"ENSG00000112130",TRUE,28920,28.922744496086,101
"ENSG00000137200",TRUE,94038,92.3975177984328,101
"ENSG00000198937",TRUE,10761,37.5781252235673,101
"ENSG00000112139",TRUE,22457,42.2955974842767,100
"ENSG00000156639",TRUE,104492,93.1100782348681,101
"ENSG00000183826",TRUE,50709,69.7777423268802,101
"ENSG00000124767",TRUE,156488,183.756452334401,101
"ENSG00000112164",TRUE,3174,11.2287134243279,75
"ENSG00000112167",TRUE,21544,20.2321899322383,101
"ENSG00000164626",TRUE,17452,42.9950215266929,101
"ENSG00000124780",TRUE,11624,31.7129719515677,101
"ENSG00000164627",TRUE,4573,24.3345667381539,85
"ENSG00000146122",TRUE,141586,221.954132257099,101
"ENSG00000124615",TRUE,78031,127.133780890285,101
"ENSG00000124602",TRUE,4975,10.1085088337764,101
"ENSG00000124596",TRUE,34585,42.4721320088276,101
"ENSG00000001167",TRUE,45109,55.3436813081357,101
"ENSG00000161911",TRUE,2085,7.4159497495245,62
"ENSG00000095970",TRUE,37547,78.9475268005612,101
"ENSG00000112195",TRUE,4080,13.5656279789774,88
"ENSG00000124731",TRUE,83969,181.754400402454,101
"ENSG00000137166",TRUE,52830,57.9103381950781,101
"ENSG00000112559",TRUE,25433,50.7279818565915,101
"ENSG00000112561",TRUE,35663,57.6850579584219,101
"ENSG00000096088",TRUE,341452,1422.39113856712,101
"ENSG00000137218",TRUE,12180,15.2119865634481,101
"ENSG00000124593",TRUE,5605,7.56401335743012,100
"ENSG00000164663",TRUE,17382,27.8865066036608,101
"ENSG00000124641",TRUE,22986,24.7418704718711,101
"ENSG00000112578",TRUE,14644,33.2224215567516,101
"ENSG00000112576",TRUE,179187,219.142974750663,101
"ENSG00000137413",TRUE,43849,43.6378104869623,101
"ENSG00000188112",TRUE,18921,54.0193860207167,101
"ENSG00000112599",TRUE,2364,3.15669167571121,95
"ENSG00000048544",TRUE,46329,46.8516270637559,101
"ENSG00000124496",TRUE,35811,46.3937741712912,101
"ENSG00000024048",TRUE,106544,112.438968120119,101
"ENSG00000112619",TRUE,3889,7.91795697219762,98
"ENSG00000124659",TRUE,24195,25.197821326672,101
"ENSG00000112624",TRUE,65350,73.7044504237818,101
"ENSG00000146223",TRUE,126998,126.429770924305,101
"ENSG00000221821",TRUE,5401,6.58675205292911,101
"ENSG00000171611",TRUE,1671,6.33595706755491,44
"ENSG00000137161",TRUE,88152,187.589398661134,101
"ENSG00000124713",TRUE,1647,4.91983252890072,47
"ENSG00000124587",TRUE,38323,71.7880676169669,101
"ENSG00000112640",TRUE,65112,66.3833690627504,101
"ENSG00000124733",TRUE,60167,77.9426044216275,101
"ENSG00000124702",TRUE,98580,129.753726974361,101
"ENSG00000124541",TRUE,38486,40.1512798432517,101
"ENSG00000044090",TRUE,61066,69.8185923569067,101
"ENSG00000137171",TRUE,36165,45.0701960196856,101
"ENSG00000112651",TRUE,23969,38.3311938653221,101
"ENSG00000112655",TRUE,158712,207.38775089346,101
"ENSG00000112658",TRUE,116441,158.596442248974,101
"ENSG00000112659",TRUE,64998,84.9793745564343,101
"ENSG00000112667",TRUE,22918,48.7988479857146,101
"ENSG00000171467",TRUE,66803,70.9245462321441,101
"ENSG00000124574",TRUE,43060,50.2466601600715,101
"ENSG00000171462",TRUE,1764,8.95332193328463,29
"ENSG00000137221",TRUE,49755,54.4917696974047,101
"ENSG00000204052",TRUE,1985,10.1268072761261,32
"ENSG00000171453",TRUE,24342,52.4601913043577,101
"ENSG00000137207",TRUE,130432,131.708731102132,101
"ENSG00000124571",TRUE,49358,56.4804094978135,101
"ENSG00000170734",TRUE,23109,28.5915119892841,101
"ENSG00000172432",TRUE,106044,117.544184579947,101
"ENSG00000124688",TRUE,23520,24.479834124644,101
"ENSG00000172426",TRUE,7397,49.5004385512136,62
"ENSG00000096080",TRUE,29624,45.6359596903442,101
"ENSG00000112715",TRUE,223164,366.085529846512,101
"ENSG00000181577",TRUE,12927,60.5467187970903,80
"ENSG00000180992",TRUE,52311,115.068888460142,101
"ENSG00000137216",TRUE,102904,198.378562769678,101
"ENSG00000137225",TRUE,3506,7.47263317930651,81
"ENSG00000112759",TRUE,97863,115.74055938089,101
"ENSG00000096384",TRUE,977885,1097.93957486864,101
"ENSG00000157593",TRUE,56077,57.0024493543938,101
"ENSG00000146232",TRUE,20259,53.8647242489375,101
"ENSG00000146221",TRUE,5784,45.7217791198233,50
"ENSG00000124608",TRUE,28184,28.7669916969803,101
"ENSG00000096401",TRUE,74275,77.160225588991,101
"ENSG00000196284",TRUE,10038,11.8474593424647,101
"ENSG00000124813",TRUE,23421,41.383075593134,101
"ENSG00000112782",TRUE,153731,426.920447717541,101
"ENSG00000001561",TRUE,65503,94.0917334373236,101
"ENSG00000112796",TRUE,21469,51.0874755123976,101
"ENSG00000172348",TRUE,92687,190.396889807706,101
"ENSG00000146233",TRUE,9057,12.9922666485562,100
"ENSG00000153291",TRUE,22687,35.9913119049483,101
"ENSG00000180113",TRUE,3283,4.98783044943526,90
"ENSG00000146070",TRUE,29014,80.1682349679403,100
"ENSG00000230062",TRUE,5565,45.4950595539398,48
"ENSG00000069122",TRUE,547992,904.756022521844,101
"ENSG00000153292",TRUE,15153,39.4617185120242,97
"ENSG00000146072",TRUE,103874,158.290264143738,101
"ENSG00000198087",TRUE,78138,91.9899569929449,101
"ENSG00000153294",TRUE,1282,3.85121847050666,31
"ENSG00000244694",TRUE,6535,19.4877267182934,74
"ENSG00000146085",TRUE,54825,63.326776789243,101
"ENSG00000031691",TRUE,6994,8.82479282284791,101
"ENSG00000197261",TRUE,4351,17.035792344086,94
"ENSG00000124490",TRUE,1425,13.0607347646529,24
"ENSG00000096006",TRUE,1748,12.8570126898715,32
"ENSG00000112118",TRUE,84830,116.397806185813,101
"ENSG00000170915",TRUE,24125,29.9542544005115,101
"ENSG00000096093",TRUE,64159,268.284819628715,101
"ENSG00000065308",TRUE,120775,178.117352075613,101
"ENSG00000096092",TRUE,17827,20.1012137519405,101
"ENSG00000244067",TRUE,10507,162.085185927631,43
"ENSG00000243955",TRUE,33481,220.638367625344,89
"ENSG00000174156",TRUE,1541,9.14373760974917,30
"ENSG00000170899",TRUE,62049,131.03974499696,101
"ENSG00000112144",TRUE,49482,53.2476146806676,101
"ENSG00000112146",TRUE,96673,96.1368672303209,101
"ENSG00000012660",TRUE,156383,193.122000936203,101
"ENSG00000001084",TRUE,62376,121.582233174325,101
"ENSG00000124743",TRUE,918,2.3907691208858,20
"ENSG00000137269",TRUE,28737,45.115975487516,101
"ENSG00000146147",FALSE,562,2.16663451580276,11
"ENSG00000168143",TRUE,1818,8.10615036325281,31
"ENSG00000146151",TRUE,7870,14.0965264298422,101
"ENSG00000112175",TRUE,69437,115.627559643232,101
"ENSG00000124749",TRUE,43209,82.1326420969934,101
"ENSG00000151914",TRUE,901439,1115.73899243178,101
"ENSG00000151917",TRUE,4349,10.1768679390028,86
"ENSG00000168116",TRUE,10405,13.461382414787,101
"ENSG00000112200",TRUE,67489,75.624788927381,101
"ENSG00000112208",TRUE,32114,66.2613621583114,101
"ENSG00000112210",TRUE,50158,72.6504541970883,101
"ENSG00000146143",TRUE,9988,11.3528959467183,101
"ENSG00000112232",TRUE,4246,12.0051703267305,87
"ENSG00000146166",TRUE,1710,25.7364238822918,28
"ENSG00000118482",TRUE,135967,149.788542187753,101
"ENSG00000135298",TRUE,9282,14.4541571233959,100
"ENSG00000168216",TRUE,100127,105.078143541741,101
"ENSG00000082293",TRUE,837,4.23104246166364,20
"ENSG00000082269",TRUE,31150,33.4379221356728,101
"ENSG00000154079",TRUE,11168,13.7543203302609,101
"ENSG00000112305",TRUE,53872,53.2738549873894,101
"ENSG00000119900",TRUE,131195,254.619928135587,101
"ENSG00000079841",TRUE,3100,10.6558195965208,73
"ENSG00000185760",TRUE,2703,5.76407124332938,77
"ENSG00000135314",TRUE,1997,3.5325175029449,78
"ENSG00000080007",TRUE,3256,9.58874802860842,76
"ENSG00000164430",TRUE,11469,23.9868662681464,101
"ENSG00000135297",TRUE,33429,33.4654479026828,101
"ENSG00000156508",TRUE,6515960,6899.07598982035,101
"ENSG00000119899",TRUE,48728,55.6506721406012,101
"ENSG00000156535",TRUE,96523,123.960977026574,101
"ENSG00000111799",TRUE,264221,625.93841211788,101
"ENSG00000112695",TRUE,117958,142.578320816421,101
"ENSG00000112697",TRUE,329823,340.703432911924,101
"ENSG00000118407",TRUE,54855,94.6338040681243,101
"ENSG00000112701",TRUE,141848,133.119036701669,101
"ENSG00000196586",TRUE,135547,191.26797488104,101
"ENSG00000146243",TRUE,10968,18.5154312138127,101
"ENSG00000146247",TRUE,118105,162.033913516393,101
"ENSG00000118418",TRUE,106290,169.829575558596,101
"ENSG00000135338",TRUE,19092,55.6974400186938,101
"ENSG00000198478",TRUE,84323,150.795636469474,101
"ENSG00000118402",TRUE,2078,3.69402587987374,66
"ENSG00000112742",TRUE,3002,10.9170993912718,83
"ENSG00000083123",TRUE,23095,26.4482692997686,101
"ENSG00000112773",TRUE,55563,102.611046169482,101
"ENSG00000005700",TRUE,96208,101.791977067399,101
"ENSG00000146242",TRUE,36084,62.8388776159358,101
"ENSG00000118420",TRUE,5313,15.3413572914448,101
"ENSG00000083097",TRUE,60053,65.8998204834477,101
"ENSG00000013375",TRUE,71592,90.2767235754771,101
"ENSG00000013392",TRUE,13966,15.7947964232117,101
"ENSG00000065833",TRUE,30547,42.4151036265601,101
"ENSG00000146250",TRUE,2757,5.19469568870372,80
"ENSG00000065615",TRUE,44330,62.7219399828594,101
"ENSG00000135324",TRUE,2447,15.9957313409794,63
"ENSG00000135315",TRUE,22893,37.7110211252757,101
"ENSG00000112837",TRUE,1090,4.04953765669285,24
"ENSG00000135318",TRUE,38420,71.7593905620626,101
"ENSG00000135317",TRUE,87967,89.8444432867437,101
"ENSG00000135316",TRUE,213110,212.915772055615,101
"ENSG00000188994",TRUE,69162,81.8307747446624,101
"ENSG00000164411",FALSE,554,3.62751305413474,13
"ENSG00000111850",TRUE,11330,14.0763679505735,101
"ENSG00000203872",TRUE,1241,2.04047609295079,35
"ENSG00000164414",TRUE,28951,44.0682038948635,101
"ENSG00000146282",TRUE,59529,53.9641813081333,101
"ENSG00000135336",TRUE,35213,34.0079348825132,101
"ENSG00000135334",TRUE,68770,68.9622405209209,101
"ENSG00000118432",TRUE,21535,47.614675326189,101
"ENSG00000111880",TRUE,27535,28.3826126759609,101
"ENSG00000146278",TRUE,217808,434.650375151699,101
"ENSG00000154548",TRUE,1815,6.6728795434501,62
"ENSG00000146281",TRUE,29516,49.8380790516427,101
"ENSG00000111886",TRUE,1758,3.83209829914616,59
"ENSG00000198833",TRUE,158735,193.040514264548,101
"ENSG00000025039",TRUE,42240,64.9888353226913,101
"ENSG00000135299",TRUE,33381,35.207704034669,101
"ENSG00000083099",TRUE,52040,55.5462936414382,101
"ENSG00000112159",TRUE,104732,131.724067778268,101
"ENSG00000118412",TRUE,39653,41.3088045586036,101
"ENSG00000112182",TRUE,16324,30.8149791613703,101
"ENSG00000135341",TRUE,71757,69.0190665171254,101
"ENSG00000135333",TRUE,1891,9.63756230667529,45
"ENSG00000172469",TRUE,30434,41.3798981905834,101
"ENSG00000014123",TRUE,58742,56.9381990551453,101
"ENSG00000112214",TRUE,54116,94.9342368222556,101
"ENSG00000112218",TRUE,2437,5.54933736512995,76
"ENSG00000123545",TRUE,16538,23.9141144450036,101
"ENSG00000186231",TRUE,2885,17.6456319432479,46
"ENSG00000146263",TRUE,13217,14.9476525914709,101
"ENSG00000112234",TRUE,37056,41.2392505390333,101
"ENSG00000146267",TRUE,5952,11.2189121027419,101
"ENSG00000132423",TRUE,6716,8.0931535461754,101
"ENSG00000132424",TRUE,247756,301.17122572135,101
"ENSG00000123552",TRUE,16687,18.9630640993048,101
"ENSG00000112237",TRUE,60316,76.6267382924028,101
"ENSG00000112249",TRUE,70986,79.4024917185083,101
"ENSG00000164418",TRUE,1070,5.94336806706115,21
"ENSG00000085382",TRUE,26944,29.1051041334167,101
"ENSG00000112276",TRUE,13147,22.435062539619,101
"ENSG00000085377",TRUE,57225,52.2682833190495,101
"ENSG00000057657",TRUE,75846,183.095218979778,101
"ENSG00000057663",TRUE,53805,51.9973939776513,101
"ENSG00000112297",TRUE,109729,186.359499467907,101
"ENSG00000130347",TRUE,6661,9.8651992069886,101
"ENSG00000130348",TRUE,25995,24.8041871571457,101
"ENSG00000272398",TRUE,95435,405.903596119952,101
"ENSG00000130349",TRUE,13438,19.7303984139772,101
"ENSG00000178409",TRUE,5886,8.55335362858002,101
"ENSG00000164494",TRUE,24808,26.2962607424113,101
"ENSG00000112320",TRUE,21154,29.8046486525312,101
"ENSG00000146285",TRUE,10267,24.8152745567372,101
"ENSG00000025796",TRUE,177078,177.135202277708,101
"ENSG00000081087",TRUE,66426,72.4251406402534,101
"ENSG00000112335",TRUE,219621,242.334392952346,101
"ENSG00000135537",TRUE,7336,9.29550220122026,101
"ENSG00000118689",TRUE,217704,307.252402604684,101
"ENSG00000118690",TRUE,12312,50.8607559465141,100
"ENSG00000080546",TRUE,101558,173.721329466934,101
"ENSG00000183137",TRUE,13463,14.9326701090549,101
"ENSG00000135535",TRUE,364686,397.373466949038,101
"ENSG00000185250",TRUE,12947,77.4625183435022,97
"ENSG00000135587",TRUE,17414,41.0362414248992,101
"ENSG00000135596",TRUE,174797,226.099748516317,101
"ENSG00000112365",TRUE,21368,21.9018668603765,101
"ENSG00000155085",TRUE,16782,65.5975277289365,101
"ENSG00000112367",TRUE,48692,63.3246828817534,101
"ENSG00000112290",TRUE,14618,19.9789425331962,101
"ENSG00000168438",TRUE,35328,36.3256655357276,101
"ENSG00000053328",TRUE,4369,6.89425915040546,91
"ENSG00000203797",TRUE,8343,11.4616968946122,101
"ENSG00000004809",TRUE,1649,8.75464239231303,36
"ENSG00000155111",TRUE,44680,45.972620824726,101
"ENSG00000123505",TRUE,113249,176.863560154605,101
"ENSG00000155115",TRUE,40803,77.4154563723991,101
"ENSG00000197498",TRUE,31417,52.2472270636093,101
"ENSG00000112394",TRUE,15566,53.50293085161,100
"ENSG00000173214",TRUE,8232,12.3940029349604,101
"ENSG00000009413",TRUE,126447,144.267463111879,101
"ENSG00000056972",TRUE,40071,46.4971925634023,101
"ENSG00000010810",TRUE,142506,193.133425738188,101
"ENSG00000074935",TRUE,26282,30.8733417305089,101
"ENSG00000203778",TRUE,19531,61.8188682975462,101
"ENSG00000112769",TRUE,397537,524.433716773163,101
"ENSG00000277443",TRUE,178005,249.073176300417,101
"ENSG00000196591",TRUE,93524,95.0058452629054,101
"ENSG00000111816",TRUE,24610,42.1491732443521,101
"ENSG00000178425",TRUE,59488,71.4922364419054,101
"ENSG00000123500",TRUE,21248,87.5076736597149,73
"ENSG00000187189",TRUE,52128,62.650173372452,101
"ENSG00000111817",TRUE,86653,112.328257910312,101
"ENSG00000189241",TRUE,90494,99.0353086850585,101
"ENSG00000188820",TRUE,1267,10.148289574985,25
"ENSG00000178033",TRUE,29018,46.1611435599255,101
"ENSG00000111832",TRUE,74578,74.9572822275233,101
"ENSG00000111834",TRUE,18254,133.764543871218,92
"ENSG00000153975",TRUE,14789,15.9810297566774,101
"ENSG00000196911",TRUE,23140,28.094906756169,101
"ENSG00000183807",TRUE,25745,56.5970721867495,101
"ENSG00000047936",TRUE,102989,278.55749710218,101
"ENSG00000164465",TRUE,39968,51.8944566646154,101
"ENSG00000047932",TRUE,66110,67.3042821191741,101
"ENSG00000153989",TRUE,50587,63.9084096229418,101
"ENSG00000196376",TRUE,1526,3.31810061808314,45
"ENSG00000111860",TRUE,24533,35.1465690813265,101
"ENSG00000198523",TRUE,72689,259.132500877075,101
"ENSG00000111877",TRUE,25421,31.4424528033436,101
"ENSG00000111875",TRUE,27437,62.7967971253208,101
"ENSG00000111879",TRUE,27426,46.2398735655365,101
"ENSG00000111885",TRUE,202218,275.560356092238,101
"ENSG00000146350",TRUE,6662,10.2779536533818,100
"ENSG00000152661",TRUE,159811,391.53967218149,101
"ENSG00000025156",TRUE,22491,27.508692592749,101
"ENSG00000111897",TRUE,563751,601.941197078282,101
"ENSG00000135549",TRUE,5795,19.7378519757957,95
"ENSG00000172594",TRUE,40563,65.8146612681282,101
"ENSG00000146373",TRUE,52630,74.261462714305,101
"ENSG00000111907",TRUE,27894,49.5740362487201,101
"ENSG00000111906",TRUE,53664,69.7901707272554,101
"ENSG00000135547",TRUE,6988,18.5202194119002,100
"ENSG00000111912",TRUE,134425,466.962311037394,101
"ENSG00000111911",TRUE,60376,74.1380246997935,101
"ENSG00000066651",TRUE,20123,23.0711260810775,101
"ENSG00000203760",TRUE,5457,10.9825956490692,101
"ENSG00000146374",TRUE,26119,82.2133245287288,101
"ENSG00000118518",TRUE,83185,87.8965415850049,101
"ENSG00000093144",TRUE,101662,133.924495987446,101
"ENSG00000172673",TRUE,7244,24.4299442064773,99
"ENSG00000152894",TRUE,123614,125.002374381531,101
"ENSG00000196569",TRUE,318325,466.344061276648,101
"ENSG00000146376",TRUE,158492,231.849851934982,101
"ENSG00000198945",TRUE,19578,23.0429474307444,101
"ENSG00000164483",TRUE,3140,6.02577706914639,91
"ENSG00000164484",TRUE,26714,56.1819221474571,101
"ENSG00000079819",TRUE,288036,354.74598097323,101
"ENSG00000118507",TRUE,16783,22.4680488441847,101
"ENSG00000118520",TRUE,2354,16.6901593303301,35
"ENSG00000112282",TRUE,55774,56.498684094285,101
"ENSG00000154269",TRUE,4700,20.7651007775099,93
"ENSG00000197594",TRUE,10822,21.1591127008624,101
"ENSG00000118523",TRUE,787991,1974.2750873337,101
"ENSG00000079931",TRUE,196569,385.975832159727,101
"ENSG00000079950",TRUE,132447,146.947157756949,101
"ENSG00000112299",TRUE,14171,68.1786204584498,99
"ENSG00000093134",TRUE,7303,41.4141073680383,89
"ENSG00000112303",TRUE,37832,113.546519213373,101
"ENSG00000146409",TRUE,24649,32.594333240148,101
"ENSG00000112306",TRUE,863458,1047.75892676243,101
"ENSG00000112319",TRUE,8179,30.7920548918796,96
"ENSG00000118526",TRUE,179964,316.918299702666,101
"ENSG00000028839",TRUE,22765,25.0884844772402,101
"ENSG00000146411",TRUE,12772,24.2154476958738,100
"ENSG00000118515",TRUE,479842,721.044389771685,101
"ENSG00000118514",TRUE,1373,2.22770353773736,46
"ENSG00000112339",TRUE,54453,53.4157817242138,101
"ENSG00000118513",TRUE,11419,38.6178993888094,101
"ENSG00000135541",TRUE,42259,51.2941436514428,101
"ENSG00000171408",TRUE,19506,36.7082134949697,101
"ENSG00000146410",TRUE,2033,5.30478773237853,74
"ENSG00000029363",TRUE,181409,195.474557303278,101
"ENSG00000135525",TRUE,21693,35.676539693117,101
"ENSG00000197442",TRUE,82209,81.95326934426,101
"ENSG00000112357",TRUE,10578,14.1371262335129,101
"ENSG00000016402",TRUE,16904,32.9433950762594,101
"ENSG00000027697",TRUE,436712,637.195682362056,101
"ENSG00000118503",TRUE,244628,582.195789677741,101
"ENSG00000112378",TRUE,119791,287.152270467868,101
"ENSG00000112379",TRUE,77354,177.303926207046,101
"ENSG00000051620",TRUE,80066,87.3626060537449,101
"ENSG00000135540",TRUE,34347,54.5353553123734,101
"ENSG00000024862",TRUE,35139,47.0805213097723,101
"ENSG00000203734",TRUE,10797,92.803875634947,55
"ENSG00000135597",TRUE,52303,48.7029839646776,101
"ENSG00000146386",TRUE,28298,48.0530991804165,101
"ENSG00000112406",TRUE,118313,137.126621177263,101
"ENSG00000164440",TRUE,5721,15.0390645369336,99
"ENSG00000164442",TRUE,211860,395.627149226216,101
"ENSG00000009844",TRUE,49981,52.2256529046704,101
"ENSG00000112414",TRUE,123619,220.933704595921,101
"ENSG00000010818",TRUE,85902,139.885097889768,101
"ENSG00000146416",TRUE,40780,42.1082768913885,101
"ENSG00000189007",TRUE,21848,25.4815437537487,101
"ENSG00000034693",TRUE,18073,18.6513628922611,101
"ENSG00000001036",TRUE,96359,102.794290527464,101
"ENSG00000112419",TRUE,105754,183.481997290785,101
"ENSG00000135521",TRUE,23210,31.021791069018,101
"ENSG00000118495",TRUE,63311,80.0004266689422,101
"ENSG00000169976",TRUE,65410,175.540300393057,101
"ENSG00000135604",TRUE,28745,51.8939181196481,101
"ENSG00000152818",TRUE,374776,445.312724451978,101
"ENSG00000112425",TRUE,14464,16.93922507186,101
"ENSG00000118496",TRUE,35576,44.6442687449465,101
"ENSG00000146414",TRUE,37280,45.6633846964775,101
"ENSG00000118508",TRUE,37220,65.0192720498074,101
"ENSG00000118492",TRUE,6858,60.4585509022456,52
"ENSG00000164506",TRUE,51205,57.7595736274169,101
"ENSG00000203727",TRUE,26062,57.2496559955959,101
"ENSG00000111961",TRUE,220972,344.84389998018,101
"ENSG00000111962",TRUE,28876,35.3762383781169,101
"ENSG00000055208",TRUE,151328,145.882984585687,101
"ENSG00000178199",TRUE,7156,18.5834021845619,100
"ENSG00000131013",TRUE,43166,45.3042025342513,101
"ENSG00000055211",TRUE,97049,94.5551882446931,101
"ENSG00000186625",TRUE,24516,25.1786999214346,101
"ENSG00000131023",TRUE,67946,74.5325903161838,101
"ENSG00000120253",TRUE,40353,40.9055273356837,101
"ENSG00000120265",TRUE,79037,81.2599966490568,101
"ENSG00000120256",TRUE,5018,11.9601110485305,100
"ENSG00000164520",TRUE,776,2.3907691208858,16
"ENSG00000203722",TRUE,1367,2.59962843882099,43
"ENSG00000131015",TRUE,3763,8.73049944987542,83
"ENSG00000111981",TRUE,6270,20.8806109172214,79
"ENSG00000131019",TRUE,4114,7.53679463139045,101
"ENSG00000198729",TRUE,27406,76.0534442270119,101
"ENSG00000009765",TRUE,3443,10.2552388183713,77
"ENSG00000120278",TRUE,95516,165.488914015404,101
"ENSG00000120254",TRUE,40663,76.0215694695345,101
"ENSG00000131016",TRUE,264070,512.391963240668,101
"ENSG00000181472",TRUE,33465,37.6640767596685,101
"ENSG00000155906",TRUE,22913,23.9805733768199,101
"ENSG00000146476",TRUE,37328,55.7020831843284,101
"ENSG00000120262",TRUE,28625,171.173272241983,100
"ENSG00000091831",TRUE,11710,29.4018831301997,101
"ENSG00000131018",TRUE,391465,626.400046828275,101
"ENSG00000120279",TRUE,56096,91.6756621906325,101
"ENSG00000146469",TRUE,2996,7.50323145420654,80
"ENSG00000112029",TRUE,8981,13.9154576747901,101
"ENSG00000112031",TRUE,16534,21.3983370073476,101
"ENSG00000091844",TRUE,1605,4.15652537452939,43
"ENSG00000074706",TRUE,18482,34.537887678174,101
"ENSG00000153721",TRUE,42781,126.126224932413,101
"ENSG00000213079",TRUE,70061,68.5762827410243,101
"ENSG00000146426",TRUE,7637,9.47912661639339,101
"ENSG00000029639",TRUE,11197,12.6207225008438,101
"ENSG00000049618",TRUE,131933,137.227161276439,101
"ENSG00000215712",TRUE,27876,28.4077207748596,101
"ENSG00000175048",TRUE,28066,41.8087864150993,101
"ENSG00000130340",TRUE,129081,166.079691148991,101
"ENSG00000078269",TRUE,39382,81.9475270005673,101
"ENSG00000122335",TRUE,18499,20.764218406701,101
"ENSG00000272047",TRUE,33355,32.1941783554458,101
"ENSG00000130338",TRUE,40474,42.1082768913885,101
"ENSG00000146433",TRUE,92008,93.8101540110702,101
"ENSG00000146425",TRUE,102029,140.92283932536,101
"ENSG00000164674",TRUE,33870,69.7061686877542,101
"ENSG00000092820",TRUE,501778,794.402735598775,101
"ENSG00000130363",TRUE,29927,56.0191022827129,101
"ENSG00000164691",TRUE,21877,46.4361129037193,100
"ENSG00000164694",TRUE,32978,94.3230413845235,87
"ENSG00000112096",TRUE,602827,2709.05070462821,101
"ENSG00000146457",TRUE,126255,175.901791962596,101
"ENSG00000120437",TRUE,40963,98.9907147549651,101
"ENSG00000120438",TRUE,157395,167.886809789995,101
"ENSG00000112110",TRUE,45981,50.5260072084145,101
"ENSG00000146453",TRUE,695,5.44126958120211,13
"ENSG00000197081",TRUE,291389,335.461885107255,101
"ENSG00000146477",TRUE,36471,79.5544264300338,101
"ENSG00000085511",TRUE,55125,61.3654291657793,101
"ENSG00000026652",TRUE,37728,41.0584200364413,101
"ENSG00000185345",TRUE,5587,9.40052055794893,100
"ENSG00000112530",TRUE,6543,40.8850950476436,70
"ENSG00000112531",TRUE,274842,373.148537116167,101
"ENSG00000112539",TRUE,7065,46.2330967945361,48
"ENSG00000112541",TRUE,16978,38.7887472512802,99
"ENSG00000176381",TRUE,1010,7.93518480591974,23
"ENSG00000198818",TRUE,50914,53.8939080641043,101
"ENSG00000060762",TRUE,47585,51.283018690435,101
"ENSG00000071242",TRUE,273668,393.380880817991,101
"ENSG00000026297",TRUE,44385,88.2089898463527,101
"ENSG00000213066",TRUE,17013,28.0480787220186,101
"ENSG00000130396",TRUE,257916,345.701912636359,101
"ENSG00000125337",TRUE,1196,2.86223886900348,32
"ENSG00000164488",TRUE,3386,12.4001253686189,79
"ENSG00000112562",TRUE,77788,159.605741389266,101
"ENSG00000186340",TRUE,229919,703.2819708443,101
"ENSG00000184465",TRUE,31458,53.1234380315095,101
"ENSG00000185127",TRUE,33457,38.3018720412461,101
"ENSG00000130024",TRUE,117360,139.287222316665,101
"ENSG00000184786",TRUE,2905,5.36408975506441,91
"ENSG00000130023",TRUE,32215,35.195817254981,101
"ENSG00000198719",TRUE,33056,52.2534392140836,101
"ENSG00000112584",TRUE,62673,71.1736669759175,101
"ENSG00000008018",TRUE,157563,156.748647501967,101
"ENSG00000112592",TRUE,22172,22.5567797231616,101
"ENSG00000071994",TRUE,65168,63.6721260535007,101
"ENSG00000177706",TRUE,91491,219.067667886487,101
"ENSG00000197461",TRUE,35520,46.919393286666,101
"ENSG00000188191",TRUE,25623,28.3527190860853,101
"ENSG00000164818",TRUE,30457,42.5344490509732,101
"ENSG00000164828",TRUE,204054,226.075794565381,101
"ENSG00000239857",TRUE,4267,5.86596954249683,94
"ENSG00000105963",TRUE,8096,35.9966810758821,101
"ENSG00000240230",TRUE,21030,25.0208458131834,101
"ENSG00000146540",TRUE,53825,91.1213056523374,101
"ENSG00000164849",TRUE,41451,97.7718258543157,101
"ENSG00000164850",TRUE,22747,92.5969285365723,101
"ENSG00000178381",TRUE,18087,19.5238870451257,101
"ENSG00000164877",TRUE,87143,120.792210137479,101
"ENSG00000164880",TRUE,121308,153.174161732937,101
"ENSG00000198517",TRUE,100478,129.753935749867,101
"ENSG00000164855",TRUE,14811,49.3502434114831,101
"ENSG00000157778",TRUE,23215,63.4083796357588,101
"ENSG00000225968",TRUE,5100,10.8470803769215,94
"ENSG00000002822",TRUE,1022,1.61447402381012,19
"ENSG00000106268",TRUE,9110,41.1928547039906,101
"ENSG00000106266",TRUE,44712,54.8987039839289,101
"ENSG00000106263",TRUE,171154,318.623342326479,101
"ENSG00000136213",TRUE,41594,39.0872704551299,101
"ENSG00000106003",TRUE,31782,45.0273790525071,101
"ENSG00000106009",TRUE,54842,59.7936501553355,101
"ENSG00000106012",TRUE,46212,93.5596075212251,101
"ENSG00000136295",TRUE,126918,183.096031336647,101
"ENSG00000174945",TRUE,2345,18.7389179939084,51
"ENSG00000146535",TRUE,121438,118.328886096304,101
"ENSG00000198286",TRUE,22910,51.0489718014398,101
"ENSG00000146555",TRUE,57886,106.819351972187,101
"ENSG00000164916",TRUE,54062,59.192159839621,101
"ENSG00000242802",TRUE,54571,98.6699253458472,101
"ENSG00000157927",TRUE,10285,14.6395016713631,101
"ENSG00000146587",TRUE,33828,34.6245232884628,101
"ENSG00000157954",TRUE,91665,83.5780046614421,101
"ENSG00000164638",TRUE,4919,9.93663415868162,92
"ENSG00000182095",TRUE,201994,183.454827750864,101
"ENSG00000155034",TRUE,16908,22.1463371826897,101
"ENSG00000075624",TRUE,5067570,10312.3713664626,101
"ENSG00000075618",TRUE,71554,124.988390474805,101
"ENSG00000011275",TRUE,79244,81.3366985223716,101
"ENSG00000122674",TRUE,16171,27.8881801107914,101
"ENSG00000155026",TRUE,853,5.74356233571333,21
"ENSG00000122512",TRUE,13425,13.653025880604,101
"ENSG00000106305",TRUE,20677,28.7703712961328,101
"ENSG00000086232",TRUE,158675,180.887087749516,101
"ENSG00000106346",TRUE,24021,24.2537354702744,101
"ENSG00000008256",TRUE,107225,139.680881971076,101
"ENSG00000136238",TRUE,351545,350.18337993349,101
"ENSG00000164535",TRUE,35750,46.8080911889647,101
"ENSG00000136240",TRUE,262127,364.409915745174,101
"ENSG00000136247",TRUE,44804,49.9338862376373,101
"ENSG00000146576",TRUE,38269,41.4551749138473,101
"ENSG00000236609",TRUE,19611,22.8929732953466,101
"ENSG00000205903",TRUE,73240,83.6044033574375,101
"ENSG00000164631",TRUE,50891,51.8554308544391,101
"ENSG00000169402",FALSE,927,8.73161481457132,18
"ENSG00000146574",TRUE,14373,17.8573793530483,101
"ENSG00000106392",TRUE,37366,58.0225155407435,101
"ENSG00000215018",TRUE,7815,33.4621886995076,97
"ENSG00000164654",TRUE,41648,48.1401211559131,101
"ENSG00000106399",TRUE,18693,34.0582748615028,101
"ENSG00000106415",TRUE,34543,55.5861706232787,101
"ENSG00000003147",TRUE,34550,39.5862520972187,101
"ENSG00000189043",TRUE,205574,192.777045015845,101
"ENSG00000106443",TRUE,54056,64.3873688700401,101
"ENSG00000005108",TRUE,25445,75.7948388190269,101
"ENSG00000106460",TRUE,69627,85.085580135132,101
"ENSG00000146530",TRUE,2194,6.03577760431821,66
"ENSG00000006747",TRUE,14992,31.9914626819588,101
"ENSG00000122644",TRUE,35869,42.7349980358337,101
"ENSG00000006468",TRUE,91748,115.20511447739,101
"ENSG00000136267",TRUE,1173,9.33539515071393,28
"ENSG00000187546",TRUE,962,1.94089256417055,22
"ENSG00000106511",TRUE,40238,113.423041755583,101
"ENSG00000214960",TRUE,4191,6.83590728733792,97
"ENSG00000171243",TRUE,21554,116.358145982461,95
"ENSG00000106524",TRUE,30964,35.3682522778137,101
"ENSG00000136261",TRUE,50687,81.0683876448938,101
"ENSG00000106537",TRUE,165184,372.967770435264,101
"ENSG00000106541",TRUE,148032,649.724163915439,101
"ENSG00000173467",TRUE,50148,189.478641696274,101
"ENSG00000106546",TRUE,131336,189.820615924376,101
"ENSG00000071189",TRUE,79267,82.0133666614786,101
"ENSG00000048052",TRUE,23760,49.4267783467774,101
"ENSG00000122691",TRUE,2752,7.44761604674811,56
"ENSG00000105849",TRUE,26099,32.228588433259,101
"ENSG00000183742",TRUE,24715,43.0738351802428,101
"ENSG00000105855",TRUE,26778,65.573942286917,101
"ENSG00000105866",TRUE,16724,23.158594286104,101
"ENSG00000105877",TRUE,20264,130.741616326106,99
"ENSG00000164649",TRUE,26042,34.3103603219489,101
"ENSG00000136237",TRUE,181752,366.348512667438,101
"ENSG00000105889",TRUE,1451,3.11432866631574,48
"ENSG00000136244",TRUE,55051,442.894632676438,101
"ENSG00000196683",TRUE,173537,176.912648160648,101
"ENSG00000122591",TRUE,83316,135.535114388335,101
"ENSG00000122550",TRUE,38809,40.3527809218651,101
"ENSG00000136243",TRUE,28038,28.2493420471425,101
"ENSG00000136235",TRUE,528325,976.610014039319,101
"ENSG00000156928",TRUE,21421,27.2606960582986,101
"ENSG00000136231",TRUE,3146,6.42836665871555,87
"ENSG00000164548",TRUE,105664,110.181170409185,101
"ENSG00000169193",TRUE,11953,12.6013639716363,101
"ENSG00000188732",TRUE,12625,24.7347067850768,101
"ENSG00000196335",TRUE,1607,4.08805031446541,50
"ENSG00000105926",TRUE,10693,19.9476505501008,101
"ENSG00000105928",TRUE,21872,35.7613143689904,101
"ENSG00000070882",TRUE,52586,88.6134355228609,101
"ENSG00000172115",TRUE,89028,143.842952180444,101
"ENSG00000153790",TRUE,8796,9.54497166427242,101
"ENSG00000050344",TRUE,28861,46.4708402413432,101
"ENSG00000122566",TRUE,900499,895.454014336207,101
"ENSG00000122565",TRUE,179343,219.187678623351,101
"ENSG00000086300",TRUE,54767,186.128856523021,101
"ENSG00000005020",TRUE,122532,131.605693999314,101
"ENSG00000105991",TRUE,1004,1.67382696365178,17
"ENSG00000105996",TRUE,2838,4.13617895426416,95
"ENSG00000105997",TRUE,10749,21.7231324894538,101
"ENSG00000197576",TRUE,4812,7.67073187881718,101
"ENSG00000106004",TRUE,27865,52.9430906145813,101
"ENSG00000106006",TRUE,1940,4.46836586017246,71
"ENSG00000122592",TRUE,8787,12.4717856821918,101
"ENSG00000078399",TRUE,857,1.99704154936475,17
"ENSG00000106049",TRUE,52861,55.3195740755547,101
"ENSG00000106052",TRUE,219662,271.383320362455,101
"ENSG00000153814",TRUE,43269,47.9922975533724,101
"ENSG00000146592",TRUE,33002,50.842804463058,101
"ENSG00000255690",TRUE,18052,33.4104417316632,101
"ENSG00000106066",TRUE,97448,223.311111566099,101
"ENSG00000176532",TRUE,6099,36.7608321184893,78
"ENSG00000122574",TRUE,4704,16.289230998612,80
"ENSG00000136193",TRUE,96095,113.070743102978,101
"ENSG00000106080",TRUE,45132,74.5187764217771,101
"ENSG00000106086",TRUE,23450,28.7568720233872,101
"ENSG00000180354",TRUE,84081,140.723270440252,101
"ENSG00000180233",TRUE,14287,18.1319626036322,101
"ENSG00000106100",TRUE,57329,65.5177697751169,101
"ENSG00000006625",TRUE,20186,51.5098950960321,101
"ENSG00000106105",TRUE,113347,232.425014303893,101
"ENSG00000241644",TRUE,398340,1363.58915563774,101
"ENSG00000106125",TRUE,4143,10.6393625891835,99
"ENSG00000240583",TRUE,1160902,1634.20381072618,101
"ENSG00000078549",TRUE,7553,23.9644985923769,96
"ENSG00000154678",TRUE,34271,63.350063696961,101
"ENSG00000106355",TRUE,29627,33.3663460268447,101
"ENSG00000105778",TRUE,60675,65.5146304154202,101
"ENSG00000170852",TRUE,102989,128.680419439642,101
"ENSG00000122642",TRUE,175861,209.29393265543,101
"ENSG00000122643",TRUE,31010,35.9484092684528,101
"ENSG00000164610",TRUE,12130,19.8057052781527,101
"ENSG00000122507",TRUE,28199,46.0996450629623,101
"ENSG00000164619",TRUE,30828,54.597562196287,101
"ENSG00000173852",TRUE,61247,75.8182065626783,101
"ENSG00000122557",TRUE,63200,56.5950289823592,101
"ENSG00000122545",TRUE,333292,347.701547420281,101
"ENSG00000122547",TRUE,20167,27.6154143344377,101
"ENSG00000164542",TRUE,7984,19.032624847084,99
"ENSG00000011426",TRUE,9931,34.4521050264272,99
"ENSG00000136250",TRUE,38657,144.275269582304,101
"ENSG00000155849",TRUE,76412,85.8286317674505,101
"ENSG00000187037",TRUE,2384,12.6222514588791,67
"ENSG00000086289",TRUE,69266,106.911689049248,101
"ENSG00000086288",TRUE,1242,3.08217768181931,35
"ENSG00000106483",TRUE,107976,389.73387021668,101
"ENSG00000010270",TRUE,64568,74.1344752532664,101
"ENSG00000078053",TRUE,4627,10.3243258958541,97
"ENSG00000006715",TRUE,95903,84.1285688957287,101
"ENSG00000241127",TRUE,11758,11.1848319169154,101
"ENSG00000006451",TRUE,120787,237.792688243332,101
"ENSG00000065883",TRUE,89178,84.404354177849,101
"ENSG00000168303",TRUE,21816,23.5393946968359,101
"ENSG00000175600",TRUE,4026,8.52109779433159,77
"ENSG00000122641",TRUE,46930,110.786192814954,101
"ENSG00000106571",TRUE,40971,60.9377908631713,101
"ENSG00000106588",TRUE,7844,14.0823836008158,101
"ENSG00000106591",TRUE,43796,50.9666774066628,101
"ENSG00000002746",TRUE,1925,5.231971259938,52
"ENSG00000164543",TRUE,51418,62.4925280672963,101
"ENSG00000106603",TRUE,43302,40.475214523075,101
"ENSG00000106605",TRUE,73863,85.0458585877382,101
"ENSG00000106608",TRUE,48870,53.0280959463535,101
"ENSG00000078967",TRUE,31514,34.0670739323939,101
"ENSG00000136279",TRUE,182720,283.229116164001,101
"ENSG00000122678",TRUE,33593,36.8692575866443,101
"ENSG00000106624",TRUE,586605,923.349906228866,101
"ENSG00000106628",TRUE,62390,200.316258706791,101
"ENSG00000106636",TRUE,106237,121.695892507585,101
"ENSG00000015676",TRUE,114179,104.413065423583,101
"ENSG00000136271",TRUE,73536,90.74477133146,101
"ENSG00000158604",TRUE,121929,108.521498409672,101
"ENSG00000105953",TRUE,176309,177.731205057757,101
"ENSG00000122515",TRUE,169283,225.222115781476,101
"ENSG00000196262",TRUE,596346,715.992581907845,101
"ENSG00000105968",TRUE,175122,174.725133742111,101
"ENSG00000146676",TRUE,109698,111.320967016652,101
"ENSG00000136286",TRUE,66708,134.347445689066,101
"ENSG00000136280",TRUE,62463,105.42960984568,101
"ENSG00000136274",TRUE,8045,13.9213130719984,101
"ENSG00000136270",TRUE,51159,74.7797161262571,101
"ENSG00000122679",TRUE,148671,383.681607671702,101
"ENSG00000164742",TRUE,13192,24.3001865140006,99
"ENSG00000146678",FALSE,571,15.2624372536359,7
"ENSG00000146674",TRUE,184796,447.045705452116,101
"ENSG00000136205",TRUE,294682,355.754985994001,101
"ENSG00000158683",TRUE,3633,8.08738457022553,86
"ENSG00000136273",TRUE,21880,23.7066683652227,101
"ENSG00000164746",TRUE,5212,41.4141073680383,49
"ENSG00000183696",TRUE,78550,184.000867275981,101
"ENSG00000179869",TRUE,17752,168.830503394521,82
"ENSG00000188730",TRUE,2342,8.11180263846692,59
"ENSG00000185811",TRUE,70591,172.905327682889,101
"ENSG00000132436",TRUE,13186,19.8821520441373,101
"ENSG00000132437",TRUE,1064,4.07598173416719,24
"ENSG00000106070",TRUE,103241,159.963202688537,101
"ENSG00000106078",TRUE,48574,86.4978579485312,101
"ENSG00000132432",TRUE,51189,148.881670474935,101
"ENSG00000146648",TRUE,183461,281.600227696775,101
"ENSG00000132434",TRUE,19650,21.9390994080405,101
"ENSG00000154978",TRUE,50722,72.445203336817,101
"ENSG00000178665",TRUE,3759,7.01201968050464,100
"ENSG00000146729",TRUE,88543,92.6203039117207,101
"ENSG00000239789",TRUE,6526,8.12922039079919,101
"ENSG00000146733",TRUE,11492,23.6625612356281,101
"ENSG00000146731",TRUE,170198,202.664998786272,101
"ENSG00000129103",TRUE,179056,184.23658545601,101
"ENSG00000164776",TRUE,3023,5.60732805210989,90
"ENSG00000106153",TRUE,194989,202.468187604345,101
"ENSG00000214652",TRUE,8211,13.6031739530053,100
"ENSG00000234444",TRUE,22762,28.0730386257008,101
"ENSG00000173041",TRUE,16627,23.8215457625091,101
"ENSG00000196247",TRUE,15442,22.1507517110626,101
"ENSG00000197008",TRUE,8775,10.4283162282613,101
"ENSG00000198039",TRUE,16070,63.0311219632176,101
"ENSG00000152926",TRUE,56002,77.6982446741316,101
"ENSG00000213462",TRUE,24502,32.1117824105624,101
"ENSG00000146757",TRUE,9937,13.1079354694678,101
"ENSG00000196715",TRUE,87579,119.373519658529,101
"ENSG00000169919",TRUE,117029,133.085645007226,101
"ENSG00000126522",TRUE,28336,40.6228292175637,101
"ENSG00000241258",TRUE,41429,38.9201921433206,101
"ENSG00000169902",TRUE,49012,70.1844103408285,101
"ENSG00000243335",TRUE,35233,44.2359242098358,101
"ENSG00000154710",TRUE,3670,4.0317760043417,100
"ENSG00000106609",TRUE,192139,168.797066509837,101
"ENSG00000126524",TRUE,170784,198.270440251572,101
"ENSG00000198874",TRUE,24218,25.7323505101145,101
"ENSG00000158321",TRUE,69219,96.7812826232289,101
"ENSG00000185274",TRUE,22929,36.057530511081,101
"ENSG00000277149",TRUE,6218,12.7225663531653,100
"ENSG00000196313",TRUE,46560,66.5158311937526,101
"ENSG00000130305",TRUE,19621,28.390687794158,101
"ENSG00000009954",TRUE,152312,140.225177973264,101
"ENSG00000106635",TRUE,69703,71.3562783953798,101
"ENSG00000106638",TRUE,42407,57.1872982274482,101
"ENSG00000009950",TRUE,7074,26.2067887330689,97
"ENSG00000176428",TRUE,2149,3.82610297145533,81
"ENSG00000176410",TRUE,15444,32.0807241387568,101
"ENSG00000071462",TRUE,63538,78.228864434915,101
"ENSG00000106089",TRUE,6079,9.93833123492568,101
"ENSG00000106077",TRUE,23164,39.6834080819768,101
"ENSG00000165215",TRUE,12284,49.3153032475052,99
"ENSG00000189143",TRUE,83058,178.724403208998,101
"ENSG00000165171",TRUE,3468,13.8678588231427,75
"ENSG00000049540",TRUE,634717,1814.6162550687,101
"ENSG00000106683",TRUE,55419,70.0828496699391,101
"ENSG00000106682",TRUE,257093,225.671107113062,101
"ENSG00000086730",TRUE,45166,93.8097663630981,101
"ENSG00000049541",TRUE,26676,31.8830578488961,101
"ENSG00000106665",TRUE,59502,81.4813538041465,101
"ENSG00000006704",TRUE,24350,30.6670825449725,101
"ENSG00000263001",TRUE,60145,73.4571393462284,101
"ENSG00000158517",TRUE,10839,30.3080805378899,100
"ENSG00000196275",TRUE,6376,8.82479282284791,101
"ENSG00000274070",TRUE,1659,3.64023105477727,61
"ENSG00000274523",TRUE,50341,56.0283069465612,101
"ENSG00000174428",TRUE,7130,9.14435582396465,101
"ENSG00000272391",TRUE,38640,41.5280269459395,101
"ENSG00000127946",TRUE,181766,210.379927130114,101
"ENSG00000106178",TRUE,11313,119.719272725014,86
"ENSG00000005486",TRUE,107786,152.496399955358,101
"ENSG00000127948",TRUE,129137,162.480967883797,101
"ENSG00000189077",TRUE,46900,114.240512954211,101
"ENSG00000127952",TRUE,24210,42.4113787005387,101
"ENSG00000146701",TRUE,125715,132.13074935456,101
"ENSG00000177679",TRUE,3797,7.60599328172403,87
"ENSG00000106211",TRUE,290418,948.264033697713,101
"ENSG00000170027",TRUE,225538,287.747566399719,101
"ENSG00000146700",TRUE,1713,3.25152736803196,63
"ENSG00000188372",TRUE,1597,4.45029778234484,52
"ENSG00000091073",TRUE,24117,47.5993149330205,101
"ENSG00000243566",TRUE,30150,90.6925701232927,99
"ENSG00000146707",TRUE,8612,12.2412514032988,101
"ENSG00000135205",TRUE,33362,189.688703455796,101
"ENSG00000127951",TRUE,123076,206.537067739303,101
"ENSG00000186088",TRUE,79143,130.063541638852,101
"ENSG00000127947",TRUE,235929,296.85444445992,101
"ENSG00000187257",TRUE,43114,47.3224350055191,101
"ENSG00000135211",TRUE,20033,23.2949374334883,101
"ENSG00000006576",TRUE,47333,56.713874379112,101
"ENSG00000187391",TRUE,19797,25.2414450016875,101
"ENSG00000127955",TRUE,58892,87.9772996910846,101
"ENSG00000135218",TRUE,190478,652.422388422826,101
"ENSG00000075223",TRUE,118450,191.721142958169,101
"ENSG00000019991",TRUE,100393,214.000352657183,101
"ENSG00000153956",TRUE,33761,57.1416525757409,101
"ENSG00000186472",TRUE,7994,14.7367717824224,99
"ENSG00000170381",TRUE,6449,21.2183311387644,88
"ENSG00000075213",TRUE,22144,37.0216285299247,100
"ENSG00000153993",TRUE,33016,71.5328756813201,101
"ENSG00000164659",TRUE,94300,275.600630542393,101
"ENSG00000135164",TRUE,133191,138.882758599697,101
"ENSG00000135185",TRUE,50485,76.6267382924028,101
"ENSG00000005469",TRUE,31518,57.7072236552898,101
"ENSG00000005471",TRUE,1713,5.05940181538438,52
"ENSG00000085563",TRUE,32454,94.0577856963734,99
"ENSG00000105784",TRUE,5679,28.8020387512302,73
"ENSG00000075303",TRUE,23214,26.1707322924351,101
"ENSG00000006634",TRUE,8944,14.6842674910768,101
"ENSG00000008277",TRUE,13318,30.2647487950565,101
"ENSG00000075142",TRUE,105927,162.935794681552,101
"ENSG00000127954",TRUE,277370,777.603431052685,101
"ENSG00000164647",TRUE,31299,128.578595616723,101
"ENSG00000157214",TRUE,81652,363.999255348501,101
"ENSG00000105792",TRUE,18815,54.5550542175526,101
"ENSG00000105793",TRUE,21426,22.4501865543487,101
"ENSG00000157224",TRUE,35989,48.3494661492115,101
"ENSG00000058091",TRUE,63384,71.3617405921439,101
"ENSG00000157240",TRUE,106717,157.280025851741,101
"ENSG00000127989",TRUE,12124,16.4695125633428,101
"ENSG00000127914",TRUE,163309,242.212069552122,101
"ENSG00000001630",TRUE,2743,5.60060620961613,86
"ENSG00000001631",TRUE,12261,12.3308487343288,101
"ENSG00000001629",TRUE,86850,87.8225990510952,101
"ENSG00000157259",TRUE,86299,85.9546064874871,101
"ENSG00000127980",TRUE,38467,44.8904740449174,101
"ENSG00000127993",TRUE,19296,22.8098236207879,101
"ENSG00000234545",TRUE,11943,12.5515378846505,101
"ENSG00000105810",TRUE,62927,84.1198334738602,101
"ENSG00000205413",TRUE,52663,80.5590858305086,101
"ENSG00000177409",TRUE,120285,218.418868807064,101
"ENSG00000004766",TRUE,37844,39.7744108581812,101
"ENSG00000105825",TRUE,15706,42.8877622095775,94
"ENSG00000127920",TRUE,159511,282.71061786488,101
"ENSG00000105829",TRUE,26245,34.496170006174,101
"ENSG00000164692",TRUE,3314175,7585.64989311276,101
"ENSG00000127995",TRUE,48191,50.3855214244579,101
"ENSG00000127990",TRUE,77743,94.5046564156716,101
"ENSG00000242265",TRUE,80057,233.755301673853,101
"ENSG00000158528",TRUE,26298,41.7035969603605,101
"ENSG00000105852",TRUE,18239,40.1757277692686,101
"ENSG00000105854",TRUE,224038,326.373788491209,101
"ENSG00000005981",TRUE,1030,2.04047609295079,27
"ENSG00000004799",TRUE,991421,2209.30199487369,101
"ENSG00000158560",TRUE,4856,7.00154636303545,98
"ENSG00000004864",TRUE,34876,38.6572084489719,101
"ENSG00000127922",TRUE,64213,106.333292215785,101
"ENSG00000105880",TRUE,1120,3.21694837398921,34
"ENSG00000196636",TRUE,8331,11.5222862930458,101
"ENSG00000070669",TRUE,1471,3.08033341528887,46
"ENSG00000164715",TRUE,55924,82.539227676138,101
"ENSG00000180535",TRUE,1105,5.10641300482695,26
"ENSG00000205356",TRUE,81597,91.8906209199699,101
"ENSG00000164713",TRUE,146968,186.980527838827,101
"ENSG00000006453",TRUE,43283,89.5380974587516,101
"ENSG00000106236",TRUE,5220,17.7167272480312,68
"ENSG00000166448",TRUE,17039,47.4285113853445,100
"ENSG00000196367",TRUE,112974,114.191088016616,101
"ENSG00000198742",TRUE,87602,96.7042274619047,101
"ENSG00000185467",TRUE,814,3.62159258223866,19
"ENSG00000241685",TRUE,20104,44.9581979127648,101
"ENSG00000130429",TRUE,12157,52.7148049228398,101
"ENSG00000106244",TRUE,109178,136.681958478506,101
"ENSG00000106245",TRUE,56057,80.7289583961204,101
"ENSG00000106246",TRUE,5871,8.58498251600535,101
"ENSG00000160917",TRUE,33594,49.7778372199959,101
"ENSG00000241468",TRUE,43538,96.6940136013233,101
"ENSG00000198556",TRUE,16492,18.9100333935753,101
"ENSG00000160908",TRUE,34008,37.3921204840533,101
"ENSG00000196652",TRUE,25468,26.1903441147065,101
"ENSG00000221909",TRUE,10308,12.8597563850759,101
"ENSG00000197343",TRUE,133997,135.706351559869,101
"ENSG00000197037",TRUE,26383,24.596024276276,101
"ENSG00000106258",TRUE,25662,64.2052062276814,101
"ENSG00000160870",TRUE,733,3.09536367468542,16
"ENSG00000146833",TRUE,62208,61.759325585248,101
"ENSG00000160862",TRUE,31981,138.388199001452,94
"ENSG00000106261",TRUE,142088,180.24205487732,101
"ENSG00000166529",TRUE,14780,15.4341102916334,101
"ENSG00000166526",TRUE,41786,69.9051994807215,101
"ENSG00000168090",TRUE,91473,88.0076468395217,101
"ENSG00000166508",TRUE,90182,171.398422863405,101
"ENSG00000221838",TRUE,25401,31.2573158007028,101
"ENSG00000106290",TRUE,54938,52.2404992262428,101
"ENSG00000166997",TRUE,25864,33.9742065259964,101
"ENSG00000214309",TRUE,1574,2.97100393008114,61
"ENSG00000188186",TRUE,69030,225.318137613053,101
"ENSG00000146826",TRUE,29124,41.169087607158,101
"ENSG00000197093",TRUE,21698,50.1220799210141,101
"ENSG00000213420",TRUE,2170,3.73962487822847,74
"ENSG00000066923",TRUE,3238,6.38361755351012,85
"ENSG00000239521",TRUE,18938,38.3017053210607,101
"ENSG00000121716",TRUE,10434,30.2346953549894,99
"ENSG00000085514",TRUE,36657,99.583693195924,101
"ENSG00000078487",TRUE,9266,16.2158560842039,101
"ENSG00000146834",TRUE,59717,93.2732349178257,101
"ENSG00000160813",TRUE,18709,24.3241171286818,101
"ENSG00000166925",TRUE,71974,88.2089898463527,101
"ENSG00000166924",TRUE,1544,5.6033651270761,51
"ENSG00000106351",TRUE,37023,53.358831149543,101
"ENSG00000077454",TRUE,25887,34.5644211461166,101
"ENSG00000106336",TRUE,1019,1.81375652706737,18
"ENSG00000106333",TRUE,154128,377.889844432586,101
"ENSG00000106330",TRUE,17053,20.0384036979609,101
"ENSG00000106327",TRUE,1073,1.92202454071686,23
"ENSG00000172354",TRUE,218564,212.812458864909,101
"ENSG00000146830",TRUE,134637,154.136068110081,101
"ENSG00000172336",TRUE,15863,20.7578650397421,101
"ENSG00000196411",TRUE,154612,215.94539442228,101
"ENSG00000146828",TRUE,73267,96.0612044167019,101
"ENSG00000087077",TRUE,76744,83.8500193574871,101
"ENSG00000087087",TRUE,127514,156.337050028308,101
"ENSG00000176125",TRUE,1318,2.61548829964844,39
"ENSG00000087085",TRUE,4770,11.2183505000634,100
"ENSG00000169894",TRUE,4054,10.1664266636905,93
"ENSG00000205277",TRUE,1844,6.72601378787483,55
"ENSG00000169871",TRUE,193059,200.870785859011,101
"ENSG00000106366",TRUE,363273,1366.429201827,101
"ENSG00000106367",TRUE,33478,39.9126380130073,101
"ENSG00000106397",TRUE,85832,98.8026057982369,101
"ENSG00000106400",TRUE,68459,110.776397202139,101
"ENSG00000106404",TRUE,15980,18.752595291948,101
"ENSG00000214253",TRUE,96934,154.153150967219,101
"ENSG00000128581",TRUE,24593,70.887650932883,101
"ENSG00000160963",TRUE,1508,3.37732745467573,45
"ENSG00000257923",TRUE,180810,174.449685534591,101
"ENSG00000160999",TRUE,7628,12.363519622039,101
"ENSG00000128563",TRUE,35880,40.9074191779384,101
"ENSG00000160991",TRUE,62897,77.7648110980134,101
"ENSG00000160993",TRUE,10486,11.0701090337964,101
"ENSG00000161036",TRUE,21756,64.3127835222638,101
"ENSG00000005075",TRUE,23504,67.324336572884,101
"ENSG00000168255",TRUE,2511,5.04555989975753,85
"ENSG00000105808",TRUE,1885,4.47720081425359,60
"ENSG00000222011",TRUE,5773,6.3201916534917,101
"ENSG00000161040",TRUE,2473,12.3940029349604,60
"ENSG00000128606",TRUE,22462,49.9574302334534,101
"ENSG00000170632",TRUE,34299,31.1241329453191,101
"ENSG00000161048",TRUE,18638,24.5709917812628,101
"ENSG00000105819",TRUE,78604,74.3640176097621,101
"ENSG00000105821",TRUE,34652,58.7781304465605,101
"ENSG00000161057",TRUE,114789,116.353884897874,101
"ENSG00000170615",TRUE,914,2.78824674751017,15
"ENSG00000189056",TRUE,17824,51.1680093057553,100
"ENSG00000164815",TRUE,17607,18.2131384593015,101
"ENSG00000005483",TRUE,176954,174.674296823377,101
"ENSG00000135250",TRUE,57249,56.4024402854204,101
"ENSG00000091127",TRUE,20260,30.4538864270223,101
"ENSG00000135249",TRUE,28268,27.460295192366,101
"ENSG00000185055",TRUE,4588,34.7636667687912,43
"ENSG00000146776",TRUE,18030,22.1896856027935,101
"ENSG00000128536",TRUE,63657,435.700241755668,101
"ENSG00000008282",TRUE,152478,157.195475707823,101
"ENSG00000105835",TRUE,408023,1402.65569478212,101
"ENSG00000253276",TRUE,64511,181.761213872083,101
"ENSG00000105851",TRUE,27581,44.7761637102304,101
"ENSG00000005249",TRUE,44233,74.0417285219412,101
"ENSG00000105856",TRUE,141225,151.210585309789,101
"ENSG00000164597",TRUE,63365,70.786146519107,101
"ENSG00000105865",TRUE,8500,9.59779495573149,101
"ENSG00000075790",TRUE,88844,98.0857026218095,101
"ENSG00000091137",TRUE,4329,56.4851289294144,83
"ENSG00000105879",TRUE,32425,35.6092157808464,101
"ENSG00000091140",TRUE,92994,94.1617677456935,101
"ENSG00000091136",TRUE,868330,1610.77205499511,101
"ENSG00000091129",TRUE,30206,69.1342788544175,101
"ENSG00000135241",TRUE,72236,94.6579427251954,101
"ENSG00000177683",TRUE,29067,37.6768301106608,101
"ENSG00000128590",TRUE,66854,115.256205341507,101
"ENSG00000184903",TRUE,9646,12.271527496503,101
"ENSG00000173114",TRUE,20285,59.8007546900261,101
"ENSG00000128512",TRUE,137669,219.111373912515,101
"ENSG00000198839",TRUE,26420,27.5549196307612,101
"ENSG00000006652",TRUE,69358,145.530259537399,101
"ENSG00000181016",TRUE,3402,6.83359479566919,94
"ENSG00000146802",TRUE,57301,57.1881181951222,101
"ENSG00000164603",TRUE,18584,22.1521037282326,101
"ENSG00000164604",TRUE,4149,8.31305074905877,97
"ENSG00000128573",TRUE,10162,18.3642848365571,101
"ENSG00000135272",TRUE,85486,114.53239698665,101
"ENSG00000105967",TRUE,36035,63.1112572943955,101
"ENSG00000135269",TRUE,93143,114.210045736129,101
"ENSG00000105971",TRUE,229234,430.305596463439,101
"ENSG00000105974",TRUE,796378,1793.81803570018,101
"ENSG00000105976",TRUE,114289,357.99142176565,101
"ENSG00000198898",TRUE,202654,212.578837943233,101
"ENSG00000004866",TRUE,58355,74.9514921286893,101
"ENSG00000105989",TRUE,51204,108.689288378608,101
"ENSG00000001626",TRUE,28670,67.9773578692158,101
"ENSG00000077063",TRUE,18427,29.8629055627483,101
"ENSG00000128534",TRUE,61919,58.6780026007915,101
"ENSG00000184408",TRUE,2105,8.41414122645224,55
"ENSG00000106025",TRUE,71230,157.943022111048,101
"ENSG00000071243",TRUE,23580,29.3874575768492,101
"ENSG00000106034",TRUE,86475,199.958141292711,101
"ENSG00000196937",TRUE,39648,44.7153559484538,101
"ENSG00000106278",TRUE,17384,60.0051117704788,98
"ENSG00000008311",TRUE,97285,179.952830188679,101
"ENSG00000081803",TRUE,84742,91.1179572499144,101
"ENSG00000164675",TRUE,4276,29.1712508103335,59
"ENSG00000128609",TRUE,78134,86.0065170345679,101
"ENSG00000106299",TRUE,99086,108.518819735956,101
"ENSG00000234224",TRUE,659,2.80821664367233,19
"ENSG00000170775",TRUE,2046,3.90550315573531,59
"ENSG00000128513",TRUE,33232,33.5689176013667,101
"ENSG00000048405",TRUE,34969,42.2340072308844,101
"ENSG00000179562",TRUE,34412,38.6508952912908,101
"ENSG00000004059",TRUE,79730,78.4487605205915,101
"ENSG00000197157",TRUE,205642,240.130101456912,101
"ENSG00000128594",TRUE,21101,72.7769806485782,100
"ENSG00000106344",TRUE,45481,57.0744165205732,101
"ENSG00000224940",TRUE,1464,4.87129052224946,42
"ENSG00000106348",TRUE,90627,137.435027120261,101
"ENSG00000135245",TRUE,20617,60.6519346740099,101
"ENSG00000165055",TRUE,23417,26.2820955972444,101
"ENSG00000205085",TRUE,3486,5.82121038149598,98
"ENSG00000128595",TRUE,406906,548.67776213368,101
"ENSG00000128596",TRUE,6740,11.1502719675225,101
"ENSG00000128591",TRUE,114277,345.988809421864,101
"ENSG00000135253",TRUE,5217,13.1140799056626,93
"ENSG00000128524",TRUE,103865,159.499938323678,101
"ENSG00000128604",TRUE,41048,85.4937380790357,101
"ENSG00000064419",TRUE,75345,80.7629280962087,101
"ENSG00000158457",TRUE,19372,34.0915566495084,101
"ENSG00000128602",TRUE,30541,46.0735112086035,101
"ENSG00000158467",TRUE,116652,221.018704795584,101
"ENSG00000128578",TRUE,4455,9.79193364985759,98
"ENSG00000240204",TRUE,806,5.29012320394649,19
"ENSG00000106459",TRUE,29276,34.0079348825132,101
"ENSG00000186591",TRUE,223447,258.059573973507,101
"ENSG00000091732",TRUE,17821,21.3118425616624,101
"ENSG00000128607",TRUE,89553,93.9374734643641,101
"ENSG00000146842",TRUE,24339,29.4353078470336,101
"ENSG00000128510",TRUE,2461,26.5225949348269,31
"ENSG00000106477",TRUE,18045,33.2522029962351,101
"ENSG00000106484",TRUE,105416,264.60115899579,101
"ENSG00000158623",TRUE,42503,52.6745124735815,101
"ENSG00000128585",TRUE,139694,171.478894657419,101
"ENSG00000128567",TRUE,369100,566.546600617052,101
"ENSG00000221866",TRUE,53564,136.225087383611,101
"ENSG00000106554",TRUE,48864,50.1752951795314,101
"ENSG00000131558",TRUE,97536,107.994086549136,101
"ENSG00000155530",TRUE,3396,16.2482355549785,65
"ENSG00000205060",TRUE,38383,41.0272661551934,101
"ENSG00000085662",TRUE,114237,153.121861834016,101
"ENSG00000198074",TRUE,825,5.84877490184724,20
"ENSG00000172331",TRUE,32694,47.4047673243024,101
"ENSG00000122786",TRUE,952058,1432.53144296601,101
"ENSG00000146856",TRUE,5978,9.82923320501057,101
"ENSG00000122783",TRUE,34915,35.5618722160764,101
"ENSG00000146859",TRUE,55160,97.796842895961,101
"ENSG00000105875",TRUE,72422,103.459819436846,101
"ENSG00000080802",TRUE,31713,32.6935387486342,101
"ENSG00000155561",TRUE,74386,76.3791365920304,101
"ENSG00000243317",TRUE,55156,60.0958841851351,101
"ENSG00000189320",TRUE,11725,44.1162676481808,97
"ENSG00000105887",TRUE,224613,221.476484802196,101
"ENSG00000181072",TRUE,5557,15.460264754077,64
"ENSG00000105894",TRUE,26077,64.1306766131702,101
"ENSG00000157680",TRUE,2238,7.04384857284789,66
"ENSG00000182158",TRUE,202776,300.321893614474,101
"ENSG00000122779",TRUE,45689,62.4268856989984,101
"ENSG00000157703",TRUE,1121,5.83642826154202,20
"ENSG00000105929",TRUE,1325,5.25580183211661,34
"ENSG00000214128",TRUE,4368,37.0142639666084,66
"ENSG00000122778",TRUE,23809,43.8477028879652,101
"ENSG00000146858",TRUE,4902,8.21168400728825,95
"ENSG00000105939",TRUE,97923,140.637068202229,101
"ENSG00000105948",TRUE,17568,58.7203675638061,101
"ENSG00000157741",TRUE,56935,77.9753645249539,101
"ENSG00000164898",TRUE,1801,4.97025303558204,64
"ENSG00000146963",TRUE,49541,58.615200710346,101
"ENSG00000188883",TRUE,1953,9.47426370506487,47
"ENSG00000064393",TRUE,148182,208.58894284634,101
"ENSG00000059377",TRUE,63993,115.875203799826,101
"ENSG00000059378",TRUE,84939,120.703141157019,101
"ENSG00000006459",TRUE,63907,85.4937380790357,101
"ENSG00000157800",TRUE,57446,59.4288883826428,101
"ENSG00000133606",TRUE,147671,144.775071856554,101
"ENSG00000146966",TRUE,65986,111.715008013345,101
"ENSG00000133597",TRUE,28592,33.830569317112,101
"ENSG00000090266",TRUE,76681,88.4131288729755,101
"ENSG00000157764",TRUE,70026,73.8672399501843,101
"ENSG00000090263",TRUE,27402,29.1172921048041,101
"ENSG00000261115",TRUE,7292,16.0251944931657,94
"ENSG00000006530",TRUE,31874,30.4055282533395,101
"ENSG00000257093",TRUE,114315,140.362272548861,101
"ENSG00000106028",TRUE,58899,59.5907199082063,101
"ENSG00000127364",TRUE,1045,1.73035153389175,27
"ENSG00000127366",TRUE,1253,1.83437286020406,43
"ENSG00000257335",TRUE,19010,107.905354564556,100
"ENSG00000258227",TRUE,25121,105.353110408106,101
"ENSG00000257743",FALSE,918,5.32796389771663,18
"ENSG00000106123",TRUE,26562,36.3350358626804,101
"ENSG00000165125",TRUE,3202,11.1586507402915,58
"ENSG00000197993",TRUE,1225,3.62751305413474,32
"ENSG00000159763",TRUE,3054,19.4949558150294,30
"ENSG00000197448",TRUE,185531,213.183956325836,101
"ENSG00000178826",TRUE,12786,32.328212795145,98
"ENSG00000106144",TRUE,51390,51.6021257089174,101
"ENSG00000159784",TRUE,4138,7.13137825663603,94
"ENSG00000159840",TRUE,420070,440.570117911361,101
"ENSG00000146904",TRUE,11712,17.5741339875321,101
"ENSG00000170379",TRUE,11323,18.0670306827385,101
"ENSG00000198420",TRUE,34585,42.0833783592505,101
"ENSG00000213214",TRUE,2415,5.31171461756465,75
"ENSG00000050327",TRUE,12234,24.1239034810404,101
"ENSG00000196511",TRUE,15835,18.9623325071481,101
"ENSG00000174469",TRUE,1219,3.39932406657887,38
"ENSG00000055130",TRUE,99128,94.4851348120434,101
"ENSG00000106462",TRUE,12578,29.2916540005249,101
"ENSG00000155660",TRUE,195010,299.720821365118,101
"ENSG00000197362",TRUE,8244,10.4291000306374,101
"ENSG00000204947",TRUE,3734,5.39996340984793,98
"ENSG00000197024",TRUE,24811,27.6597870377774,101
"ENSG00000170265",TRUE,33769,32.8042619518591,101
"ENSG00000170260",TRUE,17523,19.2396304274617,101
"ENSG00000204946",TRUE,30520,31.6893916491914,101
"ENSG00000196453",TRUE,19673,19.4851620889978,101
"ENSG00000181220",TRUE,32783,34.1241100487138,101
"ENSG00000133619",TRUE,14585,18.1381952958783,101
"ENSG00000181444",TRUE,21419,41.2804182935856,101
"ENSG00000197558",TRUE,8409,10.8505626735327,101
"ENSG00000106479",TRUE,42781,48.9353190773228,101
"ENSG00000171130",TRUE,25554,45.8618802828707,101
"ENSG00000106526",TRUE,3308,6.29187106322982,93
"ENSG00000188707",TRUE,13317,17.8363877378525,101
"ENSG00000127399",TRUE,6855,20.1069327348546,101
"ENSG00000106538",TRUE,191029,552.752383048063,101
"ENSG00000214022",TRUE,98138,106.48262277658,101
"ENSG00000196456",TRUE,4444,6.32577659074078,101
"ENSG00000171115",TRUE,121009,229.298753240552,101
"ENSG00000179144",TRUE,57876,111.498019409509,101
"ENSG00000133574",TRUE,99902,185.206284743477,101
"ENSG00000133561",TRUE,122648,198.760601221931,101
"ENSG00000106560",TRUE,32524,57.6807537597614,101
"ENSG00000213203",TRUE,36193,60.1779515425295,101
"ENSG00000196329",TRUE,10137,19.0323969595076,100
"ENSG00000106565",TRUE,132977,222.448858674331,101
"ENSG00000002933",TRUE,79205,115.519147254834,101
"ENSG00000002726",TRUE,1987,8.61126112788244,47
"ENSG00000055118",TRUE,11179,27.5040041865554,100
"ENSG00000164867",TRUE,32236,69.8545245779517,101
"ENSG00000181652",TRUE,2997,20.9118506063263,61
"ENSG00000197150",TRUE,43661,52.2629637377869,101
"ENSG00000213199",TRUE,4071,7.15415209667112,100
"ENSG00000164885",TRUE,13069,17.7724199454146,101
"ENSG00000164889",TRUE,133737,150.733507449682,101
"ENSG00000164896",TRUE,81140,206.717342161708,101
"ENSG00000164897",TRUE,31966,111.152931523017,101
"ENSG00000133612",TRUE,133726,143.893729216569,101
"ENSG00000033050",TRUE,20006,39.1595693712524,101
"ENSG00000033100",TRUE,82416,89.3126456462794,101
"ENSG00000082014",TRUE,58095,99.0727598435864,101
"ENSG00000013374",TRUE,107552,106.92221148597,101
"ENSG00000187260",TRUE,4718,14.0722770306069,81
"ENSG00000106615",TRUE,83716,79.5834292149384,101
"ENSG00000106617",TRUE,46720,50.2569654093743,101
"ENSG00000178234",TRUE,85937,86.6089046590279,101
"ENSG00000055609",TRUE,185364,194.740905323213,101
"ENSG00000196584",TRUE,1934,3.42834976608819,71
"ENSG00000133627",TRUE,7311,10.1268072761261,101
"ENSG00000130226",TRUE,3047,11.8196784391575,67
"ENSG00000157212",TRUE,21404,19.9518715895296,101
"ENSG00000186480",TRUE,95386,200.151664416156,101
"ENSG00000184863",TRUE,114356,123.243737243088,101
"ENSG00000164690",TRUE,4891,10.5711442206504,85
"ENSG00000105982",TRUE,2083,7.85961161729193,63
"ENSG00000105983",TRUE,65431,98.1284685248189,101
"ENSG00000146909",TRUE,37314,46.9231210448991,101
"ENSG00000009335",TRUE,133059,119.712957730545,101
"ENSG00000105993",TRUE,124801,142.071279455641,101
"ENSG00000155093",TRUE,27673,43.4379493296321,101
"ENSG00000146918",TRUE,19034,33.9462829297913,101
"ENSG00000117868",TRUE,263496,338.257503323852,101
"ENSG00000126870",TRUE,44924,81.0059055066112,101
"ENSG00000106018",TRUE,2681,10.7372989316883,59
"ENSG00000172748",TRUE,7569,11.8195976608956,101
"ENSG00000147364",TRUE,53822,54.3142904007917,101
"ENSG00000180190",TRUE,34026,60.2571361555454,101
"ENSG00000104714",TRUE,34304,33.6144999506987,101
"ENSG00000182372",TRUE,33849,38.5573204604863,101
"ENSG00000104728",TRUE,3438,7.75037362650218,89
"ENSG00000176595",TRUE,24915,29.3032082817228,101
"ENSG00000036448",TRUE,6926,16.8178200993069,100
"ENSG00000183117",TRUE,2658,14.1321862733999,57
"ENSG00000147316",TRUE,31656,37.3331551821367,101
"ENSG00000091879",TRUE,32108,90.087579853472,100
"ENSG00000155189",TRUE,30884,36.248200135852,101
"ENSG00000164825",TRUE,1633,7.52250753709861,39
"ENSG00000164821",TRUE,1647,21.9607359609607,24
"ENSG00000239839",TRUE,3250,25.6251017467275,39
"ENSG00000275342",TRUE,23108,40.7631018768882,101
"ENSG00000253958",TRUE,11516,18.5475573905026,101
"ENSG00000147324",TRUE,71511,88.0638559656213,101
"ENSG00000104626",TRUE,23439,32.3668932656719,101
"ENSG00000173281",TRUE,62043,89.040802168986,101
"ENSG00000173273",TRUE,75639,83.742539408765,101
"ENSG00000175806",TRUE,20084,23.7381051676955,101
"ENSG00000171056",TRUE,29890,116.761669101311,101
"ENSG00000254093",TRUE,6360,8.85449718517626,101
"ENSG00000171044",TRUE,2834,4.16721493795405,93
"ENSG00000104643",TRUE,37686,37.5240616044281,101
"ENSG00000154319",TRUE,21134,65.0180387088039,101
"ENSG00000136573",TRUE,7185,46.5109921273933,71
"ENSG00000154328",TRUE,22861,34.8670781132498,101
"ENSG00000079459",TRUE,131419,205.822278203393,101
"ENSG00000164733",TRUE,1911602,3870.48131653605,101
"ENSG00000186523",TRUE,2097,7.02830654238605,61
"ENSG00000154359",TRUE,69393,128.968545198527,101
"ENSG00000250305",TRUE,16646,36.9864774356289,101
"ENSG00000164741",TRUE,272946,460.21716852006,101
"ENSG00000164743",TRUE,1650,2.32294258341823,66
"ENSG00000104723",TRUE,64662,107.106674240675,101
"ENSG00000038945",TRUE,219481,440.561134933707,101
"ENSG00000155970",TRUE,12461,18.9489568565413,100
"ENSG00000104219",TRUE,47132,57.1961909157047,101
"ENSG00000198791",TRUE,86194,79.9410586978692,101
"ENSG00000155975",TRUE,56593,59.745736323163,101
"ENSG00000003987",TRUE,840,2.42137217546936,17
"ENSG00000003989",TRUE,98314,236.177342989984,101
"ENSG00000104213",TRUE,14270,58.5352559121783,100
"ENSG00000129422",TRUE,244910,364.537081939129,101
"ENSG00000078674",TRUE,233567,322.999808195247,101
"ENSG00000104763",TRUE,555614,747.379205948776,101
"ENSG00000171428",TRUE,11013,33.5544957507463,101
"ENSG00000156011",TRUE,61428,92.1957957453102,101
"ENSG00000104611",TRUE,22877,35.9276729559748,101
"ENSG00000147408",TRUE,82648,134.327325625966,101
"ENSG00000104613",TRUE,96469,121.143821370375,101
"ENSG00000175445",TRUE,275522,516.589771004909,101
"ENSG00000147416",TRUE,230414,434.513667953623,101
"ENSG00000061337",TRUE,40588,74.1013810917805,101
"ENSG00000168546",TRUE,5917,10.4253430673528,97
"ENSG00000147443",TRUE,44907,76.3356559765836,101
"ENSG00000130227",TRUE,116073,114.709211026,101
"ENSG00000158806",TRUE,2249,8.3655471748769,69
"ENSG00000158815",TRUE,939,2.0764218406701,16
"ENSG00000158856",TRUE,37540,51.944211527724,101
"ENSG00000158863",TRUE,101889,119.09461847464,101
"ENSG00000275074",TRUE,12708,19.9563190065037,101
"ENSG00000168453",TRUE,13890,34.7800658312241,96
"ENSG00000168476",TRUE,29099,49.5519166274694,101
"ENSG00000168481",TRUE,30472,93.2959750398785,96
"ENSG00000168484",TRUE,6737087,17226.7851093293,101
"ENSG00000168487",TRUE,98238,138.207547169811,101
"ENSG00000168490",TRUE,8706,21.3057808681616,90
"ENSG00000168495",TRUE,36726,49.6916561746284,101
"ENSG00000197181",TRUE,1081,2.34520042651378,26
"ENSG00000104635",TRUE,90556,261.165147237797,101
"ENSG00000120910",TRUE,44070,46.9170028004028,101
"ENSG00000120896",TRUE,181814,173.05059937237,101
"ENSG00000120913",TRUE,56539,93.8747655662153,101
"ENSG00000241852",TRUE,14119,17.7377216144245,101
"ENSG00000158941",TRUE,114845,109.674653321563,101
"ENSG00000147439",TRUE,33874,47.8951656156088,101
"ENSG00000179388",TRUE,39372,210.829054251572,96
"ENSG00000134020",TRUE,50645,162.952550513394,101
"ENSG00000008853",TRUE,220772,498.390448312558,101
"ENSG00000120889",TRUE,125008,215.04732264396,101
"ENSG00000173535",TRUE,8305,19.7440762708604,100
"ENSG00000173530",TRUE,31609,103.913504761528,101
"ENSG00000104689",TRUE,19302,26.9125523434379,100
"ENSG00000147457",TRUE,68577,75.3068641754855,101
"ENSG00000104679",TRUE,35975,36.0234226522338,101
"ENSG00000134013",TRUE,41148,83.3020315790891,101
"ENSG00000197217",TRUE,107393,131.032720141105,101
"ENSG00000147454",TRUE,114118,253.245215482076,101
"ENSG00000167034",TRUE,4124,10.5772239571709,99
"ENSG00000159167",TRUE,18822,102.588287302886,101
"ENSG00000042980",TRUE,26118,86.0778618470722,100
"ENSG00000134028",TRUE,6048,42.8499979519666,66
"ENSG00000147459",TRUE,83844,125.855588674289,101
"ENSG00000147437",TRUE,4663,6.92140613556699,100
"ENSG00000104756",TRUE,52621,53.5006868830345,101
"ENSG00000184661",TRUE,1783,4.99726380586384,54
"ENSG00000221818",TRUE,10278,41.4848488001447,93
"ENSG00000221914",TRUE,80408,91.2833280112847,101
"ENSG00000104765",TRUE,201988,237.981599388076,101
"ENSG00000240694",TRUE,31240,38.002001526108,101
"ENSG00000092964",TRUE,372537,427.431529390949,101
"ENSG00000120907",TRUE,6636,28.1895992517059,84
"ENSG00000104228",TRUE,35288,36.598079315473,101
"ENSG00000120899",TRUE,130155,172.674349359526,101
"ENSG00000120915",TRUE,25115,40.3671325095505,101
"ENSG00000120885",TRUE,942626,1872.58558311431,101
"ENSG00000168077",TRUE,119567,210.799245338702,101
"ENSG00000147419",TRUE,55934,51.5829897200226,101
"ENSG00000171320",TRUE,1852,6.611764420066,58
"ENSG00000168078",TRUE,2395,9.14883681381225,62
"ENSG00000168079",TRUE,154374,443.171731258457,101
"ENSG00000189233",TRUE,5357,18.6616184358221,89
"ENSG00000134014",TRUE,44491,43.2936454907717,101
"ENSG00000168081",TRUE,1927,9.9342943912088,42
"ENSG00000186918",TRUE,65269,85.9263705236134,101
"ENSG00000214050",TRUE,2166,5.89470871296895,59
"ENSG00000104290",TRUE,12194,24.6576516237526,101
"ENSG00000012232",TRUE,85990,87.7154728111768,101
"ENSG00000104299",TRUE,22531,25.4597121973435,101
"ENSG00000147421",TRUE,35953,39.3919651345843,101
"ENSG00000197892",TRUE,101703,128.332725299876,101
"ENSG00000120875",TRUE,36023,58.8174833576901,101
"ENSG00000133872",TRUE,436154,421.773965731791,101
"ENSG00000104660",TRUE,79070,88.1824859280895,101
"ENSG00000104671",TRUE,28445,29.3873540084527,101
"ENSG00000157110",TRUE,181376,217.65834355054,101
"ENSG00000197265",TRUE,34269,36.3256655357276,101
"ENSG00000104687",TRUE,76676,79.3182824752235,101
"ENSG00000104691",TRUE,14482,16.7532628923427,101
"ENSG00000104695",TRUE,193281,206.686293743818,101
"ENSG00000172733",TRUE,1070,2.28300425095392,28
"ENSG00000165392",TRUE,35565,38.3156066342982,101
"ENSG00000157168",TRUE,15699,33.0446584147519,101
"ENSG00000172728",TRUE,12302,16.5116661526035,101
"ENSG00000129696",TRUE,12896,15.8678865336316,101
"ENSG00000198042",TRUE,28624,55.8676191563322,101
"ENSG00000133874",TRUE,35699,125.620032725326,101
"ENSG00000133878",TRUE,2967,8.67871484433423,78
"ENSG00000183779",TRUE,34556,72.2192827442906,101
"ENSG00000147475",TRUE,78483,90.9901191078797,101
"ENSG00000147471",TRUE,70160,76.1319161816585,101
"ENSG00000020181",TRUE,182536,279.233714629016,101
"ENSG00000104221",TRUE,15249,17.0942040128886,101
"ENSG00000156675",TRUE,303750,805.167769683108,101
"ENSG00000187840",TRUE,27827,144.890406673634,101
"ENSG00000129691",TRUE,61646,56.6937743676134,101
"ENSG00000175324",TRUE,32407,34.5116228871043,101
"ENSG00000156735",TRUE,23059,26.3963420535768,101
"ENSG00000085788",TRUE,84602,86.3042417372237,101
"ENSG00000147535",TRUE,52487,85.6999959039332,101
"ENSG00000147548",TRUE,136641,159.268829667991,101
"ENSG00000165046",TRUE,2819,3.29024934606294,96
"ENSG00000077782",TRUE,204618,251.789245792071,101
"ENSG00000147526",TRUE,739231,979.903747551822,101
"ENSG00000169499",TRUE,143024,183.546720717853,101
"ENSG00000169495",TRUE,5792,14.313190034012,93
"ENSG00000169490",TRUE,55669,57.7721766633098,101
"ENSG00000168615",TRUE,302882,357.49644127536,101
"ENSG00000197140",TRUE,1790,3.44353880205723,68
"ENSG00000131203",TRUE,54436,231.719278628825,101
"ENSG00000188676",TRUE,818,1.99890552234553,16
"ENSG00000176907",TRUE,257578,692.507425746551,101
"ENSG00000104332",TRUE,47416,167.147852376864,100
"ENSG00000147533",TRUE,69390,66.1785014261017,101
"ENSG00000147536",TRUE,4123,8.76443190566888,99
"ENSG00000158669",TRUE,137229,135.158372476942,101
"ENSG00000029534",TRUE,3281,7.722244876113,91
"ENSG00000083168",TRUE,149100,162.51986899704,101
"ENSG00000070718",TRUE,43770,60.6261101499888,101
"ENSG00000104368",TRUE,100866,173.715212195417,101
"ENSG00000104365",TRUE,130463,142.657482175663,101
"ENSG00000070501",TRUE,22409,25.2252449864826,101
"ENSG00000078668",TRUE,106844,119.405638031935,101
"ENSG00000168575",TRUE,66540,77.6306594438358,101
"ENSG00000176209",TRUE,33661,38.391179822926,101
"ENSG00000131931",TRUE,11766,15.2483408671814,101
"ENSG00000120925",TRUE,35987,33.9393192123938,101
"ENSG00000168172",TRUE,113500,119.477228691996,101
"ENSG00000168522",TRUE,75092,72.5711398339076,101
"ENSG00000185900",TRUE,2361,3.47610540942044,88
"ENSG00000165102",TRUE,163399,152.805047764488,101
"ENSG00000164808",TRUE,79461,87.8916183741396,101
"ENSG00000221869",TRUE,290137,796.137821712817,101
"ENSG00000253729",TRUE,197339,206.696082297081,101
"ENSG00000104738",TRUE,33434,65.7332392925166,101
"ENSG00000169139",TRUE,50858,53.9293021482333,101
"ENSG00000034239",TRUE,26706,214.098843382577,86
"ENSG00000019549",TRUE,52009,115.5498554264,101
"ENSG00000147485",TRUE,2494,8.01167689518282,55
"ENSG00000168300",TRUE,117262,139.337102290448,101
"ENSG00000196711",TRUE,691,2.85144459192321,14
"ENSG00000023287",TRUE,110965,113.401873965967,101
"ENSG00000047249",TRUE,58538,56.0888470985513,101
"ENSG00000187735",TRUE,70073,72.7303432641312,101
"ENSG00000120992",TRUE,55065,62.9368122805612,101
"ENSG00000137547",TRUE,36988,38.2765272020612,101
"ENSG00000164736",TRUE,30886,105.962902016796,101
"ENSG00000104237",TRUE,17017,123.486590217837,83
"ENSG00000167904",TRUE,22506,37.5598747480201,101
"ENSG00000137574",TRUE,30458,38.5465275754618,101
"ENSG00000254087",TRUE,137870,330.760398614773,101
"ENSG00000008988",TRUE,863397,900.007995801391,101
"ENSG00000181690",TRUE,6835,16.7788486990462,101
"ENSG00000170791",TRUE,40722,70.711796377819,101
"ENSG00000170786",TRUE,63096,294.560533638785,101
"ENSG00000181195",TRUE,9205,45.8169765495412,88
"ENSG00000104331",TRUE,169064,182.592967859261,101
"ENSG00000169122",TRUE,12164,14.5366508613626,101
"ENSG00000215114",TRUE,52538,62.5596525726721,101
"ENSG00000137575",TRUE,469631,575.609945335511,101
"ENSG00000035681",TRUE,68676,75.1591318137532,101
"ENSG00000198846",TRUE,12374,18.6920232245938,101
"ENSG00000178538",TRUE,5986,12.6928852561398,97
"ENSG00000104388",TRUE,164934,159.41053900988,101
"ENSG00000171316",TRUE,45619,47.1649735812839,101
"ENSG00000198363",TRUE,255152,290.461069188068,101
"ENSG00000137563",TRUE,14881,25.9614219679783,100
"ENSG00000185728",TRUE,97079,99.3824033246704,101
"ENSG00000180828",TRUE,12222,31.8159715125225,101
"ENSG00000172817",TRUE,74300,175.46626133054,101
"ENSG00000104442",TRUE,41843,44.6937030035818,101
"ENSG00000066855",TRUE,21959,26.7203939801921,101
"ENSG00000205268",TRUE,63404,99.0577618591047,101
"ENSG00000147570",TRUE,4644,12.4969469367062,92
"ENSG00000147573",TRUE,976,4.93153032475052,24
"ENSG00000179041",TRUE,14233,22.7871737600796,101
"ENSG00000147576",TRUE,7456,17.142834471111,101
"ENSG00000185697",TRUE,12881,30.3679877433264,101
"ENSG00000175073",TRUE,44510,45.7987815117614,101
"ENSG00000104205",TRUE,39070,47.553598519498,101
"ENSG00000213865",TRUE,5862,8.21826885304495,101
"ENSG00000178460",TRUE,1007,3.55193986550693,20
"ENSG00000178125",TRUE,2143,16.4749551208619,32
"ENSG00000121022",TRUE,56807,52.7382047915089,101
"ENSG00000104218",TRUE,37794,92.6527292576914,101
"ENSG00000066777",TRUE,114174,107.011635096975,101
"ENSG00000046889",TRUE,76181,148.124770720613,101
"ENSG00000165084",TRUE,8617,28.8689580558223,100
"ENSG00000137573",TRUE,179226,561.066798216075,101
"ENSG00000137571",TRUE,2081,5.05940181538438,57
"ENSG00000140396",TRUE,80789,94.6308076863215,101
"ENSG00000067167",TRUE,375214,504.404596753553,101
"ENSG00000147592",TRUE,17991,23.0072577440338,101
"ENSG00000104313",TRUE,4310,24.1834203608982,42
"ENSG00000178860",TRUE,8881,23.5771248949547,100
"ENSG00000147601",TRUE,33430,34.6071404029031,101
"ENSG00000164764",TRUE,25219,73.4033086447265,101
"ENSG00000147604",TRUE,812705,980.409399810909,101
"ENSG00000121039",TRUE,51918,202.032076389989,101
"ENSG00000040341",TRUE,44787,46.7012205563281,101
"ENSG00000104343",TRUE,42846,52.5596241691593,101
"ENSG00000154582",TRUE,54203,73.9733977438741,101
"ENSG00000175606",TRUE,36815,139.034126213121,101
"ENSG00000154589",TRUE,17900,26.3701766986353,101
"ENSG00000104369",TRUE,9352,18.1600861118265,100
"ENSG00000104381",TRUE,13571,16.2386323797406,101
"ENSG00000137558",TRUE,42569,263.669496153748,100
"ENSG00000121005",TRUE,13529,32.2974558036797,99
"ENSG00000164749",TRUE,1356,7.40617248552509,27
"ENSG00000091656",TRUE,3522,7.18573082351449,84
"ENSG00000164751",TRUE,53439,52.3722197190703,101
"ENSG00000171033",TRUE,22360,32.8638218729716,101
"ENSG00000104427",TRUE,24334,30.6077479407995,101
"ENSG00000104432",TRUE,4802,8.08633118317535,100
"ENSG00000104435",TRUE,977,6.20164784830657,24
"ENSG00000164683",TRUE,45066,119.436617967463,101
"ENSG00000147586",TRUE,3819,4.38271012373522,101
"ENSG00000076554",TRUE,35907,51.5390348721039,101
"ENSG00000205189",TRUE,46611,62.3688448380831,101
"ENSG00000164684",TRUE,94006,121.223262504503,101
"ENSG00000076641",TRUE,131460,197.520337543222,101
"ENSG00000164687",TRUE,55640,131.950094441169,101
"ENSG00000170323",TRUE,95090,258.558486607902,101
"ENSG00000133731",TRUE,30995,34.6805396405675,101
"ENSG00000104231",TRUE,45292,45.848141958736,101
"ENSG00000164695",TRUE,10730,21.4650861618934,101
"ENSG00000104497",TRUE,16353,22.711382621596,101
"ENSG00000133739",TRUE,25772,28.2091456203471,101
"ENSG00000133740",TRUE,8020,14.9860410682559,101
"ENSG00000176731",TRUE,42313,47.2007448375144,101
"ENSG00000185015",TRUE,10018,15.2624372536359,101
"ENSG00000164879",TRUE,48948,214.150455166609,101
"ENSG00000104267",TRUE,40904,91.9783407931447,101
"ENSG00000147614",TRUE,7020,26.8697612911226,87
"ENSG00000123124",TRUE,100541,100.602062111383,101
"ENSG00000176623",TRUE,58188,53.0362110333247,101
"ENSG00000085719",TRUE,148265,148.350955782291,101
"ENSG00000156103",TRUE,12748,35.5982756889051,81
"ENSG00000104312",TRUE,32348,40.6754414860858,101
"ENSG00000164823",TRUE,48300,64.7798742138365,101
"ENSG00000104320",TRUE,86057,104.873483061883,101
"ENSG00000104325",TRUE,82034,79.1489962819628,101
"ENSG00000180694",TRUE,47558,78.9117259955312,101
"ENSG00000123119",TRUE,7666,28.639758986303,61
"ENSG00000253250",TRUE,6352,15.8099434004026,101
"ENSG00000155099",TRUE,17836,25.1178867404406,101
"ENSG00000155100",TRUE,15965,18.424797159904,101
"ENSG00000214954",TRUE,1347,1.95416428065621,43
"ENSG00000147606",TRUE,952,3.34673992724991,20
"ENSG00000079102",TRUE,36601,50.5606705610936,101
"ENSG00000205133",TRUE,44654,47.8292693620365,101
"ENSG00000188343",TRUE,21952,26.6903774534575,101
"ENSG00000183808",TRUE,30419,40.1332169996723,101
"ENSG00000164953",TRUE,20143,71.8701023850445,101
"ENSG00000164951",TRUE,44346,54.7345084875205,101
"ENSG00000164949",TRUE,81485,190.223236746152,101
"ENSG00000265817",TRUE,3759,6.97050912937055,97
"ENSG00000164944",TRUE,81458,78.1426770411525,101
"ENSG00000104413",TRUE,35084,66.211036167049,101
"ENSG00000156162",TRUE,52404,58.8254095329126,101
"ENSG00000164941",TRUE,52584,60.685270468129,101
"ENSG00000175305",TRUE,4177,9.07195583218358,97
"ENSG00000156170",TRUE,16438,21.8406515134362,101
"ENSG00000164938",TRUE,142639,340.772719671316,101
"ENSG00000175895",TRUE,36537,53.7813103558695,101
"ENSG00000156172",TRUE,6061,9.70895032685258,100
"ENSG00000156466",TRUE,1899,5.05940181538438,50
"ENSG00000156467",TRUE,196784,191.101131221151,101
"ENSG00000156469",TRUE,21017,23.5655121936187,101
"ENSG00000156471",TRUE,90977,91.9765066118582,101
"ENSG00000169439",TRUE,147016,183.173041068202,101
"ENSG00000104324",TRUE,93128,121.579261749578,101
"ENSG00000180543",TRUE,27973,35.2211177432564,101
"ENSG00000147649",TRUE,215840,218.504729974432,101
"ENSG00000104341",TRUE,104733,118.452821333381,101
"ENSG00000132561",TRUE,81511,175.001619453038,101
"ENSG00000156482",TRUE,784769,844.436437147754,101
"ENSG00000177459",TRUE,2144,12.8406100214284,27
"ENSG00000132541",TRUE,14236,21.419270888019,101
"ENSG00000104356",TRUE,9067,13.771687568397,101
"ENSG00000104361",TRUE,67361,76.6437915915954,101
"ENSG00000104375",TRUE,40257,37.7412542146589,101
"ENSG00000156486",TRUE,3979,10.0221946736523,75
"ENSG00000164920",TRUE,14718,43.5981161211696,98
"ENSG00000132549",TRUE,95601,109.203257567181,101
"ENSG00000164919",TRUE,117459,164.331101302838,101
"ENSG00000132554",TRUE,14545,86.6824473560947,100
"ENSG00000147669",TRUE,53209,63.1667279509425,101
"ENSG00000104450",TRUE,18781,58.342501620667,101
"ENSG00000034677",TRUE,157887,212.423213684236,101
"ENSG00000186106",TRUE,22615,31.5853665598354,101
"ENSG00000174226",TRUE,625,3.02292754511228,13
"ENSG00000070756",TRUE,998235,1069.3688852255,101
"ENSG00000164924",TRUE,643342,686.589563099657,101
"ENSG00000120963",TRUE,81356,78.7949266935475,101
"ENSG00000083307",TRUE,20902,59.9206634851648,99
"ENSG00000104490",TRUE,66202,90.2189601588985,101
"ENSG00000048392",TRUE,75233,81.9818527313133,101
"ENSG00000104517",TRUE,200106,207.223283838859,101
"ENSG00000155090",TRUE,153577,313.024383592905,101
"ENSG00000155096",TRUE,182470,309.396634242242,101
"ENSG00000155097",TRUE,98062,109.710848436187,101
"ENSG00000164929",TRUE,15917,38.7449178949608,101
"ENSG00000164930",TRUE,67671,96.9890886940081,101
"ENSG00000164932",TRUE,45209,166.244494029894,100
"ENSG00000164933",TRUE,1772,2.46344223084745,71
"ENSG00000164934",TRUE,42658,67.1547239159978,101
"ENSG00000176406",TRUE,1052,5.37349713055253,25
"ENSG00000147647",TRUE,3953,12.9908186856529,69
"ENSG00000164935",TRUE,7012,34.3960299368649,91
"ENSG00000147650",TRUE,24235,32.0672884891167,101
"ENSG00000169946",TRUE,29475,55.5861706232787,101
"ENSG00000164830",TRUE,71204,94.8028748023755,101
"ENSG00000154188",TRUE,121872,271.110673550402,101
"ENSG00000147655",TRUE,15500,39.6059783039578,98
"ENSG00000104408",TRUE,345330,393.233404969657,101
"ENSG00000104412",TRUE,65871,58.5692211865505,101
"ENSG00000120526",TRUE,30720,36.4168851679777,101
"ENSG00000120533",TRUE,73971,70.9170921692197,101
"ENSG00000205038",TRUE,52894,135.96312294574,101
"ENSG00000147654",TRUE,37027,42.1342709392971,101
"ENSG00000147642",TRUE,49735,120.963911873561,101
"ENSG00000104447",TRUE,38822,47.5473079430709,101
"ENSG00000147677",TRUE,227690,227.45911906369,101
"ENSG00000147679",TRUE,26102,27.6305986999723,101
"ENSG00000164754",TRUE,241170,255.881934561299,101
"ENSG00000205002",TRUE,3688,11.4790875006025,72
"ENSG00000164758",TRUE,15295,16.9840583118396,101
"ENSG00000182197",TRUE,124013,158.332622866436,101
"ENSG00000177570",TRUE,32340,44.5652956974385,101
"ENSG00000164761",TRUE,19567,194.355511107123,101
"ENSG00000184374",TRUE,6251,30.4842827169359,62
"ENSG00000147676",TRUE,129789,232.77519558717,101
"ENSG00000136999",TRUE,19746,76.2545472014937,101
"ENSG00000136960",TRUE,221033,1077.73846379472,101
"ENSG00000064313",TRUE,43887,46.0712640819055,101
"ENSG00000136982",TRUE,4823,6.02283558110576,101
"ENSG00000155792",TRUE,16297,31.8815183663976,101
"ENSG00000187955",TRUE,626260,1469.58235358255,101
"ENSG00000172172",TRUE,29653,32.9346387365193,101
"ENSG00000172167",TRUE,4839,5.57727390043495,99
"ENSG00000172164",TRUE,78997,131.565550111077,101
"ENSG00000170961",TRUE,32443,107.761730628078,98
"ENSG00000178764",TRUE,65775,107.274378366446,101
"ENSG00000136986",TRUE,113811,127.351533354532,101
"ENSG00000156787",TRUE,9489,11.007777435069,101
"ENSG00000147689",TRUE,4841,29.1062562762515,39
"ENSG00000189376",TRUE,4030,9.63927861446214,101
"ENSG00000165156",TRUE,73918,76.3284421235592,101
"ENSG00000156802",TRUE,35576,46.4454751340671,101
"ENSG00000156795",TRUE,13834,15.0752632517845,101
"ENSG00000156804",TRUE,73485,205.038130573733,101
"ENSG00000175946",TRUE,784,2.16293941736468,17
"ENSG00000176853",TRUE,76074,80.3725781735073,101
"ENSG00000214814",TRUE,654,6.61461869641429,15
"ENSG00000164983",TRUE,36937,43.4531809098229,101
"ENSG00000183665",TRUE,15949,17.1551138185122,101
"ENSG00000170881",TRUE,63174,84.2568444256143,101
"ENSG00000147687",TRUE,21849,24.0316761657796,101
"ENSG00000147684",TRUE,77252,130.28087502359,101
"ENSG00000170873",TRUE,85790,131.839622641509,101
"ENSG00000180938",TRUE,3744,4.83668407217965,96
"ENSG00000104549",TRUE,56119,128.53391251069,101
"ENSG00000164961",TRUE,81931,96.7244253678324,101
"ENSG00000156831",TRUE,21948,22.6760215162421,101
"ENSG00000173334",TRUE,120109,396.8546903559,101
"ENSG00000168672",TRUE,58084,100.027068135668,101
"ENSG00000136997",TRUE,134381,566.556834746313,101
"ENSG00000147697",TRUE,2211,7.63781193064757,44
"ENSG00000153310",TRUE,92816,175.745077353406,101
"ENSG00000153317",TRUE,159174,192.591076161108,101
"ENSG00000155897",TRUE,1033,6.91823899371069,23
"ENSG00000132294",TRUE,125513,128.39389735545,101
"ENSG00000184156",TRUE,18620,49.7649665662838,101
"ENSG00000129295",TRUE,14319,73.3815661576006,101
"ENSG00000165071",TRUE,12030,22.1307228530523,99
"ENSG00000129292",TRUE,83572,83.0515105432695,101
"ENSG00000042832",TRUE,2445,4.89319133517053,81
"ENSG00000155926",TRUE,160478,296.451124421947,101
"ENSG00000104415",TRUE,43081,151.027260505178,101
"ENSG00000104419",TRUE,382947,580.602461528338,101
"ENSG00000008513",TRUE,185558,271.103478472723,101
"ENSG00000066827",TRUE,16907,137.580769645886,101
"ENSG00000131773",TRUE,15020,21.1513963402194,101
"ENSG00000169436",TRUE,2722,9.93282802920316,57
"ENSG00000167632",TRUE,37524,41.1792438453243,101
"ENSG00000104472",TRUE,37820,50.2296784050488,101
"ENSG00000123908",TRUE,98828,129.016561104199,101
"ENSG00000169398",TRUE,162799,172.676870353795,101
"ENSG00000105339",TRUE,170236,278.586746503129,101
"ENSG00000022567",TRUE,28746,47.5344657301145,101
"ENSG00000204882",TRUE,2060,3.16222814719897,76
"ENSG00000184489",TRUE,91166,129.192126747819,101
"ENSG00000171045",TRUE,18947,23.0007753113691,101
"ENSG00000181790",TRUE,4962,10.1110790798301,101
"ENSG00000198576",TRUE,15427,49.591334660933,100
"ENSG00000234616",TRUE,31757,41.0879829781803,101
"ENSG00000167653",TRUE,10012,120.295271390672,33
"ENSG00000160886",TRUE,1343,6.32396490632169,34
"ENSG00000130193",TRUE,30158,44.9581979127648,101
"ENSG00000197353",FALSE,671,3.88033367132956,16
"ENSG00000180155",TRUE,36353,50.7022961513413,101
"ENSG00000167656",TRUE,3610,89.4170026208789,27
"ENSG00000160932",TRUE,236969,591.610724962614,101
"ENSG00000176956",TRUE,1454,5.36221637561897,37
"ENSG00000277494",TRUE,62448,282.240523594312,99
"ENSG00000181638",TRUE,8739,11.2207227621473,101
"ENSG00000250571",TRUE,11040,25.2277994987876,101
"ENSG00000185730",TRUE,7186,8.3114353822094,101
"ENSG00000184428",TRUE,24640,33.2224215567516,101
"ENSG00000158106",TRUE,28337,60.1800809942212,101
"ENSG00000014164",TRUE,27667,35.945082045991,101
"ENSG00000104518",TRUE,122985,277.355180758313,101
"ENSG00000204839",TRUE,12187,18.2018483324463,101
"ENSG00000147813",TRUE,53946,84.8708359257721,101
"ENSG00000104529",TRUE,395938,796.445395519934,101
"ENSG00000179886",TRUE,10876,10.6072422066649,101
"ENSG00000104524",TRUE,9735,23.1945141660495,101
"ENSG00000104522",TRUE,50079,102.944483327889,101
"ENSG00000183309",TRUE,40088,39.1988620469096,101
"ENSG00000181135",TRUE,15279,17.2653920970545,101
"ENSG00000181085",TRUE,31968,202.074514280079,101
"ENSG00000180921",TRUE,42178,60.634004717131,101
"ENSG00000180900",TRUE,82088,87.2806555793877,101
"ENSG00000179950",TRUE,114107,111.604772708069,101
"ENSG00000185189",TRUE,96709,119.09461847464,101
"ENSG00000261150",TRUE,12297,37.5258635648985,100
"ENSG00000178209",TRUE,595046,648.638380039614,101
"ENSG00000178685",TRUE,125408,207.395103939287,101
"ENSG00000178719",TRUE,254416,418.081924436846,101
"ENSG00000186583",TRUE,1123,6.51456710854848,20
"ENSG00000178814",TRUE,19867,27.9613834653421,101
"ENSG00000178896",TRUE,12880,59.0405815135806,101
"ENSG00000197858",TRUE,110323,274.192292462943,101
"ENSG00000179091",TRUE,75034,78.204253176373,101
"ENSG00000179526",TRUE,55199,112.583761942351,101
"ENSG00000179632",TRUE,126504,139.995460502228,101
"ENSG00000179698",TRUE,4086,11.6382710486823,100
"ENSG00000235173",TRUE,22644,50.6815195901017,101
"ENSG00000179832",TRUE,73261,87.2735621254755,101
"ENSG00000261236",TRUE,28673,111.75538643642,101
"ENSG00000260428",TRUE,2557,5.03010310556917,85
"ENSG00000185122",TRUE,88782,88.5839759712034,101
"ENSG00000185000",TRUE,43514,52.7359654162799,101
"ENSG00000185803",TRUE,40601,60.0948776120374,101
"ENSG00000182325",TRUE,20013,21.0755591290131,101
"ENSG00000173137",TRUE,11215,18.0736474021165,101
"ENSG00000071894",TRUE,124669,143.152840338586,101
"ENSG00000147804",TRUE,11597,41.418775296517,101
"ENSG00000160948",TRUE,113112,199.939724385914,101
"ENSG00000160949",TRUE,8984,23.119207301874,101
"ENSG00000187954",TRUE,67342,76.5117740022933,101
"ENSG00000167702",TRUE,47223,73.1229651143964,101
"ENSG00000160972",TRUE,40280,87.0924795027882,101
"ENSG00000167701",TRUE,937,1.81691314481396,23
"ENSG00000167700",TRUE,13731,34.6411575207233,101
"ENSG00000160957",TRUE,7713,64.9145169192685,101
"ENSG00000160959",TRUE,44653,49.9500035744891,101
"ENSG00000254402",TRUE,3931,7.3468643942123,101
"ENSG00000213563",TRUE,22967,27.9350396015146,101
"ENSG00000147799",TRUE,11590,48.1401211559131,101
"ENSG00000198169",TRUE,33608,43.8404039491868,101
"ENSG00000196378",TRUE,12904,15.1335512688508,101
"ENSG00000161016",TRUE,950147,2339.03120129058,101
"ENSG00000197363",TRUE,10272,11.4232038459149,101
"ENSG00000147789",TRUE,32505,33.2381064677827,101
"ENSG00000170619",TRUE,26324,28.7210310338007,101
"ENSG00000196150",TRUE,16978,17.1634113165845,101
"ENSG00000170631",TRUE,12821,12.9658856932067,101
"ENSG00000182307",TRUE,61776,59.2763165132382,101
"ENSG00000181404",TRUE,9129,21.0973471511454,101
"ENSG00000172785",TRUE,15886,19.4223094773464,101
"ENSG00000183784",TRUE,928,2.04047609295079,15
"ENSG00000107099",TRUE,124495,197.812914201925,101
"ENSG00000107104",TRUE,75071,93.4970953128552,101
"ENSG00000173253",TRUE,2029,11.8344489319998,45
"ENSG00000080503",TRUE,235134,232.188040870151,101
"ENSG00000147852",TRUE,58361,83.2563863461741,101
"ENSG00000080608",TRUE,41844,70.8302507093982,101
"ENSG00000080298",TRUE,36101,121.207768763009,101
"ENSG00000107249",TRUE,36396,62.8770116405691,101
"ENSG00000106688",TRUE,41090,119.243078504378,101
"ENSG00000106686",TRUE,7612,20.3291877408801,101
"ENSG00000205808",TRUE,13668,15.7403483952456,101
"ENSG00000106993",TRUE,40684,56.2858843609459,101
"ENSG00000147853",TRUE,124442,121.742691725384,101
"ENSG00000120158",TRUE,28332,35.3520639642356,101
"ENSG00000096968",TRUE,68528,85.2875127502037,101
"ENSG00000107020",TRUE,18998,22.6030085988303,101
"ENSG00000120217",TRUE,40868,93.5103796521414,101
"ENSG00000197646",TRUE,15569,27.115696626897,100
"ENSG00000107036",TRUE,80169,81.5996404356983,101
"ENSG00000099219",TRUE,59242,74.4007522117132,101
"ENSG00000183354",TRUE,76266,73.1781160927552,101
"ENSG00000137040",TRUE,41061,42.4220962856552,101
"ENSG00000137033",TRUE,177998,352.329202401091,101
"ENSG00000147854",TRUE,77496,128.235359128607,101
"ENSG00000178445",TRUE,1998,4.68875801051979,55
"ENSG00000107077",TRUE,51449,45.6037535070794,101
"ENSG00000137038",TRUE,42846,54.7480902555779,101
"ENSG00000153707",TRUE,59771,93.091022222045,101
"ENSG00000107165",TRUE,16241,38.8307723229195,101
"ENSG00000153714",TRUE,43559,56.4993328501753,101
"ENSG00000107186",TRUE,111269,128.827248424246,101
"ENSG00000147862",TRUE,183466,241.965999734646,101
"ENSG00000175893",TRUE,47644,71.8977822159471,101
"ENSG00000164946",TRUE,35147,58.9990197085956,101
"ENSG00000155158",TRUE,49746,65.1431354456227,101
"ENSG00000164975",TRUE,48653,54.1463426740036,101
"ENSG00000164985",TRUE,107420,115.520015098268,101
"ENSG00000164989",TRUE,6297,11.8649906145657,101
"ENSG00000173068",TRUE,52044,79.6713997379696,101
"ENSG00000044459",TRUE,21704,26.4063601363513,101
"ENSG00000107295",TRUE,2574,8.04332456342845,48
"ENSG00000178031",TRUE,23074,81.8584259245491,100
"ENSG00000155876",TRUE,105142,93.7578234595433,101
"ENSG00000147874",TRUE,26418,25.8134793751263,101
"ENSG00000147872",TRUE,235442,512.604927481417,101
"ENSG00000137145",TRUE,119383,130.669962435941,101
"ENSG00000137154",TRUE,1565122,1944.41336608311,101
"ENSG00000177076",TRUE,6225,12.3358990514866,96
"ENSG00000171843",TRUE,28898,36.7694980477147,101
"ENSG00000188352",TRUE,59758,102.628390156562,101
"ENSG00000188921",TRUE,59418,87.303497780349,101
"ENSG00000198642",TRUE,69856,78.5121968773052,101
"ENSG00000099810",TRUE,37975,38.3039627885799,101
"ENSG00000147889",TRUE,4214,8.42153506824594,86
"ENSG00000147883",TRUE,34128,77.284674036322,101
"ENSG00000176399",TRUE,3271,5.44126958120211,80
"ENSG00000198680",TRUE,20272,25.056514250787,101
"ENSG00000120159",TRUE,19137,20.6522353979595,101
"ENSG00000137055",TRUE,49012,47.7158844493258,101
"ENSG00000096872",TRUE,18978,42.4721320088276,101
"ENSG00000120156",TRUE,140301,294.979678854084,101
"ENSG00000120162",TRUE,49512,57.9973429501996,101
"ENSG00000147894",TRUE,50302,82.2562336515736,101
"ENSG00000122729",TRUE,82644,106.881575920769,101
"ENSG00000107201",TRUE,49594,103.008795233097,101
"ENSG00000197579",TRUE,38311,42.8274005412497,101
"ENSG00000165264",TRUE,37715,49.0831969949928,101
"ENSG00000188133",TRUE,842,4.41890318404069,22
"ENSG00000137074",TRUE,32219,38.6324213220241,101
"ENSG00000086061",TRUE,253021,350.986584825662,101
"ENSG00000122692",TRUE,89537,77.3925698224721,101
"ENSG00000086062",TRUE,282677,463.694140189533,101
"ENSG00000107262",TRUE,110827,179.048649223528,101
"ENSG00000086065",TRUE,104381,103.877601459135,101
"ENSG00000086102",TRUE,85764,83.2995685656828,101
"ENSG00000165269",TRUE,4270,17.3860450473098,90
"ENSG00000165272",TRUE,214713,502.192227304238,101
"ENSG00000165271",TRUE,65712,96.3308248985296,101
"ENSG00000230453",TRUE,770,4.3150890341567,21
"ENSG00000107341",TRUE,109157,104.720655998956,101
"ENSG00000137073",TRUE,48222,54.4040385910203,101
"ENSG00000198876",TRUE,84681,89.3057012838383,101
"ENSG00000165006",TRUE,105377,111.948202553413,101
"ENSG00000186638",TRUE,5652,28.4910921126833,96
"ENSG00000164978",TRUE,16497,19.1028958381426,101
"ENSG00000164976",TRUE,23192,46.2252630849867,101
"ENSG00000164972",TRUE,18897,125.029263202811,68
"ENSG00000164970",TRUE,51853,51.3406098315853,101
"ENSG00000122735",TRUE,18660,143.740204770089,70
"ENSG00000122756",TRUE,7766,28.3299502582238,95
"ENSG00000164967",TRUE,13778,28.9931427075619,101
"ENSG00000137100",TRUE,47609,46.3794355930906,101
"ENSG00000147955",TRUE,58063,64.5031435864578,101
"ENSG00000213930",TRUE,30386,35.7448910337887,101
"ENSG00000137070",TRUE,34272,42.8370144221808,101
"ENSG00000172724",TRUE,43668,360.343345079698,96
"ENSG00000137077",TRUE,162578,392.047534897577,101
"ENSG00000122733",TRUE,2304,4.64219364075177,73
"ENSG00000137094",TRUE,34742,56.2008564758454,101
"ENSG00000165280",TRUE,389025,406.23134605386,101
"ENSG00000221829",TRUE,17232,40.5150929264112,101
"ENSG00000165282",TRUE,38005,44.2224143721467,101
"ENSG00000165283",TRUE,63797,80.201810346892,101
"ENSG00000005238",TRUE,57985,68.974369438233,101
"ENSG00000198722",TRUE,200453,398.445300134646,101
"ENSG00000198853",TRUE,72684,90.159765414252,101
"ENSG00000215187",TRUE,12462,81.3923241521482,65
"ENSG00000107140",TRUE,58781,57.0202871136573,101
"ENSG00000137101",TRUE,9968,28.1799102337766,101
"ENSG00000137078",TRUE,4338,21.7573178009149,93
"ENSG00000159884",TRUE,32043,55.8023863540347,101
"ENSG00000137135",TRUE,1951,7.07884523249563,60
"ENSG00000198467",TRUE,393964,763.770837128975,101
"ENSG00000137076",TRUE,803346,874.139299152738,101
"ENSG00000107175",TRUE,52499,53.0873435955669,101
"ENSG00000070610",TRUE,119925,147.699172302195,101
"ENSG00000107185",TRUE,78891,85.9276729559748,101
"ENSG00000159899",TRUE,41794,44.8210003582156,101
"ENSG00000137098",TRUE,14234,88.9303962626928,100
"ENSG00000137133",TRUE,1311,2.19889289533914,38
"ENSG00000137103",TRUE,39716,52.3975097004743,101
"ENSG00000196196",TRUE,4466,20.8333333333333,87
"ENSG00000122707",TRUE,72571,114.548022907963,101
"ENSG00000122694",TRUE,130430,164.574968188863,101
"ENSG00000122705",TRUE,153900,218.465212973083,101
"ENSG00000159921",TRUE,45094,47.796449379531,101
"ENSG00000137075",TRUE,96452,101.06409648462,101
"ENSG00000165304",TRUE,3897,12.4547190238453,89
"ENSG00000196092",TRUE,3944,24.8884850686097,53
"ENSG00000147905",TRUE,26924,26.1283081617654,101
"ENSG00000137106",TRUE,77691,77.714908691587,101
"ENSG00000168795",TRUE,30977,32.9810325522791,101
"ENSG00000137054",TRUE,27107,51.2533939401167,101
"ENSG00000147912",TRUE,7646,11.5126402290644,101
"ENSG00000175768",TRUE,2607,4.54323713596603,99
"ENSG00000165275",TRUE,15846,17.5979086274905,101
"ENSG00000107371",TRUE,14183,22.6798895804589,101
"ENSG00000122741",TRUE,58732,57.84827718734,101
"ENSG00000122696",TRUE,8131,8.91819386892623,101
"ENSG00000107338",TRUE,19736,32.6493973570861,101
"ENSG00000137124",TRUE,38273,78.3376713162411,101
"ENSG00000137142",TRUE,2660,5.98266804294124,75
"ENSG00000180071",TRUE,1100,3.46748225959021,27
"ENSG00000106714",TRUE,4136,11.1001538129947,89
"ENSG00000215126",TRUE,2617,3.81623437718682,92
"ENSG00000154529",TRUE,4505,12.0778602439007,85
"ENSG00000147996",TRUE,3950,5.17119096209044,100
"ENSG00000274349",TRUE,3982,5.34526657823136,99
"ENSG00000196873",TRUE,1258,3.78200667871506,32
"ENSG00000154330",TRUE,89529,234.288304105014,101
"ENSG00000107242",TRUE,27863,53.9360990411,100
"ENSG00000187866",TRUE,43642,47.6036596008948,101
"ENSG00000165060",TRUE,8504,13.7058492799384,101
"ENSG00000119139",TRUE,7371,12.7393919083579,95
"ENSG00000135063",TRUE,47467,118.430980353383,101
"ENSG00000107282",TRUE,10833,12.9524500321145,101
"ENSG00000188647",TRUE,92030,120.715660581691,101
"ENSG00000204711",TRUE,5381,37.6799738875469,46
"ENSG00000165072",TRUE,184671,288.911760960239,101
"ENSG00000198887",TRUE,92426,111.990509173895,101
"ENSG00000119138",TRUE,470680,792.30691001312,101
"ENSG00000083067",TRUE,985,2.70900915704355,23
"ENSG00000135048",TRUE,269817,643.713059411903,101
"ENSG00000107362",TRUE,23353,25.1227618226295,101
"ENSG00000155621",TRUE,12923,13.108028406648,101
"ENSG00000119125",TRUE,1026,8.93096763908531,18
"ENSG00000107372",TRUE,621504,1212.86124291426,101
"ENSG00000165091",TRUE,660,1.6745564323285,16
"ENSG00000165092",TRUE,302168,567.081692453539,101
"ENSG00000135046",TRUE,664727,844.867810677381,101
"ENSG00000198963",TRUE,5646,11.9464195308266,100
"ENSG00000119121",TRUE,4617,10.2082095095799,93
"ENSG00000135045",TRUE,6291,9.6101227035843,101
"ENSG00000156017",TRUE,18798,23.0445725860916,101
"ENSG00000106733",TRUE,46935,65.3861979643097,101
"ENSG00000134996",TRUE,79264,108.903611424282,101
"ENSG00000099139",TRUE,58566,77.4607305842139,101
"ENSG00000135002",TRUE,33670,45.9530958243981,101
"ENSG00000187210",TRUE,27494,33.8920277418492,101
"ENSG00000106772",TRUE,85202,323.04984348156,101
"ENSG00000197969",TRUE,90561,116.528533611253,101
"ENSG00000156049",TRUE,22692,43.3820558255397,101
"ENSG00000156052",TRUE,212583,300.355856237667,101
"ENSG00000148019",TRUE,25143,30.9094341487731,101
"ENSG00000135069",TRUE,13787,107.72984239633,100
"ENSG00000106829",TRUE,45317,50.1391085203635,101
"ENSG00000196781",TRUE,69327,90.5928787789321,101
"ENSG00000165105",TRUE,20761,43.2808039766967,101
"ENSG00000172159",TRUE,20812,38.9095715520985,101
"ENSG00000148057",TRUE,8790,11.956146693336,101
"ENSG00000135018",TRUE,180102,168.637139775147,101
"ENSG00000165113",TRUE,7625,10.279427092263,101
"ENSG00000165115",TRUE,13550,38.2400334456704,101
"ENSG00000165118",TRUE,22180,24.0546508177991,101
"ENSG00000165119",TRUE,706403,650.605755486385,101
"ENSG00000178966",TRUE,10997,16.5447158170567,101
"ENSG00000197506",TRUE,8740,29.948304789148,92
"ENSG00000148053",TRUE,44025,181.196035983345,100
"ENSG00000135049",TRUE,55136,86.7090277592349,101
"ENSG00000135040",TRUE,27180,36.5018501072308,101
"ENSG00000135052",TRUE,78232,189.813616905928,101
"ENSG00000135070",TRUE,45209,43.4526906780587,101
"ENSG00000083223",TRUE,70249,70.2763514171905,101
"ENSG00000180447",TRUE,46434,127.443478858424,101
"ENSG00000196730",TRUE,164731,203.918275502795,101
"ENSG00000135047",TRUE,336771,936.942499672705,101
"ENSG00000156345",TRUE,12927,30.153702262495,101
"ENSG00000106723",TRUE,147319,164.504607744503,101
"ENSG00000213694",TRUE,75295,193.849543020557,101
"ENSG00000148082",TRUE,39844,67.3316169331434,101
"ENSG00000123975",TRUE,13466,42.3224576666228,101
"ENSG00000187742",TRUE,102120,103.136827185501,101
"ENSG00000187764",TRUE,65842,184.129951000675,101
"ENSG00000130222",TRUE,28473,68.1533040266408,101
"ENSG00000165025",TRUE,113265,251.637792165677,101
"ENSG00000148090",TRUE,19820,24.730806637455,101
"ENSG00000165030",TRUE,112382,326.119240666061,101
"ENSG00000169071",TRUE,26722,47.9430755298893,101
"ENSG00000090054",TRUE,91702,83.1243091439272,101
"ENSG00000196305",TRUE,141775,241.331812297291,101
"ENSG00000198000",TRUE,58692,59.4419981493725,101
"ENSG00000188312",TRUE,9924,18.3492766378612,101
"ENSG00000106809",TRUE,93387,254.916179694089,101
"ENSG00000127083",TRUE,21776,60.5490835238358,97
"ENSG00000106819",TRUE,139996,356.833564424097,100
"ENSG00000106823",TRUE,88968,187.510749145015,100
"ENSG00000127080",TRUE,19659,22.0063048773354,101
"ENSG00000185963",TRUE,102305,97.9033045838342,101
"ENSG00000127081",TRUE,10879,12.7176117235496,101
"ENSG00000127084",TRUE,38609,66.5603608907171,101
"ENSG00000157303",TRUE,5523,16.3756490869076,100
"ENSG00000165233",TRUE,29143,28.9525353659029,101
"ENSG00000131669",TRUE,65347,98.629685818218,101
"ENSG00000165238",TRUE,7159,24.9658722690495,86
"ENSG00000188938",TRUE,82354,74.1321752771587,101
"ENSG00000048828",TRUE,268150,276.817626524953,101
"ENSG00000197724",TRUE,109147,108.221853278539,101
"ENSG00000158079",TRUE,24033,35.4710886500389,101
"ENSG00000175787",TRUE,7398,10.7127375035917,101
"ENSG00000148110",TRUE,109223,106.18889630929,101
"ENSG00000165140",TRUE,215816,474.73609073168,101
"ENSG00000148120",TRUE,64504,75.0972565709018,101
"ENSG00000158169",TRUE,19152,21.7614572745632,101
"ENSG00000185920",TRUE,60720,127.407861347068,101
"ENSG00000182150",TRUE,33604,34.6313045913581,101
"ENSG00000130958",TRUE,9003,9.44900490167129,101
"ENSG00000165244",TRUE,5540,13.0697668768746,99
"ENSG00000130956",TRUE,32776,33.2121945561411,101
"ENSG00000081377",TRUE,47084,67.3235635425187,101
"ENSG00000158122",TRUE,36867,44.1230873843825,101
"ENSG00000081386",TRUE,24647,25.1183464849274,101
"ENSG00000196597",TRUE,6338,7.63205902164782,100
"ENSG00000196312",TRUE,40381,47.7767782474413,101
"ENSG00000136943",TRUE,2681,11.6986654547063,53
"ENSG00000197816",TRUE,5834,25.6593687209675,93
"ENSG00000196116",TRUE,43751,46.6507329079118,101
"ENSG00000136842",TRUE,36673,64.2184843835402,101
"ENSG00000136925",TRUE,50821,125.540628114673,101
"ENSG00000136937",TRUE,53358,65.7006701074934,101
"ENSG00000136936",TRUE,20307,18.9773297722223,101
"ENSG00000178919",FALSE,561,3.80677337456184,18
"ENSG00000136932",TRUE,17826,21.0849196271582,101
"ENSG00000136938",TRUE,169323,246.780593903066,101
"ENSG00000095380",TRUE,56664,98.651992069886,101
"ENSG00000106785",TRUE,68598,87.4905570934315,101
"ENSG00000106789",TRUE,41964,64.9789013118345,101
"ENSG00000095383",TRUE,68464,112.461868505846,101
"ENSG00000136928",TRUE,2859,11.5723986516734,49
"ENSG00000165138",TRUE,47668,56.712598734631,101
"ENSG00000119514",TRUE,28004,44.7588476736045,101
"ENSG00000204291",TRUE,265119,539.495497177549,101
"ENSG00000106799",TRUE,112742,225.516514329808,101
"ENSG00000119523",TRUE,51438,77.545693640928,101
"ENSG00000106803",TRUE,88003,146.482666031932,101
"ENSG00000119508",TRUE,83175,477.845443489757,101
"ENSG00000136874",TRUE,74640,72.36619443248,101
"ENSG00000023318",TRUE,116037,119.322817562339,101
"ENSG00000119509",TRUE,30964,32.8031767565055,101
"ENSG00000136891",TRUE,25631,48.3428826498885,101
"ENSG00000066697",TRUE,23808,26.1312699177116,101
"ENSG00000170681",TRUE,1104,3.11432866631574,27
"ENSG00000148123",TRUE,2217,6.49267545886482,60
"ENSG00000136881",TRUE,3180,12.2240018606913,62
"ENSG00000136897",TRUE,31735,31.5187076307643,101
"ENSG00000136870",TRUE,55207,80.3168791658487,101
"ENSG00000165152",TRUE,20276,32.50843677719,101
"ENSG00000155827",TRUE,69979,77.3479827770847,101
"ENSG00000136824",TRUE,28672,38.1052646132425,101
"ENSG00000136783",TRUE,40488,42.5650416020639,101
"ENSG00000165028",TRUE,10064,14.9736590953208,101
"ENSG00000165029",TRUE,113169,219.367787944578,101
"ENSG00000070214",TRUE,186481,186.950559712123,101
"ENSG00000106701",TRUE,11809,26.5261892083603,101
"ENSG00000106692",TRUE,34903,37.5173698573427,101
"ENSG00000095209",TRUE,14836,18.5205061377249,101
"ENSG00000148143",TRUE,31808,51.0351914714781,101
"ENSG00000119318",TRUE,200219,213.339018603756,101
"ENSG00000136826",TRUE,270140,561.321092507985,101
"ENSG00000070061",TRUE,76868,87.2870328651171,101
"ENSG00000119328",TRUE,27718,51.0119023237697,101
"ENSG00000119326",TRUE,98422,223.078000433299,101
"ENSG00000106771",TRUE,201136,329.565534457128,101
"ENSG00000260230",TRUE,945,4.34931033252342,21
"ENSG00000095203",TRUE,20275,64.615076276775,101
"ENSG00000070159",TRUE,34025,68.1565122542296,101
"ENSG00000243444",TRUE,3755,10.3280974112285,94
"ENSG00000188959",TRUE,22338,49.9679454492585,101
"ENSG00000136810",TRUE,148756,235.025160838858,101
"ENSG00000165124",TRUE,219150,440.880503144654,101
"ENSG00000030304",TRUE,5074,11.0986747302599,97
"ENSG00000198121",TRUE,82608,133.305500929583,101
"ENSG00000136813",TRUE,181578,173.210915808705,101
"ENSG00000173258",TRUE,2678,5.2931605097993,85
"ENSG00000106853",TRUE,43960,62.0606871810635,101
"ENSG00000059769",TRUE,14222,18.5278889451114,101
"ENSG00000165181",FALSE,589,2.69693064634794,12
"ENSG00000148154",TRUE,126357,379.222328475716,101
"ENSG00000106868",TRUE,33026,47.5916775187931,101
"ENSG00000119314",TRUE,155330,155.112039745669,101
"ENSG00000119471",TRUE,74483,88.6886080721225,101
"ENSG00000165185",TRUE,13627,18.5993668775515,101
"ENSG00000148153",TRUE,33819,37.3008138420914,101
"ENSG00000148158",TRUE,126924,210.763691681871,101
"ENSG00000119457",TRUE,14680,101.807828586942,97
"ENSG00000136866",TRUE,6032,8.13082803449278,101
"ENSG00000136867",TRUE,65744,123.786326461812,101
"ENSG00000119321",TRUE,121773,205.698667669989,101
"ENSG00000136868",TRUE,79061,109.56775309338,101
"ENSG00000176386",TRUE,7627,8.05853151783572,101
"ENSG00000136875",TRUE,36529,47.4910256868949,101
"ENSG00000148225",TRUE,8148,29.5491167534725,101
"ENSG00000119411",TRUE,11569,21.2056893502694,101
"ENSG00000119431",TRUE,20243,30.8033713803607,101
"ENSG00000148218",TRUE,92055,84.8592997529424,101
"ENSG00000148229",TRUE,67014,72.3450037125826,101
"ENSG00000157653",TRUE,860,2.72063479060105,13
"ENSG00000138835",TRUE,93306,144.179815807437,101
"ENSG00000157657",TRUE,46102,50.5553419540981,101
"ENSG00000136883",TRUE,3316,9.54660653309457,84
"ENSG00000196739",TRUE,79437,117.396574659706,101
"ENSG00000229314",TRUE,10472,172.410161157906,60
"ENSG00000228278",TRUE,2735,34.9909921169183,32
"ENSG00000106948",TRUE,150453,197.10754198632,101
"ENSG00000095397",TRUE,15063,39.3751874366799,101
"ENSG00000136888",TRUE,118023,115.628996369526,101
"ENSG00000157693",TRUE,35274,41.2987707022638,101
"ENSG00000181634",TRUE,10664,26.1128264523352,100
"ENSG00000106952",TRUE,15050,31.4443214861278,101
"ENSG00000041982",TRUE,371717,956.265378243177,101
"ENSG00000182752",TRUE,38163,165.260250820764,101
"ENSG00000148219",TRUE,6319,20.8384756919181,100
"ENSG00000119401",TRUE,27728,36.5774232958586,101
"ENSG00000136869",TRUE,123923,267.141494811187,101
"ENSG00000078725",TRUE,3194,22.7257443652826,55
"ENSG00000136861",TRUE,82573,81.6451464586823,101
"ENSG00000106780",TRUE,147384,220.005421303873,101
"ENSG00000119402",TRUE,158817,157.539956435608,101
"ENSG00000095261",TRUE,58380,56.7644797335914,101
"ENSG00000119403",TRUE,51978,58.0318930690456,101
"ENSG00000056558",TRUE,30630,47.7038973621748,101
"ENSG00000106804",TRUE,34081,68.0458598902756,101
"ENSG00000119397",TRUE,69759,117.138442373101,101
"ENSG00000119396",TRUE,191950,210.932831369667,101
"ENSG00000148180",TRUE,1115398,2377.52487832286,101
"ENSG00000148175",TRUE,941045,1054.57975541041,101
"ENSG00000136848",TRUE,149821,170.374174691285,101
"ENSG00000175764",TRUE,9855,12.923015255355,101
"ENSG00000119421",TRUE,41100,48.1181085562687,101
"ENSG00000185681",TRUE,7703,66.0509668607034,49
"ENSG00000106852",TRUE,23227,52.0208094608512,100
"ENSG00000119446",TRUE,47922,53.168700375723,101
"ENSG00000148187",TRUE,49389,54.6461373169441,101
"ENSG00000095303",TRUE,71741,107.507615122738,101
"ENSG00000136940",TRUE,36261,44.2463109381805,101
"ENSG00000056586",TRUE,109521,113.359004668067,101
"ENSG00000186130",TRUE,16940,21.0428614270612,101
"ENSG00000171448",TRUE,19633,24.7277498442863,101
"ENSG00000011454",TRUE,120014,123.242273078377,101
"ENSG00000165209",TRUE,29566,76.1022009482017,101
"ENSG00000148204",TRUE,820,3.88499982143943,23
"ENSG00000119522",TRUE,38824,37.2103951082784,101
"ENSG00000119408",TRUE,94462,130.332084831217,101
"ENSG00000136930",TRUE,95757,120.641596409128,101
"ENSG00000148200",TRUE,6384,10.1712812947979,101
"ENSG00000185585",TRUE,58390,132.712014494611,101
"ENSG00000136918",TRUE,13875,95.0710712937812,60
"ENSG00000136942",TRUE,389091,1255.96788071875,101
"ENSG00000136950",TRUE,57099,103.697551969643,101
"ENSG00000136935",TRUE,49151,48.0002822453734,101
"ENSG00000173611",TRUE,23093,41.3685407579932,101
"ENSG00000119414",TRUE,110375,107.33361172206,101
"ENSG00000136933",TRUE,25093,28.4876158042789,101
"ENSG00000044574",TRUE,665239,1529.49454508669,101
"ENSG00000165219",TRUE,95618,102.326097402051,101
"ENSG00000119487",TRUE,114262,101.065168253422,101
"ENSG00000167081",TRUE,60440,75.8638501167809,101
"ENSG00000196814",TRUE,54028,83.4905660377358,101
"ENSG00000169155",TRUE,36846,36.9197274595834,101
"ENSG00000177125",TRUE,32400,37.9321802962048,101
"ENSG00000136828",TRUE,25660,39.9026435954821,101
"ENSG00000136859",TRUE,127581,246.639514700381,101
"ENSG00000136895",TRUE,13493,20.4776409757596,101
"ENSG00000136856",TRUE,20386,25.0018789062612,101
"ENSG00000196152",TRUE,7977,9.19703591795079,100
"ENSG00000197958",TRUE,858895,1029.02715171276,101
"ENSG00000148356",TRUE,30480,31.6008016306724,101
"ENSG00000136830",TRUE,407356,461.617028963899,101
"ENSG00000136854",TRUE,90214,104.381298231721,101
"ENSG00000187024",TRUE,7959,14.0823836008158,101
"ENSG00000160401",TRUE,48526,384.337801669954,85
"ENSG00000167094",TRUE,6885,44.8904740449174,84
"ENSG00000160404",TRUE,16924,22.6760215162421,101
"ENSG00000095370",TRUE,110807,176.036995431997,101
"ENSG00000136807",TRUE,104566,111.684972736749,101
"ENSG00000136877",TRUE,77661,161.231996199714,101
"ENSG00000106991",TRUE,567818,915.643550383736,101
"ENSG00000106992",TRUE,17317,39.1509433962264,101
"ENSG00000136840",TRUE,41238,91.9496811582678,101
"ENSG00000167103",TRUE,3205,6.70231091161821,91
"ENSG00000136908",TRUE,45100,166.729397284525,101
"ENSG00000167106",TRUE,79348,97.9502858198625,101
"ENSG00000171169",TRUE,11815,12.4926404552165,101
"ENSG00000148339",TRUE,79792,229.106454619569,101
"ENSG00000148334",TRUE,39211,63.4836864999343,101
"ENSG00000148346",TRUE,70693,814.780740364457,100
"ENSG00000171159",TRUE,42353,86.5275869376328,101
"ENSG00000148337",TRUE,113382,114.814916831507,101
"ENSG00000106976",TRUE,33645,70.9759582762973,101
"ENSG00000167110",TRUE,137238,127.446415850026,101
"ENSG00000175854",TRUE,16466,44.054515542659,101
"ENSG00000167112",TRUE,29665,39.4607968279544,101
"ENSG00000167113",TRUE,54349,82.9113535848681,101
"ENSG00000167114",TRUE,33240,40.504724208069,101
"ENSG00000167118",TRUE,63008,95.4137969103401,101
"ENSG00000167123",TRUE,76363,201.67178226195,101
"ENSG00000136811",TRUE,63447,102.477243779306,101
"ENSG00000119392",TRUE,50879,57.3872130281596,101
"ENSG00000197694",TRUE,525351,616.759758625986,101
"ENSG00000119333",TRUE,49069,189.848604586399,101
"ENSG00000119335",TRUE,303593,316.403395384497,101
"ENSG00000160447",TRUE,32157,37.8252338487334,101
"ENSG00000160446",TRUE,25281,46.9914832455029,101
"ENSG00000160445",TRUE,82130,85.0173050097955,101
"ENSG00000107021",TRUE,49398,75.1562504471345,101
"ENSG00000167136",TRUE,12004,31.1017349044755,101
"ENSG00000136802",TRUE,188530,233.778903472861,101
"ENSG00000175287",TRUE,28845,47.5006157663157,101
"ENSG00000175283",TRUE,22234,25.0238610290688,101
"ENSG00000095319",TRUE,86126,95.1950156145381,101
"ENSG00000148341",TRUE,116695,135.920689004433,101
"ENSG00000148343",TRUE,39634,50.7097630186897,101
"ENSG00000167130",TRUE,15021,17.7429071138313,101
"ENSG00000095321",TRUE,47907,47.3503751356681,101
"ENSG00000119383",TRUE,162808,321.485003165147,101
"ENSG00000188483",TRUE,19326,55.8023863540347,101
"ENSG00000148335",TRUE,23327,40.9669341114641,101
"ENSG00000148331",TRUE,35840,33.3643977172505,101
"ENSG00000167157",TRUE,4855,26.9598573748238,90
"ENSG00000148344",TRUE,14048,91.8743742940923,101
"ENSG00000136816",TRUE,40882,41.6888379873324,101
"ENSG00000136827",TRUE,58175,52.3721150620694,101
"ENSG00000136819",TRUE,80207,75.8085544549169,101
"ENSG00000136878",TRUE,52381,58.0274205093972,101
"ENSG00000187239",TRUE,131748,157.535481874512,101
"ENSG00000148358",TRUE,178511,164.613125631027,101
"ENSG00000107130",TRUE,40966,72.4659949509149,101
"ENSG00000148357",TRUE,54289,142.559759260202,100
"ENSG00000130707",TRUE,108223,198.438560892429,101
"ENSG00000107164",TRUE,72823,68.5174961981973,101
"ENSG00000130713",TRUE,28546,35.3520639642356,101
"ENSG00000097007",TRUE,178445,343.937248808678,101
"ENSG00000130720",TRUE,4685,14.6095316500442,87
"ENSG00000050555",TRUE,105699,256.91518499889,101
"ENSG00000126878",TRUE,61317,109.521881181316,101
"ENSG00000126883",TRUE,87612,88.7960713095564,101
"ENSG00000126882",TRUE,30423,56.8735167478564,101
"ENSG00000160539",TRUE,4778,7.25654218508339,100
"ENSG00000130723",TRUE,345957,341.038214891298,101
"ENSG00000130714",TRUE,39584,41.9879925147141,101
"ENSG00000130717",TRUE,44684,41.5683390627604,101
"ENSG00000107263",TRUE,241046,275.329490073831,101
"ENSG00000160563",TRUE,17390,17.1081273401221,101
"ENSG00000196358",TRUE,8439,13.7815673259711,101
"ENSG00000107290",TRUE,210200,207.533487242574,101
"ENSG00000125482",TRUE,24210,24.1887526839464,101
"ENSG00000188523",TRUE,5447,43.6057298382447,46
"ENSG00000125485",TRUE,18624,26.9040551514993,101
"ENSG00000125484",TRUE,54222,55.0375166378196,101
"ENSG00000165695",TRUE,5577,33.5544957507463,73
"ENSG00000165698",TRUE,19143,89.6298017125791,101
"ENSG00000165699",TRUE,84875,91.9168711497061,101
"ENSG00000165702",TRUE,1018,8.49594243149408,20
"ENSG00000148308",TRUE,57357,67.0231091161821,101
"ENSG00000170835",TRUE,1706,6.61461869641429,43
"ENSG00000160271",TRUE,35956,63.6114873572169,101
"ENSG00000148288",TRUE,19075,38.6006062056419,101
"ENSG00000175164",TRUE,29977,100.062320083993,101
"ENSG00000148296",TRUE,47049,56.5554549957896,101
"ENSG00000148297",TRUE,53366,54.2208217239807,101
"ENSG00000148303",TRUE,1106405,1548.00789999128,101
"ENSG00000148290",TRUE,47246,50.2296784050488,101
"ENSG00000148291",TRUE,10999,28.1647672016316,101
"ENSG00000148248",TRUE,292437,405.329997572544,101
"ENSG00000198870",TRUE,1098,1.81686911058633,29
"ENSG00000148300",TRUE,29136,33.5370285855101,101
"ENSG00000160323",TRUE,7193,8.53977031494219,101
"ENSG00000160325",TRUE,38144,61.2997874388452,101
"ENSG00000160326",TRUE,18004,44.6562726357363,101
"ENSG00000197859",TRUE,77247,124.13273747369,101
"ENSG00000123454",TRUE,992,4.12464540938996,29
"ENSG00000123453",TRUE,8844,11.5723986516734,101
"ENSG00000160293",TRUE,81138,90.8760840908606,101
"ENSG00000169925",TRUE,60389,58.3330715823711,101
"ENSG00000196363",TRUE,49854,71.0896797816583,101
"ENSG00000186350",TRUE,141180,144.541571233959,101
"ENSG00000130635",TRUE,452247,1144.83069005927,101
"ENSG00000085265",TRUE,98996,411.739186661674,101
"ENSG00000130558",TRUE,48491,71.5124525880547,101
"ENSG00000196422",TRUE,41571,52.00906073063,101
"ENSG00000160345",TRUE,9541,53.5813907371152,91
"ENSG00000122140",TRUE,33679,74.4031818053796,101
"ENSG00000107147",TRUE,2049,4.98080369382177,62
"ENSG00000130559",TRUE,60165,73.9105784779953,101
"ENSG00000130560",TRUE,55886,85.5312290698918,101
"ENSG00000148411",TRUE,72661,80.7059967868172,101
"ENSG00000238227",TRUE,45012,52.3656680599108,101
"ENSG00000165661",TRUE,30431,40.4632057421974,101
"ENSG00000260220",TRUE,22401,176.841261389068,73
"ENSG00000160360",TRUE,49707,89.6817279318383,101
"ENSG00000187796",TRUE,13343,27.8129843192743,100
"ENSG00000165684",TRUE,25256,36.7608321184893,101
"ENSG00000165689",TRUE,44797,57.233216773369,101
"ENSG00000165688",TRUE,53012,62.5046972656529,101
"ENSG00000148384",TRUE,40145,51.3897682669088,101
"ENSG00000148396",TRUE,159750,156.579536503112,101
"ENSG00000148400",TRUE,157922,219.317945412324,101
"ENSG00000172889",TRUE,214350,491.678516201745,101
"ENSG00000169692",TRUE,79757,147.977988104829,101
"ENSG00000165716",TRUE,27916,56.1514555198894,101
"ENSG00000187922",TRUE,4157,19.4901014106069,63
"ENSG00000267206",TRUE,2803,13.1984314706179,59
"ENSG00000244187",TRUE,20093,66.4206542027782,101
"ENSG00000196642",TRUE,95012,147.526146919776,101
"ENSG00000232434",TRUE,7600,10.8057333677573,101
"ENSG00000054148",TRUE,56477,101.287732316028,101
"ENSG00000177943",TRUE,21241,37.1262840385143,101
"ENSG00000107223",TRUE,161389,528.202345326855,101
"ENSG00000127191",TRUE,19791,28.2153202577235,101
"ENSG00000159069",TRUE,127467,169.440444394842,101
"ENSG00000184925",TRUE,1634,7.22945896084661,50
"ENSG00000107317",TRUE,54300,115.312090036274,101
"ENSG00000214402",TRUE,12932,44.9364344424772,100
"ENSG00000148362",TRUE,39365,123.27733665527,101
"ENSG00000169583",TRUE,21570,43.8285949501325,101
"ENSG00000107331",TRUE,95141,104.318374455666,101
"ENSG00000180549",TRUE,1383,4.92038282423516,36
"ENSG00000107281",TRUE,106726,137.29313884808,101
"ENSG00000054179",TRUE,2385,6.4251920123806,50
"ENSG00000186193",TRUE,2958,6.76552638332335,85
"ENSG00000197355",TRUE,52272,80.9438567392072,101
"ENSG00000177239",TRUE,100730,107.141829228551,101
"ENSG00000176978",TRUE,142341,223.209545416139,101
"ENSG00000176248",TRUE,59274,68.9829975015714,101
"ENSG00000176101",TRUE,41847,80.6536515319449,101
"ENSG00000176058",TRUE,17798,43.6779812217816,101
"ENSG00000187713",TRUE,34197,32.2131313024146,101
"ENSG00000188566",TRUE,21166,23.7680314406491,101
"ENSG00000212864",TRUE,3532,9.11213056523374,101
"ENSG00000188229",TRUE,258020,631.187271419444,101
"ENSG00000188986",TRUE,75728,86.8288143943348,101
"ENSG00000198113",TRUE,39066,52.2015272930534,101
"ENSG00000198435",TRUE,18969,58.7162693130277,101
"ENSG00000187609",TRUE,28955,40.6758677486293,101
"ENSG00000188747",TRUE,15724,29.870134380872,101
"ENSG00000165802",TRUE,63737,73.3306868977016,101
"ENSG00000130653",TRUE,24060,39.8487536164341,101
"ENSG00000182154",TRUE,32656,76.8130014589952,101
"ENSG00000148399",TRUE,35749,38.6733567824805,101
"ENSG00000165724",TRUE,19313,35.6201467550046,101
"ENSG00000197070",TRUE,53479,93.0792841209001,101
"ENSG00000181090",TRUE,87823,94.6590887975877,101
"ENSG00000015171",TRUE,169266,181.053459119497,101
"ENSG00000151240",TRUE,56512,81.232994900164,101
"ENSG00000180525",TRUE,1616,4.37676027827442,54
"ENSG00000107929",TRUE,109976,116.260622762535,101
"ENSG00000107937",TRUE,59377,92.9943851268046,101
"ENSG00000067064",TRUE,99010,153.032820515471,101
"ENSG00000047056",TRUE,41002,46.5374077095229,101
"ENSG00000185736",TRUE,5171,15.1194853327193,81
"ENSG00000067057",TRUE,54441,78.673289778194,101
"ENSG00000107959",TRUE,109744,114.006169528572,101
"ENSG00000067082",TRUE,584906,1108.89839499106,101
"ENSG00000165568",TRUE,3254,3.98859773866451,98
"ENSG00000187134",TRUE,55938,118.867361341223,101
"ENSG00000151632",TRUE,24446,49.4150926143891,101
"ENSG00000196139",TRUE,74102,241.640313152218,101
"ENSG00000178473",TRUE,1383,12.6962956894716,24
"ENSG00000173848",TRUE,112140,180.707464352734,101
"ENSG00000196372",TRUE,36994,38.3955768295492,101
"ENSG00000108021",TRUE,105625,136.723042560478,101
"ENSG00000057608",TRUE,300698,316.756839749315,101
"ENSG00000134461",TRUE,7923,9.04281624159485,101
"ENSG00000134452",TRUE,127881,131.65261165172,101
"ENSG00000134470",TRUE,50214,88.6437718178616,101
"ENSG00000134460",TRUE,15158,49.2807092239803,100
"ENSG00000134453",TRUE,141682,145.28747673511,101
"ENSG00000170525",TRUE,168536,378.463040165086,101
"ENSG00000065675",TRUE,12980,28.7534871291242,101
"ENSG00000198879",TRUE,35419,42.1531457631165,101
"ENSG00000123243",TRUE,157970,242.563125707165,101
"ENSG00000151657",TRUE,19197,18.0077554900957,101
"ENSG00000165629",TRUE,161925,160.626616909509,101
"ENSG00000165632",TRUE,23274,25.415724736223,101
"ENSG00000107485",TRUE,8185,17.0675779215657,101
"ENSG00000048740",TRUE,213564,239.593149593816,101
"ENSG00000148429",TRUE,41839,42.7236135967781,101
"ENSG00000134463",TRUE,28249,44.211553190473,101
"ENSG00000148426",TRUE,18441,29.7867436852303,101
"ENSG00000151461",TRUE,76180,86.6824473560947,101
"ENSG00000181192",TRUE,38826,45.8636892276418,101
"ENSG00000065665",TRUE,10507,11.4502251611331,101
"ENSG00000165609",TRUE,67337,72.0212487623001,101
"ENSG00000151465",TRUE,59108,59.8134037071087,101
"ENSG00000183049",TRUE,59529,85.6009478359497,101
"ENSG00000151468",TRUE,97189,200.87796646554,101
"ENSG00000123240",TRUE,147719,177.483159329707,101
"ENSG00000065328",TRUE,2068,8.38002699752551,63
"ENSG00000107537",TRUE,35984,38.5573204604863,101
"ENSG00000086475",TRUE,62210,57.6501392903959,101
"ENSG00000165626",TRUE,25842,34.8270440251572,101
"ENSG00000165630",TRUE,8881,10.603658773659,101
"ENSG00000239665",TRUE,20513,26.5533476251002,101
"ENSG00000151474",TRUE,80653,101.572393804438,101
"ENSG00000065809",TRUE,149905,200.361737954894,101
"ENSG00000185267",TRUE,2081,5.59241595845772,71
"ENSG00000187522",TRUE,16384,17.6050439018683,101
"ENSG00000152455",TRUE,5768,8.23461730893842,101
"ENSG00000152457",TRUE,25779,28.2899113613197,101
"ENSG00000197889",FALSE,615,4.76111088355184,12
"ENSG00000152463",TRUE,1101,8.46486549767939,23
"ENSG00000176244",TRUE,2004,10.5565571014191,34
"ENSG00000152464",TRUE,17634,26.0727500765934,101
"ENSG00000152465",TRUE,25030,34.3840440804984,101
"ENSG00000148468",TRUE,55624,75.8718412733684,101
"ENSG00000077943",TRUE,223414,339.032194033463,101
"ENSG00000148481",TRUE,39534,37.6016268569469,101
"ENSG00000165983",TRUE,19752,22.19630611053,101
"ENSG00000148484",TRUE,144839,141.906414522499,101
"ENSG00000107611",TRUE,13061,25.2414450016875,100
"ENSG00000107614",TRUE,14539,16.9283942526288,101
"ENSG00000026025",TRUE,2681997,3109.17852742676,101
"ENSG00000148488",TRUE,28132,87.204086070433,101
"ENSG00000165996",TRUE,14316,20.8974790282025,101
"ENSG00000136738",TRUE,36785,45.6449406083714,101
"ENSG00000148483",TRUE,5932,9.75899320500821,100
"ENSG00000260314",TRUE,547686,961.00782478955,101
"ENSG00000165995",TRUE,11639,27.9226081123336,101
"ENSG00000241058",TRUE,15509,19.5275038717329,101
"ENSG00000165997",TRUE,48235,181.301175504853,101
"ENSG00000204740",TRUE,3430,9.44926074072028,94
"ENSG00000120594",TRUE,361929,461.696646232998,101
"ENSG00000078114",TRUE,136301,248.862148161284,101
"ENSG00000204682",TRUE,3304,7.23899210708561,91
"ENSG00000180592",TRUE,1637,2.85104096899639,65
"ENSG00000078403",TRUE,70967,69.6374164477893,101
"ENSG00000136770",TRUE,63568,75.6370940709142,101
"ENSG00000148444",TRUE,18271,21.4624562900134,101
"ENSG00000168283",TRUE,49762,62.4268856989984,101
"ENSG00000077327",TRUE,26941,203.820889729196,70
"ENSG00000150867",TRUE,111564,127.468667540342,101
"ENSG00000165309",TRUE,15937,127.49196921511,67
"ENSG00000148450",TRUE,37620,82.0844819512792,101
"ENSG00000179133",TRUE,3921,18.5154312138127,72
"ENSG00000165312",TRUE,40904,92.7036458717912,101
"ENSG00000120549",TRUE,95925,204.594201934477,101
"ENSG00000107863",TRUE,168344,171.913750448496,101
"ENSG00000099256",TRUE,12474,16.3610934572468,101
"ENSG00000151023",TRUE,13707,108.598672058159,66
"ENSG00000185875",TRUE,6220,11.6382710486823,101
"ENSG00000151025",TRUE,928,5.62998838906291,20
"ENSG00000095777",TRUE,1061,3.39042709826598,23
"ENSG00000077420",TRUE,47842,109.988204790731,101
"ENSG00000148459",TRUE,6965,10.5669624065113,101
"ENSG00000136754",TRUE,107465,127.017548710808,101
"ENSG00000107890",TRUE,17852,27.2063479060105,101
"ENSG00000136758",TRUE,205324,196.797822330304,101
"ENSG00000120539",TRUE,18366,21.0936396435286,101
"ENSG00000107897",TRUE,49077,50.6117897494506,101
"ENSG00000099246",TRUE,103909,98.7879265651125,101
"ENSG00000150051",TRUE,2957,9.86306064950104,67
"ENSG00000169126",TRUE,10786,75.4976154391792,73
"ENSG00000150054",TRUE,34011,48.7252740236603,101
"ENSG00000095787",TRUE,241558,228.023203893337,101
"ENSG00000095739",TRUE,14523,21.8003006642102,101
"ENSG00000197321",TRUE,229768,427.997753482328,101
"ENSG00000165757",TRUE,254008,539.595246866223,101
"ENSG00000107951",TRUE,26453,31.2347553097664,101
"ENSG00000107968",TRUE,81495,167.317058646354,101
"ENSG00000183621",TRUE,33097,44.0311097402759,101
"ENSG00000148516",TRUE,157167,195.44821769615,101
"ENSG00000165322",TRUE,64014,72.443736314182,101
"ENSG00000170759",TRUE,318396,431.863143082859,101
"ENSG00000120616",TRUE,77665,76.5329608329067,101
"ENSG00000216937",TRUE,5459,6.27576894232523,101
"ENSG00000150093",TRUE,775443,960.562107322539,101
"ENSG00000099250",TRUE,349352,402.297174191136,101
"ENSG00000148498",TRUE,71723,88.8012305039574,101
"ENSG00000108094",TRUE,49796,52.4368906845948,101
"ENSG00000095794",TRUE,44960,83.2490931795207,101
"ENSG00000108100",TRUE,128374,162.749017776138,101
"ENSG00000177283",TRUE,15580,36.4030417440462,101
"ENSG00000198105",TRUE,31432,39.2789798193426,101
"ENSG00000175395",TRUE,43248,47.8815428697908,101
"ENSG00000189180",TRUE,78761,93.993265356856,101
"ENSG00000075407",TRUE,45913,48.6978230511358,101
"ENSG00000196693",TRUE,52783,78.6716893615471,101
"ENSG00000165733",TRUE,71119,85.3986605401114,101
"ENSG00000165731",TRUE,5420,10.5176765330653,88
"ENSG00000169826",TRUE,113955,158.053753006259,101
"ENSG00000198915",TRUE,5647,10.9182544959907,101
"ENSG00000169813",TRUE,238592,283.242440195382,101
"ENSG00000243660",TRUE,9791,23.9567007950148,101
"ENSG00000196793",TRUE,4295,7.02830654238605,101
"ENSG00000198298",TRUE,3165,5.11061399833866,97
"ENSG00000169740",TRUE,40667,38.2664804164534,101
"ENSG00000107562",TRUE,275015,756.071034005191,101
"ENSG00000107551",TRUE,126416,392.023647054256,101
"ENSG00000165507",TRUE,776847,1962.67984763424,101
"ENSG00000165512",TRUE,66300,71.0556018713359,101
"ENSG00000012779",TRUE,218924,440.691304401809,101
"ENSG00000165406",TRUE,73181,78.3822822013247,101
"ENSG00000172671",TRUE,15093,19.3408454923809,101
"ENSG00000172661",TRUE,60115,61.4216578314271,101
"ENSG00000188234",TRUE,4490,5.76582092120259,100
"ENSG00000265354",TRUE,44206,54.869994367982,101
"ENSG00000266412",TRUE,341828,380.659228946153,101
"ENSG00000263639",TRUE,22671,463.58270923077,40
"ENSG00000264230",TRUE,5166,19.7141576834308,86
"ENSG00000204175",TRUE,14904,45.1135594463231,100
"ENSG00000204176",TRUE,2547,5.4650361948046,74
"ENSG00000204179",TRUE,1356,4.08095218590158,49
"ENSG00000266524",TRUE,40282,116.557060215044,101
"ENSG00000265190",TRUE,7464,30.8088268282696,80
"ENSG00000204172",TRUE,9575,15.0418574536733,100
"ENSG00000277758",TRUE,3896,12.5957292726548,73
"ENSG00000170324",TRUE,3886,38.1549554922444,35
"ENSG00000107643",TRUE,50598,48.5808824049572,101
"ENSG00000128805",TRUE,7542,12.158215729735,100
"ENSG00000128815",TRUE,62884,93.6161823779294,101
"ENSG00000165383",TRUE,4526,19.4223094773464,87
"ENSG00000165633",TRUE,104187,150.983100339934,101
"ENSG00000204161",TRUE,58400,87.8756752966116,101
"ENSG00000225830",TRUE,28625,30.4159223324288,101
"ENSG00000197444",TRUE,621,3.32542571730541,18
"ENSG00000227345",TRUE,25266,24.874095984367,101
"ENSG00000204152",TRUE,3400,5.25883826653265,100
"ENSG00000099290",TRUE,65254,99.8066893743912,101
"ENSG00000188611",TRUE,1037,2.574081625371,23
"ENSG00000198964",TRUE,62739,82.6647588922836,101
"ENSG00000204147",TRUE,4607,6.87254648243118,100
"ENSG00000185532",TRUE,75923,111.913539778036,101
"ENSG00000177613",TRUE,49075,48.9107872918842,101
"ENSG00000107984",TRUE,2471,18.8828293463588,51
"ENSG00000150275",TRUE,10319,24.5161670545997,98
"ENSG00000122952",TRUE,11947,38.6711337592232,101
"ENSG00000151151",TRUE,16542,27.6718406540678,101
"ENSG00000122873",TRUE,22294,36.3732153967595,101
"ENSG00000072401",TRUE,29535,54.5086159747301,101
"ENSG00000108064",TRUE,39790,42.1374210974728,101
"ENSG00000122870",TRUE,64060,113.849002318654,101
"ENSG00000148541",TRUE,57953,97.3783214922546,101
"ENSG00000165449",TRUE,7277,20.4776409757596,100
"ENSG00000108091",TRUE,104503,120.232614267909,101
"ENSG00000151150",TRUE,53872,87.8160451855118,101
"ENSG00000170312",TRUE,12009,35.3652515491902,100
"ENSG00000072422",TRUE,47195,55.0514378751704,101
"ENSG00000196932",TRUE,5157,22.8098236207879,84
"ENSG00000183346",TRUE,8917,49.0469994194468,89
"ENSG00000150347",TRUE,178952,430.2207054371,101
"ENSG00000182010",TRUE,94511,437.551873401851,100
"ENSG00000138311",TRUE,4162,7.75440081067367,97
"ENSG00000181915",TRUE,35935,42.5646071930826,101
"ENSG00000122877",TRUE,22291,105.810818720992,100
"ENSG00000148572",TRUE,27948,35.6885590404263,101
"ENSG00000171988",TRUE,163429,356.274948421123,101
"ENSG00000165476",TRUE,84836,108.574402271009,101
"ENSG00000183230",TRUE,982,3.55333397956634,26
"ENSG00000108176",TRUE,3310,6.99507028316516,75
"ENSG00000096717",TRUE,50912,89.2005166123385,101
"ENSG00000148634",TRUE,74953,68.1293416041954,101
"ENSG00000108187",TRUE,10236,14.2077594620277,101
"ENSG00000096746",TRUE,201127,203.573632616664,101
"ENSG00000204130",TRUE,33493,33.981326143984,101
"ENSG00000138346",TRUE,6049,10.6864564463857,101
"ENSG00000122912",TRUE,38865,48.6661596198355,101
"ENSG00000138336",TRUE,4335,8.32400604769493,94
"ENSG00000060339",TRUE,100002,105.492008376189,101
"ENSG00000165730",TRUE,7284,41.3385341794104,79
"ENSG00000107625",TRUE,64663,62.3615283743276,101
"ENSG00000165732",TRUE,161771,452.549011590366,101
"ENSG00000198954",TRUE,43635,42.7001716780875,101
"ENSG00000122862",TRUE,478866,828.983171930209,101
"ENSG00000122958",TRUE,88344,87.1125171833379,101
"ENSG00000156502",TRUE,28578,33.3643977172505,101
"ENSG00000156510",TRUE,6038,19.3687511919911,96
"ENSG00000156515",TRUE,183934,190.685211365513,101
"ENSG00000075073",TRUE,2081,8.58983914535065,58
"ENSG00000099282",TRUE,64430,103.159165404255,101
"ENSG00000171224",TRUE,4455,9.03682370105826,101
"ENSG00000197467",TRUE,34670,50.8762958965369,101
"ENSG00000099284",TRUE,16902,21.5947845677055,101
"ENSG00000042286",TRUE,26605,36.4754584491512,101
"ENSG00000156521",TRUE,23835,28.8103530392976,101
"ENSG00000079332",TRUE,181178,184.3503678184,101
"ENSG00000180817",TRUE,177684,272.434916401218,101
"ENSG00000148734",TRUE,1348,7.49669743703979,34
"ENSG00000172731",TRUE,18950,39.6867174204808,101
"ENSG00000148730",TRUE,264656,297.308436300569,101
"ENSG00000107719",TRUE,83994,147.455606450398,101
"ENSG00000180644",TRUE,28147,88.3362478913469,101
"ENSG00000138316",TRUE,23136,67.5376253008061,92
"ENSG00000166224",TRUE,84973,121.672833690769,101
"ENSG00000166228",TRUE,54966,71.30571035126,101
"ENSG00000107731",TRUE,86236,154.942190839765,101
"ENSG00000198246",TRUE,18182,31.4822434642973,101
"ENSG00000107736",TRUE,50791,75.6120378560773,101
"ENSG00000214688",TRUE,1281,3.6719751186966,23
"ENSG00000107738",TRUE,189745,310.842636674571,101
"ENSG00000197746",TRUE,2637505,4532.4156662982,101
"ENSG00000122863",TRUE,90565,138.314782125141,101
"ENSG00000107742",TRUE,234839,616.118661558619,101
"ENSG00000138303",TRUE,37586,42.2914907427851,101
"ENSG00000166295",TRUE,172665,167.97094789856,101
"ENSG00000168209",TRUE,423229,910.353110394744,101
"ENSG00000148719",TRUE,71566,68.1772330958479,101
"ENSG00000107745",TRUE,79667,75.4447734780154,101
"ENSG00000156026",TRUE,48618,54.0927232496072,101
"ENSG00000138308",TRUE,843,3.16797853377746,21
"ENSG00000122884",TRUE,82186,109.819597425186,101
"ENSG00000166321",TRUE,5492,6.89724195436726,101
"ENSG00000122882",TRUE,44635,51.6793224216135,101
"ENSG00000138286",TRUE,38943,38.0859003721039,101
"ENSG00000213551",TRUE,33441,41.3619681162268,101
"ENSG00000182180",TRUE,65291,98.1248440206576,101
"ENSG00000156042",TRUE,27583,199.664364354666,101
"ENSG00000138279",TRUE,182783,169.14377495902,101
"ENSG00000166343",TRUE,5248,7.32173043271277,100
"ENSG00000107758",TRUE,98023,103.491042780042,101
"ENSG00000166348",TRUE,98060,134.639275746108,101
"ENSG00000177791",TRUE,5187,23.1147652196368,98
"ENSG00000166317",TRUE,1919,33.6463446392346,33
"ENSG00000176986",TRUE,186123,195.948460584613,101
"ENSG00000196968",TRUE,38004,38.8620051063873,101
"ENSG00000172586",TRUE,28790,41.1350656634173,101
"ENSG00000214655",TRUE,145459,147.714601648721,101
"ENSG00000166507",TRUE,1853,2.93540731601839,71
"ENSG00000148660",TRUE,86169,105.474908114115,101
"ENSG00000122861",TRUE,71497,150.315127118392,101
"ENSG00000035403",TRUE,466266,670.924045994578,101
"ENSG00000185009",TRUE,84969,84.4722901382058,101
"ENSG00000156110",TRUE,39652,49.2094449564036,101
"ENSG00000156650",TRUE,82390,95.1508333582038,101
"ENSG00000156671",TRUE,78942,99.4222409868947,101
"ENSG00000165637",TRUE,75511,69.5383466663198,101
"ENSG00000165644",TRUE,13120,44.1298224068345,101
"ENSG00000165655",TRUE,40380,70.2302464113732,101
"ENSG00000148655",TRUE,15430,17.5757267496436,101
"ENSG00000156113",TRUE,67335,182.451487231534,101
"ENSG00000151208",TRUE,83322,106.482391171689,101
"ENSG00000148606",TRUE,33305,31.6651660350511,101
"ENSG00000138326",TRUE,799862,1444.83749607086,101
"ENSG00000108175",TRUE,254624,256.962282015996,101
"ENSG00000108179",TRUE,47075,102.372330146141,101
"ENSG00000165424",TRUE,150371,248.438685826775,101
"ENSG00000253626",TRUE,1698,10.7688815770944,45
"ENSG00000185303",TRUE,7931170,24189.1108549106,101
"ENSG00000122852",TRUE,6332378,18287.9647388568,101
"ENSG00000133661",TRUE,295846,919.722732175204,101
"ENSG00000133678",TRUE,28417,57.5111965457612,101
"ENSG00000189129",TRUE,40944,143.158348797598,101
"ENSG00000122359",TRUE,345972,333.687037970487,101
"ENSG00000151224",TRUE,1896,14.1321862733999,33
"ENSG00000170788",FALSE,744,6.97061686877542,16
"ENSG00000133665",TRUE,9541,71.1143704987664,57
"ENSG00000122378",TRUE,64669,73.2147500808994,101
"ENSG00000108219",TRUE,239174,272.390727819625,101
"ENSG00000178217",TRUE,1032,2.95785726312573,26
"ENSG00000185737",TRUE,2269,6.82794062332795,50
"ENSG00000165678",TRUE,212084,224.861304896802,101
"ENSG00000148600",TRUE,3674,20.4537095889692,62
"ENSG00000107771",TRUE,126737,150.037593966417,101
"ENSG00000182771",TRUE,10277,19.2008645021141,101
"ENSG00000062650",TRUE,102309,93.9120926912355,101
"ENSG00000122367",TRUE,27371,79.0497170020131,101
"ENSG00000107779",TRUE,45138,53.8290930061328,101
"ENSG00000173269",TRUE,124363,220.588176152025,101
"ENSG00000173267",TRUE,16548,39.6001439457704,101
"ENSG00000148671",TRUE,131306,227.362043186743,101
"ENSG00000148672",TRUE,216805,208.225849084037,101
"ENSG00000122376",TRUE,41741,39.9148775153335,101
"ENSG00000214562",TRUE,1879,3.67343219710615,67
"ENSG00000107789",TRUE,22427,23.0523360588814,101
"ENSG00000198682",TRUE,233922,403.808946434902,101
"ENSG00000138138",TRUE,77615,78.844390877309,101
"ENSG00000227268",TRUE,2761,4.18384596155016,85
"ENSG00000171862",TRUE,247779,362.30308622891,101
"ENSG00000184719",TRUE,7857,10.6143521503957,101
"ENSG00000204020",TRUE,1568,3.96517228884508,50
"ENSG00000152766",TRUE,10089,97.0237988153871,101
"ENSG00000138134",TRUE,14170,22.0392392913268,101
"ENSG00000107796",TRUE,1040195,2570.77208235023,101
"ENSG00000026103",TRUE,68368,85.8613686054677,101
"ENSG00000138135",TRUE,22998,133.381646567321,101
"ENSG00000107798",TRUE,290490,450.07132672852,101
"ENSG00000119922",TRUE,47088,84.4921988099132,101
"ENSG00000119917",TRUE,85288,183.361141184388,101
"ENSG00000185745",TRUE,48932,142.20555473665,101
"ENSG00000152778",TRUE,48274,61.3752337035727,101
"ENSG00000152779",TRUE,7308,21.9339622641509,96
"ENSG00000152782",TRUE,8357,11.7612730401939,101
"ENSG00000138182",TRUE,11531,15.9052948164419,101
"ENSG00000148680",TRUE,1237,3.59695713163351,25
"ENSG00000148688",TRUE,24057,24.6301791088319,101
"ENSG00000148677",TRUE,55785,663.207547169811,83
"ENSG00000180628",TRUE,103520,142.313095923267,101
"ENSG00000165338",TRUE,36447,48.5928517544686,101
"ENSG00000119938",TRUE,27207,100.355497870175,101
"ENSG00000107854",TRUE,139123,147.976855204985,101
"ENSG00000174721",TRUE,2795,3.8888704636326,97
"ENSG00000095564",TRUE,117046,138.833330236462,101
"ENSG00000107864",TRUE,14020,18.5467548758711,101
"ENSG00000198060",TRUE,50318,50.9338311955396,101
"ENSG00000119912",TRUE,58039,66.0940962208456,101
"ENSG00000138160",TRUE,8656,22.3723656539442,100
"ENSG00000152804",TRUE,20973,41.813009064925,101
"ENSG00000138190",TRUE,45492,62.0426843139625,101
"ENSG00000138119",TRUE,317791,406.989165276349,101
"ENSG00000138180",TRUE,6738,20.3734601315987,99
"ENSG00000186188",TRUE,6839,32.7350546481632,84
"ENSG00000138207",TRUE,15748,59.2696187317499,98
"ENSG00000148690",TRUE,32589,40.1039406703815,101
"ENSG00000176273",TRUE,8848,10.4294917213471,101
"ENSG00000138193",TRUE,59899,89.4149580634463,101
"ENSG00000173145",TRUE,27185,39.8243130199522,101
"ENSG00000108239",TRUE,29323,32.7800918613868,101
"ENSG00000119969",TRUE,8304,29.522296945411,101
"ENSG00000138109",FALSE,625,2.00557584965785,13
"ENSG00000138115",TRUE,1293,4.16097871150825,31
"ENSG00000107438",TRUE,369196,603.779099398633,101
"ENSG00000095637",TRUE,216843,530.912956474473,101
"ENSG00000059573",TRUE,62054,82.0844742974831,101
"ENSG00000119977",TRUE,72543,75.8754813823183,101
"ENSG00000138185",TRUE,195184,280.344572518221,101
"ENSG00000188649",TRUE,5147,9.02709435971115,95
"ENSG00000107443",TRUE,16912,20.1544719953236,101
"ENSG00000177853",TRUE,51593,55.6966889463956,101
"ENSG00000095585",TRUE,10792,20.5094692394773,100
"ENSG00000077147",TRUE,328387,334.543086873674,101
"ENSG00000155629",TRUE,80730,302.200601512397,101
"ENSG00000196233",TRUE,56865,61.7008710172127,101
"ENSG00000187122",TRUE,2224,13.5009842511019,62
"ENSG00000213390",TRUE,23845,25.1224974662528,101
"ENSG00000165879",TRUE,15399,24.9086389444501,101
"ENSG00000181274",TRUE,24287,39.7013839491488,101
"ENSG00000052749",TRUE,34385,67.5096643172452,101
"ENSG00000171314",TRUE,46063,53.9543569745027,101
"ENSG00000171311",TRUE,24532,25.8315843809619,101
"ENSG00000171307",TRUE,52336,66.8716738234438,101
"ENSG00000155229",TRUE,89724,103.741748240162,101
"ENSG00000165886",TRUE,31476,40.3082503908054,101
"ENSG00000241935",TRUE,2036,6.14742301473675,62
"ENSG00000171160",TRUE,10605,15.8232055090695,101
"ENSG00000155252",TRUE,41856,55.9195093701504,101
"ENSG00000119986",TRUE,31371,52.6837758904564,101
"ENSG00000155254",TRUE,124132,134.294269192382,101
"ENSG00000155256",TRUE,43659,47.9074383725583,101
"ENSG00000120057",TRUE,6097,22.4923737011692,75
"ENSG00000155265",TRUE,5061,8.76443190566888,98
"ENSG00000095713",TRUE,56392,191.932007820711,101
"ENSG00000166024",TRUE,31036,41.0957024242575,101
"ENSG00000138131",TRUE,24287,99.2841296491204,101
"ENSG00000119943",TRUE,21389,30.4876048590296,101
"ENSG00000107521",TRUE,106377,125.195122028184,101
"ENSG00000172987",TRUE,29232,87.3258883409467,100
"ENSG00000119946",TRUE,1437,3.21732982537138,44
"ENSG00000120053",TRUE,36955,47.7149892503431,101
"ENSG00000155287",TRUE,60163,75.23155731131,101
"ENSG00000198018",TRUE,26246,43.8542664476765,101
"ENSG00000119929",TRUE,29129,27.5395778594065,101
"ENSG00000014919",TRUE,33066,39.4607968279544,101
"ENSG00000023839",TRUE,2919,4.82844385692416,95
"ENSG00000107554",TRUE,55587,86.0110407361326,101
"ENSG00000107566",TRUE,72849,74.4193489694185,101
"ENSG00000213341",TRUE,49584,52.3281768486828,101
"ENSG00000095485",TRUE,34533,33.9733963585746,101
"ENSG00000196072",TRUE,52053,57.4209812593618,101
"ENSG00000107593",TRUE,2369,8.32767420160701,59
"ENSG00000099194",TRUE,516835,1356.74685427951,101
"ENSG00000075826",TRUE,32573,48.5573454822636,101
"ENSG00000166136",TRUE,16866,44.6569704560629,101
"ENSG00000166135",TRUE,80365,84.8214010558357,101
"ENSG00000119906",TRUE,77824,82.1462555404,101
"ENSG00000055950",TRUE,48815,50.8417750783216,101
"ENSG00000095539",TRUE,7932,19.6813004777132,101
"ENSG00000107815",TRUE,12919,28.9631367417834,101
"ENSG00000107816",TRUE,106018,103.872320226471,101
"ENSG00000186862",TRUE,1510,2.27919870780829,54
"ENSG00000107819",TRUE,135683,154.747694486814,101
"ENSG00000107821",TRUE,7396,13.2210945207297,101
"ENSG00000166167",TRUE,40535,50.8607559465141,101
"ENSG00000166171",TRUE,15394,45.8483864545579,101
"ENSG00000166169",TRUE,35198,44.565058951217,101
"ENSG00000107829",TRUE,84372,105.581761006289,101
"ENSG00000107833",TRUE,12947,28.0894603374561,101
"ENSG00000198408",TRUE,269159,284.517201646757,101
"ENSG00000120049",TRUE,4461,17.6545553955308,101
"ENSG00000120029",TRUE,56884,54.7526652098085,101
"ENSG00000166189",TRUE,22410,25.8320098272346,101
"ENSG00000198728",TRUE,94975,104.077981425655,101
"ENSG00000148840",TRUE,70564,155.605871906836,101
"ENSG00000166197",TRUE,110052,243.631091416178,101
"ENSG00000119915",TRUE,1295,3.55812157526067,37
"ENSG00000107862",TRUE,134182,138.032180735245,101
"ENSG00000077150",TRUE,81628,152.641943255701,101
"ENSG00000059915",TRUE,5327,13.0993775933477,97
"ENSG00000107872",TRUE,21481,56.1036138107367,101
"ENSG00000107874",TRUE,50712,49.2072525919688,101
"ENSG00000138111",TRUE,18924,31.2870722514133,101
"ENSG00000138107",TRUE,178421,212.817198159922,101
"ENSG00000107882",TRUE,37901,41.8708291104214,101
"ENSG00000171206",TRUE,172789,183.959185258792,101
"ENSG00000138175",TRUE,41835,54.862425658495,101
"ENSG00000156398",TRUE,17386,22.8179798451721,101
"ENSG00000166272",TRUE,158917,175.908462858185,101
"ENSG00000166275",TRUE,35688,40.5699256870607,101
"ENSG00000148842",TRUE,26245,36.7830662081044,101
"ENSG00000076685",TRUE,143378,159.245846893998,101
"ENSG00000156374",TRUE,11410,13.9983544870088,101
"ENSG00000148835",TRUE,9327,11.7800733831043,101
"ENSG00000173915",TRUE,66271,95.2381350783525,101
"ENSG00000148843",TRUE,56081,83.8369227746231,101
"ENSG00000138172",TRUE,53225,71.6239385108488,101
"ENSG00000107954",TRUE,1249,2.99556232404712,32
"ENSG00000107957",TRUE,365620,688.87315108546,101
"ENSG00000107960",TRUE,58454,62.2693846019988,101
"ENSG00000065613",TRUE,192596,205.613219187019,101
"ENSG00000065618",TRUE,33140,169.574450321391,78
"ENSG00000156384",TRUE,8360,9.98215270952758,101
"ENSG00000197748",TRUE,36275,296.624765364143,92
"ENSG00000148834",TRUE,138906,176.749376764322,101
"ENSG00000065621",TRUE,10563,21.0111417415513,101
"ENSG00000148841",TRUE,201010,353.761762220535,101
"ENSG00000120051",TRUE,5955,38.1644602570425,82
"ENSG00000108039",TRUE,79577,77.7814633867305,101
"ENSG00000148700",TRUE,201346,259.850889490874,101
"ENSG00000119950",TRUE,69413,97.1063815582843,101
"ENSG00000119953",TRUE,41532,41.8077642189346,101
"ENSG00000138166",TRUE,56554,162.15023700341,101
"ENSG00000108055",TRUE,90058,93.8018976983802,101
"ENSG00000203867",TRUE,6218,40.4295778388975,93
"ENSG00000150593",TRUE,144969,270.407110681976,101
"ENSG00000214413",TRUE,32467,37.9111393715196,101
"ENSG00000108061",TRUE,83679,90.4695142178143,101
"ENSG00000150594",TRUE,21336,62.9307645895074,101
"ENSG00000119927",TRUE,28109,75.3171526759909,101
"ENSG00000197142",TRUE,118494,196.340295011057,101
"ENSG00000023041",TRUE,59228,53.9996340984793,101
"ENSG00000151532",TRUE,30400,29.9411546233876,101
"ENSG00000148737",TRUE,49313,56.8878935035473,101
"ENSG00000148702",TRUE,2503,7.76437531570505,61
"ENSG00000165806",TRUE,58234,72.1205311285606,101
"ENSG00000148735",TRUE,46636,311.765182717822,71
"ENSG00000198924",TRUE,19042,23.3998414426744,101
"ENSG00000196865",TRUE,65775,72.4451968281486,101
"ENSG00000043591",TRUE,22661,95.2485885998127,100
"ENSG00000165813",TRUE,62543,74.1832495328588,101
"ENSG00000165816",TRUE,21329,46.237481671994,101
"ENSG00000169129",TRUE,36718,75.4061677821417,101
"ENSG00000099204",TRUE,294326,479.425226748598,101
"ENSG00000151553",TRUE,61233,63.5969285132602,101
"ENSG00000165832",TRUE,19961,22.2786755785582,101
"ENSG00000107518",TRUE,1046,3.13788447116262,33
"ENSG00000151892",TRUE,65302,188.398298947546,101
"ENSG00000165868",TRUE,26574,38.7419548075097,101
"ENSG00000188316",TRUE,2236,15.4169304800726,33
"ENSG00000187164",TRUE,61882,81.4964876582496,101
"ENSG00000165646",TRUE,35912,80.3573562472728,101
"ENSG00000165650",TRUE,79859,92.4577501483162,101
"ENSG00000107560",TRUE,47059,50.5496213210477,101
"ENSG00000165669",TRUE,52205,54.9307599137724,101
"ENSG00000151893",TRUE,87324,97.345953223313,101
"ENSG00000188613",TRUE,2341,6.08643226197536,79
"ENSG00000107581",TRUE,312951,354.301508525101,101
"ENSG00000119979",TRUE,16341,16.0176997268055,101
"ENSG00000183605",TRUE,19503,29.4449838926148,101
"ENSG00000165672",TRUE,139681,150.22543810243,101
"ENSG00000198873",TRUE,156159,185.860488480658,101
"ENSG00000148908",TRUE,33755,60.8363166244812,101
"ENSG00000151923",TRUE,124212,117.242207040167,101
"ENSG00000151929",TRUE,85537,214.541130436873,101
"ENSG00000198825",TRUE,39864,42.7813086069336,101
"ENSG00000197771",TRUE,114475,128.90246606847,101
"ENSG00000107651",TRUE,68949,73.9695796199469,101
"ENSG00000120008",TRUE,115711,119.397692579048,101
"ENSG00000066468",TRUE,65152,160.11268197497,101
"ENSG00000107669",TRUE,49630,49.7600871046523,101
"ENSG00000107672",TRUE,54096,49.7481919687341,101
"ENSG00000138162",TRUE,174626,463.31729213321,101
"ENSG00000107679",TRUE,98052,122.754369136062,101
"ENSG00000166033",TRUE,166514,281.872460678959,101
"ENSG00000187908",TRUE,202020,910.048550531729,101
"ENSG00000213185",TRUE,2110,3.6147294804233,80
"ENSG00000119965",TRUE,12828,13.7621954296426,101
"ENSG00000179988",TRUE,3687,4.78287372124352,99
"ENSG00000095574",TRUE,35480,41.8451841583396,101
"ENSG00000196177",TRUE,54565,74.4193489694185,101
"ENSG00000154473",TRUE,87464,97.4470822430782,101
"ENSG00000121898",TRUE,75130,143.183143188849,101
"ENSG00000182022",TRUE,91542,167.623098876082,101
"ENSG00000065154",TRUE,132644,151.574091570755,101
"ENSG00000107902",TRUE,21195,28.0148556554017,101
"ENSG00000189319",TRUE,77956,96.9364837522884,101
"ENSG00000203791",TRUE,10299,10.0452187041972,101
"ENSG00000165660",TRUE,29837,27.5392798763201,101
"ENSG00000019995",TRUE,79973,78.2232704402516,101
"ENSG00000175029",TRUE,105245,104.37338873082,101
"ENSG00000107938",TRUE,32417,35.5868334879587,101
"ENSG00000188690",TRUE,42252,61.2244805746697,101
"ENSG00000107949",TRUE,53100,68.8584378419851,101
"ENSG00000089876",TRUE,47176,53.0523784167205,101
"ENSG00000203780",TRUE,12256,67.2601378787483,101
"ENSG00000148848",TRUE,26035,141.404901889302,100
"ENSG00000150760",TRUE,139687,148.476609252117,101
"ENSG00000188916",TRUE,2369,9.06869079845288,52
"ENSG00000186766",TRUE,950,2.62424953216963,23
"ENSG00000132334",TRUE,78849,139.397052020143,101
"ENSG00000148773",TRUE,24239,93.6817390343039,100
"ENSG00000170430",TRUE,25546,53.5431804287702,101
"ENSG00000108001",TRUE,3215,11.9828030894843,48
"ENSG00000108010",TRUE,60364,73.3750501360831,101
"ENSG00000175470",TRUE,43852,38.869178668974,101
"ENSG00000176171",TRUE,44285,62.2331012489385,101
"ENSG00000188385",TRUE,2565,3.29024934606294,91
"ENSG00000151640",TRUE,4348,12.3288259702096,75
"ENSG00000165752",TRUE,13466,16.3415895260803,101
"ENSG00000148814",TRUE,16403,33.5544957507463,101
"ENSG00000171813",TRUE,24601,36.2507044244666,101
"ENSG00000068383",TRUE,76285,104.916537184074,101
"ENSG00000171811",TRUE,12440,86.4557277902112,75
"ENSG00000197177",TRUE,1115,7.58735674000463,22
"ENSG00000171798",TRUE,18382,67.1845646901205,101
"ENSG00000151650",TRUE,7484,12.992885895246,100
"ENSG00000151651",TRUE,41506,87.6017671184813,101
"ENSG00000130640",TRUE,89851,101.797085081656,101
"ENSG00000198546",TRUE,11538,27.2610848315257,101
"ENSG00000148803",TRUE,12366,51.0580539109792,101
"ENSG00000127884",TRUE,83533,166.578783556174,101
"ENSG00000148832",TRUE,6390,7.98457306209305,101
"ENSG00000148824",TRUE,11523,27.2610848315257,101
"ENSG00000130649",TRUE,3453,5.24849906433927,97
"ENSG00000171772",TRUE,777,2.98905327172261,18
"ENSG00000177951",TRUE,105760,99.342943912088,101
"ENSG00000177963",TRUE,120856,119.02497317148,101
"ENSG00000142082",TRUE,30561,32.8719616548567,101
"ENSG00000185627",TRUE,137035,280.668682782034,101
"ENSG00000174885",TRUE,2544,7.5875546323094,66
"ENSG00000142102",TRUE,215644,579.230894292525,101
"ENSG00000185201",TRUE,374769,1188.04108923246,101
"ENSG00000185885",TRUE,69217,193.385117329689,101
"ENSG00000142089",TRUE,767479,2030.49897876362,101
"ENSG00000182272",TRUE,2441,5.89201066070594,69
"ENSG00000184363",TRUE,21175,43.8380611644712,101
"ENSG00000185187",TRUE,50477,82.5363231363321,101
"ENSG00000185101",TRUE,30904,60.0195707478619,101
"ENSG00000174915",TRUE,32257,42.6989919875003,101
"ENSG00000023191",TRUE,215835,251.430134327224,101
"ENSG00000174775",TRUE,26759,66.7971885236556,101
"ENSG00000161328",TRUE,9801,42.0942660656885,101
"ENSG00000185522",TRUE,5267,7.8727485965089,101
"ENSG00000099849",TRUE,54276,148.95697733911,101
"ENSG00000070047",TRUE,64268,59.8842979656979,101
"ENSG00000185507",TRUE,39104,97.6388466684165,101
"ENSG00000177030",TRUE,34073,42.0222834831026,101
"ENSG00000177106",TRUE,94951,200.513735385422,101
"ENSG00000177042",TRUE,25975,30.3295571770916,101
"ENSG00000177156",TRUE,139555,203.944271480559,101
"ENSG00000177225",TRUE,63718,84.3436878765437,101
"ENSG00000177542",TRUE,24077,53.7691010212966,101
"ENSG00000177595",TRUE,31228,57.4247544686531,101
"ENSG00000177600",TRUE,493558,1804.05123818793,101
"ENSG00000177666",TRUE,126191,162.589303332785,101
"ENSG00000177685",TRUE,38123,137.739706972392,101
"ENSG00000177697",TRUE,399620,644.702064206331,101
"ENSG00000177700",TRUE,81925,201.747089126126,101
"ENSG00000214063",TRUE,113788,123.427672955975,101
"ENSG00000177830",TRUE,61624,101.212425451852,101
"ENSG00000183020",TRUE,133336,132.368006077418,101
"ENSG00000184956",TRUE,1508,21.996244237099,19
"ENSG00000215182",TRUE,18538,226.388567344924,42
"ENSG00000117983",TRUE,201236,1683.35560903453,82
"ENSG00000078902",TRUE,75734,90.1079094120687,101
"ENSG00000174672",TRUE,1488,5.64640835728665,42
"ENSG00000182208",TRUE,50802,52.6823308339105,101
"ENSG00000184545",TRUE,22669,49.7461687984171,101
"ENSG00000244242",TRUE,1888,4.32229334710293,62
"ENSG00000250644",TRUE,1208,2.39269810286055,31
"ENSG00000117984",TRUE,703525,2004.29219003055,101
"ENSG00000149043",TRUE,34165,295.063873222402,100
"ENSG00000130598",TRUE,9987,51.8675201652351,101
"ENSG00000130592",TRUE,93219,203.203571451373,101
"ENSG00000130595",TRUE,3045,10.0512340874983,59
"ENSG00000214026",TRUE,7800,42.0965370740964,101
"ENSG00000183734",TRUE,2041,8.38002699752551,60
"ENSG00000110665",TRUE,11972,23.1897177965453,100
"ENSG00000064201",TRUE,9402,16.0619899970011,100
"ENSG00000110651",TRUE,882216,890.148423461749,101
"ENSG00000184281",TRUE,38089,102.266721550309,101
"ENSG00000053918",TRUE,46565,81.3937678738645,101
"ENSG00000129757",TRUE,40823,65.8986634952765,101
"ENSG00000110628",TRUE,18318,47.6995944376716,101
"ENSG00000181649",TRUE,6017,15.362600291799,101
"ENSG00000205531",TRUE,140325,138.388199001452,101
"ENSG00000110619",TRUE,67460,87.509472025252,101
"ENSG00000021762",TRUE,61527,71.8733991978116,101
"ENSG00000005801",TRUE,32817,40.3671325095505,101
"ENSG00000167311",TRUE,1096,3.03457442369638,28
"ENSG00000129749",TRUE,1346,1.96490290432298,43
"ENSG00000110713",TRUE,158735,199.831445902256,101
"ENSG00000148985",TRUE,28149,33.5749572498174,101
"ENSG00000177105",TRUE,84024,298.892943912502,101
"ENSG00000167323",TRUE,116866,112.66104338078,101
"ENSG00000167325",TRUE,55008,67.8363634044008,101
"ENSG00000132109",TRUE,39226,70.0385742637224,101
"ENSG00000167333",TRUE,24233,38.8446725407075,101
"ENSG00000244734",TRUE,123617,874.502819882229,100
"ENSG00000175518",TRUE,1234,2.50678456600596,34
"ENSG00000121236",TRUE,6223,9.49747358326542,101
"ENSG00000132256",TRUE,45895,49.1461660250528,101
"ENSG00000132274",TRUE,282805,407.920603967925,101
"ENSG00000051009",TRUE,74627,85.9422050168547,101
"ENSG00000132259",TRUE,3756,29.6246899421004,39
"ENSG00000170955",TRUE,56954,206.943262754234,101
"ENSG00000166311",TRUE,69746,107.76412263512,101
"ENSG00000166313",TRUE,61997,85.7019000287336,101
"ENSG00000110169",TRUE,2156,5.57649349502034,83
"ENSG00000110171",TRUE,36643,42.7775750999586,101
"ENSG00000132254",TRUE,68401,80.6390309345704,101
"ENSG00000132286",TRUE,48461,44.8828910485893,101
"ENSG00000179532",TRUE,39256,60.6076793011421,101
"ENSG00000132275",TRUE,27007,28.1647672016316,101
"ENSG00000166333",TRUE,237195,285.857155674798,101
"ENSG00000166337",TRUE,7059,9.90030393933094,101
"ENSG00000166340",TRUE,285323,403.69189113543,101
"ENSG00000166341",TRUE,143995,163.357345559028,101
"ENSG00000158042",TRUE,41629,100.534663674273,101
"ENSG00000149054",TRUE,3755,17.0035770617889,81
"ENSG00000149050",TRUE,6078,18.8177239683239,100
"ENSG00000183801",TRUE,70319,100.64086794166,101
"ENSG00000166387",TRUE,36876,45.7923541298869,101
"ENSG00000166394",TRUE,13965,17.3710332276722,101
"ENSG00000183378",TRUE,2344,5.68945787632484,56
"ENSG00000175390",TRUE,189402,198.56486449777,101
"ENSG00000166402",TRUE,37134,73.3059929689728,101
"ENSG00000166405",TRUE,13347,22.7229274515509,101
"ENSG00000130413",TRUE,20538,115.324685846034,100
"ENSG00000166436",TRUE,40702,48.4714325353685,101
"ENSG00000166441",TRUE,667342,1544.16724991833,101
"ENSG00000166444",TRUE,132896,144.420363467739,101
"ENSG00000166452",TRUE,25476,25.333107969136,101
"ENSG00000176029",TRUE,9813,83.2816538678433,61
"ENSG00000175348",TRUE,86814,93.4374470929464,101
"ENSG00000175352",TRUE,3537,7.21894058953017,91
"ENSG00000175356",TRUE,12241,28.0175805626091,101
"ENSG00000184014",TRUE,197147,216.984611607678,101
"ENSG00000166471",TRUE,55056,98.2166567050058,101
"ENSG00000205339",TRUE,226956,223.23928584762,101
"ENSG00000166478",TRUE,26966,30.968547183994,101
"ENSG00000166483",TRUE,48029,149.495431826244,101
"ENSG00000133789",TRUE,169851,250.411710345909,101
"ENSG00000133812",TRUE,92250,98.4829154524171,101
"ENSG00000148926",TRUE,60011,150.108129446335,101
"ENSG00000133805",TRUE,31789,84.8095048692964,101
"ENSG00000110315",TRUE,74427,88.5745158096805,101
"ENSG00000133800",TRUE,125390,322.782800894336,101
"ENSG00000072952",TRUE,152020,315.247281517884,101
"ENSG00000198730",TRUE,71244,81.6059649239353,101
"ENSG00000110321",TRUE,1423471,1262.49433496132,101
"ENSG00000236287",TRUE,65903,69.3882449829559,101
"ENSG00000110328",TRUE,93011,159.91091644363,101
"ENSG00000170242",TRUE,147341,139.751053046865,101
"ENSG00000050165",TRUE,442210,700.355027933717,101
"ENSG00000133816",TRUE,193739,292.423867893296,101
"ENSG00000197702",TRUE,177756,216.972651809335,101
"ENSG00000187079",TRUE,149082,199.465796172282,101
"ENSG00000189431",TRUE,3257,13.0898794757738,60
"ENSG00000133794",TRUE,43232,58.8956009234081,101
"ENSG00000148925",TRUE,42355,41.8882123186389,101
"ENSG00000197601",TRUE,106001,114.112351520929,101
"ENSG00000262655",TRUE,390319,572.059627942329,101
"ENSG00000133818",TRUE,31934,40.1729559748428,101
"ENSG00000129083",TRUE,187987,180.185071312766,101
"ENSG00000129084",TRUE,31242,55.8924736440463,101
"ENSG00000152270",TRUE,89750,118.789787790431,101
"ENSG00000186104",TRUE,23260,27.5820189786475,101
"ENSG00000110680",TRUE,1020,11.6165479423765,18
"ENSG00000188487",TRUE,2596,7.11780037135185,58
"ENSG00000110693",TRUE,8514,11.5580553951442,100
"ENSG00000110696",TRUE,195144,174.095532347664,101
"ENSG00000166689",TRUE,45772,60.7194671234908,101
"ENSG00000110700",TRUE,502592,553.440934298655,101
"ENSG00000011405",TRUE,177324,217.204047446623,101
"ENSG00000070081",TRUE,117491,222.411894131636,101
"ENSG00000188211",TRUE,8094,18.456900864862,98
"ENSG00000187486",TRUE,5224,16.511214456171,97
"ENSG00000006071",TRUE,7760,27.2566079911395,81
"ENSG00000006611",TRUE,2053,9.22721729488819,40
"ENSG00000129158",TRUE,16182,39.4607968279544,101
"ENSG00000129167",TRUE,1613,4.61944596538948,55
"ENSG00000166788",TRUE,12865,12.614991790208,101
"ENSG00000134339",TRUE,8867,126.305959939858,51
"ENSG00000173432",TRUE,33908,388.80469343137,93
"ENSG00000110756",TRUE,57351,66.8984269250764,101
"ENSG00000110768",TRUE,58819,60.6986515963155,101
"ENSG00000134333",TRUE,574874,873.21964771776,101
"ENSG00000074319",TRUE,83090,78.1432895017571,101
"ENSG00000151116",TRUE,40992,40.5534194533864,101
"ENSG00000179119",TRUE,47110,58.4681283251231,101
"ENSG00000151117",TRUE,12493,29.1339176114826,101
"ENSG00000179057",TRUE,1128,2.10592389598638,24
"ENSG00000110786",TRUE,1983,6.92383979863845,53
"ENSG00000177054",TRUE,23976,44.6149384067273,101
"ENSG00000129173",TRUE,2131,5.51822155077047,63
"ENSG00000166833",TRUE,85517,128.142733282189,101
"ENSG00000109854",TRUE,53819,57.3836111686507,101
"ENSG00000185238",TRUE,17822,17.6545553955308,101
"ENSG00000165973",TRUE,863,3.83335633347133,20
"ENSG00000171714",TRUE,9667,14.3675148427084,101
"ENSG00000183161",TRUE,12949,18.0619920820459,101
"ENSG00000148935",TRUE,1379,4.00537899727377,44
"ENSG00000198168",TRUE,29501,35.8720213565815,101
"ENSG00000187398",TRUE,3994,15.883165995039,61
"ENSG00000134343",TRUE,5086,17.0227653489432,79
"ENSG00000169550",TRUE,14504,52.6286751844469,90
"ENSG00000176971",TRUE,77212,259.364351422193,101
"ENSG00000129151",TRUE,1066,9.60678540554897,21
"ENSG00000109881",TRUE,6690,17.0193513036597,101
"ENSG00000205213",TRUE,30735,52.2046972051462,101
"ENSG00000148943",TRUE,29257,33.3893799712191,101
"ENSG00000176697",TRUE,4897,19.9610441419687,84
"ENSG00000121621",TRUE,2509,4.43999395936012,89
"ENSG00000169519",TRUE,13520,14.364329563511,101
"ENSG00000182255",TRUE,1934,9.45090636202843,51
"ENSG00000152219",TRUE,33085,33.1562173601042,101
"ENSG00000066382",TRUE,2904,5.30451898696538,66
"ENSG00000170959",TRUE,4564,34.2346544483966,42
"ENSG00000170946",TRUE,22669,23.388211905021,101
"ENSG00000148950",TRUE,7371,7.75932667371263,101
"ENSG00000109911",TRUE,22990,22.9385284532762,101
"ENSG00000049449",TRUE,88328,363.882767695946,101
"ENSG00000184937",TRUE,6600,41.989641934175,52
"ENSG00000149100",TRUE,131632,143.215656623993,101
"ENSG00000135378",TRUE,27273,44.0278670984832,101
"ENSG00000060749",TRUE,55865,62.7304932927896,101
"ENSG00000121690",TRUE,2632,4.24677581574954,90
"ENSG00000176148",TRUE,18054,21.3637427463553,101
"ENSG00000176102",TRUE,31602,33.1010566189795,101
"ENSG00000110422",TRUE,251337,453.632582917447,101
"ENSG00000110427",TRUE,1711,5.05298925460179,47
"ENSG00000085063",TRUE,714466,857.143215705173,101
"ENSG00000110429",TRUE,62202,61.0907745823088,101
"ENSG00000135363",TRUE,71525,128.559549740355,101
"ENSG00000135387",TRUE,293212,297.882242773958,101
"ENSG00000135372",TRUE,50852,68.2195451197398,101
"ENSG00000166016",TRUE,11962,26.4075658528025,101
"ENSG00000121691",TRUE,246855,334.926070367599,101
"ENSG00000135374",TRUE,9431,31.5540780295266,91
"ENSG00000135373",TRUE,52949,206.090766835339,100
"ENSG00000149089",TRUE,31481,36.2109423471056,101
"ENSG00000110435",TRUE,31866,34.7905046882122,101
"ENSG00000026508",TRUE,633933,1026.6600118929,101
"ENSG00000110436",TRUE,2885,6.9612190486798,84
"ENSG00000149090",TRUE,34728,81.8628704644097,99
"ENSG00000179431",TRUE,11078,25.0587923280626,100
"ENSG00000166326",TRUE,198718,176.830015764863,101
"ENSG00000179241",TRUE,29187,50.4552955499361,101
"ENSG00000110442",TRUE,43473,53.2776427857338,101
"ENSG00000135362",TRUE,31957,65.8314939870801,101
"ENSG00000175104",TRUE,36626,37.1336080794426,101
"ENSG00000166349",TRUE,3361,5.69735489909515,95
"ENSG00000166352",TRUE,13523,30.153702262495,101
"ENSG00000148948",TRUE,5886,15.9889461801155,96
"ENSG00000166181",TRUE,140919,125.803616983502,101
"ENSG00000052841",TRUE,142934,136.795420731366,101
"ENSG00000149084",TRUE,98804,119.608651979718,101
"ENSG00000166199",TRUE,23466,24.1887526839464,101
"ENSG00000187479",TRUE,147958,481.557519675058,101
"ENSG00000110455",TRUE,57391,88.1088353014687,101
"ENSG00000151348",TRUE,124969,129.16608707525,101
"ENSG00000085117",TRUE,153787,202.509320639854,101
"ENSG00000157570",TRUE,100501,139.484653470788,101
"ENSG00000175274",TRUE,121967,216.253283016162,101
"ENSG00000019485",TRUE,39948,59.4936301487844,101
"ENSG00000019505",FALSE,753,4.48269210166088,16
"ENSG00000175264",TRUE,9293,22.4346620480776,101
"ENSG00000181830",TRUE,42301,59.3106592673909,101
"ENSG00000121671",TRUE,83152,106.806637186219,101
"ENSG00000121653",TRUE,15621,34.0458315256618,101
"ENSG00000121680",TRUE,21856,30.7252005835981,101
"ENSG00000165905",TRUE,9523,31.840958626857,99
"ENSG00000135365",TRUE,81094,96.4281303312042,101
"ENSG00000157613",TRUE,42216,85.6583873064111,101
"ENSG00000149091",TRUE,106321,128.790995990307,101
"ENSG00000110492",TRUE,60753,127.844144243075,101
"ENSG00000110497",TRUE,42746,39.2405411955783,101
"ENSG00000180423",TRUE,4181,4.94581605599608,99
"ENSG00000175224",TRUE,107066,100.609970538449,101
"ENSG00000175220",TRUE,154304,187.385472017153,101
"ENSG00000175213",TRUE,11477,15.51321402015,101
"ENSG00000175216",TRUE,105955,111.786683356548,101
"ENSG00000134569",TRUE,32138,54.560551621923,101
"ENSG00000149179",TRUE,35136,65.9516393554249,101
"ENSG00000149182",TRUE,114108,147.526146919776,101
"ENSG00000165912",TRUE,22451,39.1689185552376,101
"ENSG00000134574",TRUE,54420,80.0396107311738,101
"ENSG00000134575",TRUE,62624,105.38112264506,101
"ENSG00000025434",TRUE,47385,100.390930207829,101
"ENSG00000110514",TRUE,103672,124.53465538208,101
"ENSG00000134571",TRUE,2283,7.97076446222402,66
"ENSG00000066336",TRUE,115578,215.057356548083,101
"ENSG00000165915",TRUE,94607,113.248672200351,101
"ENSG00000165916",TRUE,116992,224.037920922069,101
"ENSG00000149187",TRUE,172610,189.472070265521,101
"ENSG00000213619",TRUE,63172,146.697771413846,101
"ENSG00000110536",TRUE,14969,18.4768352247628,101
"ENSG00000123444",TRUE,28952,35.5949718436971,101
"ENSG00000109919",TRUE,74214,81.9284037646632,101
"ENSG00000165923",TRUE,12826,108.674245246787,92
"ENSG00000109920",TRUE,152850,152.901127153766,101
"ENSG00000030066",TRUE,80587,80.7887445737127,101
"ENSG00000149177",TRUE,77936,143.316260713523,101
"ENSG00000086205",TRUE,4740,7.53833628610478,97
"ENSG00000183908",TRUE,2124,19.4547608718067,42
"ENSG00000134817",TRUE,40782,104.353528857566,100
"ENSG00000149115",TRUE,278961,287.998641572096,101
"ENSG00000149136",TRUE,160099,165.341273861559,101
"ENSG00000134802",TRUE,47103,109.044339326103,101
"ENSG00000186907",TRUE,4550,6.74884244205023,100
"ENSG00000149150",TRUE,23272,34.2646231998459,101
"ENSG00000134809",TRUE,19756,38.3462476523381,101
"ENSG00000156587",TRUE,123737,271.389865149221,101
"ENSG00000149131",TRUE,1060857,1258.47524383781,101
"ENSG00000166793",TRUE,6487,13.7774340976496,101
"ENSG00000172409",TRUE,16413,18.1019604636146,101
"ENSG00000156599",TRUE,153920,147.286085597607,101
"ENSG00000156603",TRUE,13689,17.4998330195216,101
"ENSG00000213593",TRUE,85226,98.7938780424784,101
"ENSG00000211450",TRUE,24040,26.6008196435213,101
"ENSG00000198561",TRUE,475448,555.096299668023,101
"ENSG00000110031",TRUE,61865,105.326944831284,101
"ENSG00000186660",TRUE,115668,111.437339548589,101
"ENSG00000242689",TRUE,782,1.84932387178144,14
"ENSG00000189057",TRUE,5146,35.9802994022196,87
"ENSG00000166801",TRUE,117348,131.466478585033,101
"ENSG00000110042",TRUE,86259,139.205813452421,101
"ENSG00000197629",TRUE,129943,478.901120603893,101
"ENSG00000110048",TRUE,104561,104.442146683629,101
"ENSG00000166889",TRUE,95316,109.931003984889,101
"ENSG00000166900",TRUE,102189,147.176539235168,101
"ENSG00000166902",TRUE,38604,46.8973987934914,101
"ENSG00000134827",TRUE,2277,13.4494995677686,34
"ENSG00000149516",TRUE,1217,15.6520154485392,22
"ENSG00000149534",TRUE,53108,118.99758097882,101
"ENSG00000110077",TRUE,160423,430.330712528296,101
"ENSG00000110079",TRUE,82593,147.081825210702,101
"ENSG00000214787",TRUE,4358,8.80622194805518,94
"ENSG00000166926",TRUE,1111,6.29621886004135,25
"ENSG00000166927",TRUE,168471,343.902823257273,101
"ENSG00000166928",TRUE,17130,45.6249482837144,100
"ENSG00000156738",TRUE,21508,145.231583460743,95
"ENSG00000166959",TRUE,33680,221.958454999869,73
"ENSG00000166961",TRUE,34337,140.088922112295,96
"ENSG00000110104",TRUE,20168,43.5866812731741,101
"ENSG00000183134",TRUE,2028,9.36754796286378,55
"ENSG00000110107",TRUE,101246,120.94282386583,101
"ENSG00000110108",TRUE,169982,185.867825119892,101
"ENSG00000006118",TRUE,30375,43.318641819308,101
"ENSG00000110446",TRUE,92110,149.780302566695,101
"ENSG00000013725",TRUE,19729,57.5683543288281,101
"ENSG00000110448",TRUE,12575,56.9688073868477,101
"ENSG00000167987",TRUE,40734,42.42407716559,101
"ENSG00000167992",TRUE,4102,15.8086378108256,69
"ENSG00000167986",TRUE,260666,255.059511618849,101
"ENSG00000149476",TRUE,34381,41.3100196647956,101
"ENSG00000162144",TRUE,77461,92.0984045400771,101
"ENSG00000149483",TRUE,43506,51.7676342100478,101
"ENSG00000187049",TRUE,15973,18.4759193233993,101
"ENSG00000149532",TRUE,147423,147.997202361263,101
"ENSG00000167985",TRUE,9997,30.7252005835981,101
"ENSG00000162148",TRUE,9507,32.9499102417239,101
"ENSG00000204950",TRUE,14560,102.326097402051,85
"ENSG00000011347",TRUE,12273,24.4792647058504,101
"ENSG00000134780",TRUE,14955,17.8335307991562,101
"ENSG00000124920",TRUE,58416,185.770440251572,101
"ENSG00000134825",TRUE,67628,109.948021696209,101
"ENSG00000168496",TRUE,15395,59.4924226986335,101
"ENSG00000134824",TRUE,111650,219.193725528851,101
"ENSG00000149485",TRUE,107771,221.643990745558,101
"ENSG00000221968",TRUE,57550,121.776729559748,101
"ENSG00000167994",TRUE,25312,41.8708291104214,101
"ENSG00000167995",TRUE,18612,31.7297739169302,101
"ENSG00000167996",TRUE,3608551,6074.74283263313,101
"ENSG00000149503",TRUE,13731,16.8607365545321,101
"ENSG00000124939",TRUE,1447,8.49524558068894,24
"ENSG00000162174",TRUE,38718,58.694162939658,101
"ENSG00000149021",TRUE,1059530,9730.62289604867,101
"ENSG00000124942",TRUE,3401748,4771.12348567274,101
"ENSG00000255508",TRUE,1016,1.86778837569203,27
"ENSG00000149016",TRUE,12529,23.8722759436289,101
"ENSG00000149480",TRUE,138551,146.945326116401,101
"ENSG00000149499",TRUE,119083,145.191634130336,101
"ENSG00000149489",TRUE,7350,13.3293149590609,101
"ENSG00000149541",TRUE,42013,124.030405297025,101
"ENSG00000089597",TRUE,420858,388.922983222184,101
"ENSG00000185085",TRUE,25119,29.9721319418432,101
"ENSG00000162194",TRUE,6606,8.73718412205325,100
"ENSG00000214756",TRUE,3432,5.86249284196862,99
"ENSG00000204922",TRUE,10785,41.4940821606925,101
"ENSG00000162191",TRUE,94930,137.886868305314,101
"ENSG00000177363",TRUE,9833,19.9053003272068,98
"ENSG00000168000",TRUE,3254,4.10899520685709,99
"ENSG00000214753",TRUE,87758,90.8244867703749,101
"ENSG00000162222",TRUE,19740,24.1437251742513,101
"ENSG00000185670",TRUE,5073,6.89078366298555,99
"ENSG00000168002",TRUE,66623,76.0419218609397,101
"ENSG00000162227",TRUE,19478,21.4624562900134,101
"ENSG00000168569",TRUE,13305,14.0835309559496,101
"ENSG00000185475",TRUE,53560,75.080943582959,101
"ENSG00000162231",TRUE,193889,207.097506214669,101
"ENSG00000162236",TRUE,57297,68.1527120788144,101
"ENSG00000133316",TRUE,34180,62.7306178581794,101
"ENSG00000168003",TRUE,180919,238.341183824862,101
"ENSG00000168539",TRUE,4603,17.5573236214984,64
"ENSG00000168004",TRUE,4897,10.6694875320048,96
"ENSG00000133317",TRUE,1852,5.28085605845221,47
"ENSG00000133321",TRUE,85460,429.776273849496,101
"ENSG00000133328",TRUE,2136,6.78085419653196,50
"ENSG00000176485",TRUE,63922,100.280515098849,101
"ENSG00000184743",TRUE,155049,190.698031586761,101
"ENSG00000133318",TRUE,191622,186.838733980739,101
"ENSG00000188070",TRUE,48637,56.7826184692685,101
"ENSG00000168005",TRUE,22991,26.5833230539464,101
"ENSG00000072518",TRUE,67364,72.6700208895401,101
"ENSG00000167771",TRUE,1684,4.0663261046456,56
"ENSG00000110583",TRUE,40635,52.4477929076981,101
"ENSG00000176340",TRUE,77450,201.596475397775,101
"ENSG00000167770",TRUE,83860,122.900802334392,101
"ENSG00000133315",TRUE,12061,36.5238291251105,101
"ENSG00000168439",TRUE,107803,143.32832595422,101
"ENSG00000149781",TRUE,87438,166.415469793232,101
"ENSG00000149743",TRUE,25552,30.5745868552471,101
"ENSG00000149761",TRUE,34820,91.4978399732149,101
"ENSG00000110011",TRUE,35432,48.1210862081352,101
"ENSG00000173511",TRUE,94769,111.694996352334,101
"ENSG00000173457",TRUE,31843,111.378852115543,101
"ENSG00000149782",TRUE,65949,76.6623877306442,101
"ENSG00000002330",TRUE,45914,93.229897849251,101
"ENSG00000173264",TRUE,28984,49.1000754424165,101
"ENSG00000173153",TRUE,50300,55.6321430222519,101
"ENSG00000173113",TRUE,86133,188.869615352118,101
"ENSG00000126432",TRUE,211095,481.505331577217,101
"ENSG00000168071",TRUE,66820,157.541959855116,101
"ENSG00000162302",TRUE,60057,83.3646986422624,101
"ENSG00000110076",TRUE,7822,20.6203836676401,91
"ENSG00000068831",TRUE,49210,64.6270995614898,101
"ENSG00000068976",TRUE,9336,26.882190367468,101
"ENSG00000168066",TRUE,293342,327.397026110552,101
"ENSG00000168067",TRUE,55927,70.4810890759081,101
"ENSG00000133895",TRUE,40016,46.3890283320991,101
"ENSG00000171219",TRUE,42769,77.0408530523547,101
"ENSG00000110047",TRUE,97928,188.03402967203,101
"ENSG00000110046",TRUE,50501,57.0979134984978,101
"ENSG00000068971",TRUE,49088,53.1631343747675,101
"ENSG00000149735",TRUE,608,3.13350685264964,16
"ENSG00000168062",TRUE,12568,55.1999314406309,101
"ENSG00000213465",TRUE,38977,165.449180593542,101
"ENSG00000110025",TRUE,2491,4.0111516993157,88
"ENSG00000168061",TRUE,8564,58.2875128718258,101
"ENSG00000168060",TRUE,13159,16.0619899970011,101
"ENSG00000146670",TRUE,5953,43.6779812217816,98
"ENSG00000162300",TRUE,29345,30.3486662627206,101
"ENSG00000149823",TRUE,104502,117.93054929881,101
"ENSG00000149809",TRUE,18252,45.7112665545197,101
"ENSG00000174276",TRUE,7740,14.461372248043,101
"ENSG00000149806",TRUE,287667,395.361036921299,101
"ENSG00000162298",TRUE,98310,135.087834945877,101
"ENSG00000149792",TRUE,67192,64.6722435154527,101
"ENSG00000014216",TRUE,198535,243.119661694678,101
"ENSG00000014138",TRUE,5315,21.9896043392418,101
"ENSG00000133884",TRUE,60815,64.1551161151895,101
"ENSG00000162241",TRUE,20850,33.888013577488,101
"ENSG00000126391",TRUE,67795,75.0056910356432,101
"ENSG00000142186",TRUE,104296,139.167084996297,101
"ENSG00000168056",TRUE,291801,328.750491598754,101
"ENSG00000173465",TRUE,12929,23.1945141660495,101
"ENSG00000176973",TRUE,9387,17.3205787603617,101
"ENSG00000173442",TRUE,239602,329.572856405965,101
"ENSG00000173327",TRUE,131228,158.390423602344,101
"ENSG00000197136",TRUE,80440,80.226606549001,101
"ENSG00000213445",TRUE,112845,136.863366109358,101
"ENSG00000173039",TRUE,117710,127.599689881366,101
"ENSG00000172977",TRUE,69732,65.9388062138732,101
"ENSG00000172922",TRUE,44175,125.762463173061,101
"ENSG00000254470",TRUE,46461,63.6189038035854,101
"ENSG00000172818",TRUE,1235,3.56670615983124,36
"ENSG00000172757",TRUE,739762,1389.56225776606,101
"ENSG00000172732",TRUE,54291,54.4065094696108,101
"ENSG00000172638",TRUE,118318,156.089043190191,101
"ENSG00000172543",TRUE,19027,31.1367975596131,101
"ENSG00000172500",TRUE,51659,94.3595008118833,101
"ENSG00000175602",TRUE,52847,155.358060794027,101
"ENSG00000175592",TRUE,13360,76.9412154771642,93
"ENSG00000175573",TRUE,45392,65.4416649684969,101
"ENSG00000175550",TRUE,54759,92.8533635283736,101
"ENSG00000175467",TRUE,73406,91.1213056523374,101
"ENSG00000175376",TRUE,29309,31.4782692253529,101
"ENSG00000175334",TRUE,62573,74.4207902165568,101
"ENSG00000175315",TRUE,8711,17.5612586301521,100
"ENSG00000175294",TRUE,2734,4.91680725433081,83
"ENSG00000087365",TRUE,249890,233.55375336778,101
"ENSG00000175115",TRUE,143082,141.950373027569,101
"ENSG00000174996",TRUE,36410,36.6838356075047,101
"ENSG00000174903",TRUE,236371,336.998217185298,101
"ENSG00000174871",TRUE,1446,5.29012320394649,32
"ENSG00000174851",TRUE,49067,78.6956730633823,101
"ENSG00000174807",TRUE,80902,232.69821030225,101
"ENSG00000174791",TRUE,13275,33.3609408297401,101
"ENSG00000174744",TRUE,44504,96.016251823744,101
"ENSG00000174684",TRUE,37477,47.5635467570785,101
"ENSG00000174669",TRUE,13666,40.2891723338847,101
"ENSG00000174547",TRUE,32448,49.476609763294,101
"ENSG00000174516",TRUE,15620,18.0631062646313,101
"ENSG00000254986",TRUE,34582,48.0684336151604,101
"ENSG00000174483",TRUE,1956,3.85423262001816,75
"ENSG00000174165",TRUE,29770,34.0387026073194,101
"ENSG00000174080",TRUE,78453,106.689248159431,101
"ENSG00000173992",TRUE,40690,71.0143729174828,101
"ENSG00000239306",TRUE,52521,63.8602208208117,101
"ENSG00000173933",TRUE,28992,36.3535744015264,101
"ENSG00000173914",TRUE,20755,26.1483232652212,101
"ENSG00000173898",TRUE,15007,63.2279728333719,100
"ENSG00000173715",TRUE,12594,20.232951306679,101
"ENSG00000173653",TRUE,16912,17.57865513876,101
"ENSG00000173599",TRUE,18075,22.1662750624739,101
"ENSG00000173621",TRUE,20069,25.6534597507425,101
"ENSG00000173227",TRUE,1604,6.42915638679046,41
"ENSG00000173156",TRUE,13022,24.8512651779102,101
"ENSG00000173120",TRUE,232033,208.863526485788,101
"ENSG00000173020",TRUE,197180,273.579961852914,101
"ENSG00000172932",TRUE,64062,90.7774712478688,101
"ENSG00000172830",TRUE,46848,67.6377186309815,101
"ENSG00000172613",TRUE,28023,42.6054629928717,101
"ENSG00000175482",TRUE,13276,16.3648957868025,101
"ENSG00000175505",TRUE,8915,22.7871737600796,101
"ENSG00000172531",TRUE,132512,245.199149755381,101
"ENSG00000175463",TRUE,32260,50.4339239484104,101
"ENSG00000172508",TRUE,5244,26.7467295399099,100
"ENSG00000175634",TRUE,54774,80.8795721244714,101
"ENSG00000172725",TRUE,105597,126.842453701738,101
"ENSG00000175544",TRUE,5044,7.49910969872065,98
"ENSG00000172663",TRUE,29770,43.3014469009041,101
"ENSG00000110711",TRUE,67066,133.217842726434,101
"ENSG00000110697",TRUE,62919,117.969747448007,101
"ENSG00000167797",TRUE,61989,200.090338114265,101
"ENSG00000084207",TRUE,386658,898.486196477717,101
"ENSG00000167792",TRUE,133821,248.286731186576,101
"ENSG00000167799",TRUE,4612,34.6411575207233,101
"ENSG00000132744",TRUE,734,2.66284306072862,17
"ENSG00000132746",TRUE,2701,12.4149226779402,48
"ENSG00000110057",TRUE,76433,128.681860885328,101
"ENSG00000006534",TRUE,108183,240.136598361001,101
"ENSG00000110717",TRUE,50592,140.823836008158,101
"ENSG00000110719",TRUE,215191,447.247466338208,101
"ENSG00000110721",TRUE,59081,77.2342002226297,101
"ENSG00000110066",TRUE,81703,85.766656080261,101
"ENSG00000171067",TRUE,48775,69.108267749662,101
"ENSG00000162337",TRUE,108013,136.870572987674,101
"ENSG00000110075",TRUE,149128,135.677419627899,101
"ENSG00000132749",TRUE,1700,4.77742000210206,60
"ENSG00000110090",TRUE,129516,144.681675753182,101
"ENSG00000197345",TRUE,26502,38.4818075936731,101
"ENSG00000132740",TRUE,27477,29.9001021849106,101
"ENSG00000172935",TRUE,31845,59.0551441242857,101
"ENSG00000162341",TRUE,34397,35.6313699477407,101
"ENSG00000172927",TRUE,867,4.00841106113959,18
"ENSG00000110092",TRUE,272277,564.528320755939,101
"ENSG00000149716",TRUE,26371,27.3363916957012,101
"ENSG00000131620",TRUE,62565,149.220170737418,101
"ENSG00000168040",TRUE,25263,27.9330234704604,101
"ENSG00000131626",TRUE,97648,93.9650729542766,101
"ENSG00000085733",TRUE,255963,240.778415941037,101
"ENSG00000162105",TRUE,24835,52.7057303457712,101
"ENSG00000172893",TRUE,43492,147.902681240653,101
"ENSG00000172890",TRUE,114366,120.058159225152,101
"ENSG00000158483",TRUE,5969,9.11943330972896,101
"ENSG00000254469",TRUE,2135,2.50445901037805,89
"ENSG00000137522",TRUE,27916,25.6538266646473,101
"ENSG00000137496",TRUE,46339,179.531564194357,101
"ENSG00000137497",TRUE,436394,476.846130778022,101
"ENSG00000184154",TRUE,9450,42.4721320088276,101
"ENSG00000149357",TRUE,112731,113.583393586692,101
"ENSG00000110200",TRUE,27097,49.2506891707675,101
"ENSG00000110203",TRUE,2805,20.9344332735304,50
"ENSG00000110195",TRUE,94048,352.066322576796,101
"ENSG00000165457",TRUE,45057,88.3557602121536,100
"ENSG00000165458",TRUE,208970,211.220690879903,101
"ENSG00000162129",TRUE,24667,36.297908532584,101
"ENSG00000186642",TRUE,63387,138.018792211409,101
"ENSG00000186635",TRUE,260371,363.403425723077,101
"ENSG00000214530",TRUE,50343,129.603113246011,101
"ENSG00000168010",TRUE,109462,173.230826187922,101
"ENSG00000137478",TRUE,130236,155.153705994695,101
"ENSG00000175591",TRUE,6843,13.300881198494,100
"ENSG00000171631",TRUE,6378,27.6002724046941,96
"ENSG00000110237",TRUE,209774,230.395396523539,101
"ENSG00000054967",TRUE,25772,87.621908383149,101
"ENSG00000054965",TRUE,105519,111.046031026637,101
"ENSG00000021300",TRUE,23220,69.2250407830712,101
"ENSG00000175582",TRUE,224908,211.966288581335,101
"ENSG00000175581",TRUE,21968,24.5129986984765,101
"ENSG00000181924",TRUE,33938,40.9995463188133,101
"ENSG00000175575",TRUE,21919,23.9483400094083,101
"ENSG00000187726",TRUE,6170,40.6583754817602,53
"ENSG00000175567",TRUE,118467,364.697731674529,101
"ENSG00000175564",TRUE,2770,3.59537080599995,97
"ENSG00000168014",TRUE,51142,85.5488495266776,101
"ENSG00000214517",TRUE,51246,58.3642826154202,101
"ENSG00000149380",TRUE,13427,47.6293549617763,94
"ENSG00000165434",TRUE,24614,46.0019313105634,101
"ENSG00000175538",TRUE,33841,64.0652646721014,101
"ENSG00000175536",TRUE,2916,4.98783044943526,90
"ENSG00000077514",TRUE,32348,41.1873878021548,101
"ENSG00000054938",TRUE,12893,58.9456351896975,77
"ENSG00000166439",TRUE,53662,60.9097018073817,101
"ENSG00000166435",TRUE,21035,35.9913076128425,101
"ENSG00000118363",TRUE,48734,56.5773059092807,101
"ENSG00000162139",TRUE,26373,43.5907986428731,101
"ENSG00000137491",TRUE,328325,569.526449219103,101
"ENSG00000261594",TRUE,1276,2.28572647625549,38
"ENSG00000137486",TRUE,120874,195.06919541367,101
"ENSG00000149273",TRUE,1017188,1281.42160081006,101
"ENSG00000149243",TRUE,2045,3.50264836872298,76
"ENSG00000158555",TRUE,32907,43.1508331725532,101
"ENSG00000149257",TRUE,282752,704.119180040789,101
"ENSG00000171533",TRUE,23531,88.9496430149289,101
"ENSG00000062282",TRUE,12962,48.6676483991563,100
"ENSG00000198382",TRUE,67551,80.4147147089485,101
"ENSG00000085741",TRUE,10136,21.3534011140556,101
"ENSG00000137492",TRUE,74506,73.1690698902229,101
"ENSG00000179240",TRUE,3012,8.38862393768658,94
"ENSG00000158636",TRUE,40701,43.3790102723612,101
"ENSG00000137507",TRUE,145749,383.160951918295,101
"ENSG00000182704",TRUE,50548,86.638535082446,101
"ENSG00000078124",TRUE,72194,89.4294585994152,101
"ENSG00000149260",TRUE,39895,62.4597132775664,101
"ENSG00000137474",TRUE,16215,30.161310172089,100
"ENSG00000149269",TRUE,65256,116.242129714328,101
"ENSG00000074201",TRUE,70639,69.7893089383373,101
"ENSG00000048649",TRUE,92771,97.9463636377325,101
"ENSG00000087884",TRUE,19413,30.7252005835981,101
"ENSG00000149262",TRUE,26815,27.8863695021747,101
"ENSG00000151364",TRUE,10254,29.3696770284393,101
"ENSG00000151366",TRUE,26330,93.9076596268304,101
"ENSG00000159063",TRUE,34986,40.4340353351055,101
"ENSG00000188997",TRUE,20809,25.7581991980614,101
"ENSG00000118369",TRUE,20195,23.1605758585812,101
"ENSG00000033327",TRUE,118293,147.548488301767,101
"ENSG00000137513",TRUE,19720,25.3609223152181,101
"ENSG00000149256",TRUE,17473,37.6721585901368,101
"ENSG00000137509",TRUE,232563,275.633603085036,101
"ENSG00000165490",TRUE,5152,11.4192051098244,98
"ENSG00000137502",TRUE,36376,89.2847703473467,101
"ENSG00000165494",TRUE,117037,183.352180968603,101
"ENSG00000137494",TRUE,19346,47.3088160810072,101
"ENSG00000137500",TRUE,45342,47.5625885615399,101
"ENSG00000150672",TRUE,21777,74.3249141669948,101
"ENSG00000171204",TRUE,42461,54.7735896157077,101
"ENSG00000171202",TRUE,20031,26.4240506549748,101
"ENSG00000137504",TRUE,103299,127.276102310227,101
"ENSG00000179071",TRUE,3032,18.3642848365571,76
"ENSG00000137501",TRUE,92084,132.434757608239,101
"ENSG00000073921",TRUE,402799,475.5157635973,101
"ENSG00000074266",TRUE,23588,26.8314625884074,101
"ENSG00000149196",TRUE,33123,36.4637954948597,101
"ENSG00000149201",TRUE,5447,30.899119691015,75
"ENSG00000151376",TRUE,33022,34.3673061127334,101
"ENSG00000150687",TRUE,292993,484.862974577588,101
"ENSG00000174804",TRUE,265589,486.025551526505,101
"ENSG00000166575",TRUE,32887,35.8670876335654,101
"ENSG00000123892",TRUE,9058,13.1539061706747,101
"ENSG00000109861",TRUE,414011,783.53359782821,101
"ENSG00000086991",TRUE,5698,14.5988875478915,99
"ENSG00000077616",TRUE,7707,14.0118965122535,99
"ENSG00000110172",TRUE,38813,60.5743341146973,101
"ENSG00000165323",TRUE,23025,78.062555742434,101
"ENSG00000180773",TRUE,27529,36.9949063008759,101
"ENSG00000165325",TRUE,926,8.91763625808123,19
"ENSG00000166002",TRUE,26187,66.1945251822887,101
"ENSG00000166004",TRUE,31242,30.968547183994,101
"ENSG00000166012",TRUE,86722,111.831284264204,101
"ENSG00000182919",TRUE,23380,28.8277323999487,101
"ENSG00000042429",TRUE,8876,10.6190869626068,101
"ENSG00000110218",TRUE,32234,54.6608217920912,101
"ENSG00000020922",TRUE,41037,43.9253319917673,101
"ENSG00000168876",TRUE,22619,25.1968583695987,101
"ENSG00000196371",TRUE,18940,22.1179621049179,101
"ENSG00000134627",TRUE,8496,10.377358490566,101
"ENSG00000166025",TRUE,166227,190.582078936846,101
"ENSG00000150316",TRUE,52391,55.009435268536,101
"ENSG00000186280",TRUE,1402,1.81686911058633,49
"ENSG00000263465",TRUE,69662,71.3101069709463,101
"ENSG00000149218",TRUE,98836,101.295528866373,101
"ENSG00000149212",TRUE,136530,221.048703080872,101
"ENSG00000077458",TRUE,30389,37.3731797444713,101
"ENSG00000166037",TRUE,57814,60.1998254995084,101
"ENSG00000087053",TRUE,68552,72.7215463413354,101
"ENSG00000184384",TRUE,85693,96.3039203200798,101
"ENSG00000149231",TRUE,61404,81.2147944447164,101
"ENSG00000183340",TRUE,20729,24.8635790585485,101
"ENSG00000149972",TRUE,1512,10.8069659737764,28
"ENSG00000165895",TRUE,58956,80.6661502003717,101
"ENSG00000082175",TRUE,24585,44.9454105240018,101
"ENSG00000137672",TRUE,64318,96.4599357426061,101
"ENSG00000187151",TRUE,2085,7.97984783735967,56
"ENSG00000110318",TRUE,33494,109.354403944437,101
"ENSG00000137691",TRUE,8423,46.5530841947291,92
"ENSG00000137693",TRUE,278355,308.06803997356,101
"ENSG00000023445",TRUE,149842,282.20930830192,101
"ENSG00000110330",TRUE,106018,102.016229792245,101
"ENSG00000152558",TRUE,370739,391.061858559799,101
"ENSG00000137673",TRUE,125663,820.212718355372,99
"ENSG00000118113",TRUE,6074,140.176035086563,59
"ENSG00000166670",TRUE,7434,61.7217774936114,46
"ENSG00000196611",TRUE,93766,670.148836950036,89
"ENSG00000149968",TRUE,2098,17.841359036837,27
"ENSG00000262406",TRUE,5044,51.1788088874615,56
"ENSG00000137745",TRUE,7832,41.4386406569484,42
"ENSG00000137692",TRUE,24928,28.6081963405361,101
"ENSG00000187240",TRUE,56271,174.04505340984,101
"ENSG00000170962",TRUE,27222,88.7277203539741,101
"ENSG00000196954",TRUE,124671,166.951291098546,101
"ENSG00000137757",TRUE,2391,12.1397303192631,51
"ENSG00000137752",TRUE,81099,138.539528894871,101
"ENSG00000204397",TRUE,30964,61.0616470558498,101
"ENSG00000170903",TRUE,28174,30.4669042472561,101
"ENSG00000182359",TRUE,7498,8.87880633001872,101
"ENSG00000149313",TRUE,44463,43.9253319917673,101
"ENSG00000152402",TRUE,117662,266.198295661226,101
"ENSG00000152404",TRUE,29123,32.5754644818852,101
"ENSG00000137760",TRUE,17618,19.112068690315,101
"ENSG00000110675",TRUE,2279,7.85961161729193,53
"ENSG00000170290",TRUE,9063,45.8728825069964,64
"ENSG00000110660",TRUE,21725,38.8252973734029,100
"ENSG00000179331",TRUE,1201,4.77720869045076,27
"ENSG00000166266",TRUE,63057,65.104309139332,101
"ENSG00000075239",TRUE,98512,119.056764322646,101
"ENSG00000149308",TRUE,33976,36.2859840390753,101
"ENSG00000149311",TRUE,137761,177.398144191035,101
"ENSG00000178202",TRUE,123538,142.772959298976,101
"ENSG00000110723",TRUE,23817,49.7005790541263,101
"ENSG00000178105",TRUE,25916,34.0032904394957,101
"ENSG00000137710",TRUE,167528,229.502860876492,101
"ENSG00000149289",TRUE,30751,43.8998325875907,101
"ENSG00000137714",TRUE,34707,41.8335508721352,101
"ENSG00000137727",TRUE,21192,36.0975617826691,101
"ENSG00000214290",TRUE,3792,8.87836464338764,92
"ENSG00000110777",TRUE,37875,209.040461302341,98
"ENSG00000137707",FALSE,479,6.01674298146931,11
"ENSG00000183644",TRUE,13453,96.6253123299735,63
"ENSG00000204381",TRUE,29201,37.0663206964661,101
"ENSG00000170145",TRUE,128472,159.075951052736,101
"ENSG00000137713",TRUE,45140,62.2616414716526,101
"ENSG00000086848",TRUE,10409,10.4612960395849,101
"ENSG00000255561",TRUE,2244,3.13742026246403,86
"ENSG00000137720",TRUE,13163,19.0656656543706,101
"ENSG00000109846",TRUE,68278,174.37106918239,101
"ENSG00000150764",TRUE,65370,113.229308924788,101
"ENSG00000150768",TRUE,49498,53.7942323252016,101
"ENSG00000150773",TRUE,5370,33.6300689393741,82
"ENSG00000150776",TRUE,44272,42.3877789260444,101
"ENSG00000150779",TRUE,31077,48.6482342573636,101
"ENSG00000204370",TRUE,75781,80.7290318090527,101
"ENSG00000150782",TRUE,38327,57.7541389426619,101
"ENSG00000197580",TRUE,6496,22.8231029655977,99
"ENSG00000150787",TRUE,19046,24.6113189477734,101
"ENSG00000149294",TRUE,19285,46.5833584420939,101
"ENSG00000149292",TRUE,22066,64.6906494654028,101
"ENSG00000170209",TRUE,1780,8.84206306945342,35
"ENSG00000166682",TRUE,1391,1.91993464542467,47
"ENSG00000086827",TRUE,24066,29.1690742393405,101
"ENSG00000048028",TRUE,40774,60.6096972795012,101
"ENSG00000109906",TRUE,83791,145.309109175787,101
"ENSG00000166741",TRUE,331335,1547.70667253458,101
"ENSG00000180425",TRUE,13667,15.2385733109834,101
"ENSG00000076053",TRUE,29193,33.3651480387584,101
"ENSG00000076043",TRUE,57674,56.9918831442018,101
"ENSG00000182985",TRUE,143446,234.529938728635,101
"ENSG00000137656",TRUE,31371,30.3814657207904,101
"ENSG00000109917",TRUE,54714,78.1578763546655,101
"ENSG00000118137",TRUE,917,2.33451278944005,19
"ENSG00000160584",TRUE,76378,79.1538613073661,101
"ENSG00000168092",TRUE,117584,135.118232636784,101
"ENSG00000149577",TRUE,128867,159.477365025081,101
"ENSG00000149591",TRUE,1181989,2333.92407312325,101
"ENSG00000160613",TRUE,100988,111.691178996488,101
"ENSG00000167257",TRUE,29666,29.5431977557251,101
"ENSG00000186318",TRUE,111577,136.217337486306,101
"ENSG00000110274",TRUE,56598,68.9983212171878,101
"ENSG00000177103",TRUE,3834,8.81949159521906,91
"ENSG00000137731",TRUE,975,2.24134605083044,18
"ENSG00000137726",TRUE,108967,135.775378206126,101
"ENSG00000137747",TRUE,8496,20.7785884555235,100
"ENSG00000110324",TRUE,110308,212.22994894813,101
"ENSG00000137648",TRUE,21868,124.640167985375,67
"ENSG00000177098",TRUE,66726,148.166975886909,101
"ENSG00000149575",TRUE,11708,22.7207621184639,100
"ENSG00000160593",TRUE,109008,260.664169662433,101
"ENSG00000160588",TRUE,22472,39.9048189919941,101
"ENSG00000149573",TRUE,119961,193.899578538802,101
"ENSG00000198851",TRUE,35404,124.162785330309,101
"ENSG00000167286",TRUE,14606,69.8079313188364,101
"ENSG00000160654",TRUE,7556,27.7540343679515,101
"ENSG00000110344",TRUE,102824,94.5714414931455,101
"ENSG00000167283",TRUE,43661,72.6711239293435,101
"ENSG00000118058",TRUE,162386,176.175342341081,101
"ENSG00000149582",TRUE,23117,31.3019380926757,101
"ENSG00000118096",TRUE,32199,76.5556400799685,101
"ENSG00000095139",TRUE,235710,221.643990745558,101
"ENSG00000019144",TRUE,241267,298.329633419421,101
"ENSG00000110367",TRUE,192540,187.975845760058,101
"ENSG00000160683",TRUE,1298,9.37826157531656,28
"ENSG00000186174",TRUE,131094,122.675781191673,101
"ENSG00000186166",TRUE,47840,63.0937379142115,101
"ENSG00000118181",TRUE,423887,450.484337170973,101
"ENSG00000196655",TRUE,49182,50.7130158296682,101
"ENSG00000137700",TRUE,31850,39.4078432175469,101
"ENSG00000149428",TRUE,189093,350.616809898817,101
"ENSG00000160695",TRUE,75913,76.9076716796819,101
"ENSG00000256269",TRUE,20345,49.7025303558204,101
"ENSG00000188486",TRUE,24526,144.062031167704,101
"ENSG00000172269",TRUE,43481,57.3993648463386,101
"ENSG00000172375",TRUE,36701,49.6817688236113,101
"ENSG00000172273",TRUE,29167,35.4341394923035,101
"ENSG00000172350",TRUE,1091,2.28572647625549,28
"ENSG00000160703",TRUE,29690,32.4894506559173,101
"ENSG00000248712",TRUE,6369,26.7529087742437,96
"ENSG00000110395",TRUE,88200,125.488662759786,101
"ENSG00000076706",TRUE,406986,866.208314285117,101
"ENSG00000173456",TRUE,41019,43.0755263083777,101
"ENSG00000036672",TRUE,11660,30.7582877715175,96
"ENSG00000154096",TRUE,275310,653.763092088689,101
"ENSG00000110400",TRUE,32239,68.8698534861959,101
"ENSG00000137699",TRUE,32835,212.44598872013,96
"ENSG00000184232",TRUE,58477,119.762590649373,101
"ENSG00000137709",TRUE,3199,8.61279812585513,74
"ENSG00000181264",TRUE,14979,16.9345040318845,101
"ENSG00000196914",TRUE,451221,528.077429747056,101
"ENSG00000149403",TRUE,8087,17.1734332140209,100
"ENSG00000154114",TRUE,55012,102.251276244357,101
"ENSG00000109927",TRUE,3635,4.47302283584392,97
"ENSG00000109929",TRUE,72884,127.203768535906,101
"ENSG00000137642",TRUE,147574,281.190360956429,101
"ENSG00000154127",TRUE,48320,82.2379874927353,101
"ENSG00000109943",TRUE,5870,12.3385152434367,100
"ENSG00000109944",TRUE,14010,27.5842138491496,101
"ENSG00000109971",TRUE,1085427,1454.63194501467,101
"ENSG00000166250",TRUE,84977,140.235687107537,101
"ENSG00000023171",TRUE,12818,20.3114146087818,101
"ENSG00000166257",TRUE,6318,25.1572327044025,99
"ENSG00000166261",TRUE,22342,26.3365777725531,101
"ENSG00000110002",TRUE,109632,140.933890062011,101
"ENSG00000154144",TRUE,100532,90.4048084215751,101
"ENSG00000110013",TRUE,59770,69.6673306682691,101
"ENSG00000064199",TRUE,18257,78.1426770411525,101
"ENSG00000154146",TRUE,40100,187.137557476081,101
"ENSG00000019102",TRUE,31549,71.2044247908127,101
"ENSG00000149564",TRUE,199218,371.435598935924,101
"ENSG00000120458",TRUE,24920,29.4842153320235,101
"ENSG00000279342",TRUE,3014,4.89473539682657,89
"ENSG00000154134",TRUE,24191,34.8870820159022,101
"ENSG00000154133",TRUE,160048,295.490670903709,101
"ENSG00000149548",TRUE,3158,5.28303078708672,97
"ENSG00000134955",TRUE,31010,99.5103080130235,100
"ENSG00000150433",TRUE,28262,36.7285696731142,101
"ENSG00000165495",TRUE,36372,61.8862843303173,101
"ENSG00000149557",TRUE,59954,90.8641329104412,101
"ENSG00000149547",TRUE,136792,148.163877731436,101
"ENSG00000134910",TRUE,148062,185.699669275039,101
"ENSG00000149554",TRUE,5530,15.814441476852,101
"ENSG00000198331",TRUE,4880,6.85669953217638,101
"ENSG00000110060",TRUE,13459,16.9653295112331,101
"ENSG00000064309",TRUE,24367,51.69206102142,101
"ENSG00000165526",TRUE,29270,36.1329328469798,101
"ENSG00000197798",TRUE,32389,39.6557850177538,101
"ENSG00000182934",TRUE,227233,232.878887902954,101
"ENSG00000110074",TRUE,30114,44.6569704560629,101
"ENSG00000150455",TRUE,14568,15.690614505741,101
"ENSG00000110063",TRUE,27472,25.0902986244319,101
"ENSG00000110080",TRUE,68823,99.5295846553377,101
"ENSG00000134954",TRUE,468666,639.575449156565,101
"ENSG00000151702",TRUE,127545,198.66388450605,101
"ENSG00000120457",TRUE,15934,45.4988133982851,100
"ENSG00000174370",TRUE,5752,9.90699969156208,101
"ENSG00000120471",TRUE,1583,11.7894174259379,25
"ENSG00000134909",TRUE,52652,88.9216561681578,101
"ENSG00000043039",TRUE,1182,5.54797161534433,25
"ENSG00000151715",TRUE,12155,29.0956776217057,98
"ENSG00000170322",TRUE,52000,52.1700987468362,101
"ENSG00000170325",TRUE,18431,26.8129022285372,101
"ENSG00000084234",TRUE,1131804,1400.54388960698,101
"ENSG00000149418",TRUE,96775,177.349509284484,101
"ENSG00000196323",TRUE,82817,92.1957957453102,101
"ENSG00000134917",TRUE,91952,183.550384170133,101
"ENSG00000166106",TRUE,60437,119.96055515016,101
"ENSG00000120451",TRUE,139427,135.060824960903,101
"ENSG00000182667",TRUE,43949,87.1428454513567,97
"ENSG00000080854",TRUE,6094,15.5088016213473,95
"ENSG00000166086",TRUE,120593,159.061999443912,101
"ENSG00000151503",TRUE,31451,38.4742669234275,101
"ENSG00000151502",TRUE,86351,78.8780329887745,101
"ENSG00000151500",TRUE,41090,45.5830623937697,101
"ENSG00000151498",TRUE,49840,64.2259674936897,101
"ENSG00000166105",TRUE,2175,12.6928852561398,36
"ENSG00000149328",TRUE,17447,68.0158697650263,101
"ENSG00000109956",TRUE,3797,13.2813626017891,84
"ENSG00000120645",TRUE,13764,29.2889397236753,101
"ENSG00000111181",TRUE,6042,16.1180903024527,96
"ENSG00000010379",TRUE,1304,2.93334820911758,37
"ENSG00000073614",TRUE,113978,117.294558619112,101
"ENSG00000120647",TRUE,11372,13.6009941539892,101
"ENSG00000139044",TRUE,37130,101.099907330489,101
"ENSG00000171840",TRUE,14082,20.1402610849179,101
"ENSG00000060237",TRUE,401200,411.746438689266,101
"ENSG00000002016",TRUE,15826,18.8887105336706,101
"ENSG00000082805",TRUE,107570,112.175312698095,101
"ENSG00000111186",TRUE,9423,29.0524429018981,101
"ENSG00000171823",TRUE,16286,16.9496052282855,100
"ENSG00000006831",TRUE,195687,315.889247130028,101
"ENSG00000151062",TRUE,9377,12.8424070075805,101
"ENSG00000151065",TRUE,23362,24.6368594926651,101
"ENSG00000151067",TRUE,83666,124.220983860306,101
"ENSG00000004478",TRUE,77387,157.767880447642,101
"ENSG00000111203",TRUE,43061,46.2362486618877,101
"ENSG00000053702",TRUE,5507,15.659372510875,85
"ENSG00000111206",TRUE,10376,58.2122060076503,98
"ENSG00000171792",TRUE,22346,31.5980834493852,101
"ENSG00000078246",TRUE,42506,53.4302443598596,101
"ENSG00000197905",TRUE,23729,41.0244404854381,101
"ENSG00000011105",TRUE,151218,197.184212267747,101
"ENSG00000111218",TRUE,2173,10.5704200736817,43
"ENSG00000130038",TRUE,12146,22.9663482097548,101
"ENSG00000111224",TRUE,20818,22.9550083280481,101
"ENSG00000118971",TRUE,102297,146.170623364617,101
"ENSG00000078237",TRUE,9537,14.2928090439515,101
"ENSG00000047621",TRUE,31684,49.1771482840519,101
"ENSG00000111247",TRUE,4526,11.9934331340732,100
"ENSG00000010219",TRUE,24630,28.6936065140798,101
"ENSG00000111254",TRUE,2333,7.4817456741529,70
"ENSG00000139180",TRUE,17600,52.1123500094359,101
"ENSG00000130037",TRUE,11661,57.969792468143,96
"ENSG00000185652",TRUE,3604,11.7445293831562,82
"ENSG00000047617",TRUE,8848,16.2207045362474,100
"ENSG00000110799",TRUE,1082780,2331.02248618626,101
"ENSG00000010278",TRUE,373307,465.487578459429,101
"ENSG00000008323",TRUE,2939,14.6559198567611,64
"ENSG00000067182",TRUE,231591,275.220787127192,101
"ENSG00000111319",TRUE,175039,380.664821058352,101
"ENSG00000111321",TRUE,150453,150.435509489558,101
"ENSG00000139193",TRUE,13827,68.3330903918661,98
"ENSG00000139192",TRUE,49970,67.1543010126181,101
"ENSG00000139190",TRUE,23748,45.4934976793674,101
"ENSG00000111639",TRUE,70871,129.904340702712,101
"ENSG00000010292",TRUE,66105,75.5923022194855,101
"ENSG00000111640",TRUE,1401846,3040.36402735688,101
"ENSG00000010295",TRUE,58973,87.4751380173481,101
"ENSG00000111641",TRUE,954,1.91667816673567,19
"ENSG00000111642",TRUE,29188,82.5363231363321,101
"ENSG00000184574",TRUE,5406,10.0385942119975,98
"ENSG00000111644",TRUE,6172,31.7517848499059,101
"ENSG00000111653",TRUE,46290,54.1279778511657,101
"ENSG00000126746",TRUE,82875,83.2809539150869,101
"ENSG00000139200",TRUE,1811,4.04241511545849,56
"ENSG00000111652",TRUE,84828,78.3280892345476,101
"ENSG00000089693",TRUE,155151,321.9368443502,101
"ENSG00000159335",TRUE,256715,753.82171039661,101
"ENSG00000089692",TRUE,5225,14.1461006196761,96
"ENSG00000010610",TRUE,245968,383.584351020703,101
"ENSG00000250510",TRUE,30714,78.5962645507114,101
"ENSG00000110811",TRUE,43583,106.408599079961,101
"ENSG00000111664",TRUE,6365,14.3601595323973,99
"ENSG00000111665",TRUE,4343,20.784694512434,91
"ENSG00000111667",TRUE,80594,156.562970620834,101
"ENSG00000111669",TRUE,398135,1363.35546903299,101
"ENSG00000111671",TRUE,16411,28.5118068039971,101
"ENSG00000010626",TRUE,32105,157.116659157211,101
"ENSG00000111674",TRUE,61222,120.189755224075,101
"ENSG00000111676",TRUE,281267,266.665152857481,101
"ENSG00000111678",TRUE,98616,162.587519754873,101
"ENSG00000111679",TRUE,106346,175.050250304997,101
"ENSG00000215021",TRUE,167816,153.887158495991,101
"ENSG00000126749",TRUE,41494,74.0266474845022,101
"ENSG00000111684",TRUE,93573,119.913251789962,101
"ENSG00000182326",TRUE,1489209,2302.31939308799,101
"ENSG00000159403",TRUE,823293,1271.40578787472,101
"ENSG00000139178",TRUE,130663,128.437796962477,101
"ENSG00000139194",TRUE,10919,29.0814633747715,96
"ENSG00000139182",TRUE,112421,170.912243662311,101
"ENSG00000139197",TRUE,61182,61.1114710715833,101
"ENSG00000177675",TRUE,16060,29.6258983757423,100
"ENSG00000177575",TRUE,549852,1767.36373556621,101
"ENSG00000059804",TRUE,192833,638.308373136211,101
"ENSG00000065970",TRUE,65458,67.7822415724441,101
"ENSG00000171860",TRUE,70174,199.107627262416,101
"ENSG00000089818",TRUE,47689,44.8999699783741,101
"ENSG00000171847",TRUE,859,2.40981965361554,19
"ENSG00000166527",TRUE,4002,17.8046078904232,86
"ENSG00000166523",TRUE,33292,118.769762390994,101
"ENSG00000197614",TRUE,30118,226.68986148558,98
"ENSG00000166532",TRUE,78611,148.314316676376,101
"ENSG00000111752",TRUE,33934,42.1905757846933,101
"ENSG00000003056",TRUE,141071,214.064578520641,101
"ENSG00000139187",TRUE,5050,10.4938869759252,99
"ENSG00000175899",TRUE,13415102,18554.6663967444,101
"ENSG00000126838",TRUE,11847,80.6365922658701,85
"ENSG00000111796",TRUE,10946,19.9585956681894,101
"ENSG00000069493",TRUE,25970,42.8995877488003,101
"ENSG00000184293",TRUE,1855,4.39696569545438,53
"ENSG00000110848",TRUE,50879,156.969726874787,101
"ENSG00000150045",TRUE,2829,7.79758557982657,71
"ENSG00000110852",TRUE,43601,61.7903240021872,101
"ENSG00000172322",TRUE,25741,52.216934313411,101
"ENSG00000256660",TRUE,2130,5.13696280303219,59
"ENSG00000197992",TRUE,1393,3.46797315233904,39
"ENSG00000150048",TRUE,29697,48.6530679657373,101
"ENSG00000172243",TRUE,66990,165.630357806338,101
"ENSG00000173391",TRUE,126915,274.193368291755,101
"ENSG00000165685",TRUE,2255,7.04497755844414,68
"ENSG00000139112",TRUE,185370,210.194640580914,101
"ENSG00000134539",TRUE,19137,47.5457063555171,101
"ENSG00000213809",TRUE,1264,2.61534116048533,41
"ENSG00000134545",TRUE,2707,9.77002321849434,75
"ENSG00000180574",TRUE,967,3.00879249891885,30
"ENSG00000111196",TRUE,14854,18.3364784228453,101
"ENSG00000060140",TRUE,3244,9.46798362427928,88
"ENSG00000060138",TRUE,276338,631.727874444085,101
"ENSG00000212127",TRUE,2036,3.31890382009689,80
"ENSG00000255837",TRUE,951,1.57627072101195,18
"ENSG00000139083",TRUE,89023,94.3084995798188,101
"ENSG00000121380",TRUE,1493,4.76662086097781,44
"ENSG00000070018",TRUE,96759,127.404756225394,101
"ENSG00000111261",TRUE,40903,46.5172270584945,101
"ENSG00000165714",TRUE,12989,13.0243819441412,101
"ENSG00000111266",TRUE,78488,115.364240676385,101
"ENSG00000111269",TRUE,123206,122.408947385903,101
"ENSG00000111276",TRUE,100121,110.603353936105,101
"ENSG00000178878",TRUE,332129,1575.35021301262,101
"ENSG00000213782",TRUE,4042,8.37352505048297,93
"ENSG00000013588",TRUE,490824,1191.9491612456,101
"ENSG00000013583",TRUE,57512,56.0244263821634,101
"ENSG00000084444",TRUE,15731,20.0412837038759,101
"ENSG00000134531",TRUE,695137,2751.4921069871,101
"ENSG00000171681",TRUE,117554,133.485775342162,101
"ENSG00000121316",TRUE,110644,235.150406620845,101
"ENSG00000197837",TRUE,1616,3.00209103540856,56
"ENSG00000246705",TRUE,67582,121.695892507585,101
"ENSG00000084463",TRUE,105221,96.1971516897904,101
"ENSG00000182993",TRUE,2035,2.81570524284316,82
"ENSG00000179256",TRUE,4521,11.4039714330516,86
"ENSG00000111339",TRUE,13099,29.5431318783523,100
"ENSG00000111341",TRUE,1343149,2082.46802537918,101
"ENSG00000139055",TRUE,12489,27.7110065976292,101
"ENSG00000111348",TRUE,421251,665.212259531473,101
"ENSG00000134533",TRUE,55550,84.7793450171909,101
"ENSG00000151490",TRUE,17912,31.1300251446892,100
"ENSG00000151491",TRUE,137944,179.814231903044,101
"ENSG00000023734",TRUE,119408,135.510569470974,101
"ENSG00000023697",TRUE,41645,44.338490717776,101
"ENSG00000008394",TRUE,144607,323.755038172698,101
"ENSG00000048540",TRUE,103142,254.758525312079,101
"ENSG00000111404",TRUE,4164,24.8372072104426,77
"ENSG00000052126",TRUE,60211,83.6048500367861,101
"ENSG00000139154",TRUE,47397,52.7937258824714,101
"ENSG00000172572",TRUE,60264,146.279619176106,101
"ENSG00000139155",TRUE,2279,5.12517481538182,69
"ENSG00000084453",TRUE,3442,40.0883252814628,24
"ENSG00000121350",TRUE,25023,30.1032583766867,101
"ENSG00000004700",TRUE,86973,101.553667992564,101
"ENSG00000111711",TRUE,52865,73.1432472401758,101
"ENSG00000134548",TRUE,1987,5.29933000570738,65
"ENSG00000111716",TRUE,28232,59.3418089702826,101
"ENSG00000121361",TRUE,48628,67.0686681420881,101
"ENSG00000069431",TRUE,82807,137.514025009217,101
"ENSG00000111726",TRUE,41024,41.3619681162268,101
"ENSG00000111728",TRUE,14221,25.1877020472307,101
"ENSG00000111731",TRUE,82244,82.6014951701931,101
"ENSG00000139163",TRUE,82939,105.18029520757,101
"ENSG00000134532",TRUE,16373,21.9171872820834,101
"ENSG00000060982",TRUE,86951,139.858490566038,101
"ENSG00000118308",TRUE,25390,47.8844918148711,101
"ENSG00000118307",TRUE,7416,50.5584631920029,67
"ENSG00000205707",TRUE,21905,24.7552024826246,101
"ENSG00000133703",TRUE,64567,77.1483505374622,101
"ENSG00000152936",TRUE,1463,12.0917101804491,26
"ENSG00000123094",TRUE,72203,112.699416294747,101
"ENSG00000123095",TRUE,41238,75.7419202830704,101
"ENSG00000123096",TRUE,60954,142.063634269332,101
"ENSG00000123104",TRUE,92540,144.889929458612,101
"ENSG00000064102",TRUE,24489,34.3397001160637,101
"ENSG00000111790",TRUE,73767,84.9302380045023,101
"ENSG00000064115",TRUE,126194,154.095636694823,101
"ENSG00000152944",TRUE,40051,44.2339257588505,101
"ENSG00000211455",TRUE,78480,121.488298792783,101
"ENSG00000029153",TRUE,17918,26.9217634015561,101
"ENSG00000110841",TRUE,176287,238.13423503849,101
"ENSG00000174236",TRUE,1985,5.53907183891076,69
"ENSG00000061794",TRUE,44594,55.2786986574345,101
"ENSG00000087448",TRUE,72008,80.5900500586732,101
"ENSG00000087494",TRUE,2478,8.86259805597756,67
"ENSG00000123106",TRUE,33218,34.625564472801,101
"ENSG00000064763",TRUE,29657,45.4163222721998,101
"ENSG00000087502",TRUE,59464,68.6073079316975,101
"ENSG00000187950",TRUE,3410,17.0683736289745,70
"ENSG00000133687",TRUE,112473,255.248142918171,101
"ENSG00000133704",TRUE,96669,94.9729768396829,101
"ENSG00000110888",TRUE,51042,62.4194111124789,101
"ENSG00000110900",TRUE,41723,83.3929103299591,101
"ENSG00000013573",TRUE,27174,51.2839745035056,101
"ENSG00000139146",TRUE,48100,77.0090792117354,101
"ENSG00000170456",TRUE,23445,51.7868186936044,101
"ENSG00000139160",TRUE,6925,7.59552862510328,101
"ENSG00000151743",TRUE,13277,14.9818035080006,101
"ENSG00000174718",TRUE,151697,242.569796564535,101
"ENSG00000151746",TRUE,27700,41.4571750011657,101
"ENSG00000139132",TRUE,74038,102.714443316795,101
"ENSG00000087470",TRUE,106963,103.958226401546,101
"ENSG00000139131",TRUE,16714,17.6858290790108,101
"ENSG00000057294",TRUE,22784,101.676343419947,98
"ENSG00000139133",TRUE,4531,6.88581420231534,99
"ENSG00000175548",TRUE,16600,25.2017642182982,101
"ENSG00000139117",TRUE,35157,57.6998498828483,101
"ENSG00000139116",TRUE,27595,106.255903210697,101
"ENSG00000173208",TRUE,2830,8.31305074905877,77
"ENSG00000151229",TRUE,20688,24.3648515481034,101
"ENSG00000188906",TRUE,302278,597.024548113613,101
"ENSG00000018236",TRUE,18470,32.8925176570727,99
"ENSG00000165966",TRUE,3913,13.1749528336689,80
"ENSG00000151233",TRUE,36138,45.6761006289308,101
"ENSG00000015153",TRUE,21595,24.1585324579146,101
"ENSG00000134283",TRUE,63900,61.5921487316627,101
"ENSG00000139168",TRUE,44222,39.2224848978318,101
"ENSG00000139174",TRUE,36420,70.3052787259153,101
"ENSG00000129317",TRUE,29312,36.8118678657285,101
"ENSG00000198001",TRUE,53789,60.8363166244812,101
"ENSG00000151239",TRUE,55655,60.6265622190946,101
"ENSG00000139173",TRUE,7757,10.4709496590397,100
"ENSG00000184613",TRUE,21377,112.906343809944,101
"ENSG00000177119",TRUE,272110,297.715699417309,101
"ENSG00000189079",TRUE,50288,53.2476146806676,101
"ENSG00000139218",TRUE,201962,204.402443594364,101
"ENSG00000111371",TRUE,126509,183.39534344467,101
"ENSG00000134294",TRUE,683409,1409.39634105118,101
"ENSG00000139209",TRUE,1985,5.88319521523194,64
"ENSG00000139211",TRUE,50979,80.5847058181783,101
"ENSG00000179715",TRUE,16069,23.5566437110476,101
"ENSG00000005175",TRUE,34552,43.6057298382447,101
"ENSG00000111405",TRUE,1569,4.90861813304174,41
"ENSG00000079337",TRUE,81403,167.470501009659,101
"ENSG00000211584",TRUE,45208,51.6509433962264,101
"ENSG00000061273",TRUE,226038,223.034591194969,101
"ENSG00000111424",TRUE,40333,62.0528560806,101
"ENSG00000134291",TRUE,58509,84.5911949685535,101
"ENSG00000079387",TRUE,31630,31.9053530015192,101
"ENSG00000152556",TRUE,79929,76.4826062364875,101
"ENSG00000177981",TRUE,41602,41.4212094689672,101
"ENSG00000177875",TRUE,2941,7.42602372378297,76
"ENSG00000167528",TRUE,60978,78.0084494231888,101
"ENSG00000139620",TRUE,41098,40.2884654123524,101
"ENSG00000129315",TRUE,58534,79.4721765125972,101
"ENSG00000174233",TRUE,117134,138.124360515003,101
"ENSG00000167535",TRUE,37419,49.5725718948304,101
"ENSG00000174243",TRUE,130714,135.232292875239,101
"ENSG00000172602",TRUE,16294,76.2650393511388,100
"ENSG00000139537",TRUE,8682,65.8242472948199,68
"ENSG00000134285",TRUE,39391,91.8543750554369,101
"ENSG00000134287",TRUE,210704,263.574024614199,101
"ENSG00000169884",TRUE,2508,4.7879087024158,75
"ENSG00000181929",TRUE,70911,68.1014497316267,101
"ENSG00000167548",TRUE,221733,228.611670990341,101
"ENSG00000167550",TRUE,2521,6.27257465610798,83
"ENSG00000139549",TRUE,2977,7.37176179337657,79
"ENSG00000139636",TRUE,65774,82.1235735949556,101
"ENSG00000123416",TRUE,518387,874.982451915943,101
"ENSG00000167552",TRUE,320940,444.974934640528,101
"ENSG00000167553",TRUE,106351,266.962833502096,101
"ENSG00000135406",TRUE,818,1.66026789794059,14
"ENSG00000135451",TRUE,4404,27.6376191524032,87
"ENSG00000178401",TRUE,4442,9.69546931520179,68
"ENSG00000123352",TRUE,35592,50.2285351929342,101
"ENSG00000135519",TRUE,5083,33.0254834303517,71
"ENSG00000187778",TRUE,66310,88.7114859987219,101
"ENSG00000110844",TRUE,32542,46.4019378174735,101
"ENSG00000161791",TRUE,138174,214.161714130341,101
"ENSG00000139644",TRUE,1002999,1020.38919285265,101
"ENSG00000167566",TRUE,58752,65.2203192553924,101
"ENSG00000186666",TRUE,8623,12.3940029349604,101
"ENSG00000135472",TRUE,11892,58.0640088382837,95
"ENSG00000161798",TRUE,26454,144.873119292054,97
"ENSG00000161800",TRUE,23236,30.9113503499755,101
"ENSG00000110881",TRUE,6686,19.3709774037549,91
"ENSG00000066117",TRUE,84204,73.6838589121119,101
"ENSG00000167588",TRUE,37153,139.452716947249,100
"ENSG00000178449",TRUE,29479,50.6815195901017,101
"ENSG00000139624",TRUE,54698,50.1607361792861,101
"ENSG00000050405",TRUE,244224,445.861837697526,101
"ENSG00000161813",TRUE,77239,110.386464787925,101
"ENSG00000066084",TRUE,82584,84.4722901382058,101
"ENSG00000123268",TRUE,27687,31.9234553948119,101
"ENSG00000185432",TRUE,298271,432.9173037744,101
"ENSG00000110911",TRUE,123500,166.248716765456,101
"ENSG00000050426",TRUE,80478,83.8216174098889,101
"ENSG00000110925",TRUE,61478,61.0373625696374,101
"ENSG00000135457",TRUE,54787,53.7857496089574,101
"ENSG00000184271",TRUE,31014,37.816286529201,101
"ENSG00000183283",TRUE,428301,421.157564665739,101
"ENSG00000170545",TRUE,18782,27.7110065976292,101
"ENSG00000110934",TRUE,58005,131.726403306325,101
"ENSG00000139629",TRUE,28161,72.852553837206,101
"ENSG00000050438",TRUE,15209,75.8754813823183,100
"ENSG00000196876",TRUE,1621,4.83668407217965,52
"ENSG00000139567",TRUE,276938,404.020622105311,101
"ENSG00000135503",TRUE,70332,121.176652985844,101
"ENSG00000161835",TRUE,154505,252.525912016809,101
"ENSG00000123358",TRUE,576945,2235.4291518623,101
"ENSG00000123395",TRUE,41238,98.8779126624124,101
"ENSG00000167767",TRUE,10292,27.3473035156567,100
"ENSG00000135480",TRUE,333390,638.532589479036,101
"ENSG00000205420",TRUE,18384,146.976272827596,50
"ENSG00000186081",TRUE,124564,792.929287704157,70
"ENSG00000167768",TRUE,1382,6.12142827885237,34
"ENSG00000170477",TRUE,16049,66.7248215329189,89
"ENSG00000185640",TRUE,1760,13.910668042877,34
"ENSG00000170421",TRUE,251531,519.485689597823,101
"ENSG00000111057",TRUE,183330,353.816106315254,101
"ENSG00000063046",TRUE,492141,494.232159940858,101
"ENSG00000111077",TRUE,430400,592.213715090272,101
"ENSG00000167778",TRUE,86039,88.448803631428,101
"ENSG00000167779",TRUE,45532,157.456262714919,101
"ENSG00000139631",TRUE,45907,65.6834221140105,101
"ENSG00000139651",TRUE,62574,65.8172982241216,101
"ENSG00000139626",TRUE,18349,57.1225693501051,101
"ENSG00000172819",TRUE,43097,58.9479254415744,101
"ENSG00000182544",TRUE,31360,62.4293904014775,101
"ENSG00000135476",TRUE,4772,11.8396711708159,97
"ENSG00000123349",TRUE,351114,645.379825983911,101
"ENSG00000139637",TRUE,31878,51.5098950960321,101
"ENSG00000094914",TRUE,53654,64.7639031909175,101
"ENSG00000185591",TRUE,185676,198.139993831242,101
"ENSG00000205352",TRUE,64639,116.876253200353,101
"ENSG00000197111",TRUE,243044,295.805362481307,101
"ENSG00000139625",TRUE,66879,90.6156198674746,101
"ENSG00000139546",TRUE,30100,53.3925667004192,101
"ENSG00000267281",TRUE,1634,2.39269810286055,65
"ENSG00000170653",TRUE,111490,139.044216376817,101
"ENSG00000135390",TRUE,191643,383.236631789046,101
"ENSG00000012822",TRUE,228982,253.706393265353,101
"ENSG00000197757",TRUE,2423,8.71962322423392,64
"ENSG00000037965",TRUE,1002,5.16404870561426,20
"ENSG00000198353",TRUE,2853,6.94183596492409,79
"ENSG00000123415",TRUE,25558,35.6201467550046,101
"ENSG00000094916",TRUE,126815,134.74699532338,101
"ENSG00000135486",TRUE,721308,713.004278025668,101
"ENSG00000123405",TRUE,7999,30.4557936315424,94
"ENSG00000111481",TRUE,170640,214.398642307607,101
"ENSG00000139572",TRUE,2640,19.8311486259185,54
"ENSG00000161642",TRUE,55083,84.099419603927,101
"ENSG00000161638",TRUE,336838,548.605035993971,101
"ENSG00000170627",TRUE,1284,2.86223886900348,36
"ENSG00000123338",TRUE,143449,306.603294158121,101
"ENSG00000123360",TRUE,18577,27.9597506931458,101
"ENSG00000135447",TRUE,1076,6.64563111846979,29
"ENSG00000172551",FALSE,661,5.44157958478755,16
"ENSG00000135426",TRUE,14845,32.1362503207859,101
"ENSG00000170439",TRUE,4234,19.4508883520546,81
"ENSG00000135424",TRUE,118770,235.185485522062,101
"ENSG00000258311",TRUE,1498,2.38822094691224,52
"ENSG00000135441",TRUE,21627,87.7324967644406,101
"ENSG00000135437",TRUE,1963,3.20115033769973,74
"ENSG00000135404",TRUE,841959,1707.80906577166,101
"ENSG00000135414",TRUE,31946,40.9005104977427,101
"ENSG00000205323",TRUE,2964,4.51841185052913,101
"ENSG00000123353",TRUE,33935,46.0878008753971,101
"ENSG00000135392",TRUE,42419,39.8794266163544,101
"ENSG00000123342",TRUE,170262,482.016448980095,101
"ENSG00000170473",TRUE,31559,42.2471508024474,101
"ENSG00000065357",TRUE,73070,107.698892465441,101
"ENSG00000185664",TRUE,1981,18.2485218075227,68
"ENSG00000123374",TRUE,45224,56.5247964580044,101
"ENSG00000111540",TRUE,288239,278.502506378999,101
"ENSG00000139531",TRUE,34098,37.0778836489945,101
"ENSG00000123411",TRUE,24689,28.1112797787898,101
"ENSG00000197728",TRUE,157206,486.557649437812,101
"ENSG00000065361",TRUE,87427,211.992044299787,101
"ENSG00000170515",TRUE,104288,140.840351214947,101
"ENSG00000229117",TRUE,192836,220.357591474664,101
"ENSG00000139641",TRUE,195056,199.607697489251,101
"ENSG00000135482",TRUE,16255,18.1045551989319,101
"ENSG00000196465",TRUE,29913,46.3890283320991,101
"ENSG00000092841",TRUE,1163142,3160.4031688526,101
"ENSG00000139613",TRUE,158955,158.577334768081,101
"ENSG00000181852",TRUE,76411,73.7621479965879,101
"ENSG00000139579",TRUE,29292,34.7164643848988,101
"ENSG00000139645",TRUE,87968,88.7587424111739,101
"ENSG00000135469",TRUE,15384,20.8582000612747,101
"ENSG00000062485",TRUE,175853,179.288265540032,101
"ENSG00000257727",TRUE,15151,31.8548035462304,101
"ENSG00000135473",TRUE,94648,103.98513755284,101
"ENSG00000170581",TRUE,259269,313.75128602662,101
"ENSG00000111602",TRUE,30812,45.3597791609179,101
"ENSG00000176422",TRUE,21262,22.4414455242947,101
"ENSG00000135423",TRUE,5223,13.2292373928286,98
"ENSG00000076067",TRUE,214519,303.409671934767,101
"ENSG00000076108",TRUE,229653,228.391653993991,101
"ENSG00000110955",TRUE,584905,576.299975433907,101
"ENSG00000110958",TRUE,276199,325.712166917507,101
"ENSG00000196531",TRUE,454476,479.52638843544,101
"ENSG00000198056",TRUE,4783,5.59241595845772,99
"ENSG00000025423",TRUE,35409,97.6313384500507,101
"ENSG00000166856",TRUE,1559,2.87485998034394,55
"ENSG00000166860",TRUE,17652,20.2044025157233,101
"ENSG00000166866",TRUE,1034,3.53811738346522,22
"ENSG00000166881",TRUE,38690,55.6560242080603,101
"ENSG00000166886",TRUE,48014,55.3039484021655,101
"ENSG00000166888",TRUE,435261,416.697175553046,101
"ENSG00000123384",TRUE,1174440,1316.96767448189,101
"ENSG00000182199",TRUE,76696,185.558291529112,101
"ENSG00000185633",TRUE,50970,98.1408558586311,101
"ENSG00000185482",TRUE,10426,24.1437251742513,101
"ENSG00000179912",TRUE,52190,52.4982129608308,101
"ENSG00000111087",TRUE,12267,33.2620783855301,99
"ENSG00000123329",TRUE,50795,107.142367034671,101
"ENSG00000166986",TRUE,123256,195.391149137983,101
"ENSG00000175197",TRUE,24583,39.5173704103619,101
"ENSG00000166987",TRUE,131380,144.836441591455,101
"ENSG00000175203",TRUE,149273,134.441655073642,101
"ENSG00000155980",TRUE,1206,2.32109682037589,39
"ENSG00000166908",TRUE,59998,62.4497823984997,101
"ENSG00000178498",TRUE,60669,81.9213364725428,101
"ENSG00000240771",TRUE,59110,83.1151310192595,101
"ENSG00000135502",TRUE,8227,17.8477268095901,100
"ENSG00000135454",TRUE,6365,10.9803048815557,101
"ENSG00000135506",TRUE,403526,388.252973734029,101
"ENSG00000135439",TRUE,15856,30.3679877433264,101
"ENSG00000135452",TRUE,70089,68.5023141985323,101
"ENSG00000135446",TRUE,105478,169.741671851544,101
"ENSG00000139266",TRUE,30451,35.557429641259,101
"ENSG00000111012",TRUE,2754,9.84076564847032,80
"ENSG00000037897",TRUE,12867,34.1893163356704,101
"ENSG00000123427",TRUE,18184,20.5700985965291,101
"ENSG00000135407",TRUE,13451,30.0145398062881,101
"ENSG00000175215",TRUE,457244,494.180487761132,101
"ENSG00000166896",TRUE,5588,6.82794062332795,101
"ENSG00000139263",TRUE,56082,88.6473502604177,101
"ENSG00000118596",TRUE,28463,51.4489677075777,101
"ENSG00000198673",TRUE,2368,4.43981607321947,85
"ENSG00000135655",TRUE,112959,133.317429813657,101
"ENSG00000061987",TRUE,104720,111.156370705785,101
"ENSG00000111110",TRUE,21674,40.9606682362714,101
"ENSG00000166148",TRUE,20363,216.312803161677,87
"ENSG00000177990",TRUE,6796,17.5479965123357,100
"ENSG00000118600",TRUE,20701,25.0147254358041,101
"ENSG00000196935",TRUE,42363,57.3124749787025,101
"ENSG00000174206",TRUE,9980,11.4986208353223,101
"ENSG00000184575",TRUE,128548,219.753786149813,101
"ENSG00000183735",TRUE,55442,61.3028572487336,101
"ENSG00000153179",TRUE,133853,191.676742368691,101
"ENSG00000135677",TRUE,392099,455.745709069002,101
"ENSG00000111490",TRUE,14109,20.853217524224,101
"ENSG00000156076",TRUE,101278,356.008500949074,101
"ENSG00000174106",TRUE,43526,44.3146978175285,101
"ENSG00000174099",TRUE,221568,355.949582843351,101
"ENSG00000149948",FALSE,500,2.46576516237526,10
"ENSG00000139233",TRUE,20295,23.7049530941727,101
"ENSG00000155957",TRUE,18145,21.6244644871328,101
"ENSG00000090376",TRUE,164186,282.268173872563,101
"ENSG00000127311",TRUE,14242,22.0313624312553,101
"ENSG00000155974",TRUE,2038,6.22552347897816,54
"ENSG00000111530",TRUE,149715,148.912770247316,101
"ENSG00000127334",TRUE,59201,78.4443374757787,101
"ENSG00000111537",FALSE,862,6.611764420066,16
"ENSG00000111554",TRUE,19864,49.8027313057248,101
"ENSG00000127314",TRUE,94567,101.672499925291,101
"ENSG00000111581",TRUE,50906,54.6849888918657,101
"ENSG00000175782",TRUE,30226,38.0824122627438,101
"ENSG00000135679",TRUE,125932,148.382795237284,101
"ENSG00000135678",TRUE,234687,398.376589643268,101
"ENSG00000111605",TRUE,101924,116.36614065422,101
"ENSG00000090382",TRUE,955610,2071.31349493537,101
"ENSG00000127337",TRUE,13911,17.1444589031944,101
"ENSG00000166225",TRUE,48394,55.9292362149657,101
"ENSG00000166226",TRUE,136379,194.436351803296,101
"ENSG00000127328",TRUE,26838,36.2026749361818,101
"ENSG00000111596",TRUE,94267,85.0116123761601,101
"ENSG00000135643",TRUE,21593,50.6382762730757,101
"ENSG00000127329",TRUE,412005,962.95564809972,101
"ENSG00000153233",TRUE,2232,8.21881530343409,51
"ENSG00000127324",TRUE,55137,121.98923210703,101
"ENSG00000139292",TRUE,5074,16.6901593303301,92
"ENSG00000133858",TRUE,101540,112.000597336519,101
"ENSG00000173451",TRUE,7789,12.605428843067,101
"ENSG00000139291",TRUE,35738,40.4962954018526,101
"ENSG00000080371",TRUE,97799,109.506247466403,101
"ENSG00000121749",TRUE,87866,90.296926292629,101
"ENSG00000072657",TRUE,12727,37.4530369661475,100
"ENSG00000253719",TRUE,144207,185.834470835777,101
"ENSG00000180881",TRUE,12566,39.6759240295987,101
"ENSG00000180481",TRUE,2095,4.36329315859127,67
"ENSG00000139278",TRUE,98881,143.908343667802,101
"ENSG00000111615",TRUE,67289,65.7850353141454,101
"ENSG00000139289",TRUE,241983,427.563684252487,101
"ENSG00000187109",TRUE,634843,725.542023067783,101
"ENSG00000179941",TRUE,37195,66.7950729193081,101
"ENSG00000091039",TRUE,159007,242.607738696039,101
"ENSG00000186908",TRUE,72082,79.9239930270546,101
"ENSG00000175183",TRUE,35240,69.0367528484248,101
"ENSG00000165891",TRUE,2024,5.44126958120211,61
"ENSG00000067798",TRUE,32622,43.7041745237977,101
"ENSG00000067715",TRUE,3080,9.45090636202843,78
"ENSG00000177425",TRUE,72134,109.986928921816,101
"ENSG00000058272",TRUE,170687,234.137733215487,101
"ENSG00000165899",TRUE,1895,3.79935192967433,64
"ENSG00000139304",TRUE,7138,24.685534591195,95
"ENSG00000111052",TRUE,28116,52.6508700556277,101
"ENSG00000111058",TRUE,45244,50.8955089298866,101
"ENSG00000139220",TRUE,6448,12.9998070948166,89
"ENSG00000133773",TRUE,26608,29.1414649893102,101
"ENSG00000127720",TRUE,9276,9.787843514944,101
"ENSG00000179104",TRUE,55061,60.2982877113511,101
"ENSG00000231738",TRUE,9742,88.6473502604177,47
"ENSG00000133640",TRUE,13474,91.2924118623909,73
"ENSG00000198774",TRUE,17550,40.4316559158768,101
"ENSG00000133636",TRUE,3217,22.7692238820601,53
"ENSG00000182050",TRUE,1295,5.00567284685465,40
"ENSG00000133641",TRUE,18543,20.1086602972735,101
"ENSG00000198707",TRUE,43376,75.1197494960402,101
"ENSG00000139324",TRUE,40630,49.7707212733055,101
"ENSG00000049130",TRUE,147792,232.52846048336,101
"ENSG00000139318",TRUE,200273,314.368117197012,101
"ENSG00000139323",TRUE,29197,32.5172780788237,101
"ENSG00000070961",TRUE,81607,124.371525003497,101
"ENSG00000139330",TRUE,841,3.13788447116262,21
"ENSG00000139329",TRUE,1969860,3567.01188877678,101
"ENSG00000011465",TRUE,3417923,6128.34593262203,101
"ENSG00000257242",TRUE,1870,3.59987746017126,68
"ENSG00000133639",TRUE,361057,417.786903874794,101
"ENSG00000187510",TRUE,6512,41.0704009858129,51
"ENSG00000102189",TRUE,66945,82.9143500023314,101
"ENSG00000173598",TRUE,81109,152.448219700916,101
"ENSG00000177889",TRUE,102802,107.940898206659,101
"ENSG00000198015",TRUE,58121,61.2588532527603,101
"ENSG00000120833",TRUE,105178,225.817202853862,101
"ENSG00000169372",TRUE,13512,13.6718145746758,101
"ENSG00000136040",TRUE,97601,241.950948022816,101
"ENSG00000173588",TRUE,19845,45.3439131766842,101
"ENSG00000057704",TRUE,65316,134.842627537088,101
"ENSG00000184752",TRUE,44097,52.2021865258699,101
"ENSG00000120798",TRUE,42477,52.5460518629532,101
"ENSG00000180263",TRUE,49746,67.9085381036462,101
"ENSG00000028203",TRUE,101086,92.4022179923225,101
"ENSG00000111142",TRUE,104114,102.080859398737,101
"ENSG00000136014",TRUE,8276,19.5238870451257,99
"ENSG00000074527",TRUE,122820,168.670103610229,101
"ENSG00000139343",TRUE,34679,88.1843379494935,101
"ENSG00000139344",TRUE,1681,3.53987950250173,54
"ENSG00000084110",TRUE,6459,24.3564526112473,97
"ENSG00000111144",TRUE,376809,681.830356012059,101
"ENSG00000111145",TRUE,160519,209.149238037275,101
"ENSG00000059758",TRUE,78690,127.91602613415,101
"ENSG00000188596",TRUE,10365,67.0334183128648,86
"ENSG00000139350",TRUE,31036,33.3936145248362,101
"ENSG00000120802",TRUE,96006,107.018326427115,101
"ENSG00000075415",TRUE,406003,377.920606650873,101
"ENSG00000166130",TRUE,32905,49.2774658099083,101
"ENSG00000120868",TRUE,46914,60.4693907099789,101
"ENSG00000185046",TRUE,2600,4.35670624822307,83
"ENSG00000111647",TRUE,46840,54.8830892328263,101
"ENSG00000075089",TRUE,27222,26.9796283401271,101
"ENSG00000136021",TRUE,84136,82.6539114262736,101
"ENSG00000139354",TRUE,11017,17.9219398707716,101
"ENSG00000151572",TRUE,2916,14.8147916007539,50
"ENSG00000256870",TRUE,4103,22.0988497583557,64
"ENSG00000120800",TRUE,40225,51.1701535712569,101
"ENSG00000120805",TRUE,112804,111.095552317474,101
"ENSG00000111666",TRUE,78930,114.595113105377,101
"ENSG00000111670",TRUE,128425,134.405075478356,101
"ENSG00000136048",TRUE,181212,311.640488542662,101
"ENSG00000120860",TRUE,40604,45.186773966146,101
"ENSG00000075188",TRUE,20568,22.7619943486183,101
"ENSG00000185480",TRUE,3951,6.6953078546071,98
"ENSG00000017427",TRUE,152984,514.542426765959,101
"ENSG00000136011",TRUE,7113,16.916596297114,88
"ENSG00000111696",TRUE,27442,43.8699912808392,101
"ENSG00000166598",TRUE,1192724,1573.74637878576,101
"ENSG00000204954",TRUE,7069,8.21826885304495,101
"ENSG00000139372",TRUE,28665,29.0112577703718,101
"ENSG00000120820",TRUE,42223,69.5446592344735,101
"ENSG00000111727",TRUE,38362,41.0584200364413,101
"ENSG00000120837",TRUE,81319,92.3721686077176,101
"ENSG00000198431",TRUE,206769,246.20934453177,101
"ENSG00000255150",TRUE,4224,8.03395289439714,101
"ENSG00000171310",TRUE,84771,97.3087525260097,101
"ENSG00000136052",TRUE,19222,36.6224861485941,101
"ENSG00000151131",TRUE,15340,17.6841261389068,101
"ENSG00000136010",TRUE,44354,72.5278504145289,101
"ENSG00000136051",TRUE,114281,124.92776556134,101
"ENSG00000136044",TRUE,69347,105.733251662162,101
"ENSG00000235162",TRUE,24514,70.3586386124883,101
"ENSG00000074590",TRUE,90109,217.928207994897,101
"ENSG00000136026",TRUE,125115,227.351422945791,101
"ENSG00000166046",TRUE,18547,26.5125975965053,99
"ENSG00000013503",TRUE,18437,27.2859049638999,101
"ENSG00000111785",TRUE,27137,28.3558222540959,101
"ENSG00000151135",TRUE,66451,97.9523539129019,101
"ENSG00000120832",TRUE,24368,28.094906756169,101
"ENSG00000008405",TRUE,45588,69.2490465769257,101
"ENSG00000151136",TRUE,4083,7.78658190251286,89
"ENSG00000136045",TRUE,62313,59.913939730552,101
"ENSG00000110851",TRUE,61953,56.4253091798768,101
"ENSG00000075035",TRUE,4780,10.9287202916695,80
"ENSG00000174600",TRUE,76578,143.484868079068,101
"ENSG00000198855",TRUE,13465,26.0841941235209,101
"ENSG00000075856",TRUE,68781,72.6258342713226,101
"ENSG00000136003",TRUE,149462,161.69202353291,101
"ENSG00000183160",TRUE,111973,332.283493448635,101
"ENSG00000110876",TRUE,93950,180.64511382175,101
"ENSG00000110880",TRUE,322768,325.843007670644,101
"ENSG00000084112",TRUE,132588,177.082907112465,101
"ENSG00000135093",TRUE,24563,27.9787457918092,101
"ENSG00000189046",TRUE,11488,15.4754014943843,101
"ENSG00000076248",TRUE,36495,36.4991067989146,101
"ENSG00000076555",TRUE,100348,168.0479854959,101
"ENSG00000174527",TRUE,869,2.51130467604931,19
"ENSG00000110906",TRUE,170929,205.229024923461,101
"ENSG00000151148",TRUE,78615,77.2554765168911,101
"ENSG00000139428",TRUE,38236,192.258424240014,101
"ENSG00000110921",TRUE,24106,44.5816635918874,101
"ENSG00000139438",TRUE,4771,12.2581303553647,97
"ENSG00000111199",TRUE,13080,54.927274861401,99
"ENSG00000139433",TRUE,71264,71.9177660227789,101
"ENSG00000139437",TRUE,31456,29.9369650785302,101
"ENSG00000139436",TRUE,105390,143.174491838797,101
"ENSG00000076513",TRUE,130395,130.063541638852,101
"ENSG00000174456",TRUE,19607,20.4838218699839,101
"ENSG00000122970",TRUE,25466,71.1899436873942,101
"ENSG00000174437",TRUE,451447,680.306281730106,101
"ENSG00000196510",TRUE,56666,63.9355276849872,101
"ENSG00000111229",TRUE,223432,297.704405097855,101
"ENSG00000111231",TRUE,24900,29.7377770133066,101
"ENSG00000204856",TRUE,6351,7.66671266694267,101
"ENSG00000111237",TRUE,92878,110.401089618776,101
"ENSG00000151164",TRUE,1194,1.87417435925995,32
"ENSG00000196850",TRUE,78710,93.3924622074789,101
"ENSG00000204852",TRUE,52461,127.416396026483,101
"ENSG00000122986",TRUE,20201,33.3902582197092,101
"ENSG00000186298",TRUE,183965,185.727839886801,101
"ENSG00000198324",TRUE,23746,31.7610806090663,101
"ENSG00000111252",TRUE,138507,176.737570851896,101
"ENSG00000204842",TRUE,61297,68.4693088967932,101
"ENSG00000089234",TRUE,33455,31.5135721076675,101
"ENSG00000111271",TRUE,36467,39.2406865832567,101
"ENSG00000111275",TRUE,332760,386.577222195444,101
"ENSG00000089022",TRUE,52693,48.0645479672853,101
"ENSG00000198270",TRUE,16321,20.735737340314,101
"ENSG00000089248",TRUE,167518,244.747308570328,101
"ENSG00000111300",TRUE,37886,44.6139945550609,101
"ENSG00000135148",TRUE,69199,84.8332714329316,101
"ENSG00000173064",TRUE,124002,131.414471705019,101
"ENSG00000089009",TRUE,639779,655.256663007713,101
"ENSG00000179295",TRUE,230534,266.90251572327,101
"ENSG00000089169",FALSE,693,3.03457442369638,14
"ENSG00000089127",TRUE,54679,104.571024889083,101
"ENSG00000111331",TRUE,108661,459.244537682523,101
"ENSG00000111335",TRUE,114482,245.864020016767,101
"ENSG00000135144",TRUE,6842,12.0719754291635,101
"ENSG00000111344",TRUE,1492,7.84675355162872,41
"ENSG00000186710",TRUE,15111,94.1641930302476,68
"ENSG00000123064",TRUE,63892,68.2280189429898,101
"ENSG00000139405",TRUE,18575,24.0322739836426,101
"ENSG00000166578",TRUE,6667,44.4370349131505,85
"ENSG00000186815",TRUE,134350,173.349056603774,101
"ENSG00000089060",TRUE,67081,71.9391337377272,101
"ENSG00000151176",TRUE,125500,151.993700679889,101
"ENSG00000135094",TRUE,8264,24.8041871571457,88
"ENSG00000139410",TRUE,10819,38.7077281861995,101
"ENSG00000122965",TRUE,44318,45.4988133982851,101
"ENSG00000089225",TRUE,79437,124.878636218173,101
"ENSG00000135111",TRUE,120614,222.845974189934,101
"ENSG00000123066",TRUE,219798,253.616352201258,101
"ENSG00000111412",TRUE,115154,214.078201567384,101
"ENSG00000135119",TRUE,1566,3.6147294804233,55
"ENSG00000135116",TRUE,1027,5.89470871296895,23
"ENSG00000174989",TRUE,28645,28.7432123802189,101
"ENSG00000088992",TRUE,11514,14.7308963448622,101
"ENSG00000135108",TRUE,83870,115.316074640819,101
"ENSG00000089250",TRUE,11634,35.4626660314841,99
"ENSG00000171435",TRUE,1374,4.01402361436251,38
"ENSG00000111445",TRUE,16271,18.6372282596732,101
"ENSG00000176871",TRUE,100614,123.983419965377,101
"ENSG00000176834",TRUE,49375,96.4167179749201,101
"ENSG00000089220",TRUE,318426,367.572804040545,101
"ENSG00000135090",TRUE,83727,89.5885835632261,101
"ENSG00000111707",TRUE,69434,87.2870328651171,101
"ENSG00000152137",TRUE,119395,148.413918164205,101
"ENSG00000183273",TRUE,4810,33.4033493734907,40
"ENSG00000224982",TRUE,3692,5.58136579455679,96
"ENSG00000111725",TRUE,78929,97.9222963880939,101
"ENSG00000122966",TRUE,37196,82.9186608194567,101
"ENSG00000135127",TRUE,14171,42.0959315879352,100
"ENSG00000111737",TRUE,78019,81.6621673791171,101
"ENSG00000089154",TRUE,143040,139.937168073121,101
"ENSG00000089157",TRUE,1249878,1461.84589288459,101
"ENSG00000089159",TRUE,294632,308.580871459241,101
"ENSG00000089163",TRUE,1786,3.8756090069707,64
"ENSG00000170890",TRUE,11207,45.7088737257544,75
"ENSG00000135097",TRUE,1509,2.87239891605803,48
"ENSG00000111775",TRUE,57867,110.173942288735,101
"ENSG00000170855",TRUE,28610,32.3091624701739,101
"ENSG00000257218",TRUE,50895,54.8737860328397,101
"ENSG00000111786",TRUE,103046,108.507419998928,101
"ENSG00000088986",TRUE,180581,238.735702875242,101
"ENSG00000110871",TRUE,29580,31.3924205176041,101
"ENSG00000022840",TRUE,220036,222.639895989727,101
"ENSG00000167272",TRUE,25227,24.8512651779102,101
"ENSG00000157782",TRUE,1395,3.68652375823804,41
"ENSG00000110917",TRUE,238689,291.662289847282,101
"ENSG00000175970",TRUE,72754,134.06683662573,101
"ENSG00000122971",TRUE,31371,53.8444078854721,101
"ENSG00000157837",TRUE,71489,69.0964721208807,101
"ENSG00000157895",TRUE,20337,19.7872490704907,101
"ENSG00000135114",TRUE,14554,32.4947605052441,101
"ENSG00000089041",TRUE,32521,53.0717607519784,101
"ENSG00000135124",TRUE,53245,76.3353981189916,101
"ENSG00000110931",TRUE,114039,118.920630936694,101
"ENSG00000089053",TRUE,191064,192.242275749385,101
"ENSG00000170633",TRUE,31753,34.5195607512748,101
"ENSG00000089094",TRUE,48609,55.9195093701504,101
"ENSG00000276045",TRUE,32915,59.417115834458,101
"ENSG00000139714",TRUE,6234,32.3453247327014,95
"ENSG00000188735",TRUE,32164,62.1485525037135,101
"ENSG00000139725",TRUE,26629,46.5550391174341,101
"ENSG00000139718",TRUE,74022,80.6390309345704,101
"ENSG00000158104",TRUE,3069,5.61643328734466,96
"ENSG00000110801",TRUE,6865,7.61319757083291,101
"ENSG00000158023",TRUE,23190,134.595848946124,100
"ENSG00000110987",TRUE,20298,34.7591727576281,101
"ENSG00000175727",TRUE,224121,237.167009777249,101
"ENSG00000158113",TRUE,5534,38.6178993888094,60
"ENSG00000184047",TRUE,1828,2.84036593144386,72
"ENSG00000139719",TRUE,17478,19.9518715895296,101
"ENSG00000130779",TRUE,184807,220.458681439956,101
"ENSG00000033030",TRUE,42013,41.1602481433647,101
"ENSG00000111011",TRUE,108434,119.714456975982,101
"ENSG00000184445",TRUE,29282,45.3597791609179,101
"ENSG00000182782",TRUE,12691,31.7213783107607,100
"ENSG00000255398",TRUE,7160,28.8318595082499,97
"ENSG00000196917",TRUE,4858,34.56462514891,48
"ENSG00000139726",TRUE,75557,73.3750501360831,101
"ENSG00000130787",TRUE,63557,81.786240363769,101
"ENSG00000139722",TRUE,67375,98.8118081453285,101
"ENSG00000150967",TRUE,7309,10.8630573431977,101
"ENSG00000111325",TRUE,1392,1.94972132911575,50
"ENSG00000182196",TRUE,1055,1.94972132911575,21
"ENSG00000090975",TRUE,70336,102.067723101944,101
"ENSG00000051825",TRUE,23918,26.808571121706,101
"ENSG00000130921",TRUE,15407,18.6153602239532,101
"ENSG00000111328",TRUE,131400,166.746046652355,101
"ENSG00000139697",TRUE,69552,71.5678096305333,101
"ENSG00000183955",TRUE,44239,46.126526624992,101
"ENSG00000150977",TRUE,70626,82.2368294996766,101
"ENSG00000184209",TRUE,24631,32.3066447312833,101
"ENSG00000188026",TRUE,25895,27.9451772723517,101
"ENSG00000086598",TRUE,284875,384.123335683503,101
"ENSG00000111364",TRUE,31173,34.9313470606189,101
"ENSG00000111361",TRUE,69973,62.5634025410984,101
"ENSG00000111358",TRUE,32868,32.9302870799387,101
"ENSG00000168778",TRUE,25711,65.3708081630531,101
"ENSG00000185344",TRUE,46090,46.0892143768469,101
"ENSG00000197653",TRUE,24303,221.882881811241,85
"ENSG00000119242",TRUE,67017,79.1731554281157,101
"ENSG00000250091",TRUE,4178,4.93976382526049,98
"ENSG00000179195",TRUE,199294,246.822034058418,101
"ENSG00000178882",TRUE,2249,13.6729794929849,45
"ENSG00000196498",TRUE,302310,310.220125786164,101
"ENSG00000073060",TRUE,50358,134.480970201094,101
"ENSG00000150991",TRUE,1681862,3389.81176727596,101
"ENSG00000150990",TRUE,29488,47.1360852856475,101
"ENSG00000184992",TRUE,22338,29.8298208719257,101
"ENSG00000081760",TRUE,33211,40.2543571316159,101
"ENSG00000139364",TRUE,1000,1.9790569595682,28
"ENSG00000181234",TRUE,14689,41.2816560088936,96
"ENSG00000139370",TRUE,42783,56.3088818648344,101
"ENSG00000151948",TRUE,8657,30.8867122911181,94
"ENSG00000151952",TRUE,1539,11.2606543887998,32
"ENSG00000111432",TRUE,4713,8.35217141692901,97
"ENSG00000060709",TRUE,1264,8.21799041371418,35
"ENSG00000111450",TRUE,57903,61.6115394498275,101
"ENSG00000132341",TRUE,232105,316.980287255025,101
"ENSG00000111452",TRUE,92275,148.333701214413,101
"ENSG00000061936",TRUE,73133,72.8824401598029,101
"ENSG00000198598",TRUE,4976,8.13314133095243,101
"ENSG00000177169",TRUE,78166,94.7045345874159,101
"ENSG00000177192",TRUE,21105,32.828179155444,101
"ENSG00000183495",TRUE,111036,133.840117059846,101
"ENSG00000185684",TRUE,32027,36.2329974754574,101
"ENSG00000185163",TRUE,35061,40.3922176619479,101
"ENSG00000184967",TRUE,16391,38.4065007294976,101
"ENSG00000182870",FALSE,929,16.8951630993737,14
"ENSG00000112787",TRUE,69787,66.2783119470176,101
"ENSG00000204583",TRUE,3558,11.2289308762736,85
"ENSG00000187848",TRUE,5154,14.8970482958563,86
"ENSG00000177084",TRUE,46318,49.4316202175806,101
"ENSG00000176894",TRUE,3428,5.0314465408805,101
"ENSG00000247077",TRUE,30036,41.847812794375,101
"ENSG00000176915",TRUE,113562,115.223316103877,101
"ENSG00000090615",TRUE,130050,123.073321456314,101
"ENSG00000072609",TRUE,58701,68.1748349145272,101
"ENSG00000196458",TRUE,25917,33.0254834303517,101
"ENSG00000198393",TRUE,27191,32.7255049950053,101
"ENSG00000198040",TRUE,56774,68.7716016513044,101
"ENSG00000196387",TRUE,26872,26.3750428311047,101
"ENSG00000214029",TRUE,11461,18.0125462124513,101
"ENSG00000256223",TRUE,21057,34.3367047140415,101
"ENSG00000090612",TRUE,29142,33.3902446489689,101
"ENSG00000196199",TRUE,109396,105.154568514192,101
"ENSG00000121390",TRUE,45737,44.2103153472671,101
"ENSG00000132950",TRUE,27174,35.2647237603669,101
"ENSG00000121741",TRUE,120635,118.898605481313,101
"ENSG00000165474",TRUE,7115,47.6705919248026,65
"ENSG00000165475",TRUE,39797,38.7780684783898,101
"ENSG00000032742",TRUE,26452,67.1089915014926,101
"ENSG00000172458",TRUE,4137,8.17266815300258,96
"ENSG00000150456",TRUE,8089,11.1454158979719,101
"ENSG00000132953",TRUE,57543,78.4591194968554,101
"ENSG00000150457",TRUE,88565,114.201667276617,101
"ENSG00000150459",TRUE,135659,129.435075765135,101
"ENSG00000165480",TRUE,2034,9.26274429358471,63
"ENSG00000173141",TRUE,38972,55.6517726256838,101
"ENSG00000180776",TRUE,124310,132.194885370948,101
"ENSG00000165487",TRUE,53074,52.4328294707559,101
"ENSG00000102678",TRUE,3349,6.83648974649244,92
"ENSG00000102683",TRUE,5526,18.382917062806,89
"ENSG00000151835",TRUE,55858,91.3965299432799,101
"ENSG00000127863",TRUE,104810,208.430854235492,101
"ENSG00000027001",TRUE,23008,48.0645479672853,101
"ENSG00000182957",TRUE,95132,121.252220299978,101
"ENSG00000102699",TRUE,144932,158.974922785923,101
"ENSG00000075673",TRUE,8025,60.8934015287551,37
"ENSG00000151849",TRUE,20042,21.4855512542137,101
"ENSG00000139505",TRUE,67874,67.2251181882611,101
"ENSG00000139496",TRUE,85507,102.286799178143,101
"ENSG00000132932",TRUE,8802,19.3047021636483,100
"ENSG00000180730",TRUE,7132,28.2130537809412,95
"ENSG00000127870",TRUE,55603,56.6798914708553,101
"ENSG00000132964",TRUE,19611,19.112068690315,101
"ENSG00000132970",TRUE,45078,84.0408805031446,101
"ENSG00000152484",TRUE,90363,98.8632404351612,101
"ENSG00000122026",TRUE,555212,625.046972656529,101
"ENSG00000122035",TRUE,25293,44.6095805452052,101
"ENSG00000122034",TRUE,108634,164.846725680138,101
"ENSG00000122033",TRUE,45196,45.4529718545912,101
"ENSG00000139517",TRUE,42522,74.9985607797883,101
"ENSG00000186184",TRUE,96858,103.840033804151,101
"ENSG00000122025",TRUE,5952,14.0545290403289,96
"ENSG00000152520",TRUE,74877,87.204086070433,101
"ENSG00000102755",TRUE,185553,282.483371972737,101
"ENSG00000132963",TRUE,88376,149.917914175915,101
"ENSG00000139508",TRUE,42138,43.821721119158,101
"ENSG00000139514",TRUE,42497,84.9680253020924,101
"ENSG00000122042",TRUE,116254,168.584035851192,101
"ENSG00000102781",TRUE,36279,43.7408434077806,101
"ENSG00000189403",TRUE,287266,271.374351215801,101
"ENSG00000132952",TRUE,47557,48.7129052224946,101
"ENSG00000132965",TRUE,166366,313.896684637258,101
"ENSG00000102802",TRUE,67157,534.469256198253,99
"ENSG00000175664",FALSE,851,10.0523632739182,11
"ENSG00000120694",TRUE,127013,299.79883928651,101
"ENSG00000187676",TRUE,21515,25.210857686134,101
"ENSG00000073910",TRUE,120044,171.296335731001,101
"ENSG00000139618",TRUE,8327,11.8323860996985,100
"ENSG00000139597",TRUE,42578,48.1783600086253,101
"ENSG00000244754",TRUE,195678,190.910740329654,101
"ENSG00000083642",TRUE,68033,70.7554726131677,101
"ENSG00000133116",TRUE,26926,70.2302464113732,100
"ENSG00000133121",TRUE,85680,147.902511340633,101
"ENSG00000133119",TRUE,12578,16.8369349766797,101
"ENSG00000172915",TRUE,26432,81.3923241521482,101
"ENSG00000133083",TRUE,43492,92.2581762053527,101
"ENSG00000133104",TRUE,115504,131.11498422077,101
"ENSG00000133101",TRUE,5004,57.7379161116446,49
"ENSG00000180440",TRUE,4353,34.2809236351202,57
"ENSG00000133111",TRUE,9906,10.6547043245215,101
"ENSG00000120693",TRUE,28985,39.0918358764161,101
"ENSG00000120697",TRUE,43730,52.3097659929687,101
"ENSG00000120699",TRUE,36327,37.7987133317982,101
"ENSG00000102710",TRUE,75569,73.6838589121119,101
"ENSG00000133110",TRUE,765897,2079.97568139077,101
"ENSG00000133107",TRUE,7268,22.7161856798301,101
"ENSG00000120686",TRUE,120182,113.152670034894,101
"ENSG00000150893",TRUE,18860,40.6113822445831,100
"ENSG00000133115",TRUE,7508,54.2787828323408,48
"ENSG00000120685",TRUE,56688,62.7717191915625,101
"ENSG00000188811",TRUE,57618,58.8113412807234,101
"ENSG00000183722",TRUE,238600,374.988275009537,101
"ENSG00000133103",TRUE,40083,43.454583460989,101
"ENSG00000150907",TRUE,136956,203.42713482876,101
"ENSG00000102738",TRUE,24845,44.7393276676618,101
"ENSG00000102743",TRUE,10906,14.2084634656577,101
"ENSG00000120690",TRUE,150080,199.905954250536,101
"ENSG00000120688",TRUE,29672,31.3895776207493,101
"ENSG00000165572",TRUE,13759,16.8275102774217,101
"ENSG00000120696",TRUE,13362,20.1086602972735,101
"ENSG00000120662",TRUE,13579,14.2367254826892,101
"ENSG00000172766",TRUE,30051,32.2809015020364,101
"ENSG00000102760",TRUE,427649,1044.44086938991,101
"ENSG00000102763",TRUE,45027,43.9241803574171,101
"ENSG00000102780",TRUE,99479,128.805640854037,101
"ENSG00000023516",TRUE,121035,139.729785481654,101
"ENSG00000120659",TRUE,712,2.79092738721416,15
"ENSG00000179813",TRUE,36705,263.523708745163,84
"ENSG00000133106",TRUE,42404,111.554304343207,101
"ENSG00000120675",TRUE,66841,68.6746435228238,101
"ENSG00000120658",TRUE,4674,7.22740269732691,99
"ENSG00000151773",TRUE,4935,7.55140580977423,100
"ENSG00000179630",TRUE,21701,46.8728476215992,101
"ENSG00000151778",TRUE,5111,6.48344002065439,101
"ENSG00000102804",TRUE,655135,1111.34499065864,101
"ENSG00000083635",TRUE,9784,13.5587233276486,101
"ENSG00000133114",TRUE,34957,36.1475673067703,101
"ENSG00000188342",TRUE,29699,28.9117490420597,101
"ENSG00000133112",TRUE,4080301,4321.72326221011,101
"ENSG00000174032",TRUE,42180,84.3780506669889,101
"ENSG00000136152",TRUE,63106,57.9348682363013,101
"ENSG00000215475",FALSE,672,7.85111584167337,16
"ENSG00000123200",TRUE,118306,111.271887360929,101
"ENSG00000080618",TRUE,15907,62.2641509433962,74
"ENSG00000136167",TRUE,591757,1224.37048613494,101
"ENSG00000173988",TRUE,1108,4.70036484077784,25
"ENSG00000102445",TRUE,10294,17.9793698106127,101
"ENSG00000136141",TRUE,85838,178.731448491343,101
"ENSG00000139684",TRUE,138494,125.387677510537,101
"ENSG00000102468",TRUE,4328,12.7232401650859,73
"ENSG00000136143",TRUE,51386,49.8887275224483,101
"ENSG00000136159",TRUE,21890,23.3125233475271,101
"ENSG00000136146",TRUE,65795,64.1428142548202,101
"ENSG00000136156",TRUE,1048659,1401.36996765213,101
"ENSG00000139687",TRUE,104637,117.796535555438,101
"ENSG00000139679",TRUE,66549,90.2515343134391,101
"ENSG00000136161",TRUE,48165,63.5515683917982,101
"ENSG00000152207",TRUE,5592,12.8700336986805,99
"ENSG00000102531",TRUE,168255,179.177538259149,101
"ENSG00000102543",TRUE,18033,18.8611066534283,101
"ENSG00000102547",TRUE,63021,98.644352895896,101
"ENSG00000136169",TRUE,41058,52.8373316883311,101
"ENSG00000136147",TRUE,63818,87.2599141485454,101
"ENSG00000136144",TRUE,60449,64.6747981939487,101
"ENSG00000152213",TRUE,10152,19.6672290173232,100
"ENSG00000123179",TRUE,24384,41.2047861136943,101
"ENSG00000102753",TRUE,75790,86.3893507833288,101
"ENSG00000123178",TRUE,21620,37.0877389455728,101
"ENSG00000204977",TRUE,45213,50.0465537995576,101
"ENSG00000198553",TRUE,1625,11.0336855396598,27
"ENSG00000176124",TRUE,3345,4.76111088355184,99
"ENSG00000186047",TRUE,1791,4.69665170562943,48
"ENSG00000136104",TRUE,55451,55.7730132073216,101
"ENSG00000150510",TRUE,14755,24.5416401858703,101
"ENSG00000102786",TRUE,53085,84.1966371120722,101
"ENSG00000139668",TRUE,52820,61.5615531884482,101
"ENSG00000102796",TRUE,8228,9.4936086016725,101
"ENSG00000123191",TRUE,16064,36.1004578888159,100
"ENSG00000253710",TRUE,9919,11.6102579308109,99
"ENSG00000197168",TRUE,12001,86.0778618470722,89
"ENSG00000136098",TRUE,28508,36.7187500937468,101
"ENSG00000136114",TRUE,38079,75.0323145420654,101
"ENSG00000136100",TRUE,94844,94.6094345908741,101
"ENSG00000136108",TRUE,19654,34.3397001160637,101
"ENSG00000139675",TRUE,4758,5.71016006184276,101
"ENSG00000165416",TRUE,58926,66.7052860442239,101
"ENSG00000102837",TRUE,4832,131.764415765764,27
"ENSG00000118946",TRUE,116672,333.368573510397,101
"ENSG00000139734",TRUE,4932,11.406208231402,93
"ENSG00000083544",TRUE,45547,74.6888279956628,101
"ENSG00000184226",TRUE,7270,42.7236135967781,99
"ENSG00000276644",TRUE,28133,51.1006821978926,101
"ENSG00000204899",TRUE,15123,18.2743906524762,101
"ENSG00000136122",TRUE,6898,10.3974542086281,101
"ENSG00000083520",TRUE,77546,94.471093242969,101
"ENSG00000083535",TRUE,31564,48.0645479672853,101
"ENSG00000102554",TRUE,60267,149.218015886758,101
"ENSG00000118922",TRUE,45983,71.2953161913395,101
"ENSG00000136111",TRUE,73906,91.6034766298525,101
"ENSG00000188243",TRUE,75275,88.109031085318,101
"ENSG00000118939",TRUE,4944,15.4379071559745,100
"ENSG00000136153",TRUE,253902,499.387716667732,101
"ENSG00000178695",TRUE,490080,659.532296970462,101
"ENSG00000102805",TRUE,48275,50.7681659508626,101
"ENSG00000005812",TRUE,104422,121.063548061151,101
"ENSG00000005810",TRUE,215714,253.137114020324,101
"ENSG00000136155",TRUE,88593,219.96855345912,101
"ENSG00000139737",TRUE,11583,19.7457655707744,101
"ENSG00000136160",TRUE,190883,548.632065019448,101
"ENSG00000152193",TRUE,20709,23.942591546109,101
"ENSG00000139746",TRUE,93231,94.6592048776121,101
"ENSG00000102471",TRUE,43837,63.185232285866,101
"ENSG00000136158",TRUE,76534,117.036558355403,101
"ENSG00000184564",TRUE,16482,56.5485049340516,97
"ENSG00000165300",TRUE,1820,4.7043560739539,51
"ENSG00000179399",TRUE,2186,8.61056895899955,51
"ENSG00000183098",TRUE,28232,54.6502766057303,101
"ENSG00000088451",TRUE,16283,18.1375652706737,101
"ENSG00000152749",TRUE,21806,24.6288925482612,101
"ENSG00000125257",TRUE,54501,89.4953935792131,101
"ENSG00000134873",TRUE,4055,16.5505283094897,75
"ENSG00000134874",TRUE,41968,50.4711313155454,101
"ENSG00000102580",TRUE,154186,182.730736610573,101
"ENSG00000102595",TRUE,44044,52.1629428200339,101
"ENSG00000185352",TRUE,800,3.7626099416472,15
"ENSG00000165621",TRUE,1123,6.6728795434501,29
"ENSG00000139793",TRUE,150269,209.16466833834,101
"ENSG00000125249",TRUE,93765,132.91258911257,101
"ENSG00000065150",TRUE,178094,180.59367615465,101
"ENSG00000152767",TRUE,149340,189.212768304605,101
"ENSG00000102572",TRUE,164109,160.829612981368,101
"ENSG00000088387",TRUE,283751,505.076723800649,101
"ENSG00000134882",TRUE,82312,75.4196229797041,101
"ENSG00000125245",TRUE,876,3.25974240054287,18
"ENSG00000169508",TRUE,39838,89.5393606889647,101
"ENSG00000125304",TRUE,303508,311.148741427228,101
"ENSG00000125246",TRUE,9006,10.6456452602671,101
"ENSG00000175198",TRUE,31262,35.1482679750642,101
"ENSG00000134864",TRUE,5094,5.78885288372268,101
"ENSG00000125247",TRUE,20749,25.4479942668496,101
"ENSG00000102452",TRUE,12312,28.6914552964342,97
"ENSG00000198542",TRUE,147175,397.72678620517,101
"ENSG00000102466",TRUE,13697,50.4828900033751,100
"ENSG00000134900",TRUE,91478,99.583693195924,101
"ENSG00000151287",TRUE,7306,12.2240760789592,101
"ENSG00000134901",TRUE,14573,22.7563081447711,99
"ENSG00000134897",TRUE,27595,31.3041331765985,101
"ENSG00000134899",TRUE,4209,5.4935338490628,97
"ENSG00000125266",TRUE,124242,225.378934160229,101
"ENSG00000134884",TRUE,346184,399.814367114163,101
"ENSG00000204442",TRUE,5282,9.4649897747903,93
"ENSG00000174405",TRUE,25312,29.0953348453257,101
"ENSG00000139826",TRUE,37672,47.6396544784541,101
"ENSG00000102524",TRUE,40655,84.1912778622969,101
"ENSG00000041515",TRUE,3803,10.5098591189917,90
"ENSG00000185950",TRUE,110824,205.923141305388,101
"ENSG00000187498",TRUE,1238988,2799.36765279485,101
"ENSG00000134871",TRUE,1129845,2095.43831199125,101
"ENSG00000139832",TRUE,45165,70.6181840905078,101
"ENSG00000213995",TRUE,67108,68.6454736012367,101
"ENSG00000134905",TRUE,67385,73.244099841667,101
"ENSG00000153487",TRUE,27539,33.4219146411519,101
"ENSG00000088448",TRUE,164546,197.469376908301,101
"ENSG00000102606",TRUE,113719,138.379720015309,101
"ENSG00000126216",TRUE,43811,41.9029394361626,101
"ENSG00000068650",TRUE,237905,427.453244750335,101
"ENSG00000126217",TRUE,84296,175.122170452342,101
"ENSG00000126218",TRUE,21285,30.4759245230837,101
"ENSG00000126226",TRUE,55829,51.974851534231,101
"ENSG00000139842",TRUE,114981,108.388087618809,101
"ENSG00000185896",TRUE,443050,551.547473221256,101
"ENSG00000139835",TRUE,6542,15.4341102916334,99
"ENSG00000153531",TRUE,6054,14.5376681851963,101
"ENSG00000150401",TRUE,21469,23.7726134090661,101
"ENSG00000150403",TRUE,87361,89.3706457491417,101
"ENSG00000198176",TRUE,89378,88.7206527994903,101
"ENSG00000184497",TRUE,34943,46.7694209273285,101
"ENSG00000183087",TRUE,364646,467.508386489198,101
"ENSG00000185989",TRUE,76092,81.1452344462226,101
"ENSG00000130177",TRUE,102272,106.255903210697,101
"ENSG00000169062",TRUE,54521,55.3980603781626,101
"ENSG00000198824",TRUE,31426,34.9712744724421,101
"ENSG00000136319",TRUE,21771,30.6071413942618,101
"ENSG00000100814",TRUE,47590,61.4779874213836,101
"ENSG00000129484",TRUE,30295,31.8447128531425,101
"ENSG00000129566",TRUE,95528,118.443685201342,101
"ENSG00000185271",TRUE,3010,6.42574066031982,87
"ENSG00000092094",TRUE,55209,63.5980528782993,101
"ENSG00000100823",TRUE,143908,145.336322812897,101
"ENSG00000165782",TRUE,53073,50.9756545889645,101
"ENSG00000198805",TRUE,81251,332.483914688053,101
"ENSG00000214274",TRUE,10600,16.0826023206936,101
"ENSG00000258818",TRUE,1475,3.70953100399516,43
"ENSG00000169413",TRUE,37663,67.8812941829253,101
"ENSG00000129538",TRUE,624533,922.636355129939,101
"ENSG00000169397",TRUE,814,6.9475782858312,17
"ENSG00000169385",TRUE,7216,26.077939204343,90
"ENSG00000165792",TRUE,71489,78.3191387425049,101
"ENSG00000165795",TRUE,179303,274.549128122847,101
"ENSG00000165801",TRUE,113474,125.925728606408,101
"ENSG00000165804",TRUE,62073,71.8371812363497,101
"ENSG00000092199",TRUE,388454,390.335787847546,101
"ENSG00000092200",TRUE,1380,2.60582684341939,48
"ENSG00000092201",TRUE,153272,146.661373795403,101
"ENSG00000100888",TRUE,130121,128.277299710004,101
"ENSG00000129472",TRUE,44820,50.8262082519173,101
"ENSG00000092203",TRUE,100437,94.5561228922929,101
"ENSG00000165819",TRUE,74997,80.6390309345704,101
"ENSG00000165821",TRUE,17210,23.291679221047,101
"ENSG00000129562",TRUE,133526,157.149894924309,101
"ENSG00000100439",TRUE,60524,68.1691941404667,101
"ENSG00000155463",TRUE,146438,168.198839207854,101
"ENSG00000155465",TRUE,98493,175.740027998843,101
"ENSG00000172590",TRUE,31937,77.716683829101,101
"ENSG00000157227",TRUE,390838,677.297342572055,101
"ENSG00000197324",TRUE,332532,347.220916397072,101
"ENSG00000139890",TRUE,1366,5.82957718236411,32
"ENSG00000100461",TRUE,114235,121.043574164138,101
"ENSG00000100462",TRUE,61569,74.4664961816931,101
"ENSG00000092036",TRUE,20978,25.9783547467628,101
"ENSG00000129474",TRUE,29720,62.8049592994372,101
"ENSG00000100802",TRUE,13789,18.1577768136863,101
"ENSG00000100804",TRUE,96407,108.224664507074,101
"ENSG00000139880",TRUE,19467,35.1543680998725,101
"ENSG00000100813",TRUE,255695,265.654362099665,101
"ENSG00000179933",TRUE,69934,82.2818481294805,101
"ENSG00000092068",TRUE,62886,98.7444196270116,101
"ENSG00000215271",TRUE,20395,22.7618170942377,101
"ENSG00000235194",TRUE,24641,31.2620879155959,101
"ENSG00000129473",TRUE,125062,131.996855345912,101
"ENSG00000100836",TRUE,103088,198.960735151633,101
"ENSG00000092096",TRUE,33013,47.2364915790534,101
"ENSG00000100842",TRUE,36837,51.2500496870775,101
"ENSG00000166091",TRUE,1180,10.7999268196959,25
"ENSG00000129460",TRUE,37267,39.9662891804511,101
"ENSG00000136367",TRUE,5369,22.8986761542255,97
"ENSG00000259431",TRUE,6815,7.70846524003632,99
"ENSG00000213983",TRUE,107410,132.678968994106,101
"ENSG00000092051",TRUE,6877,14.2289210392238,99
"ENSG00000157326",TRUE,19860,36.3732153967595,101
"ENSG00000187630",TRUE,18835,87.2053487152122,101
"ENSG00000186648",TRUE,2416,4.08323091805841,81
"ENSG00000129535",TRUE,2399,3.18353597001164,94
"ENSG00000100889",TRUE,44493,76.2382520283996,101
"ENSG00000100897",TRUE,89519,89.8310801972851,101
"ENSG00000092010",TRUE,205076,355.728301995876,101
"ENSG00000100908",TRUE,10748,29.8215182134922,101
"ENSG00000100911",TRUE,132612,415.695467666242,101
"ENSG00000092098",TRUE,1976,2.75160449608624,78
"ENSG00000213928",TRUE,12384,21.2083178582329,101
"ENSG00000100918",TRUE,31733,58.4939810212323,101
"ENSG00000196497",TRUE,941,3.69003634459879,10
"ENSG00000100926",TRUE,5717,6.22295861539697,100
"ENSG00000254505",TRUE,2734,3.63921884966245,98
"ENSG00000129559",TRUE,60202,115.370115916844,101
"ENSG00000100938",TRUE,84739,87.4751380173481,101
"ENSG00000092330",TRUE,99374,93.0037444682676,101
"ENSG00000092295",TRUE,7978,50.1885727363747,98
"ENSG00000100949",TRUE,37807,46.3688934762566,101
"ENSG00000157379",TRUE,30803,31.9540972446538,101
"ENSG00000196943",TRUE,57917,55.0530810303666,101
"ENSG00000136305",TRUE,27747,37.7110211252757,101
"ENSG00000213906",TRUE,4442,6.45991530270169,92
"ENSG00000213903",TRUE,31200,42.2297232565907,101
"ENSG00000129467",TRUE,97421,169.83174176056,101
"ENSG00000129465",TRUE,17977,26.1985102954642,101
"ENSG00000100968",TRUE,92937,209.202468679499,101
"ENSG00000205978",TRUE,83658,98.3017863403488,101
"ENSG00000139899",TRUE,9631,17.5390587132099,101
"ENSG00000100441",TRUE,155547,158.596442248974,101
"ENSG00000100445",TRUE,55596,57.3085236375444,101
"ENSG00000092009",TRUE,1998,8.10492053159762,42
"ENSG00000100448",TRUE,13867,54.8027979525902,91
"ENSG00000100450",TRUE,9201,27.977888588383,99
"ENSG00000100453",TRUE,17460,130.928311713632,100
"ENSG00000168952",TRUE,56332,144.91616945384,101
"ENSG00000139910",TRUE,6506,15.5232276839893,100
"ENSG00000184304",TRUE,31380,43.5221858135403,101
"ENSG00000092140",TRUE,21172,23.8394314273044,101
"ENSG00000092108",TRUE,75017,68.5045031769057,101
"ENSG00000100473",TRUE,4085,10.6374311576791,72
"ENSG00000196792",TRUE,43840,43.4730630033366,101
"ENSG00000100478",TRUE,14270,15.1442317493493,101
"ENSG00000092148",TRUE,245601,281.736847204465,101
"ENSG00000129493",TRUE,43777,52.6456983703916,101
"ENSG00000129480",TRUE,13991,18.0083333019935,101
"ENSG00000151413",TRUE,16277,18.4829962045827,101
"ENSG00000100852",TRUE,112813,154.408801605447,101
"ENSG00000151320",TRUE,27413,60.4542121453491,101
"ENSG00000151322",TRUE,1775,3.8888704636326,59
"ENSG00000129521",TRUE,12976,26.3027490250701,101
"ENSG00000165389",TRUE,91784,171.773961301235,101
"ENSG00000129518",TRUE,43183,41.8639108082124,101
"ENSG00000129515",TRUE,84640,127.186156076354,101
"ENSG00000165410",TRUE,69625,105.345911949686,101
"ENSG00000198604",TRUE,101861,216.808461961223,101
"ENSG00000100883",TRUE,73813,77.4750047679645,101
"ENSG00000151327",TRUE,85980,104.433868626822,101
"ENSG00000092020",TRUE,40358,38.6110867098785,101
"ENSG00000100890",TRUE,8747,9.83966505780143,101
"ENSG00000100902",TRUE,10202,11.1137433134748,101
"ENSG00000100906",TRUE,500041,937.524570513582,101
"ENSG00000174373",TRUE,47440,52.4789026870786,101
"ENSG00000100916",TRUE,17404,21.1068038386241,101
"ENSG00000151332",TRUE,72792,121.019388081184,101
"ENSG00000229415",TRUE,46972,91.8713774795462,101
"ENSG00000136352",TRUE,122415,217.131464380534,101
"ENSG00000198807",TRUE,7018,39.0392201494255,46
"ENSG00000151338",TRUE,10265,12.6315661974098,101
"ENSG00000129514",TRUE,24886,90.2315939106696,100
"ENSG00000139865",TRUE,3179,11.4812190373098,75
"ENSG00000139874",TRUE,17109,59.5206017693705,99
"ENSG00000176435",TRUE,151206,316.974015503776,101
"ENSG00000100934",TRUE,108098,136.341940467282,101
"ENSG00000092208",TRUE,9362,10.5975084421007,101
"ENSG00000182400",TRUE,53724,54.9952721251995,101
"ENSG00000100941",TRUE,147569,185.065925210366,101
"ENSG00000150527",TRUE,57199,86.6068741674669,101
"ENSG00000165355",TRUE,30559,32.3421747788694,101
"ENSG00000165379",TRUE,5217,11.893623432024,100
"ENSG00000179476",TRUE,10688,13.8809781902821,101
"ENSG00000179454",TRUE,23550,30.3069112466992,101
"ENSG00000198718",TRUE,39117,64.3883567108916,101
"ENSG00000185246",TRUE,52748,57.9050707318058,101
"ENSG00000100442",TRUE,58178,66.1945251822887,101
"ENSG00000187790",TRUE,10472,12.0158380828898,101
"ENSG00000129534",TRUE,48418,48.7252535265173,101
"ENSG00000213741",TRUE,333265,368.826661223807,101
"ENSG00000165501",TRUE,9246,15.5299582889922,101
"ENSG00000165502",TRUE,179039,324.346664003816,101
"ENSG00000168282",TRUE,52790,64.6096298886127,101
"ENSG00000165506",TRUE,14615,28.6422384899389,101
"ENSG00000100479",TRUE,3335,6.9192883465807,101
"ENSG00000197776",TRUE,8927,13.2756152803876,100
"ENSG00000165516",TRUE,76426,75.0998469059133,101
"ENSG00000165525",TRUE,75378,70.8120777442552,101
"ENSG00000165527",TRUE,164893,223.26237064967,101
"ENSG00000100483",TRUE,12902,15.1857662125982,101
"ENSG00000100485",TRUE,95497,98.6236687701325,101
"ENSG00000087299",TRUE,8401,10.4612960395849,101
"ENSG00000125375",TRUE,29833,36.1868534675447,101
"ENSG00000100490",TRUE,11307,17.4574065730234,101
"ENSG00000012983",TRUE,99429,102.354690584434,101
"ENSG00000198513",TRUE,15367,18.2190776328449,101
"ENSG00000151748",TRUE,69368,72.4698509812325,101
"ENSG00000100503",TRUE,129536,134.717285070711,101
"ENSG00000100504",TRUE,81144,138.721958429091,101
"ENSG00000131969",TRUE,946,7.26411652640807,22
"ENSG00000100505",TRUE,2861,5.82102258045647,83
"ENSG00000139921",TRUE,58907,68.8874563782784,101
"ENSG00000139926",TRUE,55624,88.974019501649,101
"ENSG00000186469",TRUE,74334,112.852881700969,101
"ENSG00000087302",TRUE,114656,116.014829260892,101
"ENSG00000087303",TRUE,49685,79.8750227054628,101
"ENSG00000168229",TRUE,2842,4.7010302731707,84
"ENSG00000125384",TRUE,21999,48.2812564628075,101
"ENSG00000087301",TRUE,21714,33.300461438984,101
"ENSG00000180998",TRUE,4029,9.55542853175341,98
"ENSG00000197930",TRUE,85718,139.538981656044,101
"ENSG00000100519",TRUE,89181,86.5938693802523,101
"ENSG00000198252",TRUE,29967,32.0789134258492,101
"ENSG00000100522",TRUE,36735,51.979113200773,101
"ENSG00000073712",TRUE,240089,282.095877310656,101
"ENSG00000100523",TRUE,58998,63.3835622423504,101
"ENSG00000125378",TRUE,23713,36.9430052485888,101
"ENSG00000100526",TRUE,3114,12.8391239319886,83
"ENSG00000100528",TRUE,104536,110.142605689472,101
"ENSG00000197045",TRUE,80643,101.468641055008,101
"ENSG00000100532",TRUE,18313,17.9678748771496,101
"ENSG00000020577",TRUE,79627,211.218057713239,101
"ENSG00000131979",TRUE,28365,82.647055250825,101
"ENSG00000198554",TRUE,8918,11.5215033122636,101
"ENSG00000180008",TRUE,46520,55.1749505724401,101
"ENSG00000168175",TRUE,114651,125.505195519283,101
"ENSG00000131981",TRUE,413059,555.144419657935,101
"ENSG00000126787",TRUE,3819,11.5777057674454,78
"ENSG00000178974",TRUE,56030,72.242012037309,101
"ENSG00000126775",TRUE,42974,47.4804397968564,101
"ENSG00000126777",TRUE,344218,343.480142313383,101
"ENSG00000139946",TRUE,38135,48.6330480008184,101
"ENSG00000070269",TRUE,31291,33.4789225621185,101
"ENSG00000070367",TRUE,89870,105.501419473644,101
"ENSG00000053770",TRUE,59685,58.3073029105537,101
"ENSG00000139977",TRUE,36556,40.0833342295054,101
"ENSG00000139971",TRUE,9716,14.3916111467938,98
"ENSG00000131966",TRUE,83684,76.8558927949663,101
"ENSG00000100567",TRUE,90859,143.767435645621,101
"ENSG00000032219",TRUE,55634,71.2326417351888,101
"ENSG00000100575",TRUE,21942,23.4957917433417,101
"ENSG00000100578",TRUE,31068,36.3378745815283,101
"ENSG00000165617",TRUE,23056,62.1419388495275,101
"ENSG00000100592",TRUE,87131,109.509335619303,101
"ENSG00000181619",TRUE,4822,11.8649906145657,96
"ENSG00000126790",TRUE,15635,18.2265288621566,101
"ENSG00000050130",TRUE,59724,55.613968936608,101
"ENSG00000139970",TRUE,23873,54.4245736415135,101
"ENSG00000126773",TRUE,80848,105.726890890302,101
"ENSG00000100612",TRUE,85876,88.502468950266,101
"ENSG00000100614",TRUE,99995,103.494959292382,101
"ENSG00000126778",TRUE,6808,39.3751874366799,59
"ENSG00000100625",TRUE,7376,31.3614506589603,80
"ENSG00000020426",TRUE,14374,22.1429442679475,101
"ENSG00000126814",TRUE,20991,20.5412255698962,101
"ENSG00000139974",TRUE,17662,24.7578330246857,101
"ENSG00000027075",TRUE,131048,166.026789794059,101
"ENSG00000182107",TRUE,38009,60.9582507316611,101
"ENSG00000100644",TRUE,331825,704.158443888722,101
"ENSG00000023608",TRUE,11565,18.4760155586611,101
"ENSG00000139973",TRUE,777,3.74615662501928,21
"ENSG00000126785",TRUE,93452,140.97452967362,101
"ENSG00000154001",TRUE,69534,67.7840554836985,101
"ENSG00000140006",TRUE,16536,22.5167523884702,101
"ENSG00000126821",TRUE,32753,41.5144935287796,101
"ENSG00000054654",TRUE,307442,464.246097740619,101
"ENSG00000140009",TRUE,3573,14.5108432698161,52
"ENSG00000100714",TRUE,65720,71.5485959767412,101
"ENSG00000089775",TRUE,28125,36.5378544479569,101
"ENSG00000179841",TRUE,8490,11.6765804268779,101
"ENSG00000126804",TRUE,74714,87.0337733111153,101
"ENSG00000126803",TRUE,31300,50.3531965876247,101
"ENSG00000165807",TRUE,3134,18.2131384593015,67
"ENSG00000126822",TRUE,50911,57.611084466967,101
"ENSG00000070182",TRUE,9788,13.4904754771055,101
"ENSG00000258289",TRUE,92564,122.647881957553,101
"ENSG00000176153",TRUE,3035,14.0380007275896,39
"ENSG00000139998",TRUE,32762,45.4105886725978,101
"ENSG00000257365",TRUE,10400,12.3503257247796,101
"ENSG00000125952",TRUE,98573,119.165521524445,101
"ENSG00000033170",TRUE,46443,64.3331214605827,101
"ENSG00000171723",TRUE,23723,23.1633358582044,101
"ENSG00000072415",TRUE,48020,81.7968874078501,101
"ENSG00000100554",TRUE,70095,82.3747756043097,101
"ENSG00000134001",TRUE,93595,116.065511207882,101
"ENSG00000100558",TRUE,3765,6.80307170518918,94
"ENSG00000198133",TRUE,10947,23.602461360003,101
"ENSG00000054690",TRUE,8094,24.8007210699589,101
"ENSG00000100564",TRUE,22482,22.9380281411259,101
"ENSG00000081181",TRUE,8575,36.9520311173223,100
"ENSG00000100568",TRUE,116080,107.999524802091,101
"ENSG00000072042",TRUE,79010,102.498865797033,101
"ENSG00000072121",TRUE,81728,120.498470322555,101
"ENSG00000182185",TRUE,6962,10.5659876747754,100
"ENSG00000185650",TRUE,601643,1054.95386058736,101
"ENSG00000072110",TRUE,369466,515.513100980677,101
"ENSG00000139990",TRUE,131580,120.236943106841,101
"ENSG00000081177",TRUE,43875,44.0430974426088,101
"ENSG00000100626",TRUE,22602,53.0009531137307,101
"ENSG00000100632",TRUE,107605,166.202249235296,101
"ENSG00000029364",TRUE,104218,93.9899628655512,101
"ENSG00000175985",TRUE,1009,3.16797853377746,18
"ENSG00000100647",TRUE,177385,257.660179227263,101
"ENSG00000100650",TRUE,430571,487.338574885855,101
"ENSG00000198732",TRUE,5117,13.7387181390057,88
"ENSG00000100678",TRUE,3500,17.1532197968711,93
"ENSG00000133983",TRUE,5048,6.83759612342488,100
"ENSG00000213463",TRUE,73338,75.4825084293178,101
"ENSG00000133997",TRUE,19765,18.37820284444,101
"ENSG00000133985",TRUE,24897,52.1455001531869,101
"ENSG00000006432",TRUE,13992,20.7222429755797,101
"ENSG00000100731",TRUE,157805,171.525774793407,101
"ENSG00000197555",TRUE,98629,108.741623152897,101
"ENSG00000182732",TRUE,2915,8.64657390568559,81
"ENSG00000205683",TRUE,2690,4.64219364075177,83
"ENSG00000119599",TRUE,13877,17.6932160569407,101
"ENSG00000165861",TRUE,40045,42.5530875927404,101
"ENSG00000119707",TRUE,204539,216.664136581145,101
"ENSG00000080815",TRUE,119423,118.079199895342,101
"ENSG00000100767",TRUE,83123,137.320764097992,101
"ENSG00000133961",TRUE,175599,199.709036500801,101
"ENSG00000170468",TRUE,13470,19.7584122785693,101
"ENSG00000184227",TRUE,5863,11.8079199895342,99
"ENSG00000119673",TRUE,19671,28.0981653005376,101
"ENSG00000177465",TRUE,5283,10.4833107658229,101
"ENSG00000119661",TRUE,37400,84.9918429406222,101
"ENSG00000176903",TRUE,55669,70.0907490751183,101
"ENSG00000156030",TRUE,108946,169.20295446838,101
"ENSG00000140043",TRUE,8113,11.0188880693644,101
"ENSG00000156050",TRUE,8785,16.3238087436063,101
"ENSG00000119723",TRUE,26420,28.909716276816,101
"ENSG00000187097",TRUE,31411,31.8163124123068,101
"ENSG00000119636",TRUE,20364,97.2626937639877,101
"ENSG00000119711",TRUE,42927,77.1420761392291,101
"ENSG00000205659",TRUE,19975,20.3645681647898,101
"ENSG00000119688",TRUE,74569,79.7696938127998,101
"ENSG00000183379",TRUE,2018,7.98789265191145,49
"ENSG00000119655",TRUE,377139,555.046221142782,101
"ENSG00000165898",TRUE,20301,25.7551288456059,101
"ENSG00000119681",TRUE,829782,1648.63042281221,101
"ENSG00000119682",TRUE,65290,67.4449300649725,101
"ENSG00000119616",TRUE,55565,56.5584884119825,101
"ENSG00000119596",TRUE,113995,112.830770621316,101
"ENSG00000119689",TRUE,137975,120.596147829426,101
"ENSG00000198208",TRUE,8424,16.4806015471884,101
"ENSG00000119630",TRUE,22966,49.6747610382548,101
"ENSG00000119718",TRUE,36430,35.9877979218708,101
"ENSG00000119684",TRUE,44723,46.8258361420115,101
"ENSG00000119640",TRUE,10998,16.852821064001,101
"ENSG00000119703",TRUE,5182,19.573455854602,94
"ENSG00000119638",TRUE,179015,161.538877171956,101
"ENSG00000170348",TRUE,420421,418.69019456264,101
"ENSG00000170345",TRUE,946769,2813.92892020499,101
"ENSG00000140044",TRUE,68683,103.289239067163,101
"ENSG00000156127",TRUE,11797,30.5217497065837,101
"ENSG00000119686",TRUE,41143,77.5616695747183,101
"ENSG00000119685",TRUE,37599,69.3006139716991,101
"ENSG00000133935",TRUE,50464,83.1067767301583,101
"ENSG00000119650",TRUE,24973,45.8483864545579,101
"ENSG00000119699",TRUE,92508,203.297203237935,101
"ENSG00000089916",TRUE,78645,79.0023956686463,101
"ENSG00000071246",TRUE,112389,228.503900775972,101
"ENSG00000013523",TRUE,57253,65.6166747490433,101
"ENSG00000119669",TRUE,85378,108.813818616561,101
"ENSG00000198894",TRUE,42258,67.1845646901205,101
"ENSG00000165548",TRUE,1880,6.329072401115,52
"ENSG00000009830",TRUE,33456,37.0509771743389,101
"ENSG00000100577",TRUE,13399,27.3363916957012,101
"ENSG00000100580",TRUE,46817,48.5325458837889,101
"ENSG00000100583",TRUE,2506,14.3589058392833,37
"ENSG00000151445",TRUE,35320,43.4440282770722,101
"ENSG00000100591",TRUE,101279,140.717277224977,101
"ENSG00000100596",TRUE,137985,170.773547897741,101
"ENSG00000100601",TRUE,15292,16.3091726531454,101
"ENSG00000119705",TRUE,30979,44.8302495280971,101
"ENSG00000100603",TRUE,89376,89.9702342359637,101
"ENSG00000063761",TRUE,12723,25.3784132271386,101
"ENSG00000021645",TRUE,19517,44.8488716915904,101
"ENSG00000211448",TRUE,39190,167.886400629209,92
"ENSG00000100629",TRUE,8633,15.4169304800726,101
"ENSG00000165417",TRUE,55553,69.4131800722439,101
"ENSG00000140022",TRUE,21639,25.3450481030468,101
"ENSG00000071537",TRUE,234667,353.174540245379,101
"ENSG00000185070",TRUE,44837,72.7015731677278,101
"ENSG00000054983",TRUE,92511,104.046155095607,101
"ENSG00000140030",TRUE,19484,38.2738719787878,101
"ENSG00000042317",TRUE,13538,21.3872123816694,101
"ENSG00000070778",TRUE,91654,158.117298918917,101
"ENSG00000100722",TRUE,89673,94.8466095382623,101
"ENSG00000165521",TRUE,3880,6.72601378787483,87
"ENSG00000165533",TRUE,24138,32.9499102417239,101
"ENSG00000053254",TRUE,218213,239.151192686137,101
"ENSG00000140025",TRUE,6958,21.538358758925,101
"ENSG00000042088",TRUE,17074,27.0552015287549,101
"ENSG00000152315",TRUE,1936,4.82844385692416,59
"ENSG00000100764",TRUE,46134,45.452945315512,101
"ENSG00000119720",TRUE,33721,33.4083502652927,101
"ENSG00000198668",TRUE,734921,734.359772516174,101
"ENSG00000165914",TRUE,45407,47.9246778537341,101
"ENSG00000100784",TRUE,19346,26.4883441013466,101
"ENSG00000133943",TRUE,80609,92.3841761238142,101
"ENSG00000119714",TRUE,10929,20.1086602972735,101
"ENSG00000015133",TRUE,78679,161.575477286251,101
"ENSG00000100796",TRUE,127533,117.786424719563,101
"ENSG00000133962",TRUE,2972,10.7106674240675,88
"ENSG00000165929",TRUE,65964,123.981754570681,101
"ENSG00000140092",TRUE,252078,509.350238363367,101
"ENSG00000100815",TRUE,80907,81.6288355051551,101
"ENSG00000066427",TRUE,40843,46.4971865777614,101
"ENSG00000183648",TRUE,52971,61.6328780448489,101
"ENSG00000165934",TRUE,86307,82.2589037037369,101
"ENSG00000140090",TRUE,7797,21.887851687917,97
"ENSG00000100599",TRUE,96756,120.787738389087,101
"ENSG00000100600",TRUE,261353,511.948164250776,101
"ENSG00000066455",TRUE,81414,75.2129608331334,101
"ENSG00000100605",TRUE,108453,134.331376473752,101
"ENSG00000165943",TRUE,61484,79.1666666666667,101
"ENSG00000153485",TRUE,12387,15.5259439258828,101
"ENSG00000170270",TRUE,15699,35.0659595233025,101
"ENSG00000012963",TRUE,49670,44.1588581397838,101
"ENSG00000011114",TRUE,63646,59.2964182443108,101
"ENSG00000133958",TRUE,1201,6.87716016513044,24
"ENSG00000175785",TRUE,7791,36.6720055820739,91
"ENSG00000140067",TRUE,1849,6.11307359089704,49
"ENSG00000100628",TRUE,14118,45.0966555130909,101
"ENSG00000089723",TRUE,2658,3.69640456564328,89
"ENSG00000089737",TRUE,228357,254.918196175844,101
"ENSG00000165948",TRUE,12882,16.0403620693784,101
"ENSG00000165949",TRUE,260810,450.258197392093,101
"ENSG00000119632",TRUE,35692,171.774957184282,101
"ENSG00000119698",TRUE,3817,9.90561344510192,73
"ENSG00000170099",FALSE,446,3.00837149073466,12
"ENSG00000197249",TRUE,918815,2006.02953947069,101
"ENSG00000188488",TRUE,4468,15.7966490116321,80
"ENSG00000273259",TRUE,1059,3.9043444137208,23
"ENSG00000196136",TRUE,6888,59.8130590354893,80
"ENSG00000100697",TRUE,144781,168.202881046112,101
"ENSG00000165959",TRUE,66625,137.724714344121,101
"ENSG00000176438",TRUE,63140,100.337929484236,101
"ENSG00000182512",TRUE,35504,40.6657066547622,101
"ENSG00000100721",TRUE,1381,15.6220126229412,23
"ENSG00000168398",TRUE,27554,74.9032933349747,99
"ENSG00000100739",TRUE,1645,25.1030757693009,26
"ENSG00000066739",TRUE,90784,94.5509504646453,101
"ENSG00000100744",TRUE,23400,26.9979680832879,101
"ENSG00000140057",TRUE,14202,96.2802423118262,98
"ENSG00000090060",TRUE,265917,270.526316831204,101
"ENSG00000100749",TRUE,12405,15.4169304800726,101
"ENSG00000127152",TRUE,11592,32.5975362105579,101
"ENSG00000183576",TRUE,121542,118.758474591696,101
"ENSG00000090061",TRUE,61164,59.0687803960441,101
"ENSG00000205476",TRUE,29211,39.7774430365319,101
"ENSG00000182218",TRUE,8546,13.9931934161288,101
"ENSG00000036530",TRUE,3265,4.85621365375264,97
"ENSG00000066629",TRUE,64061,83.9565282332783,101
"ENSG00000196405",TRUE,185434,257.841869704319,101
"ENSG00000168350",TRUE,5137,27.4316374314248,79
"ENSG00000100811",TRUE,155202,154.603581165163,101
"ENSG00000197119",TRUE,101852,181.541960079878,101
"ENSG00000140105",TRUE,519838,1478.57497122148,101
"ENSG00000176473",TRUE,11067,15.5885208843255,101
"ENSG00000183092",TRUE,4792,13.7387181390057,96
"ENSG00000197406",TRUE,5896,19.9400487792158,93
"ENSG00000078304",TRUE,194821,181.142848526581,101
"ENSG00000197102",TRUE,564018,546.398436668529,101
"ENSG00000080824",TRUE,1158819,2038.0577509147,101
"ENSG00000140153",TRUE,26912,25.1550248280095,101
"ENSG00000080823",TRUE,18659,69.4517603489547,101
"ENSG00000022976",TRUE,18829,23.0498225314811,101
"ENSG00000100865",TRUE,30171,35.9213742117066,101
"ENSG00000196663",TRUE,51823,53.4387108369411,101
"ENSG00000156381",TRUE,28397,35.609312825939,101
"ENSG00000089902",TRUE,71663,84.7434257785469,101
"ENSG00000131323",TRUE,48980,61.5165755430349,101
"ENSG00000166126",TRUE,10685,27.3363916957012,101
"ENSG00000198752",TRUE,251289,251.67283443932,101
"ENSG00000205436",TRUE,8437,33.3609408297401,101
"ENSG00000185215",TRUE,313611,669.933334698298,101
"ENSG00000100664",TRUE,307197,331.167898291287,101
"ENSG00000075413",TRUE,130806,135.595384333117,101
"ENSG00000166165",TRUE,100386,157.778110670353,101
"ENSG00000166166",TRUE,24811,48.5729273931881,101
"ENSG00000166170",TRUE,78086,82.2915392892292,101
"ENSG00000126214",TRUE,68902,86.6028938018083,101
"ENSG00000256053",TRUE,15181,23.420434758576,101
"ENSG00000126215",TRUE,9151,16.9138159583084,101
"ENSG00000100711",TRUE,78870,89.3788517133069,101
"ENSG00000088808",TRUE,72142,99.5893100184078,101
"ENSG00000156411",TRUE,68311,150.086580301743,101
"ENSG00000156414",TRUE,5390,12.9457496427986,86
"ENSG00000166183",TRUE,3826,11.0575545715449,52
"ENSG00000066735",TRUE,20815,29.2458199367362,101
"ENSG00000184601",TRUE,1088,4.09478281037027,26
"ENSG00000203485",TRUE,145764,157.229383929855,101
"ENSG00000185100",TRUE,10065,20.9118506063263,101
"ENSG00000184990",TRUE,58512,105.956757894908,101
"ENSG00000142208",TRUE,238897,226.337633001371,101
"ENSG00000179627",TRUE,15804,24.9790907783226,101
"ENSG00000099814",TRUE,77560,110.959432306887,101
"ENSG00000166428",TRUE,4691,9.9342943912088,94
"ENSG00000185567",TRUE,58729,144.743420886242,101
"ENSG00000140104",TRUE,18191,53.7325371143708,101
"ENSG00000170779",TRUE,12462,23.9868662681464,101
"ENSG00000183484",TRUE,12110,23.0642944886023,100
"ENSG00000184916",TRUE,55204,96.8996858979378,101
"ENSG00000183828",TRUE,25647,42.5483782591493,101
"ENSG00000185024",TRUE,38870,40.0768073959219,101
"ENSG00000184887",TRUE,68124,68.3768160515545,101
"ENSG00000179364",TRUE,120644,112.807905024326,101
"ENSG00000182979",TRUE,77116,85.7512126541313,101
"ENSG00000182809",TRUE,210925,227.973814590238,101
"ENSG00000213145",TRUE,5311,8.85836362401561,101
"ENSG00000185347",TRUE,9364,41.720002753219,101
"ENSG00000184986",TRUE,3039,4.81963930723107,93
"ENSG00000170113",TRUE,31544,35.423834275822,101
"ENSG00000140157",TRUE,67692,76.1400304907529,101
"ENSG00000273749",TRUE,218319,296.182598186256,101
"ENSG00000275835",TRUE,28867,29.6246899421004,101
"ENSG00000182636",TRUE,53288,66.1744014722712,101
"ENSG00000128739",TRUE,15155,16.8687375753087,101
"ENSG00000114062",TRUE,113591,108.209670333064,101
"ENSG00000206190",TRUE,52787,93.3014658158237,101
"ENSG00000166206",TRUE,5672,17.6495856456958,98
"ENSG00000104044",TRUE,2140,5.02306550393939,64
"ENSG00000128731",TRUE,134357,139.769643551685,101
"ENSG00000034053",TRUE,14848,23.4611486455302,101
"ENSG00000104059",TRUE,5009,9.116201549157,89
"ENSG00000185115",TRUE,27786,27.9995718295564,101
"ENSG00000104067",TRUE,230093,324.964954281685,101
"ENSG00000187951",TRUE,3681,7.58643605924096,95
"ENSG00000198690",TRUE,41752,50.8607559465141,101
"ENSG00000166912",TRUE,77832,90.258634381076,101
"ENSG00000169926",TRUE,344618,466.65524009531,101
"ENSG00000169918",TRUE,5477,9.5612514850054,99
"ENSG00000232653",TRUE,4302,8.87613812351494,97
"ENSG00000198826",TRUE,10828,36.6839706729856,101
"ENSG00000166922",TRUE,3716,9.78235616200125,66
"ENSG00000166923",TRUE,50349,529.915602657607,82
"ENSG00000248905",TRUE,37665,58.6265566121217,101
"ENSG00000198838",TRUE,8890,30.967605574631,91
"ENSG00000169857",TRUE,14053,16.5004356332118,101
"ENSG00000134153",TRUE,72126,70.1387729786403,101
"ENSG00000182405",TRUE,5181,6.80158697650263,100
"ENSG00000134152",TRUE,38631,41.1058624505099,101
"ENSG00000128463",TRUE,80780,71.0163136517889,101
"ENSG00000140199",TRUE,89508,108.143267221221,101
"ENSG00000182117",TRUE,85236,124.777833183339,101
"ENSG00000176454",TRUE,40216,63.3330727715833,101
"ENSG00000175265",TRUE,84129,163.243757662905,101
"ENSG00000215252",TRUE,80520,142.768424017482,101
"ENSG00000159251",TRUE,2166,15.2829452870559,48
"ENSG00000021776",TRUE,79886,79.502994436453,101
"ENSG00000198146",TRUE,55299,60.1998254995084,101
"ENSG00000134146",TRUE,9347,10.6152477116989,101
"ENSG00000186073",TRUE,8574,11.9703857174477,100
"ENSG00000134138",TRUE,35024,59.748427672956,101
"ENSG00000166068",TRUE,96658,141.835352258528,101
"ENSG00000171262",TRUE,45625,45.5183100700685,101
"ENSG00000172575",TRUE,16448,51.2796147463258,100
"ENSG00000137801",TRUE,1261047,4833.6493722666,101
"ENSG00000150667",TRUE,1431,4.68553769492404,37
"ENSG00000166073",TRUE,29154,62.1636733273663,101
"ENSG00000128829",TRUE,93884,95.7368804191115,101
"ENSG00000140319",TRUE,244286,230.246210381857,101
"ENSG00000104081",TRUE,39894,91.7314786255748,101
"ENSG00000156970",TRUE,4074,11.6901106778089,87
"ENSG00000137843",TRUE,3842,9.7922296388094,90
"ENSG00000137841",TRUE,118828,293.834272333441,101
"ENSG00000188549",TRUE,49795,85.5345911949686,101
"ENSG00000140323",TRUE,2310,4.23020601680148,66
"ENSG00000128944",TRUE,13226,17.7518141620737,101
"ENSG00000128928",TRUE,106883,137.361616137299,101
"ENSG00000140320",TRUE,48097,50.2358490566038,101
"ENSG00000169105",TRUE,33177,38.3011101873261,101
"ENSG00000128891",TRUE,33194,38.2336802911396,101
"ENSG00000166133",TRUE,8403,10.0158129353396,101
"ENSG00000137812",TRUE,5078,13.0389696021715,98
"ENSG00000051180",TRUE,2658,9.6101227035843,79
"ENSG00000137824",TRUE,94837,143.359274722628,101
"ENSG00000137880",TRUE,36612,102.643255871187,101
"ENSG00000104129",TRUE,20462,30.2845777571125,101
"ENSG00000188277",TRUE,1458,5.31763463829384,38
"ENSG00000166140",TRUE,33249,51.660508824383,101
"ENSG00000166145",TRUE,102488,222.757011982187,101
"ENSG00000104140",TRUE,8371,56.8278305912858,49
"ENSG00000104142",TRUE,40291,81.5573339020508,101
"ENSG00000128917",TRUE,42970,156.107524235207,101
"ENSG00000128965",TRUE,4202,17.4601516219774,88
"ENSG00000128908",TRUE,76702,90.3155313231564,101
"ENSG00000187446",TRUE,172300,248.832287038536,101
"ENSG00000104147",TRUE,955,2.53707239374625,19
"ENSG00000137804",TRUE,1835,15.2872934276236,50
"ENSG00000137806",TRUE,19471,21.638247968395,101
"ENSG00000137815",TRUE,102487,90.594157603109,101
"ENSG00000062524",TRUE,20888,76.9972527572538,100
"ENSG00000103932",TRUE,31178,33.1985949715491,101
"ENSG00000092445",TRUE,25573,35.9915793441579,101
"ENSG00000174197",TRUE,78018,81.5304723300429,101
"ENSG00000137802",TRUE,52734,63.9564068511027,101
"ENSG00000168970",TRUE,11587,20.4537095889692,98
"ENSG00000243708",TRUE,1011,2.69908484414031,25
"ENSG00000137877",TRUE,13313,29.8848221629306,100
"ENSG00000103966",TRUE,132385,248.967999130308,101
"ENSG00000188089",TRUE,4581,36.0216884467215,57
"ENSG00000168907",TRUE,73560,222.164006322196,101
"ENSG00000166887",TRUE,157784,150.000883539341,101
"ENSG00000103978",TRUE,144196,166.814387841442,101
"ENSG00000214013",TRUE,52785,70.3692235155861,101
"ENSG00000092529",TRUE,5687,12.4489315344147,95
"ENSG00000103994",TRUE,243732,334.98427672956,101
"ENSG00000092531",TRUE,116407,126.419946232469,101
"ENSG00000180979",TRUE,24964,23.9741848274706,101
"ENSG00000137814",TRUE,36433,38.5080927507494,101
"ENSG00000159433",TRUE,100975,154.284152278458,101
"ENSG00000140326",TRUE,25484,30.0103399929384,101
"ENSG00000128881",TRUE,63736,75.4220422505514,101
"ENSG00000159459",TRUE,72154,81.6656760766392,101
"ENSG00000137842",TRUE,31232,32.9586637759603,101
"ENSG00000166946",TRUE,90728,86.8047999620518,101
"ENSG00000168806",TRUE,14501,17.3703491613885,101
"ENSG00000168803",TRUE,13008,13.0641540808827,101
"ENSG00000140265",TRUE,39626,39.3837331358243,101
"ENSG00000137822",TRUE,34633,36.426276918603,101
"ENSG00000067369",TRUE,103091,160.744172211346,101
"ENSG00000166963",TRUE,47813,113.586502507594,101
"ENSG00000168781",TRUE,17795,26.0727500765934,101
"ENSG00000237289",TRUE,1051,4.7584667182023,24
"ENSG00000166762",TRUE,6319,11.654755275224,101
"ENSG00000223572",TRUE,831,3.69003634459879,21
"ENSG00000167004",TRUE,612420,761.601917308439,101
"ENSG00000140264",TRUE,505979,1283.37957927862,101
"ENSG00000242028",TRUE,5633,8.35217141692901,94
"ENSG00000140259",TRUE,36529,38.6544724089415,101
"ENSG00000092470",TRUE,9494,16.5797242786232,101
"ENSG00000171877",TRUE,1667,5.5912785448049,46
"ENSG00000166734",TRUE,178458,201.812061625922,101
"ENSG00000137770",TRUE,51688,53.7439101880965,101
"ENSG00000104131",TRUE,74434,98.1161556732981,101
"ENSG00000104133",TRUE,133522,158.174683798,101
"ENSG00000229474",TRUE,6891,12.5471103637958,101
"ENSG00000166710",TRUE,5245327,7221.24489601051,101
"ENSG00000185880",TRUE,65833,85.6454135343433,101
"ENSG00000140263",TRUE,15541,46.6265768894302,101
"ENSG00000140279",TRUE,11401,29.5040174159637,99
"ENSG00000140254",TRUE,84483,225.260140080619,101
"ENSG00000137857",TRUE,233965,540.430339111963,101
"ENSG00000138606",TRUE,8939,13.1643881899226,101
"ENSG00000171766",TRUE,16351,26.7523686665242,101
"ENSG00000171763",TRUE,12329,15.7366874508966,101
"ENSG00000166920",TRUE,8358,46.3933075518751,95
"ENSG00000104154",TRUE,17372,21.6753372753547,101
"ENSG00000104164",TRUE,90024,95.623209146452,101
"ENSG00000137767",TRUE,60645,125.461235716359,101
"ENSG00000137872",TRUE,26661,38.9091550285786,101
"ENSG00000104177",TRUE,27970,45.3854900199696,101
"ENSG00000128951",TRUE,70196,85.952937460858,101
"ENSG00000166147",TRUE,518717,1036.02068145687,101
"ENSG00000103995",TRUE,12558,16.3648957868025,101
"ENSG00000185634",TRUE,2244,5.49583746775901,57
"ENSG00000255302",TRUE,247811,302.048478409109,101
"ENSG00000138593",TRUE,168912,265.113988141282,101
"ENSG00000166200",TRUE,97996,101.334208652104,101
"ENSG00000156958",TRUE,31955,47.1576697037516,101
"ENSG00000166262",TRUE,4250,9.44664857847588,98
"ENSG00000140285",TRUE,78410,357.513354819778,101
"ENSG00000104047",TRUE,36900,58.636046671839,101
"ENSG00000104043",TRUE,15735,35.5761541300627,100
"ENSG00000140284",TRUE,9552,54.5909363196728,90
"ENSG00000140287",TRUE,41380,141.195291616194,101
"ENSG00000104064",TRUE,30568,43.9416216744214,101
"ENSG00000138592",TRUE,96350,92.6527292576914,101
"ENSG00000092439",TRUE,97889,101.281071247204,101
"ENSG00000138600",TRUE,104152,133.389806268496,101
"ENSG00000081014",TRUE,28647,28.75903989978,101
"ENSG00000183578",TRUE,31869,59.1985440995752,101
"ENSG00000137869",TRUE,2183,8.91819386892623,58
"ENSG00000186417",TRUE,42392,105.823513984807,101
"ENSG00000104093",TRUE,103080,207.166371327998,101
"ENSG00000140280",TRUE,19900,35.1346086043042,101
"ENSG00000128872",TRUE,52620,64.3864117097421,101
"ENSG00000138594",TRUE,168533,198.469169549594,101
"ENSG00000166477",TRUE,26347,30.0683135222489,101
"ENSG00000069956",TRUE,58603,63.9141309427384,101
"ENSG00000069966",TRUE,34077,40.021898732651,101
"ENSG00000128833",TRUE,92009,163.861222970658,101
"ENSG00000197535",TRUE,98639,128.418112627666,101
"ENSG00000128989",TRUE,232506,239.966465445841,101
"ENSG00000047346",TRUE,82594,95.9879107374052,101
"ENSG00000166415",TRUE,1352,7.26311072547452,32
"ENSG00000137876",TRUE,98178,103.17510130392,101
"ENSG00000069974",TRUE,104052,161.399494291235,101
"ENSG00000225973",TRUE,8502,9.48198123766907,101
"ENSG00000069943",TRUE,19792,20.5621367355843,101
"ENSG00000260916",TRUE,35140,40.075903431256,101
"ENSG00000261652",TRUE,2227,5.77913709931701,68
"ENSG00000256061",TRUE,1398,4.08392355018402,30
"ENSG00000171016",TRUE,16568,21.0274801954121,101
"ENSG00000166450",TRUE,9668,18.2719777588726,101
"ENSG00000069869",TRUE,43121,57.5133655316998,101
"ENSG00000181827",TRUE,44833,49.9524080597777,101
"ENSG00000151575",TRUE,10775,49.349292173958,99
"ENSG00000138587",TRUE,9545,52.8256588508371,100
"ENSG00000137871",TRUE,39416,49.9206417527769,101
"ENSG00000140262",TRUE,178033,230.773910655368,101
"ENSG00000128849",TRUE,124322,164.825008389094,101
"ENSG00000263155",TRUE,18564,58.5954489202502,101
"ENSG00000137878",TRUE,16317,46.0284663352869,101
"ENSG00000255529",TRUE,33027,41.3952747376348,101
"ENSG00000128918",TRUE,30030,57.8945070233791,101
"ENSG00000103569",TRUE,89025,617.443536232522,101
"ENSG00000166035",TRUE,1220,2.6100591542433,36
"ENSG00000137845",TRUE,176394,184.291594758547,101
"ENSG00000128923",TRUE,63413,85.4853412166922,101
"ENSG00000157450",TRUE,45142,47.5284563471809,101
"ENSG00000137776",TRUE,146787,135.653873586914,101
"ENSG00000157456",TRUE,4707,18.5254885871694,94
"ENSG00000157483",TRUE,80448,116.57205028903,101
"ENSG00000157470",TRUE,2865,9.82451452161491,73
"ENSG00000140297",TRUE,2080,14.1058688809257,41
"ENSG00000140307",TRUE,41775,47.4099061883453,101
"ENSG00000140299",TRUE,159780,167.716164366759,101
"ENSG00000182718",TRUE,1223195,1439.39290770208,101
"ENSG00000128915",TRUE,63267,63.4814784473579,101
"ENSG00000069667",TRUE,105668,216.378897046231,101
"ENSG00000129003",TRUE,201549,232.978064826838,101
"ENSG00000198535",FALSE,608,4.30533497120577,13
"ENSG00000205502",TRUE,4947,17.4636311444879,82
"ENSG00000171914",TRUE,33065,47.1172085690497,101
"ENSG00000140416",TRUE,485987,807.361109647227,101
"ENSG00000103642",TRUE,43626,71.0013021971755,101
"ENSG00000185088",TRUE,106930,117.521244598543,101
"ENSG00000166128",TRUE,135674,182.807664983037,101
"ENSG00000138613",TRUE,42519,46.1559182422777,101
"ENSG00000074410",TRUE,18998,50.4015369771231,99
"ENSG00000140455",TRUE,65529,66.8155472578518,101
"ENSG00000197361",TRUE,4132,12.5726692755583,81
"ENSG00000103657",TRUE,174403,191.894514429427,101
"ENSG00000035664",TRUE,55761,111.347699157779,101
"ENSG00000166797",TRUE,44515,62.581119045741,101
"ENSG00000028528",TRUE,265069,257.587469143796,101
"ENSG00000157734",TRUE,21004,59.0023351143138,96
"ENSG00000166794",TRUE,458990,1081.25595583162,101
"ENSG00000169118",TRUE,30983,39.0713385205762,101
"ENSG00000166803",TRUE,1568,14.4589179216932,39
"ENSG00000103671",TRUE,38742,40.5219701860588,101
"ENSG00000180357",TRUE,113493,119.293617459656,101
"ENSG00000180304",TRUE,144667,159.221555529965,101
"ENSG00000166831",TRUE,11749,18.0685067433173,101
"ENSG00000140451",TRUE,5105,12.0697034659546,96
"ENSG00000241839",TRUE,131492,206.285749133193,101
"ENSG00000166839",TRUE,16528,22.0953559371364,101
"ENSG00000090487",TRUE,124186,139.064921596371,101
"ENSG00000103707",TRUE,15599,14.6494235975008,101
"ENSG00000186198",TRUE,2474,8.02469972292832,60
"ENSG00000103710",TRUE,106640,168.940538050017,101
"ENSG00000246922",TRUE,12498,17.5207248177208,101
"ENSG00000090470",TRUE,35160,34.2147354311818,101
"ENSG00000166855",TRUE,58886,52.9933000570738,101
"ENSG00000138615",TRUE,34336,188.740728421374,101
"ENSG00000138617",TRUE,16971,16.0357997346941,101
"ENSG00000103742",TRUE,14555,32.7400554090287,91
"ENSG00000074603",TRUE,86080,84.7313435122188,101
"ENSG00000074696",TRUE,107126,109.639200016707,101
"ENSG00000138614",TRUE,52156,50.1805972488639,101
"ENSG00000074621",TRUE,25056,24.4857131154095,101
"ENSG00000174485",TRUE,73270,75.8574063844808,101
"ENSG00000103769",TRUE,232619,245.030188704019,101
"ENSG00000157890",TRUE,1352,5.48166251921373,30
"ENSG00000166938",TRUE,46500,52.069926964559,101
"ENSG00000075131",TRUE,5745,8.07250307101081,101
"ENSG00000169032",TRUE,88588,102.251705566137,101
"ENSG00000174446",TRUE,23732,22.2408236383561,101
"ENSG00000174444",TRUE,1540643,1726.70882912352,101
"ENSG00000174442",TRUE,18263,21.5255403346193,101
"ENSG00000137834",TRUE,152227,390.255202771694,101
"ENSG00000166949",TRUE,102156,115.080910732623,101
"ENSG00000103591",TRUE,56401,62.354083537302,101
"ENSG00000103599",TRUE,4579,23.2009689087368,91
"ENSG00000189227",TRUE,9369,13.2774810256243,101
"ENSG00000137764",TRUE,24745,27.1914287586924,101
"ENSG00000188779",TRUE,1169,2.0266929393628,33
"ENSG00000033800",TRUE,112755,141.98614014032,101
"ENSG00000260007",TRUE,918,2.1160492815786,16
"ENSG00000128973",TRUE,21868,32.9908411917011,101
"ENSG00000169018",TRUE,120989,134.610375237714,101
"ENSG00000137809",TRUE,28378,83.825254339681,101
"ENSG00000103647",TRUE,23613,52.1663442165016,101
"ENSG00000140350",TRUE,139279,151.026706409146,101
"ENSG00000258484",TRUE,2084,4.77644189382447,67
"ENSG00000255346",TRUE,1290,3.09362512711075,38
"ENSG00000138604",TRUE,56274,56.4191754621312,101
"ENSG00000137819",TRUE,26123,48.0462206665811,101
"ENSG00000137807",TRUE,7595,16.1450061420216,101
"ENSG00000137818",TRUE,935617,2352.73705057052,101
"ENSG00000140332",TRUE,75693,100.7067528041,101
"ENSG00000137831",TRUE,205306,280.918285398225,101
"ENSG00000166173",TRUE,22739,40.570667671148,101
"ENSG00000137821",TRUE,16281,40.5828022931324,101
"ENSG00000129028",TRUE,3161,4.83668407217965,92
"ENSG00000187720",TRUE,95363,241.741563136633,101
"ENSG00000066933",TRUE,103334,109.643965361451,101
"ENSG00000166192",TRUE,4069,6.04585509022456,100
"ENSG00000175318",TRUE,26703,51.626958087232,101
"ENSG00000067225",TRUE,773609,1890.80474571809,101
"ENSG00000137817",TRUE,94868,95.2448212558037,101
"ENSG00000213614",TRUE,125585,144.348654765204,101
"ENSG00000166233",TRUE,122064,140.97452967362,101
"ENSG00000140463",TRUE,34543,63.7837712018691,101
"ENSG00000159322",TRUE,132205,173.702727925388,101
"ENSG00000067141",TRUE,116731,182.763246382377,101
"ENSG00000138622",TRUE,1372,8.46419712631439,29
"ENSG00000156642",TRUE,197415,207.336114879566,101
"ENSG00000103855",TRUE,88270,123.595382996047,101
"ENSG00000205363",TRUE,11567,25.8546603417003,101
"ENSG00000129038",TRUE,50668,104.245943296233,101
"ENSG00000067221",TRUE,23843,44.7322773202384,101
"ENSG00000140464",TRUE,130878,214.473949171783,101
"ENSG00000167178",TRUE,3082,7.09444128895616,72
"ENSG00000129009",TRUE,86803,208.826651985196,101
"ENSG00000137868",TRUE,4994,38.9714236337042,54
"ENSG00000140481",TRUE,7611,58.6265566121217,50
"ENSG00000140459",TRUE,1803,3.44918548562627,61
"ENSG00000138623",TRUE,17740,36.8347561834409,101
"ENSG00000138629",TRUE,40909,58.2122060076503,101
"ENSG00000179361",TRUE,14453,20.107540114726,101
"ENSG00000179335",TRUE,78180,77.6174776733697,101
"ENSG00000179151",TRUE,42783,44.1439055854961,101
"ENSG00000140465",FALSE,847,6.85682067745671,15
"ENSG00000103653",TRUE,75174,124.600843137992,101
"ENSG00000140474",TRUE,67911,74.7393176161036,101
"ENSG00000140497",TRUE,130748,150.141611360547,101
"ENSG00000178802",TRUE,35880,37.5432400614248,101
"ENSG00000178761",TRUE,113138,113.217492931794,101
"ENSG00000178741",TRUE,75905,96.0050600313993,101
"ENSG00000178718",TRUE,18321,39.9879448771828,101
"ENSG00000198794",TRUE,14357,37.7457354752428,101
"ENSG00000138621",TRUE,12880,19.5797846856262,101
"ENSG00000167173",TRUE,53844,67.4298709234085,101
"ENSG00000140365",TRUE,47373,195.797846856262,101
"ENSG00000140398",TRUE,38989,58.8140630445077,101
"ENSG00000140400",TRUE,200330,236.614167239375,101
"ENSG00000169375",TRUE,103390,98.4639543267801,101
"ENSG00000169410",TRUE,84424,81.9022564398097,101
"ENSG00000169371",TRUE,17004,23.3451278944005,101
"ENSG00000177971",TRUE,45702,60.1978086152521,101
"ENSG00000173548",TRUE,110662,104.183752280885,101
"ENSG00000173546",TRUE,111858,200.707875817922,101
"ENSG00000182950",TRUE,1200,2.95353216286823,31
"ENSG00000140367",TRUE,75547,79.1663114332179,101
"ENSG00000167196",TRUE,34931,37.4087283707645,101
"ENSG00000169752",TRUE,2283,15.4925036687004,44
"ENSG00000169758",TRUE,8302,19.3373298829932,101
"ENSG00000140374",TRUE,89830,89.5867135597472,101
"ENSG00000140386",TRUE,29878,33.2866890018581,101
"ENSG00000117906",TRUE,75881,76.8926350707889,101
"ENSG00000140368",TRUE,20885,54.6727833914025,101
"ENSG00000140391",TRUE,408946,495.224358317378,101
"ENSG00000173517",TRUE,241462,301.223727722101,101
"ENSG00000140382",TRUE,70571,69.8381177710833,101
"ENSG00000169783",TRUE,4191,10.8615662447269,81
"ENSG00000167202",TRUE,185199,202.543104805269,101
"ENSG00000136425",TRUE,5076,9.11213056523374,99
"ENSG00000166411",TRUE,68604,75.5313173854352,101
"ENSG00000103740",TRUE,3241,32.3453247327014,31
"ENSG00000140403",TRUE,70360,285.412317544936,101
"ENSG00000140395",TRUE,63684,62.4304535616608,101
"ENSG00000166426",TRUE,752,3.94011567636162,16
"ENSG00000136381",TRUE,93986,91.2768043759202,101
"ENSG00000188266",TRUE,4529,5.54489886137482,101
"ENSG00000041357",TRUE,125324,187.666476155594,101
"ENSG00000169684",TRUE,1322,3.40493141240127,40
"ENSG00000136378",TRUE,26425,48.7178723794023,101
"ENSG00000185787",TRUE,402062,359.136313321125,101
"ENSG00000103811",TRUE,754838,1876.5655264396,101
"ENSG00000058335",TRUE,33753,88.9563472663025,101
"ENSG00000166557",TRUE,81296,147.827374376478,101
"ENSG00000169330",TRUE,1642,3.50589217768843,58
"ENSG00000136371",TRUE,1062,2.33273280779455,20
"ENSG00000180953",TRUE,4106,17.2452718961862,97
"ENSG00000140379",TRUE,50096,146.707073958894,101
"ENSG00000086666",TRUE,88339,92.5317347091839,101
"ENSG00000103876",TRUE,33384,98.0495371564821,101
"ENSG00000172379",TRUE,30296,37.4165523866539,101
"ENSG00000136379",TRUE,39389,72.5092682880576,101
"ENSG00000103888",TRUE,76891,321.03077082522,101
"ENSG00000117899",TRUE,79792,74.4512211767549,101
"ENSG00000140406",TRUE,57998,84.3617448351439,101
"ENSG00000156206",TRUE,4448,21.6139319475528,69
"ENSG00000172349",TRUE,135313,164.612186501058,101
"ENSG00000172345",TRUE,14458,29.2741996836984,101
"ENSG00000183496",TRUE,5918,8.09427150234965,100
"ENSG00000140598",TRUE,30570,37.417990076775,101
"ENSG00000188659",TRUE,17802,134.444702568869,77
"ENSG00000278662",TRUE,1582,4.69222972910604,43
"ENSG00000197978",TRUE,8174,28.2792442059913,99
"ENSG00000182774",TRUE,8033,12.706866364655,101
"ENSG00000214575",TRUE,3294,6.44237935901299,91
"ENSG00000103723",TRUE,2346,5.96971279192653,70
"ENSG00000156232",TRUE,33025,33.9039545000124,101
"ENSG00000103942",TRUE,19963,51.2957194986638,101
"ENSG00000169612",TRUE,9450,12.0351699956754,101
"ENSG00000169609",TRUE,24103,25.754594957265,101
"ENSG00000064726",TRUE,107231,110.805321984238,101
"ENSG00000136404",TRUE,27951,33.8390399231474,101
"ENSG00000166503",TRUE,71462,79.8940033518361,101
"ENSG00000169594",TRUE,3736,27.2594228157962,45
"ENSG00000140600",TRUE,2675,7.70440251572327,61
"ENSG00000156218",TRUE,78359,135.308680326689,101
"ENSG00000176371",TRUE,9301,11.9768595931396,101
"ENSG00000177082",TRUE,50637,74.5907371756455,101
"ENSG00000197696",TRUE,7624,21.7148804542019,101
"ENSG00000140612",TRUE,155917,145.669588057413,101
"ENSG00000166716",TRUE,86701,93.0150354876438,101
"ENSG00000136383",TRUE,42828,59.6220484214567,101
"ENSG00000073417",TRUE,70849,79.5790225391596,101
"ENSG00000170776",TRUE,578947,692.169027413505,101
"ENSG00000183655",TRUE,18510,33.1514334765021,101
"ENSG00000140538",TRUE,27981,103.442201105491,101
"ENSG00000259494",TRUE,2994,4.53434539922644,92
"ENSG00000181991",TRUE,27365,28.2400740658071,101
"ENSG00000140543",TRUE,2834,5.10453702498065,93
"ENSG00000181026",TRUE,34499,44.7224905571656,101
"ENSG00000172183",TRUE,36390,67.6831832821609,101
"ENSG00000157766",TRUE,9220,44.9570809210165,75
"ENSG00000140511",TRUE,29128,132.690694677205,101
"ENSG00000140545",TRUE,251950,338.106932434325,101
"ENSG00000140526",TRUE,310870,414.787933408313,101
"ENSG00000140525",TRUE,18972,42.5151828406569,101
"ENSG00000140521",TRUE,102518,101.051396853933,101
"ENSG00000140534",TRUE,1702,7.98252760260146,43
"ENSG00000166813",TRUE,14559,21.0617443657747,101
"ENSG00000166819",TRUE,3086,77.3309802876484,25
"ENSG00000166821",TRUE,13799,16.2651560464345,101
"ENSG00000140527",TRUE,3281,28.7178116785667,37
"ENSG00000166823",TRUE,1371,3.72798028502007,34
"ENSG00000166825",TRUE,126547,243.338241995781,101
"ENSG00000157823",TRUE,27830,34.0289781527353,101
"ENSG00000242498",TRUE,90409,91.8049343097972,101
"ENSG00000140548",TRUE,41954,79.476153081198,101
"ENSG00000182054",TRUE,99351,136.234751360619,101
"ENSG00000185033",TRUE,82990,149.78484932638,101
"ENSG00000185043",TRUE,118634,274.794747376346,101
"ENSG00000183208",TRUE,2555,5.57270794898593,91
"ENSG00000182768",TRUE,41673,43.0858900707544,101
"ENSG00000196391",TRUE,4748,7.84675355162872,98
"ENSG00000140575",TRUE,595725,579.94277300575,101
"ENSG00000140577",TRUE,134151,140.59417565195,101
"ENSG00000197299",TRUE,6062,13.3772908033893,101
"ENSG00000140564",TRUE,219005,264.391189527301,101
"ENSG00000182511",TRUE,66922,100.904626488132,101
"ENSG00000196547",TRUE,167221,206.062603719797,101
"ENSG00000184508",TRUE,15295,18.299567994643,101
"ENSG00000140553",TRUE,87427,82.4951060055191,101
"ENSG00000166965",TRUE,14071,19.5044778214507,101
"ENSG00000184056",TRUE,5385,13.8564630082893,101
"ENSG00000185518",TRUE,7625,22.8867752082019,99
"ENSG00000176463",TRUE,97825,125.935031420067,101
"ENSG00000185442",TRUE,38735,76.1329642116704,101
"ENSG00000279765",TRUE,873,2.91374986607957,16
"ENSG00000173575",TRUE,209103,207.156870085022,101
"ENSG00000182175",TRUE,21947,51.9497427812599,101
"ENSG00000140563",TRUE,71063,89.3415663539966,101
"ENSG00000185551",TRUE,153493,199.552913937574,101
"ENSG00000140450",TRUE,72646,114.427175100647,101
"ENSG00000140443",TRUE,100320,131.84427298744,101
"ENSG00000182253",TRUE,154588,294.054879909174,101
"ENSG00000103852",TRUE,28273,29.6415825113039,101
"ENSG00000168904",TRUE,19711,17.9371831097651,101
"ENSG00000068305",TRUE,209304,244.071999120008,101
"ENSG00000183060",TRUE,16923,22.7905038728925,101
"ENSG00000140470",TRUE,8418,12.5751554163458,101
"ENSG00000140471",TRUE,23478,26.9209760320696,101
"ENSG00000183475",TRUE,24927,24.065041188446,101
"ENSG00000184254",TRUE,101680,784.773227157881,101
"ENSG00000154237",TRUE,61824,76.6881193736209,101
"ENSG00000131873",TRUE,170308,316.244941777292,101
"ENSG00000131871",TRUE,91948,98.4696000381154,101
"ENSG00000131876",TRUE,42769,53.0478773237853,101
"ENSG00000140479",TRUE,21788,74.6409447682332,101
"ENSG00000184277",TRUE,50786,59.6109849868166,101
"ENSG00000185418",TRUE,25400,28.9881714684681,101
"ENSG00000161980",TRUE,12256,17.6826257745951,101
"ENSG00000161981",TRUE,18082,43.4520606292551,101
"ENSG00000007384",TRUE,64081,79.2485384273735,101
"ENSG00000103152",TRUE,43798,75.8340122247139,101
"ENSG00000103148",TRUE,39183,39.5865777140578,101
"ENSG00000188536",TRUE,12956,78.1548575428634,92
"ENSG00000206172",TRUE,4224,21.564820927066,69
"ENSG00000007392",TRUE,89205,101.739573501081,101
"ENSG00000167930",TRUE,40419,82.6116300005076,101
"ENSG00000076344",TRUE,24978,49.1198698894281,101
"ENSG00000185615",TRUE,812,2.33531608537558,16
"ENSG00000103126",TRUE,47852,48.5835271945255,101
"ENSG00000086504",TRUE,42609,162.13567856982,101
"ENSG00000129925",TRUE,86598,101.397320995407,101
"ENSG00000103202",TRUE,55562,71.4662141025357,101
"ENSG00000242612",TRUE,12215,15.1990581603813,101
"ENSG00000090565",TRUE,83622,91.496391678728,101
"ENSG00000103326",TRUE,62650,70.8073840800091,101
"ENSG00000007541",TRUE,51817,110.023328560384,101
"ENSG00000257108",TRUE,5162,23.9567007950148,88
"ENSG00000197562",TRUE,39883,49.4557285812192,101
"ENSG00000127578",TRUE,2413,4.70461372591471,77
"ENSG00000130731",TRUE,41507,189.472070265521,101
"ENSG00000172366",TRUE,21170,83.7412329631399,101
"ENSG00000161996",TRUE,45810,112.346425210723,101
"ENSG00000140983",TRUE,103215,120.020824191876,101
"ENSG00000103269",TRUE,2215,8.02711621604829,69
"ENSG00000103266",TRUE,83001,226.748968032387,101
"ENSG00000161999",TRUE,75884,144.28795176023,101
"ENSG00000127580",TRUE,15727,21.5377631541888,101
"ENSG00000127585",TRUE,3890,7.71705514581668,93
"ENSG00000103260",TRUE,22877,42.6236851233248,101
"ENSG00000103254",TRUE,14151,42.0212302099209,101
"ENSG00000162004",TRUE,27866,184.171860685966,94
"ENSG00000103253",TRUE,9457,26.223896453849,101
"ENSG00000103245",TRUE,29524,41.3434684323415,101
"ENSG00000102854",TRUE,106970,592.656865358139,101
"ENSG00000007376",TRUE,18650,32.9844065088626,101
"ENSG00000127586",TRUE,17614,48.4976205290127,101
"ENSG00000103227",TRUE,22073,25.8302544121915,101
"ENSG00000005513",TRUE,2123,5.703104115701,69
"ENSG00000196557",TRUE,60313,95.0102312919434,101
"ENSG00000116176",TRUE,1344,3.50624261452927,42
"ENSG00000197253",TRUE,130262,280.651291827178,101
"ENSG00000172236",TRUE,98219,194.246568310627,101
"ENSG00000095917",TRUE,23999,76.196570527254,79
"ENSG00000103275",TRUE,126054,136.907879071033,101
"ENSG00000007516",TRUE,23523,136.711898227703,101
"ENSG00000007520",TRUE,41300,93.380511577602,101
"ENSG00000090581",TRUE,85919,99.853535044463,101
"ENSG00000059145",TRUE,32053,37.8803001085345,101
"ENSG00000174109",TRUE,9318,11.0855515940396,101
"ENSG00000197599",TRUE,2782,7.19174792424506,86
"ENSG00000103249",TRUE,129804,153.667141795761,101
"ENSG00000100726",TRUE,49767,79.5993554334881,101
"ENSG00000187535",TRUE,49379,102.477243779306,101
"ENSG00000131634",TRUE,125420,251.44863094043,101
"ENSG00000007545",TRUE,31765,32.7722445941316,101
"ENSG00000206053",TRUE,85822,211.075915837465,101
"ENSG00000138834",TRUE,120479,163.938411950832,101
"ENSG00000103024",TRUE,40366,80.5783446677695,101
"ENSG00000074071",TRUE,41293,135.853582972576,101
"ENSG00000197774",TRUE,32097,37.346794603244,101
"ENSG00000162032",TRUE,64459,79.8252760260146,101
"ENSG00000095906",TRUE,42514,64.5379825983911,101
"ENSG00000099769",TRUE,1186,2.46192765652936,33
"ENSG00000063854",TRUE,54520,62.5741445028266,101
"ENSG00000180185",TRUE,21199,26.9695016719825,101
"ENSG00000162040",TRUE,1059,7.11736669759175,23
"ENSG00000198736",TRUE,37523,79.7499691618391,101
"ENSG00000140990",TRUE,58386,108.59249814105,101
"ENSG00000140988",TRUE,862985,1355.97539634379,101
"ENSG00000183751",TRUE,33155,55.5764657615083,101
"ENSG00000127554",TRUE,22493,32.5325653238097,101
"ENSG00000127561",TRUE,1388,3.62091103978638,39
"ENSG00000167962",TRUE,53080,53.5960005883492,101
"ENSG00000065054",TRUE,241874,476.678412825058,101
"ENSG00000065057",TRUE,15894,36.3732153967595,101
"ENSG00000103197",TRUE,137566,144.836441591455,101
"ENSG00000008710",TRUE,193299,204.625838868068,101
"ENSG00000167964",TRUE,1332,4.7853962057211,29
"ENSG00000131653",TRUE,110225,121.804854504793,101
"ENSG00000167965",TRUE,34817,72.8970445218699,101
"ENSG00000182685",TRUE,7567,12.877473774008,101
"ENSG00000184207",TRUE,27080,82.9128574572095,101
"ENSG00000167967",TRUE,36204,38.3445194726097,101
"ENSG00000167969",TRUE,31176,38.783035050375,101
"ENSG00000205937",TRUE,126512,155.583981386553,101
"ENSG00000167972",TRUE,436195,1114.62214888801,101
"ENSG00000162063",TRUE,6735,31.1017349044755,101
"ENSG00000162062",TRUE,1568,14.0070767366403,40
"ENSG00000162065",TRUE,31002,67.474950301235,101
"ENSG00000162066",TRUE,32990,68.4539395355163,101
"ENSG00000140992",TRUE,78910,83.3156625056086,101
"ENSG00000167977",TRUE,36495,47.7737540681993,101
"ENSG00000172382",TRUE,1805,2.78851572495897,66
"ENSG00000167978",TRUE,1418397,1604.15643449818,101
"ENSG00000103363",TRUE,113610,340.161105480668,101
"ENSG00000007038",TRUE,5424,39.7055395255542,87
"ENSG00000162078",TRUE,1734,23.086316234544,26
"ENSG00000005001",TRUE,12547,34.8240219605341,99
"ENSG00000162076",TRUE,23040,24.7507598483273,101
"ENSG00000059122",TRUE,77627,94.4312241434356,101
"ENSG00000127564",TRUE,4059,40.8163203831131,86
"ENSG00000162073",TRUE,20501,33.0484020443619,101
"ENSG00000213937",TRUE,817,1.83437286020406,13
"ENSG00000006327",TRUE,42882,86.2922444457764,101
"ENSG00000103145",TRUE,47997,103.92347256217,101
"ENSG00000131652",TRUE,26883,56.1789206749122,101
"ENSG00000162069",TRUE,22357,63.185232285866,101
"ENSG00000008516",TRUE,30224,126.28714427831,101
"ENSG00000008517",TRUE,87705,253.859439135562,101
"ENSG00000122386",TRUE,16109,20.7093876482585,101
"ENSG00000085644",TRUE,17545,19.032008516374,101
"ENSG00000010539",TRUE,14577,16.8607365545321,101
"ENSG00000103313",TRUE,11056,30.7599933066255,98
"ENSG00000006194",TRUE,55527,73.6146392186995,101
"ENSG00000140993",TRUE,13876,16.2651560464345,101
"ENSG00000162086",TRUE,27100,29.6270292418779,101
"ENSG00000140987",TRUE,23379,25.2876954956859,101
"ENSG00000262621",TRUE,1101,2.24886620871045,21
"ENSG00000103343",TRUE,10964,11.6844809712793,101
"ENSG00000167981",TRUE,12289,14.6937287884246,101
"ENSG00000122390",TRUE,69455,70.0353836832015,101
"ENSG00000103351",TRUE,28738,69.258948703632,101
"ENSG00000167984",TRUE,21339,46.1625759611353,100
"ENSG00000188827",TRUE,16542,19.4470734686219,101
"ENSG00000213918",TRUE,27403,35.5184285238226,101
"ENSG00000126602",TRUE,65301,84.4407549261636,101
"ENSG00000005339",TRUE,163617,167.859879963416,101
"ENSG00000162104",TRUE,95280,111.68859430464,101
"ENSG00000185739",TRUE,7623,29.2860380131268,99
"ENSG00000090447",TRUE,9758,13.1995506872946,101
"ENSG00000126603",TRUE,62384,85.2982220676945,101
"ENSG00000217930",TRUE,6821,9.63927861446214,101
"ENSG00000262246",TRUE,19002,60.9985599821432,101
"ENSG00000168140",TRUE,52430,76.3408021691656,101
"ENSG00000103423",TRUE,52709,60.1562581477344,101
"ENSG00000153406",TRUE,33250,76.2105465455913,101
"ENSG00000103415",TRUE,56867,59.8859127497632,101
"ENSG00000089486",TRUE,41059,47.4680430083625,101
"ENSG00000153443",TRUE,26385,29.0390115120481,101
"ENSG00000102858",TRUE,98204,111.43741853917,101
"ENSG00000168101",TRUE,23954,28.3057872116253,101
"ENSG00000168096",TRUE,24612,42.0212302099209,101
"ENSG00000166246",TRUE,6260,41.3385341794104,60
"ENSG00000103199",TRUE,19736,24.1394069319092,101
"ENSG00000267795",TRUE,8874,39.084262507077,98
"ENSG00000067836",TRUE,15710,30.7252005835981,101
"ENSG00000140632",TRUE,138543,138.108822701228,101
"ENSG00000118900",TRUE,85314,78.1442838446929,101
"ENSG00000118898",TRUE,99521,218.728930171168,101
"ENSG00000103184",TRUE,1623,27.2220932454282,29
"ENSG00000103174",TRUE,22357,33.7571841342115,101
"ENSG00000033011",TRUE,26396,47.7445518872578,101
"ENSG00000153446",TRUE,105546,268.670247639651,101
"ENSG00000118894",TRUE,11426,15.3394854330733,101
"ENSG00000067365",TRUE,20422,22.4063422388177,101
"ENSG00000183044",TRUE,26694,41.3660408282823,101
"ENSG00000184857",TRUE,10583,14.2329973291668,101
"ENSG00000140650",TRUE,19656,28.6791844207855,100
"ENSG00000153048",TRUE,97384,145.568168451213,101
"ENSG00000187555",TRUE,165206,153.334253338853,101
"ENSG00000182831",TRUE,86828,111.10918945551,101
"ENSG00000183454",TRUE,5364,21.4745978633766,62
"ENSG00000166669",TRUE,13937,39.0713385205762,101
"ENSG00000213853",TRUE,555191,1577.50106820515,101
"ENSG00000103274",TRUE,32212,37.8611311955641,101
"ENSG00000166676",TRUE,3190,4.97034014915206,81
"ENSG00000179583",TRUE,136068,249.362851495762,101
"ENSG00000182108",TRUE,45548,42.9867131133614,101
"ENSG00000038532",TRUE,54317,61.4481512074059,101
"ENSG00000175643",TRUE,5492,35.9966810758821,100
"ENSG00000185338",TRUE,17782,108.065350091822,101
"ENSG00000188897",TRUE,10580,52.882956528217,101
"ENSG00000189067",TRUE,403808,659.349503584372,101
"ENSG00000184602",TRUE,57069,70.8761712287296,101
"ENSG00000153066",TRUE,119596,126.418807898039,101
"ENSG00000122299",TRUE,113294,114.937106918239,101
"ENSG00000171490",TRUE,150492,184.923949049867,101
"ENSG00000103342",TRUE,176481,204.644287229249,101
"ENSG00000234719",TRUE,587,1.81691314481396,12
"ENSG00000048462",TRUE,4010,18.0056243623696,57
"ENSG00000048471",TRUE,65226,82.1180196656145,101
"ENSG00000103381",TRUE,59323,70.4709492939706,101
"ENSG00000175595",TRUE,17816,20.9118506063263,101
"ENSG00000186260",TRUE,168665,424.234540704211,101
"ENSG00000140694",TRUE,62807,60.9934127619967,101
"ENSG00000103429",TRUE,95623,114.906329846813,101
"ENSG00000069764",TRUE,3611,9.92192804462144,84
"ENSG00000103512",TRUE,44633,46.2295304392735,101
"ENSG00000183426",TRUE,13446,37.3522046310408,101
"ENSG00000179889",TRUE,152763,142.204312203563,101
"ENSG00000157045",TRUE,55598,68.5417608290295,101
"ENSG00000085721",TRUE,51316,51.1118042416208,101
"ENSG00000183793",TRUE,5416,13.661534329236,78
"ENSG00000156968",TRUE,4960,9.14435582396465,100
"ENSG00000166780",TRUE,40444,55.2595164566454,101
"ENSG00000166783",TRUE,160310,161.034518384994,101
"ENSG00000072864",TRUE,31413,36.3990507186281,101
"ENSG00000133392",TRUE,1387070,5289.32949277184,101
"ENSG00000133393",TRUE,44517,45.6761006289308,101
"ENSG00000103222",TRUE,120115,114.3954689282,101
"ENSG00000091262",TRUE,17321,33.0183383851391,101
"ENSG00000103226",TRUE,6207,10.1587843389133,82
"ENSG00000103489",TRUE,40845,81.0111678958142,101
"ENSG00000185164",TRUE,13999,22.7739674796675,99
"ENSG00000134419",TRUE,208386,222.95131975801,101
"ENSG00000170540",TRUE,142589,152.710377596581,101
"ENSG00000157106",TRUE,232739,257.863819462461,101
"ENSG00000170537",TRUE,10112,19.7932888570289,101
"ENSG00000167186",TRUE,27424,27.6597870377774,101
"ENSG00000205730",TRUE,105954,125.943632138743,101
"ENSG00000103528",TRUE,19828,26.1253977476208,101
"ENSG00000103534",TRUE,84911,308.220645296907,101
"ENSG00000006007",TRUE,133956,163.824461362784,101
"ENSG00000103540",TRUE,49720,105.257350368894,101
"ENSG00000103544",TRUE,76747,80.0884986340274,101
"ENSG00000103550",TRUE,21834,27.6385888483523,101
"ENSG00000174628",TRUE,17915,56.9066110367387,101
"ENSG00000167191",TRUE,41886,74.1326413929322,101
"ENSG00000183549",TRUE,3871,11.2581489130809,94
"ENSG00000005187",TRUE,16345,34.5668588791374,101
"ENSG00000166743",TRUE,1288,3.6305885401859,38
"ENSG00000066654",TRUE,85572,89.2295597484277,101
"ENSG00000196678",TRUE,18885,19.9937496717831,101
"ENSG00000005189",TRUE,5177,8.65823990016316,101
"ENSG00000188215",TRUE,41405,83.9435410085289,101
"ENSG00000102897",TRUE,33485,37.4371608184984,101
"ENSG00000158486",TRUE,27931,252.338876828248,70
"ENSG00000011638",TRUE,34567,44.6122420468838,101
"ENSG00000103316",TRUE,9927,43.124719932505,98
"ENSG00000169246",TRUE,6840,10.1319823640272,100
"ENSG00000197006",TRUE,126491,120.126735581847,101
"ENSG00000140749",TRUE,51715,185.224201640761,101
"ENSG00000155719",TRUE,938,2.49509621861563,18
"ENSG00000185864",TRUE,26478,35.195817254981,101
"ENSG00000140740",TRUE,192986,181.628327678638,101
"ENSG00000185716",TRUE,36100,44.8210003582156,101
"ENSG00000175267",TRUE,30093,205.22963559963,101
"ENSG00000103319",TRUE,99442,128.819778505621,101
"ENSG00000058600",TRUE,55333,64.9540934282643,101
"ENSG00000140743",TRUE,49330,55.9494676957186,101
"ENSG00000243716",TRUE,12482,21.3540907474582,100
"ENSG00000122254",TRUE,18189,40.5744465593619,101
"ENSG00000103404",TRUE,32883,57.1446499161878,101
"ENSG00000166828",TRUE,25249,89.8161460248411,101
"ENSG00000168447",TRUE,52311,167.375792700444,101
"ENSG00000168434",TRUE,35148,50.1050240602361,101
"ENSG00000103365",TRUE,211815,292.4008581152,101
"ENSG00000103356",TRUE,28797,34.3102276370244,101
"ENSG00000103353",TRUE,68083,70.7365045556274,101
"ENSG00000004779",TRUE,53604,87.2806555793877,101
"ENSG00000083093",TRUE,20355,20.6240988804223,101
"ENSG00000166847",TRUE,98750,95.7160590045576,101
"ENSG00000166851",TRUE,5987,13.6305424157629,101
"ENSG00000134398",TRUE,14578,95.133780663135,52
"ENSG00000166869",TRUE,2015,31.3310884522853,19
"ENSG00000166501",TRUE,71418,114.629543608354,101
"ENSG00000122257",TRUE,111541,137.034992396395,101
"ENSG00000090905",TRUE,128057,123.034591194969,101
"ENSG00000140750",TRUE,91583,126.830030290505,101
"ENSG00000205629",TRUE,27853,30.7385221774547,101
"ENSG00000155592",TRUE,10918,15.3325865618344,101
"ENSG00000155666",TRUE,6857,9.65576277276369,101
"ENSG00000169189",TRUE,51960,94.2841939477078,101
"ENSG00000077238",TRUE,237412,334.379221356728,101
"ENSG00000103522",TRUE,13577,38.2176695236061,101
"ENSG00000077235",TRUE,115351,105.84201500914,101
"ENSG00000047578",TRUE,47176,105.586501833346,101
"ENSG00000169180",TRUE,147737,190.915137263462,101
"ENSG00000188322",TRUE,5147,12.5807453637684,99
"ENSG00000188603",TRUE,5322,9.90699969156208,96
"ENSG00000184730",TRUE,50661,107.068981851771,101
"ENSG00000176046",TRUE,154002,418.85677854405,101
"ENSG00000176476",TRUE,16300,23.392068649216,101
"ENSG00000197165",TRUE,9366,16.8101212751367,101
"ENSG00000196502",TRUE,57242,109.944644766957,101
"ENSG00000184110",TRUE,4552,6.22552347897816,98
"ENSG00000168488",TRUE,171485,183.60972761695,101
"ENSG00000178952",TRUE,159748,244.897922298679,101
"ENSG00000178188",TRUE,94661,117.628126089015,101
"ENSG00000196296",TRUE,1053,1.92959524424238,24
"ENSG00000177548",TRUE,30168,34.9092961784534,101
"ENSG00000177455",TRUE,4869,24.8055234517143,59
"ENSG00000176953",TRUE,88257,86.2604613873727,101
"ENSG00000169682",TRUE,2931,4.79600636549945,84
"ENSG00000213658",TRUE,1644,3.33059756880401,62
"ENSG00000254206",TRUE,1750,7.2747262687035,52
"ENSG00000197471",TRUE,65153,99.868395135648,101
"ENSG00000103485",TRUE,24782,38.2558870011466,101
"ENSG00000185905",TRUE,10966,19.9121742418267,100
"ENSG00000079616",TRUE,35178,105.504916709855,101
"ENSG00000103495",TRUE,137070,266.586299181219,101
"ENSG00000167371",TRUE,5778,12.0406743240724,100
"ENSG00000280789",TRUE,9643,10.8126697981554,101
"ENSG00000013364",TRUE,279421,383.387245517397,101
"ENSG00000103502",TRUE,107137,124.783473938779,101
"ENSG00000174938",TRUE,14671,25.5521429497584,101
"ENSG00000174939",TRUE,2228,6.32577659074078,69
"ENSG00000174943",TRUE,21117,24.8821579144295,101
"ENSG00000149932",TRUE,118563,296.859658579764,101
"ENSG00000149930",TRUE,139058,138.877597745407,101
"ENSG00000149929",TRUE,27248,28.9192008882888,101
"ENSG00000169592",TRUE,85181,88.5290941310744,101
"ENSG00000149927",TRUE,8505,53.2035247939762,84
"ENSG00000149925",TRUE,7448,10.2774565871549,99
"ENSG00000149923",TRUE,74130,80.4277309394185,101
"ENSG00000149922",TRUE,2646,5.36408975506441,86
"ENSG00000090238",TRUE,82449,117.949647393276,101
"ENSG00000102886",TRUE,9080,14.8113914911219,101
"ENSG00000102882",TRUE,109751,120.976389566679,101
"ENSG00000102879",TRUE,112013,292.455254115477,101
"ENSG00000169217",TRUE,98165,96.2676407835767,101
"ENSG00000169221",TRUE,64224,120.792210137479,101
"ENSG00000180035",TRUE,13094,15.284931503127,101
"ENSG00000180096",TRUE,17264,44.4372073813738,101
"ENSG00000179965",TRUE,5352,7.83191387425049,101
"ENSG00000179958",TRUE,24844,41.720002753219,101
"ENSG00000179918",TRUE,87537,100.244159842028,101
"ENSG00000005844",TRUE,82661,138.331069767367,101
"ENSG00000169957",TRUE,37893,39.3634661639556,101
"ENSG00000169955",TRUE,13157,14.2329973291668,101
"ENSG00000169951",TRUE,10072,10.2128260096539,101
"ENSG00000229809",TRUE,16356,25.0018789062612,101
"ENSG00000197162",TRUE,17660,21.4563590202577,101
"ENSG00000156853",TRUE,16813,19.165733202293,101
"ENSG00000156858",TRUE,58469,79.5993554334881,101
"ENSG00000156860",TRUE,111426,106.980625207101,101
"ENSG00000080603",TRUE,9491,10.7271320728653,101
"ENSG00000156873",TRUE,33602,63.0318453148813,101
"ENSG00000196118",TRUE,9455,39.2980580864597,101
"ENSG00000103549",TRUE,107734,94.7402711244936,101
"ENSG00000102870",TRUE,41159,44.1298224068345,101
"ENSG00000099385",TRUE,47129,203.328533273811,101
"ENSG00000150281",TRUE,11421,16.7959435526598,101
"ENSG00000099364",TRUE,25492,30.8867748799677,101
"ENSG00000175938",TRUE,12535,15.9650552052029,101
"ENSG00000099381",TRUE,53476,53.8444078854721,101
"ENSG00000099377",TRUE,33789,89.8410889613542,101
"ENSG00000099365",TRUE,1950,3.19541167287435,72
"ENSG00000103496",TRUE,78214,93.9076596268304,101
"ENSG00000167394",TRUE,12393,24.9265720420857,101
"ENSG00000167395",TRUE,35592,51.222857664521,101
"ENSG00000151006",TRUE,3169,5.45394205702074,90
"ENSG00000167397",TRUE,24701,96.1668655520949,101
"ENSG00000103507",TRUE,55982,80.8042652602959,101
"ENSG00000103510",TRUE,68741,69.8538232819756,101
"ENSG00000052344",TRUE,67124,132.55177073991,101
"ENSG00000178226",TRUE,5293,11.4962948974385,99
"ENSG00000089280",TRUE,354672,345.427998493917,101
"ENSG00000103490",TRUE,29929,53.8166871400721,101
"ENSG00000169896",TRUE,87967,204.25083934449,101
"ENSG00000140678",TRUE,192628,341.100724042962,101
"ENSG00000156886",TRUE,1273,5.82651332478778,37
"ENSG00000176723",TRUE,1897,2.97769322031363,75
"ENSG00000140691",TRUE,19838,44.8075841844139,101
"ENSG00000140682",TRUE,76884,107.206473343683,101
"ENSG00000140688",TRUE,103404,115.404933909089,101
"ENSG00000197302",TRUE,27383,27.5482512948439,101
"ENSG00000185947",TRUE,22938,45.8050009731455,101
"ENSG00000171241",TRUE,5771,14.7611484727055,100
"ENSG00000069329",TRUE,155714,184.927592572244,101
"ENSG00000091651",TRUE,3126,9.6101227035843,87
"ENSG00000140795",TRUE,2317,15.5680768573282,41
"ENSG00000155330",TRUE,8653,10.840061855927,101
"ENSG00000166123",TRUE,16321,35.6022123954063,101
"ENSG00000069345",TRUE,91872,90.8647427193205,101
"ENSG00000171208",TRUE,25835,61.2746438958419,101
"ENSG00000129636",TRUE,113248,101.486128952488,101
"ENSG00000102893",TRUE,134852,127.655135008805,101
"ENSG00000102910",TRUE,139739,151.146377255614,101
"ENSG00000196470",TRUE,35540,40.0672559654629,101
"ENSG00000102921",TRUE,108800,148.116733343304,101
"ENSG00000102935",TRUE,22546,36.7458870942389,101
"ENSG00000205423",TRUE,24762,26.0831800207906,101
"ENSG00000155393",TRUE,31970,44.2834454181165,101
"ENSG00000121274",TRUE,29305,33.2008811408455,101
"ENSG00000121281",TRUE,124065,230.502859490344,101
"ENSG00000166164",TRUE,86939,85.4618062634125,101
"ENSG00000140807",TRUE,137437,576.249711615608,101
"ENSG00000167208",TRUE,24324,75.4202429777296,101
"ENSG00000167207",TRUE,14763,41.3892431558593,101
"ENSG00000083799",TRUE,120313,151.366894771698,101
"ENSG00000103460",TRUE,3756,16.7959435526598,67
"ENSG00000177200",TRUE,131271,145.680417612984,101
"ENSG00000103479",TRUE,233516,260.422164030445,101
"ENSG00000166971",TRUE,43052,53.3018867924528,101
"ENSG00000103494",TRUE,14669,50.8607559465141,101
"ENSG00000140718",TRUE,91732,206.584887510252,101
"ENSG00000177508",TRUE,45180,103.239931026388,101
"ENSG00000176842",TRUE,10441,28.85789529318,97
"ENSG00000159387",TRUE,4742,38.4065007294976,82
"ENSG00000087245",TRUE,1385845,2383.26178392595,101
"ENSG00000087253",TRUE,58662,74.648367135759,101
"ENSG00000198848",TRUE,224428,359.839642036871,101
"ENSG00000087258",TRUE,11851,27.9995718295564,100
"ENSG00000159461",TRUE,106000,97.2138526353627,101
"ENSG00000167005",TRUE,125660,121.077238479369,101
"ENSG00000087263",TRUE,48877,55.228726434087,101
"ENSG00000125124",TRUE,67084,81.0059055066112,101
"ENSG00000125148",TRUE,530819,1640.84623918027,101
"ENSG00000169715",TRUE,109413,348.096857164481,101
"ENSG00000205364",TRUE,78825,368.144184173747,101
"ENSG00000205362",TRUE,18242,165.615191222012,93
"ENSG00000198417",TRUE,6963,14.7504217629924,100
"ENSG00000125144",TRUE,4724,63.7244915531583,76
"ENSG00000187193",TRUE,81000,306.072776715935,101
"ENSG00000102900",TRUE,51634,53.3428083241146,101
"ENSG00000051108",TRUE,312517,750.61978993218,101
"ENSG00000087237",TRUE,3855,8.23566913981273,95
"ENSG00000140853",TRUE,121997,229.997878551559,101
"ENSG00000140848",TRUE,95811,110.336545602402,101
"ENSG00000172775",TRUE,92233,85.0809413373845,101
"ENSG00000159579",TRUE,47613,44.3437371384194,101
"ENSG00000102931",TRUE,113464,111.197065819909,101
"ENSG00000102934",TRUE,54134,117.294853865622,101
"ENSG00000102962",TRUE,10436,58.5611654368684,91
"ENSG00000006210",TRUE,202002,821.951310367526,101
"ENSG00000102970",TRUE,7241,21.9266500768549,88
"ENSG00000005194",TRUE,48386,48.7753223447952,101
"ENSG00000088682",TRUE,38338,41.0994824861858,101
"ENSG00000102978",TRUE,95402,109.494808150682,101
"ENSG00000125170",TRUE,58922,88.1073635994512,101
"ENSG00000135736",TRUE,14686,19.4989301938299,101
"ENSG00000159618",TRUE,4289,11.6054841018794,95
"ENSG00000205336",TRUE,101632,159.075094728473,101
"ENSG00000182885",TRUE,15020,57.2071953489031,101
"ENSG00000159625",TRUE,6746,51.4653414555366,51
"ENSG00000140854",TRUE,28270,40.4316559158768,101
"ENSG00000140859",TRUE,95990,151.521166748239,101
"ENSG00000159648",TRUE,2587,5.51218224701191,82
"ENSG00000166188",TRUE,20411,22.9868041693454,101
"ENSG00000103005",TRUE,65513,78.4024249785742,101
"ENSG00000102996",TRUE,40179,69.2070081772711,101
"ENSG00000070761",TRUE,32969,46.4019378174735,101
"ENSG00000070770",TRUE,91209,83.5163334401754,101
"ENSG00000103021",TRUE,26199,186.665775910683,100
"ENSG00000181938",TRUE,7710,10.4536566638099,101
"ENSG00000103034",TRUE,54994,173.129241489594,101
"ENSG00000103037",TRUE,24050,28.3960918759588,101
"ENSG00000125107",TRUE,253780,281.88799358172,101
"ENSG00000103042",TRUE,29515,50.0763875669603,101
"ENSG00000125166",TRUE,79129,85.9251320242289,101
"ENSG00000150394",TRUE,817,5.22362529134013,19
"ENSG00000140937",TRUE,297008,514.065737076734,101
"ENSG00000179776",TRUE,342817,642.220681549232,101
"ENSG00000166546",TRUE,2232,4.50779930568067,69
"ENSG00000166548",TRUE,65231,61.1375461776774,101
"ENSG00000217555",TRUE,6354,11.6090282259298,101
"ENSG00000089505",TRUE,1260,2.03021975098585,37
"ENSG00000140932",TRUE,2449,10.2698125657955,52
"ENSG00000140931",TRUE,88700,107.815432002718,101
"ENSG00000183723",TRUE,62046,109.58112351032,101
"ENSG00000135720",TRUE,286206,277.156716065805,101
"ENSG00000159593",TRUE,47841,46.0503018890336,101
"ENSG00000172840",TRUE,19331,39.4842737777937,101
"ENSG00000166592",TRUE,43778,80.9570785642826,101
"ENSG00000166595",TRUE,56127,88.1843379494935,101
"ENSG00000172831",TRUE,68344,74.3171865303018,101
"ENSG00000172828",TRUE,2215,7.20434480239479,61
"ENSG00000172824",TRUE,24984,109.883416264831,101
"ENSG00000067955",TRUE,72578,104.942539923141,101
"ENSG00000125149",TRUE,30059,39.3344580346465,101
"ENSG00000237172",TRUE,42005,56.2497475972864,101
"ENSG00000102871",TRUE,36846,51.5102576912118,101
"ENSG00000135722",TRUE,8399,11.5316418424052,101
"ENSG00000102878",TRUE,27417,48.3592623071515,101
"ENSG00000140939",TRUE,42761,49.6291896819139,101
"ENSG00000196123",TRUE,63721,89.3788517133069,101
"ENSG00000179044",TRUE,19610,33.117605693632,101
"ENSG00000205250",TRUE,93154,99.7915141540194,101
"ENSG00000102890",TRUE,19119,46.1631077395726,101
"ENSG00000125122",TRUE,4577,5.44126958120211,101
"ENSG00000168701",TRUE,34100,95.2631831819891,101
"ENSG00000135723",TRUE,113085,125.087078900282,101
"ENSG00000135740",TRUE,8039,10.6300545628723,101
"ENSG00000196155",TRUE,27327,37.8040367240068,101
"ENSG00000159708",TRUE,14561,39.4915311415489,99
"ENSG00000159713",TRUE,166811,747.711309506439,101
"ENSG00000159714",TRUE,25266,50.8607559465141,101
"ENSG00000176387",TRUE,7109,26.1342287711271,101
"ENSG00000159720",TRUE,159864,229.987163191933,101
"ENSG00000159723",TRUE,3109,11.86596795892,50
"ENSG00000039523",TRUE,164418,202.280918260582,101
"ENSG00000102974",TRUE,81697,93.4902639194135,101
"ENSG00000159753",TRUE,11141,29.6171954279963,99
"ENSG00000102977",TRUE,20351,25.3031063629631,101
"ENSG00000102981",TRUE,4109,5.79862854151238,101
"ENSG00000124074",TRUE,26858,52.6575527596903,101
"ENSG00000159761",TRUE,6007,7.52035369801788,101
"ENSG00000141098",TRUE,41041,49.9538776829804,101
"ENSG00000141084",TRUE,54207,71.9807910344073,101
"ENSG00000102904",TRUE,8522,49.2737189853302,97
"ENSG00000102901",TRUE,70418,96.6187067371479,101
"ENSG00000168286",TRUE,43021,40.832496489071,101
"ENSG00000102898",TRUE,78130,89.6904752330032,101
"ENSG00000038358",TRUE,54660,59.2952277835715,101
"ENSG00000159792",TRUE,57215,57.3036474602096,101
"ENSG00000261884",TRUE,2867,6.53128127814092,89
"ENSG00000205220",TRUE,19240,29.6760589086683,101
"ENSG00000213398",TRUE,28884,52.9256941968361,101
"ENSG00000124067",TRUE,147138,167.968967564055,101
"ENSG00000167261",TRUE,27436,56.5799760162545,101
"ENSG00000167264",TRUE,12682,23.119207301874,101
"ENSG00000182810",TRUE,13745,15.7116030264993,101
"ENSG00000072736",TRUE,71456,76.2105002384846,101
"ENSG00000103067",TRUE,41238,63.8764648624321,101
"ENSG00000103066",TRUE,40756,69.3489978409345,101
"ENSG00000103064",TRUE,85174,105.219627261305,101
"ENSG00000103061",TRUE,35099,39.0409173030446,101
"ENSG00000132600",TRUE,33613,42.6236851233248,101
"ENSG00000103056",TRUE,9732,29.6662371098273,100
"ENSG00000184939",TRUE,52737,57.3600501685055,101
"ENSG00000062038",TRUE,33081,101.229605736301,100
"ENSG00000039068",TRUE,121097,253.754930971266,101
"ENSG00000103047",TRUE,24650,25.8143242785727,101
"ENSG00000103044",TRUE,15400,31.5153116334386,100
"ENSG00000168802",TRUE,1254,1.8197734306255,39
"ENSG00000141076",TRUE,43498,89.728933435329,101
"ENSG00000168807",TRUE,90828,148.14558594068,101
"ENSG00000132612",TRUE,53939,114.617047275089,101
"ENSG00000213380",TRUE,18705,26.4327093255954,101
"ENSG00000132603",TRUE,29517,58.1392377243152,101
"ENSG00000132604",TRUE,36392,36.2039209272293,101
"ENSG00000103018",TRUE,90926,98.7806920221045,101
"ENSG00000102908",TRUE,110499,136.279132528415,101
"ENSG00000181019",TRUE,54615,108.443091855435,101
"ENSG00000141101",TRUE,41686,57.8552854033174,101
"ENSG00000198373",TRUE,95364,101.244037063442,101
"ENSG00000090857",TRUE,118000,135.453091301069,101
"ENSG00000223496",TRUE,39772,56.0283069465612,101
"ENSG00000090861",TRUE,157169,254.967597692774,101
"ENSG00000157349",TRUE,22109,25.7686731305573,101
"ENSG00000168872",TRUE,18113,25.2277994987876,101
"ENSG00000157350",TRUE,56753,59.4179400100756,101
"ENSG00000157353",TRUE,32898,34.8112737590404,101
"ENSG00000103051",TRUE,85058,85.5902951833975,101
"ENSG00000189091",TRUE,148596,146.082973617551,101
"ENSG00000157368",TRUE,11553,17.7425658147088,101
"ENSG00000132613",TRUE,117948,127.429121225496,101
"ENSG00000103043",TRUE,64780,79.6963086298994,101
"ENSG00000157423",TRUE,18563,150.23949899208,70
"ENSG00000180917",TRUE,39042,48.0313854851095,101
"ENSG00000172137",TRUE,6510,47.2780614461465,95
"ENSG00000167377",TRUE,1445,2.4058868899656,53
"ENSG00000157429",TRUE,6498,15.1902109141892,101
"ENSG00000140835",TRUE,1005,6.54976949350827,27
"ENSG00000140832",TRUE,6570,18.4171736253104,97
"ENSG00000040199",TRUE,25964,32.7620794929954,101
"ENSG00000166747",TRUE,138617,140.975044753097,101
"ENSG00000224470",TRUE,108910,112.421383647799,101
"ENSG00000182149",TRUE,204780,189.040231151585,101
"ENSG00000102984",TRUE,10105,13.2940865957346,101
"ENSG00000102967",TRUE,13197,21.8643287168365,101
"ENSG00000140830",TRUE,18884,25.3178881006586,101
"ENSG00000257017",TRUE,123743,1387.6461218627,101
"ENSG00000261701",TRUE,887,2.96743464840387,18
"ENSG00000140829",TRUE,97133,99.0644122936429,101
"ENSG00000118557",TRUE,1338,3.00879249891885,41
"ENSG00000140836",TRUE,108759,150.721460417172,101
"ENSG00000103035",TRUE,96032,99.0351110218232,101
"ENSG00000196436",TRUE,6956,21.765834355054,69
"ENSG00000090863",TRUE,282077,278.261231545061,101
"ENSG00000168411",TRUE,35133,41.022317241357,101
"ENSG00000168404",TRUE,57652,81.0325546366228,101
"ENSG00000103089",TRUE,4231,13.3589357986406,88
"ENSG00000103091",TRUE,52842,53.6637584870905,101
"ENSG00000186187",TRUE,35777,44.719259467071,101
"ENSG00000166816",TRUE,9294,17.2606748757326,101
"ENSG00000184517",TRUE,16248,18.8358807028808,101
"ENSG00000050820",TRUE,81092,106.051523869045,101
"ENSG00000153774",TRUE,45892,55.3163700788372,101
"ENSG00000166822",TRUE,30881,36.3231715438107,101
"ENSG00000183196",TRUE,13742,62.4990269951964,79
"ENSG00000205084",TRUE,28011,148.047876521874,101
"ENSG00000034713",TRUE,119233,108.599310616368,101
"ENSG00000065457",TRUE,30955,31.9349131631648,101
"ENSG00000065427",TRUE,154411,185.744451614877,101
"ENSG00000166848",TRUE,115209,107.830893898944,101
"ENSG00000103111",TRUE,83352,80.4880941983379,101
"ENSG00000205078",TRUE,2238,7.98252760260146,78
"ENSG00000140873",TRUE,1553,7.56569787570603,32
"ENSG00000140876",TRUE,7964,12.7718688780994,101
"ENSG00000171724",TRUE,4863,25.229983580416,64
"ENSG00000186153",TRUE,13037,15.4087320257141,101
"ENSG00000178573",TRUE,107138,159.210281143989,101
"ENSG00000168589",TRUE,6748,47.6866820241462,56
"ENSG00000166446",TRUE,30270,54.513765063225,101
"ENSG00000103121",TRUE,20323,32.6831790521607,101
"ENSG00000166451",TRUE,7411,12.1471950973306,100
"ENSG00000166454",TRUE,83722,76.2531548647234,101
"ENSG00000261609",TRUE,16121,23.4637115135879,101
"ENSG00000153815",TRUE,124539,140.18435903481,101
"ENSG00000197943",TRUE,71027,107.420360846996,101
"ENSG00000184860",TRUE,12447,24.0322739836426,100
"ENSG00000086696",TRUE,2843,9.42696181589956,66
"ENSG00000135698",TRUE,24789,33.1007056376258,101
"ENSG00000140945",TRUE,58144,160.700869867589,101
"ENSG00000230989",TRUE,143166,154.077844103043,101
"ENSG00000103150",TRUE,20228,22.0911949685535,101
"ENSG00000140961",TRUE,8811,15.2316132353448,101
"ENSG00000140943",TRUE,234896,215.685880343761,101
"ENSG00000103160",TRUE,40848,46.5200350160805,101
"ENSG00000154099",TRUE,51423,413.763207737244,95
"ENSG00000103168",TRUE,115333,158.381177647414,101
"ENSG00000140955",TRUE,691,2.21203845980186,13
"ENSG00000103175",TRUE,43075,67.020080724313,101
"ENSG00000064270",TRUE,35522,81.5929048218765,101
"ENSG00000140950",TRUE,21085,21.728782791504,101
"ENSG00000103187",TRUE,234731,418.515698081322,101
"ENSG00000135686",TRUE,82152,90.6379466025104,101
"ENSG00000103194",TRUE,73376,85.3221299607941,101
"ENSG00000103196",TRUE,390574,840.853810554962,101
"ENSG00000153786",TRUE,128085,135.648944474542,101
"ENSG00000135709",TRUE,57069,79.1994633444364,101
"ENSG00000153789",TRUE,17706,127.794261969622,73
"ENSG00000131149",TRUE,157690,155.584470761387,101
"ENSG00000131153",TRUE,3682,21.3729128927715,92
"ENSG00000154102",TRUE,2572,6.59191496986752,78
"ENSG00000131148",TRUE,26851,25.796566602482,101
"ENSG00000131143",TRUE,264457,430.303421898724,101
"ENSG00000140968",TRUE,60528,110.371315082292,101
"ENSG00000103241",TRUE,86681,164.343667980124,101
"ENSG00000103248",TRUE,21020,22.9324365853138,101
"ENSG00000176692",TRUE,4546,16.1110851794579,90
"ENSG00000176678",TRUE,9179,22.0713268514005,99
"ENSG00000103264",TRUE,62464,182.990396577365,101
"ENSG00000140941",TRUE,180104,245.503092212867,101
"ENSG00000140948",TRUE,85618,87.0557863007109,101
"ENSG00000104731",TRUE,40913,60.9232531179678,101
"ENSG00000103257",TRUE,48111,141.199807456402,101
"ENSG00000172530",TRUE,16153,19.8873845660246,101
"ENSG00000225614",TRUE,12916,40.8044504279684,100
"ENSG00000179588",TRUE,8580,13.5552355515874,101
"ENSG00000158545",TRUE,55059,52.6424758861251,101
"ENSG00000051523",TRUE,187069,364.635836337701,101
"ENSG00000167508",TRUE,55065,343.775834961091,101
"ENSG00000185669",TRUE,5099,9.61981521373084,100
"ENSG00000158717",TRUE,55198,73.8108788879532,101
"ENSG00000174177",TRUE,14342,24.3994239928573,101
"ENSG00000103335",TRUE,293665,348.413492227042,101
"ENSG00000167513",TRUE,3689,30.0474388060187,86
"ENSG00000198931",TRUE,72984,129.904340702712,101
"ENSG00000141012",TRUE,47394,66.3309226249788,101
"ENSG00000167515",TRUE,40591,101.890187229432,101
"ENSG00000129993",TRUE,27206,35.6179090535307,101
"ENSG00000176715",TRUE,38161,40.5727724201705,101
"ENSG00000129910",TRUE,1522,9.41335802193568,41
"ENSG00000259803",TRUE,96016,509.375629282984,101
"ENSG00000170100",TRUE,20742,25.3438282702196,101
"ENSG00000167522",TRUE,189648,189.370497462645,101
"ENSG00000197912",TRUE,152077,158.09169632303,101
"ENSG00000167526",TRUE,1011464,1966.41283735028,101
"ENSG00000178773",TRUE,5908,15.3382782773869,91
"ENSG00000015413",TRUE,4283,17.2412942199939,67
"ENSG00000131165",TRUE,101388,117.855242434635,101
"ENSG00000167523",TRUE,10219,20.9337732499025,101
"ENSG00000185324",TRUE,88831,148.354522425706,101
"ENSG00000158792",TRUE,13253,20.7387462224832,101
"ENSG00000075399",TRUE,32481,56.4048412674386,101
"ENSG00000158805",TRUE,66788,78.6387602743351,101
"ENSG00000187741",TRUE,13062,35.3942261624782,101
"ENSG00000204991",TRUE,11765,28.922744496086,101
"ENSG00000141002",TRUE,135004,175.540300393057,101
"ENSG00000258839",TRUE,7223,11.1540713370984,101
"ENSG00000258947",TRUE,697,2.20069626886095,15
"ENSG00000140995",TRUE,83363,96.5015155141047,101
"ENSG00000177946",TRUE,14423,19.032008516374,101
"ENSG00000003249",TRUE,6755,13.3508933470345,100
"ENSG00000141013",TRUE,33762,67.8647233877707,101
"ENSG00000272636",TRUE,37582,72.9796019486059,101
"ENSG00000181031",TRUE,23542,48.8741548498901,101
"ENSG00000187624",TRUE,7455,31.3628732805399,98
"ENSG00000183688",TRUE,63457,131.439582106929,101
"ENSG00000141252",TRUE,57247,60.694805341309,101
"ENSG00000167695",TRUE,20122,32.4415526740074,101
"ENSG00000179409",TRUE,32638,35.6163208675944,101
"ENSG00000167699",TRUE,69522,71.3410900646498,101
"ENSG00000171861",TRUE,13815,15.2119865634481,101
"ENSG00000167693",TRUE,73815,97.7277487793759,101
"ENSG00000177370",TRUE,24268,28.6166083866845,101
"ENSG00000159842",TRUE,224461,274.684806082797,101
"ENSG00000108953",TRUE,462400,460.184562992198,101
"ENSG00000167193",TRUE,154742,161.785709223131,101
"ENSG00000197879",TRUE,371302,525.423861200735,101
"ENSG00000132376",TRUE,88485,125.262784253224,101
"ENSG00000174238",TRUE,152125,208.327528411154,101
"ENSG00000167703",TRUE,77091,163.208905662213,101
"ENSG00000074660",TRUE,63526,93.1952723036881,101
"ENSG00000167705",TRUE,26750,38.1271609217628,101
"ENSG00000174231",TRUE,422309,398.569388048724,101
"ENSG00000185561",TRUE,26391,34.4415539725703,101
"ENSG00000167716",TRUE,97440,116.283848697137,101
"ENSG00000167711",TRUE,37423,381.203346456307,101
"ENSG00000132386",TRUE,465246,752.047722162876,101
"ENSG00000186532",TRUE,30138,29.7068864635541,101
"ENSG00000132383",TRUE,100263,94.5325296157433,101
"ENSG00000185924",TRUE,8406,20.8814433357392,100
"ENSG00000108963",TRUE,30405,42.4510953733323,101
"ENSG00000177374",TRUE,41342,76.9246368851228,101
"ENSG00000070366",TRUE,78197,83.1881100422718,101
"ENSG00000167720",TRUE,13215,15.5238216120046,101
"ENSG00000167721",TRUE,64590,107.759905818694,101
"ENSG00000141258",TRUE,132878,175.515983416287,101
"ENSG00000070444",TRUE,42642,48.644253965427,101
"ENSG00000127804",TRUE,49690,52.5989392849537,101
"ENSG00000007168",TRUE,263896,257.396217758213,101
"ENSG00000132361",TRUE,71264,94.9619557252872,101
"ENSG00000132359",TRUE,26611,36.3993710691824,101
"ENSG00000108381",TRUE,23313,36.5384042845517,101
"ENSG00000167723",TRUE,2387,8.32649392201003,61
"ENSG00000196689",TRUE,9861,14.5877400464724,101
"ENSG00000197417",TRUE,4682,9.26274429358471,101
"ENSG00000040531",TRUE,32356,44.7649615692805,101
"ENSG00000213977",TRUE,12564,62.7306178581794,101
"ENSG00000127774",TRUE,18949,25.6571257019281,101
"ENSG00000083454",TRUE,6582,27.3773335754706,95
"ENSG00000083457",TRUE,31937,48.8058563072246,101
"ENSG00000177602",TRUE,1126,2.37147913063113,31
"ENSG00000074356",TRUE,93846,94.8003894153457,101
"ENSG00000004660",TRUE,22236,33.2873612682644,101
"ENSG00000108405",TRUE,27322,49.4625372098311,101
"ENSG00000074370",TRUE,110394,175.103544129157,101
"ENSG00000074755",TRUE,148649,151.489149519791,101
"ENSG00000167740",TRUE,25107,27.3663636263415,101
"ENSG00000185722",TRUE,138225,139.315079464201,101
"ENSG00000132388",TRUE,56317,63.7195903294873,101
"ENSG00000182557",TRUE,1891,4.23069893607922,70
"ENSG00000183018",TRUE,90413,153.189728849187,101
"ENSG00000132382",TRUE,55841,90.5098023180732,101
"ENSG00000167741",TRUE,9526,44.6811008022495,97
"ENSG00000188176",TRUE,10874,22.7591550350343,101
"ENSG00000161905",TRUE,22751,228.079883278722,70
"ENSG00000141456",TRUE,54230,91.7237605657413,101
"ENSG00000141480",TRUE,163331,292.08253236092,101
"ENSG00000161920",TRUE,19240,21.3158495383388,101
"ENSG00000161921",TRUE,202524,326.707317143782,101
"ENSG00000141497",TRUE,18239,32.3996983011107,101
"ENSG00000182853",TRUE,6072,25.3217548691739,99
"ENSG00000142507",TRUE,97333,120.039141495724,101
"ENSG00000129219",TRUE,60975,72.6513310714552,101
"ENSG00000141503",TRUE,211792,245.063062387201,101
"ENSG00000108556",TRUE,3657,8.34764258399607,92
"ENSG00000205710",TRUE,4743,9.02709435971115,98
"ENSG00000185245",TRUE,1392,13.9679053534733,29
"ENSG00000108528",TRUE,62622,96.9199341938498,101
"ENSG00000108523",TRUE,110227,167.859000247157,101
"ENSG00000108518",TRUE,651526,1608.55461878837,101
"ENSG00000108515",TRUE,7890,16.1156689335539,101
"ENSG00000091640",TRUE,60956,81.9338682229282,101
"ENSG00000108509",TRUE,102325,95.3676644929575,101
"ENSG00000196388",TRUE,2464,4.15430387918307,84
"ENSG00000129250",TRUE,340301,424.932844692859,101
"ENSG00000132517",TRUE,2436,11.0892136969298,39
"ENSG00000180787",TRUE,18723,35.0732090871016,101
"ENSG00000167840",TRUE,13655,39.0713385205762,101
"ENSG00000129204",TRUE,3250,38.4667530115538,37
"ENSG00000180626",TRUE,10354,14.6749828816325,101
"ENSG00000161929",TRUE,21976,45.2828981792892,101
"ENSG00000029725",TRUE,119226,111.422987094967,101
"ENSG00000108559",TRUE,45472,50.0465965758758,101
"ENSG00000129197",TRUE,51768,52.2321710410892,101
"ENSG00000108561",TRUE,71354,104.619531985937,101
"ENSG00000005100",TRUE,37305,50.1885727363747,101
"ENSG00000072849",TRUE,50774,71.8120637852878,101
"ENSG00000167842",TRUE,33923,35.9728377868361,101
"ENSG00000091592",TRUE,114669,147.528913903091,101
"ENSG00000179314",TRUE,12755,65.5244934988307,101
"ENSG00000129195",TRUE,1624,4.94581605599608,50
"ENSG00000091622",TRUE,28450,43.9020340138401,101
"ENSG00000198920",TRUE,33623,46.3263646288457,101
"ENSG00000129235",TRUE,39167,64.2367551416891,101
"ENSG00000108590",TRUE,10207,13.223528840132,101
"ENSG00000132530",TRUE,164850,452.386909408421,101
"ENSG00000177294",TRUE,781,2.45503954857071,15
"ENSG00000167858",TRUE,23029,189.915423021679,69
"ENSG00000219200",TRUE,4160,5.66793174903305,100
"ENSG00000258315",TRUE,1687,2.78863695021747,63
"ENSG00000161940",TRUE,63685,126.241122037069,101
"ENSG00000174327",TRUE,5050,10.6411517982706,100
"ENSG00000174326",TRUE,3606,8.25458459628478,87
"ENSG00000132514",TRUE,24996,78.2286049718902,100
"ENSG00000161944",TRUE,3205,16.5850513355039,72
"ENSG00000141505",TRUE,4181,14.0823836008158,97
"ENSG00000132535",TRUE,46352,50.5623910184168,101
"ENSG00000072778",TRUE,532356,607.199245846939,101
"ENSG00000004975",TRUE,49572,46.978999644408,101
"ENSG00000040633",TRUE,41256,66.7971885236556,101
"ENSG00000170296",TRUE,15395,17.7592142619113,101
"ENSG00000175826",TRUE,89439,169.289830666491,101
"ENSG00000170291",TRUE,34208,47.8198587514333,101
"ENSG00000181885",TRUE,57957,106.245376064097,101
"ENSG00000181856",TRUE,6096,19.9554910089793,97
"ENSG00000132507",TRUE,282027,813.765974280296,101
"ENSG00000132522",TRUE,2868,3.59587396212253,99
"ENSG00000215041",TRUE,33041,34.4128348574281,101
"ENSG00000072818",TRUE,39125,87.9518429832035,101
"ENSG00000213859",TRUE,27313,35.5949718436971,101
"ENSG00000174292",TRUE,10400,19.1305148572766,101
"ENSG00000205544",TRUE,12063,44.054515542659,101
"ENSG00000169992",TRUE,74411,110.701090337964,101
"ENSG00000181284",TRUE,5989,10.0911197995151,100
"ENSG00000170175",TRUE,12193,14.2134288475752,101
"ENSG00000174282",TRUE,233187,226.803747931935,101
"ENSG00000181222",TRUE,229900,241.369317412464,101
"ENSG00000239697",TRUE,50529,66.5503190057366,101
"ENSG00000161955",TRUE,17476,30.4268604952205,101
"ENSG00000161956",TRUE,20671,24.0637472497751,101
"ENSG00000161960",TRUE,18923,43.1950683380571,99
"ENSG00000129255",TRUE,69720,160.629541286311,101
"ENSG00000129194",TRUE,1281,3.82610297145533,33
"ENSG00000129245",TRUE,57280,64.9164508667592,101
"ENSG00000141504",TRUE,59968,81.4067201736998,101
"ENSG00000129244",TRUE,16059,28.9437080336849,101
"ENSG00000141510",TRUE,49792,67.9267914862879,101
"ENSG00000141499",TRUE,12895,31.1017349044755,101
"ENSG00000108947",TRUE,9172,28.728196887368,84
"ENSG00000183914",TRUE,22101,175.103078050629,94
"ENSG00000132510",TRUE,111324,292.325999592515,101
"ENSG00000167874",TRUE,7768,13.7494450093811,101
"ENSG00000183011",TRUE,35387,127.645134777448,101
"ENSG00000182224",TRUE,3147,8.16190437180316,91
"ENSG00000170004",TRUE,328107,346.714999336391,101
"ENSG00000170049",TRUE,4557,6.47100611783851,100
"ENSG00000170043",TRUE,59705,87.5818830360896,101
"ENSG00000170037",TRUE,83756,131.172425957359,101
"ENSG00000132518",TRUE,991,6.47639031909175,20
"ENSG00000179593",TRUE,98799,396.400188332678,101
"ENSG00000179094",TRUE,386241,559.221539362858,101
"ENSG00000220205",TRUE,133662,144.01586781168,101
"ENSG00000179029",TRUE,13125,25.2414450016875,101
"ENSG00000196544",TRUE,15483,29.5202907567903,101
"ENSG00000178999",TRUE,3527,33.9633957431439,85
"ENSG00000178971",TRUE,67241,76.1319757083291,101
"ENSG00000178921",TRUE,27792,30.7378387480201,101
"ENSG00000125434",TRUE,13900,18.6000233060533,101
"ENSG00000108961",TRUE,28874,43.5273674934306,101
"ENSG00000198844",TRUE,80314,145.867243168183,101
"ENSG00000161970",TRUE,173868,276.677418980734,101
"ENSG00000166579",TRUE,106457,142.322767288994,101
"ENSG00000133026",TRUE,491364,1292.64879343661,101
"ENSG00000185156",TRUE,1009,3.04791253658306,16
"ENSG00000276231",TRUE,11489,27.5194435876724,100
"ENSG00000141506",TRUE,80639,176.659731590638,101
"ENSG00000065320",TRUE,52362,127.382972540387,101
"ENSG00000170310",TRUE,35377,46.53964206045,101
"ENSG00000166596",TRUE,13978,113.586502507594,62
"ENSG00000154914",TRUE,10791,41.763897437731,101
"ENSG00000065325",TRUE,6570,31.4114723793664,77
"ENSG00000007237",TRUE,225597,289.311238739061,101
"ENSG00000109061",TRUE,1521,27.6282992566073,23
"ENSG00000125414",TRUE,1150,16.0709166467889,23
"ENSG00000109063",TRUE,6630,10.2222835559236,101
"ENSG00000133028",TRUE,48832,45.0181549099318,101
"ENSG00000170222",TRUE,11152,12.8700336986805,101
"ENSG00000187824",TRUE,14595,17.1551138185122,101
"ENSG00000188803",TRUE,1439,5.77297248675153,32
"ENSG00000007174",TRUE,35109,304.862242924574,82
"ENSG00000154957",TRUE,13018,14.9982193974413,101
"ENSG00000065559",TRUE,53718,47.8453794801009,101
"ENSG00000141052",TRUE,44977,127.979016718743,101
"ENSG00000006740",TRUE,44346,72.6119141975964,101
"ENSG00000006744",TRUE,72275,77.86823743865,101
"ENSG00000153976",TRUE,3502,8.15738077665993,84
"ENSG00000006695",TRUE,16528,17.6015293679043,101
"ENSG00000125430",TRUE,10103,21.2960319111428,101
"ENSG00000109099",TRUE,368943,439.657159446626,101
"ENSG00000125409",TRUE,2727,15.4169304800726,55
"ENSG00000239704",TRUE,1024,2.1302744485829,25
"ENSG00000175106",TRUE,4058,5.68073186288773,101
"ENSG00000221926",TRUE,11618,14.4840764575969,101
"ENSG00000187607",TRUE,5243,6.35736229298839,101
"ENSG00000170425",TRUE,6189,13.1643881899226,99
"ENSG00000214941",TRUE,26696,31.9189134801851,101
"ENSG00000011295",TRUE,70402,70.7946186039685,101
"ENSG00000141027",TRUE,193543,189.074353697213,101
"ENSG00000108474",TRUE,21123,27.8405713897634,101
"ENSG00000166582",TRUE,9593,11.5582743470715,101
"ENSG00000170315",TRUE,624524,650.178108335781,101
"ENSG00000187688",TRUE,76941,108.309430284092,101
"ENSG00000181350",TRUE,5577,8.72309243654998,101
"ENSG00000141040",TRUE,11593,13.5308680326689,101
"ENSG00000197566",TRUE,7178,8.92884543050578,101
"ENSG00000170160",TRUE,3379,12.7848238053419,57
"ENSG00000266302",TRUE,767,2.76732240988906,20
"ENSG00000240505",TRUE,1953,8.50178853089445,35
"ENSG00000133030",TRUE,500708,541.737141559333,101
"ENSG00000179598",TRUE,5121,7.33059929689728,101
"ENSG00000154803",TRUE,69285,92.5768486840708,101
"ENSG00000141030",TRUE,55503,56.8614522798248,101
"ENSG00000205309",TRUE,2651,3.91595693712524,97
"ENSG00000141026",TRUE,19710,23.15116543745,101
"ENSG00000108551",TRUE,82701,261.591075719294,101
"ENSG00000133027",TRUE,19715,20.2915866845652,101
"ENSG00000108557",TRUE,65054,74.9686031187846,101
"ENSG00000072310",TRUE,112962,169.35027214388,101
"ENSG00000175662",TRUE,111035,127.358490566038,101
"ENSG00000171962",TRUE,23595,173.591614278073,100
"ENSG00000171953",TRUE,14282,20.483467055732,101
"ENSG00000141034",TRUE,25286,24.9784434345427,101
"ENSG00000108591",TRUE,43823,49.4013028991185,101
"ENSG00000091536",TRUE,4191,5.75639267486984,99
"ENSG00000091542",TRUE,118249,116.987962042465,101
"ENSG00000131899",TRUE,41497,42.9711025084273,101
"ENSG00000177731",TRUE,240135,273.995028388951,101
"ENSG00000177427",TRUE,14223,21.1408401473633,101
"ENSG00000177302",TRUE,40318,47.1866726049957,101
"ENSG00000176994",TRUE,68315,84.3195751526283,101
"ENSG00000176974",TRUE,34192,55.7452343372535,101
"ENSG00000214860",TRUE,1765,3.95580137726737,53
"ENSG00000249459",TRUE,1939,2.76114331624485,84
"ENSG00000108448",TRUE,5019,6.990353900279,101
"ENSG00000171931",FALSE,729,9.09848938661213,15
"ENSG00000171928",TRUE,23820,26.0320774264043,101
"ENSG00000141127",TRUE,33009,34.9148131460468,101
"ENSG00000188522",TRUE,13587,20.9891719033444,101
"ENSG00000154016",TRUE,21315,36.529113766981,101
"ENSG00000072134",TRUE,83786,84.778947027484,101
"ENSG00000108641",TRUE,12660,42.2454124429441,101
"ENSG00000166484",TRUE,43746,48.7306984099964,101
"ENSG00000166482",TRUE,998277,1461.54824585429,101
"ENSG00000128482",TRUE,8967,15.3462055309072,101
"ENSG00000142494",TRUE,14984,27.5186907602851,100
"ENSG00000072210",TRUE,173583,257.866413570943,101
"ENSG00000108602",TRUE,18104,110.04909733152,91
"ENSG00000083290",TRUE,54628,53.977461343848,101
"ENSG00000108599",TRUE,54406,54.9097987125928,101
"ENSG00000128487",TRUE,39125,50.3659625469969,101
"ENSG00000124422",TRUE,284068,272.199508767358,101
"ENSG00000109016",TRUE,29818,33.1513181045598,101
"ENSG00000178307",TRUE,24365,24.2917635972628,101
"ENSG00000274180",TRUE,41885,58.6185862304318,101
"ENSG00000034152",TRUE,73336,98.7941776959318,101
"ENSG00000184185",TRUE,7385,14.7302372914243,101
"ENSG00000212719",TRUE,21252,32.7620794929954,101
"ENSG00000109046",TRUE,529532,680.064099794695,101
"ENSG00000141068",TRUE,98558,122.465893750957,101
"ENSG00000168961",TRUE,102693,214.172721715081,101
"ENSG00000007171",TRUE,6085,14.3030058788498,76
"ENSG00000232859",TRUE,12529,15.5139457637087,101
"ENSG00000087095",TRUE,39137,42.7684192889773,101
"ENSG00000109084",TRUE,27444,99.1791401191144,101
"ENSG00000109083",TRUE,38054,40.733948670388,101
"ENSG00000109079",TRUE,141965,173.443593267151,101
"ENSG00000004142",TRUE,96805,99.864481675749,101
"ENSG00000244045",TRUE,23547,25.6571257019281,101
"ENSG00000004139",TRUE,38929,40.6583754817602,101
"ENSG00000109072",TRUE,2757,7.84471117790654,77
"ENSG00000076351",TRUE,36102,52.9427127812308,101
"ENSG00000258472",TRUE,3098,5.06357762013173,98
"ENSG00000109103",TRUE,36002,63.3314128430968,101
"ENSG00000087111",TRUE,77778,78.5580151324963,101
"ENSG00000109107",TRUE,22247,62.7306178581794,101
"ENSG00000076382",TRUE,10140,25.3031063629631,101
"ENSG00000167524",TRUE,9104,12.2553255443768,101
"ENSG00000007202",TRUE,274006,298.903667333401,101
"ENSG00000132581",TRUE,52692,53.0859421186278,101
"ENSG00000109111",TRUE,187820,174.346725092696,101
"ENSG00000167525",TRUE,5102,7.19174792424506,101
"ENSG00000109113",TRUE,92491,162.060371705645,101
"ENSG00000198242",TRUE,280289,391.369773119998,101
"ENSG00000160606",TRUE,6264,16.2662826619049,101
"ENSG00000160602",TRUE,12996,19.8810121423282,101
"ENSG00000076604",TRUE,51287,91.3076776916797,101
"ENSG00000173065",TRUE,36911,40.8561416974204,101
"ENSG00000132591",TRUE,45019,66.6465747953046,101
"ENSG00000132589",TRUE,170370,240.454817312325,101
"ENSG00000167536",TRUE,11168,31.7794966820549,100
"ENSG00000109118",TRUE,85361,84.2093926432372,101
"ENSG00000179761",TRUE,2345,3.69732157890716,94
"ENSG00000196535",TRUE,107892,121.60979093275,101
"ENSG00000221995",TRUE,4749,9.61345895996024,99
"ENSG00000108256",TRUE,174823,220.69980228976,101
"ENSG00000160551",TRUE,184307,186.050641799662,101
"ENSG00000168792",TRUE,26511,29.5785726312573,101
"ENSG00000167543",TRUE,56223,80.5783446677695,101
"ENSG00000108262",TRUE,116015,118.134014366008,101
"ENSG00000198720",TRUE,10999,18.1549030117266,101
"ENSG00000167549",TRUE,19705,52.3064801979245,101
"ENSG00000141298",TRUE,140399,214.198548590635,101
"ENSG00000126653",TRUE,58456,54.8737860328397,101
"ENSG00000108576",TRUE,186047,1079.24640801949,93
"ENSG00000108578",TRUE,55277,62.3472492393636,101
"ENSG00000108582",TRUE,251572,318.162098784021,101
"ENSG00000108587",TRUE,67761,61.5202127071407,101
"ENSG00000176390",TRUE,29461,47.553598519498,101
"ENSG00000176208",TRUE,5118,8.14935600135718,101
"ENSG00000172171",TRUE,10632,11.5802879292906,101
"ENSG00000184060",TRUE,32898,103.252952340947,101
"ENSG00000181481",TRUE,43562,58.414605588766,101
"ENSG00000196712",TRUE,129784,155.79272425857,101
"ENSG00000126861",TRUE,17305,116.307137298195,101
"ENSG00000185862",TRUE,81656,134.955351353946,101
"ENSG00000126860",TRUE,24748,36.6192062673295,101
"ENSG00000131242",TRUE,27742,56.7554646594831,101
"ENSG00000172301",TRUE,38864,91.7990674299168,101
"ENSG00000108651",TRUE,59971,69.7102948049787,101
"ENSG00000178691",TRUE,56483,59.6367853873416,101
"ENSG00000185158",TRUE,15461,15.8703696118395,101
"ENSG00000126858",TRUE,79882,86.2871617233752,101
"ENSG00000141314",TRUE,1634,3.40742785197452,45
"ENSG00000108666",TRUE,19224,21.7650783248084,101
"ENSG00000010244",TRUE,186431,192.387989580353,101
"ENSG00000108671",TRUE,96623,109.638441966344,101
"ENSG00000176749",TRUE,5019,12.4442425343048,101
"ENSG00000176658",TRUE,191272,244.339622641509,101
"ENSG00000006042",TRUE,101808,117.975977295383,101
"ENSG00000108691",TRUE,103112,431.323575595775,101
"ENSG00000108688",TRUE,1969,36.1489806964443,23
"ENSG00000172156",TRUE,6246,24.2947810800422,77
"ENSG00000108700",TRUE,4222,36.134061365477,74
"ENSG00000181374",TRUE,32581,81.2555145649822,101
"ENSG00000181291",TRUE,1723,4.99473563329904,48
"ENSG00000132141",TRUE,3321,5.91017351454242,97
"ENSG00000198783",TRUE,18845,19.706962696638,101
"ENSG00000005156",TRUE,38251,41.2629609907826,101
"ENSG00000092871",TRUE,33167,37.6465988279359,101
"ENSG00000185379",TRUE,22972,22.6574245952818,101
"ENSG00000073536",TRUE,18256,20.634080784083,101
"ENSG00000141161",TRUE,3499,9.93767870882451,85
"ENSG00000166750",TRUE,192808,270.566526238688,101
"ENSG00000172716",TRUE,135461,169.861022362791,101
"ENSG00000172123",TRUE,16904,22.8300425095392,101
"ENSG00000154760",TRUE,44488,151.448670010125,101
"ENSG00000205045",TRUE,3605,9.86445696665328,96
"ENSG00000108733",TRUE,10032,13.0853661462175,101
"ENSG00000006125",TRUE,355379,350.018673918528,101
"ENSG00000270647",TRUE,170706,150.28454392034,101
"ENSG00000270885",TRUE,2328,6.08272711635818,67
"ENSG00000270765",TRUE,8030,51.314195078281,59
"ENSG00000271447",TRUE,39774,59.3750137500697,101
"ENSG00000271503",TRUE,60270,143.34289029668,101
"ENSG00000275152",TRUE,942,3.64970436150454,25
"ENSG00000276409",TRUE,5254,22.4134605083044,80
"ENSG00000274736",TRUE,10985,64.5440251572327,100
"ENSG00000275385",TRUE,223848,590.860085099199,101
"ENSG00000277632",TRUE,13186,71.264713170489,99
"ENSG00000275302",TRUE,20384,96.333061390867,101
"ENSG00000276085",TRUE,2981,29.0605324285821,47
"ENSG00000276070",TRUE,5718,29.4572171195213,87
"ENSG00000273611",TRUE,27714,27.0057473073692,101
"ENSG00000278259",TRUE,52681,59.913939730552,101
"ENSG00000277161",TRUE,12846,20.4825367194706,101
"ENSG00000278311",TRUE,114380,112.279253676766,101
"ENSG00000278535",TRUE,9257,11.5932364764897,101
"ENSG00000278619",TRUE,6767,16.1156689335539,101
"ENSG00000275700",TRUE,55589,59.771963570053,101
"ENSG00000278540",TRUE,98654,144.359021823268,101
"ENSG00000276234",TRUE,25295,26.7529087742437,101
"ENSG00000276023",TRUE,18109,33.7812153166297,101
"ENSG00000275066",TRUE,88357,96.0243232847655,101
"ENSG00000278053",TRUE,38497,36.6784415453823,101
"ENSG00000275410",TRUE,13948,27.7102013078539,100
"ENSG00000274512",TRUE,3164,6.02033716203622,91
"ENSG00000278845",TRUE,34242,35.7319108012184,101
"ENSG00000274211",TRUE,40591,63.4355697672116,101
"ENSG00000275832",TRUE,112130,148.12598066785,101
"ENSG00000277363",TRUE,6457,33.6300689393741,84
"ENSG00000273604",TRUE,5141,12.1070820728535,101
"ENSG00000275023",TRUE,330167,341.924277279749,101
"ENSG00000277972",TRUE,28495,69.960076819026,101
"ENSG00000277258",TRUE,65494,93.380511577602,101
"ENSG00000277791",TRUE,93175,233.150051487303,101
"ENSG00000276293",TRUE,146629,147.963724276953,101
"ENSG00000273559",TRUE,44554,47.8459660881422,101
"ENSG00000125691",TRUE,849993,891.361888936397,101
"ENSG00000002834",TRUE,309632,331.539591079287,101
"ENSG00000161381",TRUE,54590,103.662401624493,101
"ENSG00000067191",TRUE,28996,48.5226016268566,101
"ENSG00000108298",TRUE,1035695,1089.85570403861,101
"ENSG00000141750",TRUE,2735,23.0373460977295,49
"ENSG00000108306",TRUE,40399,46.0776169071793,101
"ENSG00000125686",TRUE,94065,94.5102297872722,101
"ENSG00000167258",TRUE,88666,89.1763625808123,101
"ENSG00000131771",TRUE,21094,115.370115916844,101
"ENSG00000131748",TRUE,93649,132.106334518387,101
"ENSG00000173991",TRUE,4597,9.98066893743912,99
"ENSG00000141744",TRUE,5020,18.7315595390214,70
"ENSG00000161395",TRUE,41678,43.9175877589565,101
"ENSG00000141736",TRUE,142179,294.545079599154,101
"ENSG00000141741",TRUE,36580,54.0703284779986,101
"ENSG00000141738",TRUE,17703,44.4217039906254,101
"ENSG00000161405",TRUE,47655,93.1522983925805,101
"ENSG00000073605",TRUE,23921,33.6521410595871,101
"ENSG00000172057",TRUE,97101,100.418816088717,101
"ENSG00000167914",TRUE,1787,4.46010878700899,51
"ENSG00000108344",TRUE,111973,117.90904010307,101
"ENSG00000108342",TRUE,23480,314.160348948065,85
"ENSG00000008838",TRUE,91909,101.471789684444,101
"ENSG00000126351",TRUE,112131,134.080275194374,101
"ENSG00000126368",TRUE,27040,76.5076584609458,101
"ENSG00000188895",TRUE,203868,192.562719930807,101
"ENSG00000108349",TRUE,182032,178.351811666489,101
"ENSG00000108352",TRUE,19354,56.8072839904956,101
"ENSG00000171475",TRUE,86041,89.8897296643389,101
"ENSG00000094804",TRUE,5824,22.0648417274295,100
"ENSG00000131759",TRUE,102000,123.421044165431,101
"ENSG00000183153",TRUE,1695,3.30142183985088,58
"ENSG00000131747",TRUE,23559,77.4469832404841,99
"ENSG00000141753",TRUE,1363040,2784.42419894666,101
"ENSG00000131746",TRUE,18971,87.2000521426752,56
"ENSG00000126353",TRUE,7382,62.1198331559689,95
"ENSG00000073584",TRUE,15319,17.0645174644276,101
"ENSG00000186395",TRUE,23618,26.4937711052518,101
"ENSG00000167920",TRUE,9539,16.5675101186068,101
"ENSG00000108244",TRUE,4499,34.694323554722,49
"ENSG00000171401",TRUE,7953,59.4142728158567,75
"ENSG00000171346",TRUE,94877,669.260814513026,100
"ENSG00000171345",TRUE,272499,1213.91222919783,101
"ENSG00000186847",TRUE,4214,94.1610426195446,25
"ENSG00000186832",TRUE,1061,8.11947574609381,23
"ENSG00000128422",TRUE,84554,396.538542201352,80
"ENSG00000173812",TRUE,824111,994.629457397645,101
"ENSG00000173805",TRUE,2191,4.85983457123119,73
"ENSG00000173801",TRUE,156271,219.110323501236,101
"ENSG00000141696",TRUE,25113,60.3207982045639,101
"ENSG00000141756",TRUE,150138,252.202688123701,101
"ENSG00000141698",TRUE,47277,67.3996434370595,101
"ENSG00000178502",TRUE,5777,7.85685585862931,99
"ENSG00000131473",TRUE,190752,265.678757068665,101
"ENSG00000204815",TRUE,11932,80.8633118317535,97
"ENSG00000173786",TRUE,84490,79.802458930564,101
"ENSG00000168259",TRUE,96502,110.958396545495,101
"ENSG00000168256",TRUE,60203,63.4781832088977,101
"ENSG00000187595",TRUE,1269,3.81528351706489,29
"ENSG00000108771",TRUE,38836,57.9202919811715,101
"ENSG00000108773",TRUE,94297,122.645073724046,101
"ENSG00000108774",TRUE,80599,100.790966915192,101
"ENSG00000167925",TRUE,42010,41.1446837419251,101
"ENSG00000173757",TRUE,179684,173.769314367456,101
"ENSG00000126561",TRUE,79254,126.515531814816,101
"ENSG00000168610",TRUE,519141,772.91821775622,101
"ENSG00000177469",TRUE,744844,941.482167984436,101
"ENSG00000033627",TRUE,95738,127.396677515198,101
"ENSG00000108784",TRUE,57930,91.4225331090394,101
"ENSG00000108786",TRUE,1832,2.67295597484277,72
"ENSG00000068120",TRUE,74129,126.741452407342,101
"ENSG00000108788",TRUE,99389,109.511257951716,101
"ENSG00000131470",TRUE,6446,10.2251705566137,101
"ENSG00000141699",TRUE,79297,100.308743081747,101
"ENSG00000131462",TRUE,29215,40.6657066547622,101
"ENSG00000037042",TRUE,32427,38.9015827094999,101
"ENSG00000068137",TRUE,40347,57.4247544686531,101
"ENSG00000184451",TRUE,2072,2.96858543935229,77
"ENSG00000108797",TRUE,39457,53.9907395364019,101
"ENSG00000108799",TRUE,105338,111.970119386856,101
"ENSG00000131477",TRUE,117928,205.084071220876,101
"ENSG00000131475",TRUE,50710,53.1114971800324,101
"ENSG00000126562",TRUE,797,4.38699912808392,20
"ENSG00000183978",TRUE,38604,92.4015223433207,101
"ENSG00000176563",TRUE,1310,9.37107538984807,25
"ENSG00000126581",TRUE,115474,104.87723984618,101
"ENSG00000131467",TRUE,119619,136.217458200609,101
"ENSG00000131480",TRUE,3855,7.09759582762973,99
"ENSG00000131471",TRUE,500310,778.85010141025,101
"ENSG00000266967",TRUE,2545,3.85919048848475,93
"ENSG00000267060",TRUE,1046,2.24178995379195,24
"ENSG00000198863",TRUE,28530,38.0888870684147,101
"ENSG00000131469",TRUE,539836,649.371089785211,101
"ENSG00000068079",TRUE,45009,155.96051570743,101
"ENSG00000108828",TRUE,340293,436.144427891595,101
"ENSG00000108830",TRUE,4008,7.40617248552509,97
"ENSG00000012048",TRUE,13778,20.2890863206203,101
"ENSG00000188554",TRUE,253499,240.409859181906,101
"ENSG00000184988",TRUE,18430,37.1329025476327,101
"ENSG00000175906",TRUE,19861,44.4385382361677,101
"ENSG00000067596",TRUE,74502,79.5495382640984,101
"ENSG00000175832",TRUE,5191,10.801351595543,99
"ENSG00000005102",TRUE,12525,45.1775306420236,80
"ENSG00000167941",TRUE,1235,14.7790414787742,18
"ENSG00000108861",TRUE,195359,203.67683785234,101
"ENSG00000161647",TRUE,27943,59.0981341807419,101
"ENSG00000161649",TRUE,20373,96.977739104445,98
"ENSG00000108852",TRUE,6499,13.8525218365433,100
"ENSG00000161653",TRUE,7211,11.9464195308266,101
"ENSG00000091947",TRUE,33615,59.567729562809,101
"ENSG00000161654",TRUE,5330,6.53488343843732,101
"ENSG00000141349",TRUE,52657,118.533004212214,101
"ENSG00000108840",TRUE,95347,108.446107036308,101
"ENSG00000125319",TRUE,1998,6.02454913403884,74
"ENSG00000168591",TRUE,67539,68.2304878364105,101
"ENSG00000087152",TRUE,97799,91.2973006344247,101
"ENSG00000108312",TRUE,139410,133.26016558102,101
"ENSG00000013306",TRUE,106147,245.726297804609,101
"ENSG00000030582",TRUE,684443,1172.54543757274,101
"ENSG00000161682",TRUE,2915,6.12534652723479,80
"ENSG00000005961",TRUE,7019,86.6154130939609,97
"ENSG00000186566",TRUE,105494,105.65632726351,101
"ENSG00000180340",TRUE,6996,12.4754810930782,100
"ENSG00000180329",TRUE,27200,29.1690742393405,101
"ENSG00000161692",TRUE,9857,15.3375032261961,101
"ENSG00000073670",TRUE,1694,3.1645362005575,63
"ENSG00000182963",TRUE,51201,113.084028307441,101
"ENSG00000131097",TRUE,28217,54.4053652146894,101
"ENSG00000108883",TRUE,102158,120.571855505455,101
"ENSG00000186185",TRUE,3114,11.3015042994151,77
"ENSG00000172992",TRUE,30586,39.2337677581436,101
"ENSG00000136448",TRUE,145501,153.363384990126,101
"ENSG00000161714",TRUE,33698,39.2295597484277,101
"ENSG00000181513",TRUE,21881,27.4002524682418,101
"ENSG00000186834",TRUE,63243,86.485371075347,101
"ENSG00000168517",TRUE,4664,8.50967565182986,101
"ENSG00000184922",TRUE,118331,218.981385774972,101
"ENSG00000006062",TRUE,42075,53.2776427857338,101
"ENSG00000159314",TRUE,93338,130.84578111152,101
"ENSG00000225190",TRUE,56089,60.0277776733118,101
"ENSG00000186868",TRUE,6019,25.8438092217084,98
"ENSG00000120071",TRUE,102135,96.8092546322208,101
"ENSG00000228696",TRUE,1378,3.22357936660754,45
"ENSG00000238083",TRUE,7375,13.1140799056626,101
"ENSG00000185829",TRUE,1285,2.29233937892244,37
"ENSG00000073969",TRUE,53527,61.9351056103145,101
"ENSG00000108379",TRUE,3682,5.32796389771663,98
"ENSG00000158955",TRUE,2502,10.2552388183713,64
"ENSG00000108433",TRUE,72118,76.1682444507794,101
"ENSG00000004897",TRUE,98097,99.9793692021384,101
"ENSG00000198336",TRUE,1122,9.86393316198889,16
"ENSG00000259207",TRUE,9028,34.1997682623703,99
"ENSG00000178852",TRUE,4983,7.79604056424277,95
"ENSG00000141279",TRUE,138082,137.844920334177,101
"ENSG00000108424",TRUE,255499,313.328687638388,101
"ENSG00000198933",TRUE,29109,34.948227113883,101
"ENSG00000073861",TRUE,6498,15.8747647666355,99
"ENSG00000006025",TRUE,38053,57.8106735175016,101
"ENSG00000159111",TRUE,46405,45.8034091051319,101
"ENSG00000141294",TRUE,24432,173.893907032584,84
"ENSG00000141295",TRUE,43090,52.8521003684083,101
"ENSG00000189120",TRUE,14374,36.4637302166319,101
"ENSG00000167182",TRUE,39192,40.5020221864778,101
"ENSG00000108439",TRUE,21333,57.6097510942464,101
"ENSG00000167183",TRUE,45295,97.3062405921075,101
"ENSG00000108465",TRUE,28535,39.9040296509324,101
"ENSG00000005243",TRUE,24477,38.0299664086202,101
"ENSG00000082641",TRUE,455842,429.277606043313,101
"ENSG00000108468",TRUE,83094,81.8105303373639,101
"ENSG00000002919",TRUE,33714,46.1592800443892,101
"ENSG00000141293",TRUE,12364,28.2153202577235,101
"ENSG00000173917",TRUE,13513,18.0411573768918,101
"ENSG00000120093",TRUE,31162,44.2711940607856,101
"ENSG00000182742",TRUE,13073,17.2659513958535,101
"ENSG00000120075",TRUE,8238,17.4317849048074,101
"ENSG00000108511",TRUE,8496,11.322514494244,101
"ENSG00000260027",TRUE,4877,10.3243258958541,101
"ENSG00000170703",TRUE,4137,25.119982591698,71
"ENSG00000136436",TRUE,237049,288.113192562167,101
"ENSG00000159199",TRUE,48492,129.603113246011,101
"ENSG00000159202",TRUE,155674,154.153150967219,101
"ENSG00000159210",TRUE,58197,65.2157443759704,101
"ENSG00000167080",TRUE,1126,7.36719913468252,25
"ENSG00000167083",TRUE,6313,15.2224343624775,101
"ENSG00000108798",TRUE,32830,51.8398702189265,101
"ENSG00000173868",TRUE,2480,13.0965843549002,59
"ENSG00000198740",TRUE,53133,60.9170733668746,101
"ENSG00000167085",TRUE,114769,210.633299098833,101
"ENSG00000064300",TRUE,17861,45.2439936752387,98
"ENSG00000182575",TRUE,22562,42.8374180706147,101
"ENSG00000121067",TRUE,103178,100.121041151948,101
"ENSG00000121073",TRUE,54878,83.1764971804353,101
"ENSG00000121104",TRUE,29630,38.4890869397443,101
"ENSG00000136504",TRUE,69194,69.1270962100655,101
"ENSG00000108813",TRUE,1643,3.5325175029449,56
"ENSG00000064195",TRUE,792,1.77226871045722,18
"ENSG00000005884",TRUE,297472,409.84256793279,101
"ENSG00000005882",TRUE,40054,48.1526559782637,101
"ENSG00000167100",TRUE,16308,31.7386690512937,101
"ENSG00000108819",TRUE,149847,183.46295725115,101
"ENSG00000108823",TRUE,31242,51.2498177938996,101
"ENSG00000108821",TRUE,2246368,7843.82096398641,101
"ENSG00000167105",TRUE,5010,16.3415895260803,92
"ENSG00000015532",TRUE,37281,43.0002194442022,101
"ENSG00000108826",TRUE,35999,120.867517001654,101
"ENSG00000154920",TRUE,1877,5.53543067726456,60
"ENSG00000108829",TRUE,143744,249.319654942163,101
"ENSG00000167107",TRUE,49871,74.7062817477379,101
"ENSG00000136457",FALSE,1556,29.1821413077101,17
"ENSG00000136444",TRUE,60370,61.5257080313716,101
"ENSG00000136449",TRUE,7382,49.5004385512136,87
"ENSG00000049283",TRUE,3133,18.4171736253104,47
"ENSG00000006282",TRUE,85761,115.869153273164,101
"ENSG00000006283",TRUE,4248,11.9365715982231,71
"ENSG00000108846",TRUE,95987,178.417698364724,101
"ENSG00000154945",TRUE,110647,132.670545935193,101
"ENSG00000108848",TRUE,236350,306.18817335638,101
"ENSG00000141232",TRUE,67016,123.173437057741,101
"ENSG00000008294",TRUE,238269,256.336883262575,101
"ENSG00000239672",TRUE,19043,67.7008708937614,101
"ENSG00000243678",TRUE,1287,1.68456008731075,35
"ENSG00000011258",TRUE,37792,43.2826141485116,101
"ENSG00000011260",TRUE,43141,50.7508170291416,101
"ENSG00000141198",TRUE,27798,45.2647436284037,101
"ENSG00000166260",TRUE,47822,54.8166251921373,101
"ENSG00000166263",TRUE,26354,44.3940316500936,101
"ENSG00000108924",TRUE,62645,114.659732375301,101
"ENSG00000108960",TRUE,41329,76.5527916382345,101
"ENSG00000166292",TRUE,251948,679.07733684857,101
"ENSG00000141179",TRUE,46155,69.6235282309727,101
"ENSG00000153930",TRUE,4451,28.8689580558223,51
"ENSG00000183691",TRUE,1505,3.33059756880401,41
"ENSG00000214226",TRUE,4645,6.97800525241208,101
"ENSG00000153933",TRUE,37178,57.9979029592919,101
"ENSG00000121060",TRUE,99949,138.311062804238,101
"ENSG00000121058",TRUE,24109,26.6017623969881,101
"ENSG00000121064",TRUE,227258,363.609480694068,101
"ENSG00000121057",TRUE,92440,142.473698784531,101
"ENSG00000153944",TRUE,65297,137.851683609042,101
"ENSG00000181610",TRUE,38033,38.101302527311,101
"ENSG00000180891",TRUE,68006,91.7616221120218,101
"ENSG00000136451",TRUE,102578,102.714530045194,101
"ENSG00000136450",TRUE,74967,93.3800011847455,101
"ENSG00000264364",TRUE,176830,223.435466008665,101
"ENSG00000011143",TRUE,19676,41.9431196884329,101
"ENSG00000005381",TRUE,5218,44.0811863652738,70
"ENSG00000005379",TRUE,48980,103.458629315509,101
"ENSG00000213246",TRUE,1182,1.81360178121811,23
"ENSG00000108375",TRUE,6782,19.3250624659947,99
"ENSG00000108389",TRUE,73729,77.7075410516621,101
"ENSG00000108387",TRUE,61649,104.58233416917,101
"ENSG00000121101",TRUE,2017,5.15604560119739,66
"ENSG00000108384",TRUE,17088,15.962043443066,101
"ENSG00000175175",TRUE,1770,8.53977031494219,35
"ENSG00000108395",TRUE,40704,51.2386218896532,101
"ENSG00000182628",TRUE,37019,42.5658556861042,101
"ENSG00000068489",TRUE,5238,12.9827671469897,100
"ENSG00000167447",TRUE,18404,22.5371845278912,99
"ENSG00000153982",TRUE,4085,6.39557838991083,99
"ENSG00000175155",TRUE,68420,131.272512371127,101
"ENSG00000108406",TRUE,66133,78.9739821160584,101
"ENSG00000141367",TRUE,546701,597.600705947799,101
"ENSG00000141378",TRUE,20496,33.7903261987473,101
"ENSG00000062716",TRUE,333909,510.999490724074,101
"ENSG00000108423",TRUE,11194,15.6817537392917,101
"ENSG00000108443",TRUE,51216,51.3613204031355,101
"ENSG00000189050",TRUE,16542,17.8367476325036,101
"ENSG00000068097",TRUE,25271,30.8217768181931,101
"ENSG00000167434",TRUE,56190,165.770397616579,95
"ENSG00000170832",TRUE,80660,95.2474145682802,101
"ENSG00000062725",TRUE,78790,81.3745088880688,101
"ENSG00000170836",TRUE,40933,59.0706432573646,101
"ENSG00000141376",TRUE,42082,60.0806849591066,101
"ENSG00000121068",TRUE,221185,331.248513628464,101
"ENSG00000121075",TRUE,103170,139.600920853258,101
"ENSG00000136492",TRUE,3304,8.30314601589683,90
"ENSG00000108506",TRUE,23874,24.4857131154095,101
"ENSG00000108510",TRUE,134787,140.586276325306,101
"ENSG00000087995",TRUE,13571,14.4815683708917,101
"ENSG00000146872",TRUE,44791,41.8451841583396,101
"ENSG00000011028",TRUE,334341,521.391891190232,101
"ENSG00000173838",TRUE,6439,45.419486365312,56
"ENSG00000170921",TRUE,85834,116.844619024746,101
"ENSG00000008283",TRUE,100833,162.771499294116,101
"ENSG00000159640",TRUE,85357,154.255654456767,101
"ENSG00000173826",TRUE,1004,4.46836586017246,30
"ENSG00000136485",TRUE,166567,193.223186576911,101
"ENSG00000136463",TRUE,16183,23.571048486927,101
"ENSG00000198909",TRUE,128977,132.753795866932,101
"ENSG00000266173",TRUE,10757,13.1670414477537,100
"ENSG00000136490",TRUE,41471,110.885011362595,101
"ENSG00000108588",TRUE,149743,175.440526530024,101
"ENSG00000198231",TRUE,202549,196.56599421078,101
"ENSG00000108592",TRUE,71657,68.7999715382627,101
"ENSG00000087191",TRUE,150933,244.220160521099,101
"ENSG00000108604",TRUE,145293,203.930988187215,101
"ENSG00000007312",TRUE,6783,17.9676974106532,99
"ENSG00000007314",TRUE,1136,4.07869038832997,29
"ENSG00000224383",TRUE,23295,159.610574381928,90
"ENSG00000108622",TRUE,82384,125.347771300909,101
"ENSG00000178607",TRUE,85307,118.167865574647,101
"ENSG00000136478",TRUE,109483,125.013480882438,101
"ENSG00000261371",TRUE,1374318,1939.14515542916,101
"ENSG00000271605",TRUE,17224,47.0399022391947,101
"ENSG00000256525",TRUE,15056,18.0801914766989,101
"ENSG00000108654",TRUE,1706331,1874.7672043131,101
"ENSG00000258890",TRUE,53760,60.5892906692106,101
"ENSG00000108854",TRUE,93530,121.603661255366,101
"ENSG00000176809",TRUE,7776,9.06878263533684,101
"ENSG00000120063",TRUE,152701,178.112359944899,101
"ENSG00000108370",TRUE,13680,24.3769180262539,101
"ENSG00000168646",TRUE,69602,109.836274922023,101
"ENSG00000154240",TRUE,33171,33.5141606806863,101
"ENSG00000091583",TRUE,3182,8.9130591394877,53
"ENSG00000154229",TRUE,66848,74.187358937209,101
"ENSG00000075461",TRUE,12693,34.6698113207547,99
"ENSG00000198265",TRUE,116305,131.538988788296,101
"ENSG00000197170",TRUE,58111,65.1751408723205,101
"ENSG00000154217",TRUE,43203,83.4395907096762,101
"ENSG00000130935",TRUE,45295,48.271894569639,101
"ENSG00000171634",TRUE,141433,145.443410425978,101
"ENSG00000186665",TRUE,10879,26.0455037774371,101
"ENSG00000182481",TRUE,40650,67.6552638332335,101
"ENSG00000196704",TRUE,65805,79.5785676250808,101
"ENSG00000141337",TRUE,9374,11.5948588982727,100
"ENSG00000108932",TRUE,9944,17.659854980745,100
"ENSG00000070540",TRUE,60172,87.7563976321622,101
"ENSG00000108946",TRUE,409656,414.584874666834,101
"ENSG00000108950",TRUE,78160,142.299439015313,101
"ENSG00000141338",TRUE,162128,262.44924773077,101
"ENSG00000154258",TRUE,46999,131.524844100735,101
"ENSG00000154262",TRUE,77156,159.075585579032,101
"ENSG00000154263",TRUE,25653,53.5720085833325,101
"ENSG00000154265",TRUE,40807,75.2708958732958,101
"ENSG00000108984",TRUE,20480,28.9487914128429,101
"ENSG00000153822",TRUE,4373,29.5891819485031,55
"ENSG00000123700",TRUE,14362,35.1749570518117,101
"ENSG00000125398",TRUE,18406,49.8599323980307,101
"ENSG00000133195",TRUE,32243,39.2986169610496,101
"ENSG00000180616",TRUE,6585,16.4096806230863,94
"ENSG00000166685",TRUE,48850,59.9473050714686,101
"ENSG00000133193",TRUE,47551,42.5645067491047,101
"ENSG00000141219",TRUE,36752,43.8781988160811,101
"ENSG00000179604",TRUE,133515,155.655175377036,101
"ENSG00000069188",TRUE,24265,38.9015827094999,101
"ENSG00000172809",TRUE,278362,496.347541780625,101
"ENSG00000141540",TRUE,22601,31.4762141928528,101
"ENSG00000171595",TRUE,11985,80.4098726999867,61
"ENSG00000196169",TRUE,10871,69.4517603489547,76
"ENSG00000170412",TRUE,43402,90.4646380539014,101
"ENSG00000167851",TRUE,28196,96.4281303312042,101
"ENSG00000178789",TRUE,3600,8.52160656057321,93
"ENSG00000167850",TRUE,11089,17.3089274708545,100
"ENSG00000186407",TRUE,34635,103.643083329618,100
"ENSG00000172794",TRUE,18120,30.2671025377016,101
"ENSG00000186074",TRUE,31740,71.1018036690129,101
"ENSG00000109062",TRUE,45552,74.8359801535499,101
"ENSG00000109065",TRUE,42515,45.9536496540811,101
"ENSG00000109066",TRUE,30320,43.5313940247244,101
"ENSG00000161513",TRUE,19185,32.1652046413871,101
"ENSG00000167861",TRUE,51872,65.1085997176466,101
"ENSG00000109089",TRUE,37677,55.1300161734212,101
"ENSG00000167862",TRUE,19612,22.4083727294204,101
"ENSG00000180901",TRUE,65679,79.5240485693127,101
"ENSG00000167863",TRUE,102408,141.049756600684,101
"ENSG00000170190",TRUE,39586,69.9074407326922,101
"ENSG00000125449",TRUE,17851,27.060055745099,101
"ENSG00000125458",TRUE,30080,56.931989316667,101
"ENSG00000189159",TRUE,53262,99.7815950325183,101
"ENSG00000188612",TRUE,119743,118.294718091955,101
"ENSG00000125450",TRUE,54721,59.1484574177706,101
"ENSG00000125447",TRUE,77265,90.2637749675656,101
"ENSG00000125445",TRUE,53723,55.4887833716364,101
"ENSG00000125457",TRUE,32301,34.8287692733055,101
"ENSG00000125454",TRUE,17974,41.7561690703616,101
"ENSG00000177885",TRUE,256428,395.032439553175,101
"ENSG00000177728",TRUE,114117,123.086997368575,101
"ENSG00000177303",TRUE,139163,270.656880476696,101
"ENSG00000182173",TRUE,29976,36.3732153967595,101
"ENSG00000073350",TRUE,93137,152.460476032059,101
"ENSG00000108469",TRUE,32530,36.297908532584,101
"ENSG00000204323",TRUE,4913,19.7246022318576,98
"ENSG00000259120",TRUE,2542,11.8028627613702,59
"ENSG00000161526",TRUE,81234,84.5468035771178,101
"ENSG00000132470",TRUE,102481,309.460396267539,101
"ENSG00000108479",TRUE,24011,57.6850579584219,101
"ENSG00000132475",TRUE,756219,906.220538039064,101
"ENSG00000132478",TRUE,46913,49.578628083229,101
"ENSG00000092929",TRUE,91278,151.607318704421,101
"ENSG00000132471",TRUE,168578,172.450462097786,101
"ENSG00000132481",TRUE,42207,55.2752383048063,101
"ENSG00000141569",TRUE,43099,45.1096452598946,101
"ENSG00000204316",TRUE,5449,8.18148383558768,99
"ENSG00000188878",TRUE,8542,15.3353571113059,101
"ENSG00000161533",TRUE,83859,82.2529383265073,101
"ENSG00000261408",TRUE,1123,2.21463371826897,25
"ENSG00000167880",TRUE,40110,71.0098771820946,101
"ENSG00000167881",TRUE,105020,111.122908298577,101
"ENSG00000182473",TRUE,184363,167.966126069962,101
"ENSG00000129654",TRUE,37739,203.216304220173,97
"ENSG00000141576",TRUE,6855,27.4465104414368,100
"ENSG00000185262",TRUE,54380,89.5398615046522,101
"ENSG00000129646",TRUE,6888,11.4705987604473,101
"ENSG00000161542",TRUE,63508,82.4424339459334,101
"ENSG00000176170",TRUE,22651,39.0832856131241,101
"ENSG00000175931",TRUE,40695,39.4757039515913,101
"ENSG00000129667",TRUE,50850,83.522428884343,101
"ENSG00000161544",TRUE,62434,101.752591793074,101
"ENSG00000214140",TRUE,5720,8.6344801717983,100
"ENSG00000070731",TRUE,9762,27.2063479060105,98
"ENSG00000070526",TRUE,29671,162.252705670868,99
"ENSG00000182534",TRUE,205231,284.503695762483,101
"ENSG00000070495",TRUE,39144,40.3278969464914,101
"ENSG00000181038",TRUE,19934,20.9116270029994,101
"ENSG00000161547",TRUE,216574,234.260664823248,101
"ENSG00000092931",TRUE,33363,34.1277687502389,101
"ENSG00000167889",TRUE,3723,6.7377195786851,88
"ENSG00000129657",TRUE,366410,498.326155372453,101
"ENSG00000184640",TRUE,307890,295.002210299627,101
"ENSG00000078687",TRUE,40012,46.2252630849867,101
"ENSG00000141524",TRUE,105583,142.221009095085,101
"ENSG00000167895",TRUE,61159,110.862375508548,101
"ENSG00000108639",TRUE,196718,220.269010234921,101
"ENSG00000167900",TRUE,14047,141.049756600684,101
"ENSG00000183077",TRUE,36753,48.2750953776922,101
"ENSG00000089685",TRUE,6779,60.9985599821432,96
"ENSG00000184557",TRUE,563606,2070.24176161637,101
"ENSG00000087157",TRUE,78352,87.9849769483959,101
"ENSG00000187775",TRUE,3135,10.3015815962325,71
"ENSG00000108669",TRUE,168210,207.454439537661,101
"ENSG00000055483",TRUE,84651,116.677303733463,101
"ENSG00000035862",TRUE,866133,1100.3964667921,101
"ENSG00000108679",TRUE,451839,552.215131866328,101
"ENSG00000171302",TRUE,65025,68.437249388412,101
"ENSG00000173918",TRUE,102673,246.896543107654,101
"ENSG00000167280",TRUE,75299,88.60701361561,101
"ENSG00000173894",TRUE,6884,15.484273591997,100
"ENSG00000141570",TRUE,6300,8.14166231901899,101
"ENSG00000141582",TRUE,28528,33.5868614222665,101
"ENSG00000167291",TRUE,90692,99.4812718458344,101
"ENSG00000141519",TRUE,22816,97.4138401412433,101
"ENSG00000171298",TRUE,171901,224.370078582125,101
"ENSG00000141543",TRUE,89035,237.464373182853,101
"ENSG00000141527",TRUE,1728,4.53439131766842,49
"ENSG00000181523",TRUE,69364,79.1826123495962,101
"ENSG00000181045",TRUE,42497,61.2484637708762,101
"ENSG00000173821",TRUE,491371,808.787926733655,101
"ENSG00000173818",TRUE,20694,22.537672452751,101
"ENSG00000171246",TRUE,4613,20.3935977023382,83
"ENSG00000141564",TRUE,43660,46.9028320878611,101
"ENSG00000176108",TRUE,29204,53.7691010212966,101
"ENSG00000175866",TRUE,83172,151.487737988469,101
"ENSG00000181409",TRUE,33411,84.914552846999,101
"ENSG00000141577",TRUE,18561,22.6539049668687,101
"ENSG00000167302",TRUE,45802,58.8630153647325,101
"ENSG00000224877",TRUE,18940,62.4293904014775,101
"ENSG00000157637",TRUE,165705,172.127405666052,101
"ENSG00000266074",TRUE,52416,58.8929567424597,101
"ENSG00000184009",TRUE,2465247,2499.30373850445,101
"ENSG00000186765",TRUE,1170,2.19889289533914,27
"ENSG00000185504",TRUE,51167,65.3663581043214,101
"ENSG00000182446",TRUE,151017,158.212246434622,101
"ENSG00000182612",TRUE,1675,3.05461032336105,51
"ENSG00000185527",TRUE,1468,3.31594485572464,48
"ENSG00000204237",TRUE,19964,29.9721319418432,101
"ENSG00000185298",TRUE,25346,59.6430364269845,101
"ENSG00000214087",TRUE,33685,36.9756703101634,101
"ENSG00000185359",TRUE,114607,155.734595114904,101
"ENSG00000262814",TRUE,8045,80.0511966185411,101
"ENSG00000183048",TRUE,2521,18.2242611304675,77
"ENSG00000225663",TRUE,69616,209.428389272025,101
"ENSG00000185624",TRUE,760576,1147.3753825777,101
"ENSG00000141522",TRUE,329629,815.347418427981,101
"ENSG00000183684",TRUE,35593,74.7044092620816,101
"ENSG00000141552",TRUE,43127,102.643255871187,101
"ENSG00000185813",TRUE,44242,94.8113419969362,101
"ENSG00000187531",TRUE,33567,44.5448060205791,101
"ENSG00000197063",TRUE,57473,61.9223056006514,101
"ENSG00000183010",TRUE,26969,71.0896797816583,101
"ENSG00000185269",TRUE,5936,16.0089304947813,97
"ENSG00000169696",TRUE,37119,80.2771172110675,101
"ENSG00000169689",TRUE,27552,95.7903312312175,101
"ENSG00000169683",TRUE,22770,66.7971885236556,101
"ENSG00000169750",TRUE,3954,11.8231776755512,100
"ENSG00000169738",TRUE,51063,258.679078442793,101
"ENSG00000169733",TRUE,46810,71.6168278308867,101
"ENSG00000169727",TRUE,86380,102.266721550309,101
"ENSG00000169718",TRUE,89651,101.363039180203,101
"ENSG00000169710",TRUE,331864,1000.36992982865,101
"ENSG00000176155",TRUE,65419,104.485878117223,101
"ENSG00000141526",TRUE,86766,156.186436299957,101
"ENSG00000141551",TRUE,226824,251.226816002871,101
"ENSG00000173762",TRUE,12259,61.3510233396822,101
"ENSG00000141574",TRUE,35854,109.722101103682,101
"ENSG00000181396",TRUE,39400,44.054515542659,101
"ENSG00000169660",TRUE,47985,92.5521360716717,101
"ENSG00000178927",TRUE,111619,167.934307111333,101
"ENSG00000141562",TRUE,66906,70.8900866818442,101
"ENSG00000141568",TRUE,84492,81.7782684473885,101
"ENSG00000141580",TRUE,133736,143.891351147345,101
"ENSG00000141542",TRUE,16660,18.8062688427465,101
"ENSG00000141560",TRUE,40698,39.8268458411627,101
"ENSG00000167363",TRUE,15220,20.0144869565883,101
"ENSG00000141556",TRUE,115318,160.403620693784,101
"ENSG00000141579",TRUE,5748,24.5129986984765,80
"ENSG00000175711",TRUE,12424,20.4047609295079,101
"ENSG00000176845",TRUE,60782,92.7514644591169,101
"ENSG00000101557",TRUE,86752,84.2611365724577,101
"ENSG00000079134",TRUE,40862,42.7598306124111,101
"ENSG00000158270",TRUE,202250,267.270875759447,101
"ENSG00000079101",TRUE,2118,5.96612666735407,67
"ENSG00000176890",TRUE,17771,61.1972613764248,101
"ENSG00000132199",TRUE,84432,114.966300695746,101
"ENSG00000176105",TRUE,98462,137.126621177263,101
"ENSG00000141433",TRUE,10080,32.4915934423232,70
"ENSG00000101574",TRUE,17468,19.047217525247,101
"ENSG00000080986",TRUE,4508,13.6079337482754,94
"ENSG00000101596",TRUE,148372,191.337903136225,101
"ENSG00000132205",TRUE,99525,187.26658066567,101
"ENSG00000101577",TRUE,106270,121.051180495026,101
"ENSG00000101605",TRUE,13376,38.7565321248772,101
"ENSG00000101608",TRUE,568557,672.858505905344,101
"ENSG00000118680",TRUE,546614,528.13377806621,101
"ENSG00000177426",TRUE,63174,95.7546925072164,101
"ENSG00000170579",TRUE,3335,7.65204615714242,90
"ENSG00000198081",TRUE,27931,27.6658972550618,101
"ENSG00000082397",TRUE,92609,137.021585733164,101
"ENSG00000206432",TRUE,2099,6.13531131095476,58
"ENSG00000154655",TRUE,11057,14.7538152353682,101
"ENSG00000088756",TRUE,32653,58.5839437278122,101
"ENSG00000101680",TRUE,6228,16.2540549422613,99
"ENSG00000173482",TRUE,247691,333.730348844626,101
"ENSG00000206418",TRUE,72910,75.4018955097793,101
"ENSG00000168502",TRUE,12193,18.1118337242344,101
"ENSG00000178127",TRUE,1529,2.67086574886095,50
"ENSG00000101745",TRUE,104709,113.157683115205,101
"ENSG00000128791",TRUE,82309,112.971168108685,101
"ENSG00000017797",TRUE,107891,98.3296427879128,101
"ENSG00000154845",TRUE,160522,171.755954591702,101
"ENSG00000168461",TRUE,324341,372.304859246225,101
"ENSG00000101558",TRUE,236529,275.186617243234,101
"ENSG00000154856",TRUE,103748,195.714883894095,101
"ENSG00000134265",TRUE,46383,46.9219883039281,101
"ENSG00000154864",TRUE,127668,323.310618541694,101
"ENSG00000141404",TRUE,20259,45.2683727181343,101
"ENSG00000255112",TRUE,109720,137.935270545743,101
"ENSG00000154889",TRUE,50971,57.4241632200115,101
"ENSG00000141401",TRUE,42842,75.6370940709142,101
"ENSG00000176014",TRUE,153939,202.174130992108,101
"ENSG00000141385",TRUE,78195,83.0560538918789,101
"ENSG00000141391",TRUE,3906,5.18735549088652,101
"ENSG00000134278",TRUE,67636,95.3631437343324,101
"ENSG00000128789",TRUE,60730,66.5020491088033,101
"ENSG00000101624",TRUE,8319,9.61061983608329,101
"ENSG00000175354",TRUE,70501,98.1294867473768,101
"ENSG00000085415",TRUE,41842,58.707142366311,101
"ENSG00000101639",TRUE,56860,75.2102806765512,101
"ENSG00000168675",TRUE,58421,77.3205473953635,101
"ENSG00000177150",TRUE,16758,19.8096294608809,101
"ENSG00000101654",TRUE,60756,58.066760816455,101
"ENSG00000175322",TRUE,8146,12.2491471108356,101
"ENSG00000067900",TRUE,196577,217.574935367446,101
"ENSG00000141449",TRUE,1478,4.963414745117,40
"ENSG00000141446",TRUE,32540,32.4878056044022,101
"ENSG00000167088",TRUE,40737,58.1989030929065,101
"ENSG00000158201",TRUE,29527,33.1357030819587,101
"ENSG00000101752",TRUE,94190,105.863210195986,101
"ENSG00000141448",TRUE,56395,94.8400752132908,101
"ENSG00000101773",TRUE,41174,51.6655922837088,101
"ENSG00000134508",TRUE,41802,65.6085239037183,101
"ENSG00000134490",TRUE,12967,18.2131384593015,101
"ENSG00000101782",TRUE,98433,98.5438115484563,101
"ENSG00000141452",TRUE,40328,43.5609421996333,101
"ENSG00000141458",TRUE,108862,173.033975174115,101
"ENSG00000154065",TRUE,57286,113.286163522013,101
"ENSG00000053747",TRUE,132574,292.039709357148,101
"ENSG00000168234",TRUE,29480,35.4720756552222,101
"ENSG00000154040",TRUE,2397,5.50320899217248,62
"ENSG00000141447",TRUE,72343,80.2057896863889,101
"ENSG00000154059",TRUE,51789,53.6153134088616,101
"ENSG00000198795",TRUE,60785,98.7908612398162,101
"ENSG00000141380",TRUE,123691,121.824210053603,101
"ENSG00000141384",TRUE,10714,20.8347460213708,101
"ENSG00000134504",TRUE,18399,42.6885593736217,101
"ENSG00000171885",TRUE,201871,543.793807621242,101
"ENSG00000154080",TRUE,31663,199.735544950549,70
"ENSG00000170558",TRUE,10293,31.2207615090629,84
"ENSG00000134762",TRUE,16654,88.7670336886466,51
"ENSG00000134755",TRUE,28568,49.5349984578104,101
"ENSG00000134757",TRUE,3803,34.8061225077966,30
"ENSG00000046604",TRUE,53135,114.847938346566,101
"ENSG00000118276",TRUE,6237,10.0433105812494,101
"ENSG00000153339",TRUE,83578,92.5771560690636,101
"ENSG00000101695",TRUE,29270,94.2021568179334,101
"ENSG00000134758",TRUE,31805,44.5449142236214,101
"ENSG00000141441",TRUE,17630,30.8910374850369,101
"ENSG00000197705",TRUE,2691,7.13469905300144,66
"ENSG00000166960",TRUE,2261,8.17737997281893,52
"ENSG00000141431",TRUE,5084,7.00232553136472,100
"ENSG00000134769",TRUE,45590,66.3264768369272,101
"ENSG00000166974",TRUE,116881,145.270397663805,101
"ENSG00000186812",TRUE,50926,53.8006314503481,101
"ENSG00000186814",TRUE,36295,37.4165523866539,101
"ENSG00000172466",TRUE,128329,138.39256516489,101
"ENSG00000186496",TRUE,5695,17.0795406298844,100
"ENSG00000153391",TRUE,16723,17.57865513876,101
"ENSG00000141429",TRUE,131311,163.968089359328,101
"ENSG00000141428",TRUE,13634,14.6994996290326,101
"ENSG00000141425",TRUE,69875,70.7076533964036,101
"ENSG00000141424",TRUE,72463,82.0724828497984,101
"ENSG00000134759",TRUE,96921,97.3382669526155,101
"ENSG00000075643",TRUE,11867,22.6542174293227,101
"ENSG00000134775",TRUE,10725,39.2337677581436,95
"ENSG00000134779",TRUE,86804,92.3641770700367,101
"ENSG00000150477",TRUE,16949,20.7497875489494,101
"ENSG00000078142",TRUE,68513,60.4738417755884,101
"ENSG00000132872",FALSE,1398,18.6748703396484,17
"ENSG00000152217",TRUE,83396,115.588636824902,101
"ENSG00000141469",TRUE,11293,58.1550788480705,96
"ENSG00000197046",TRUE,1127,9.04131307736353,22
"ENSG00000152223",TRUE,79461,89.4565379556605,101
"ENSG00000152229",TRUE,34856,113.245685939037,101
"ENSG00000152234",TRUE,447960,432.871309810021,101
"ENSG00000152240",TRUE,22334,25.8531293836159,101
"ENSG00000152242",TRUE,43496,45.1219522283363,101
"ENSG00000141622",TRUE,5504,15.1902109141892,97
"ENSG00000167210",TRUE,4144,12.4718118060576,88
"ENSG00000078043",TRUE,38125,37.1316329087576,101
"ENSG00000167216",TRUE,6012,15.4925036687004,100
"ENSG00000167220",TRUE,14909,20.8600013766095,101
"ENSG00000134049",TRUE,36624,44.6326260064499,101
"ENSG00000175387",TRUE,129761,125.303965285249,101
"ENSG00000184828",TRUE,25776,78.9214799366294,101
"ENSG00000134030",TRUE,74169,88.6006289308176,101
"ENSG00000101665",TRUE,88583,141.041059423885,101
"ENSG00000141627",TRUE,66647,67.1520363183493,101
"ENSG00000177576",TRUE,8257,9.52910394684231,101
"ENSG00000265681",TRUE,6236,7.91715377190878,101
"ENSG00000101670",TRUE,24680,131.235835640147,99
"ENSG00000167315",TRUE,66557,94.2620487744748,101
"ENSG00000167306",TRUE,36798,77.9637883516025,101
"ENSG00000172361",TRUE,10193,78.5205429842915,72
"ENSG00000141644",TRUE,98550,98.8498413669194,101
"ENSG00000154832",TRUE,64053,77.7103215461847,101
"ENSG00000154839",TRUE,1794,9.11213056523374,47
"ENSG00000141639",TRUE,8649,20.6119477552938,99
"ENSG00000134042",TRUE,2492,5.84505533890446,68
"ENSG00000082212",TRUE,71850,100.739501760662,101
"ENSG00000141642",TRUE,8927,11.0336855396598,101
"ENSG00000141646",TRUE,100231,100.175037707843,101
"ENSG00000176624",TRUE,56357,82.9311565943557,101
"ENSG00000187323",TRUE,4297,21.8407406674591,86
"ENSG00000134046",TRUE,132173,134.804344766955,101
"ENSG00000101751",TRUE,43216,50.4819411128157,101
"ENSG00000166845",TRUE,8681,14.5387697120176,101
"ENSG00000041353",TRUE,33411,83.4490325232803,101
"ENSG00000166510",TRUE,47973,94.0154901212079,101
"ENSG00000196628",TRUE,293857,378.396709608894,101
"ENSG00000091164",TRUE,78375,82.4939147483709,101
"ENSG00000091157",TRUE,42856,45.8488358611676,101
"ENSG00000066926",TRUE,34002,35.9587396212253,101
"ENSG00000134440",TRUE,187388,234.385369872435,101
"ENSG00000081923",TRUE,74954,144.855336594617,101
"ENSG00000049759",TRUE,155985,277.102013078539,101
"ENSG00000198796",TRUE,2420,16.3900459306934,46
"ENSG00000172175",TRUE,62915,75.1137399069747,101
"ENSG00000074657",TRUE,131106,146.881902734217,101
"ENSG00000166562",TRUE,59255,105.264412635095,101
"ENSG00000134443",TRUE,2048,56.5202800471183,28
"ENSG00000074695",TRUE,192571,239.776657092094,101
"ENSG00000183287",TRUE,62210,114.435398662024,101
"ENSG00000141682",TRUE,6511,26.7482045795601,98
"ENSG00000176641",TRUE,43919,85.5863922448417,101
"ENSG00000197563",TRUE,35385,35.257875503844,101
"ENSG00000134444",TRUE,60719,59.0226603183173,101
"ENSG00000141655",TRUE,9522,16.3365511652413,101
"ENSG00000141664",TRUE,49164,66.9160148430837,101
"ENSG00000081913",TRUE,25425,32.5050870828159,101
"ENSG00000171791",TRUE,46136,93.025987770696,101
"ENSG00000119537",TRUE,89682,99.7179460264049,101
"ENSG00000119541",TRUE,76460,77.233741564169,101
"ENSG00000206075",TRUE,8344,49.9050925865809,40
"ENSG00000197641",TRUE,2654,18.3032249869572,31
"ENSG00000206073",TRUE,2258,60.1391678142881,26
"ENSG00000206072",TRUE,1268,17.379586378814,18
"ENSG00000057149",TRUE,15666,258.997514477094,36
"ENSG00000197632",TRUE,3849,146.164457233657,35
"ENSG00000221887",TRUE,1184,3.01395184517408,31
"ENSG00000166401",TRUE,35087,45.160736695278,101
"ENSG00000071991",TRUE,8468,16.8208860451986,97
"ENSG00000171451",TRUE,37911,58.2159146019649,101
"ENSG00000166479",TRUE,117149,133.924495987446,101
"ENSG00000150636",TRUE,49637,99.4143486509256,101
"ENSG00000206052",TRUE,22939,51.3750145615396,101
"ENSG00000150637",TRUE,14640,39.3839610049556,101
"ENSG00000176225",TRUE,21353,22.5156827655642,101
"ENSG00000170677",TRUE,39692,41.763897437731,101
"ENSG00000166342",FALSE,688,5.15538704804747,14
"ENSG00000141665",TRUE,5159,36.804142861742,58
"ENSG00000075336",TRUE,21398,21.8341987825435,101
"ENSG00000166347",TRUE,272121,472.556141576186,101
"ENSG00000133313",TRUE,221406,293.692013646562,101
"ENSG00000215421",TRUE,28059,27.930900007378,101
"ENSG00000180011",TRUE,65960,68.9431627248566,101
"ENSG00000179981",TRUE,54071,56.8250897307812,101
"ENSG00000101493",TRUE,47598,57.6215462400254,101
"ENSG00000130856",TRUE,23963,23.7034140768485,101
"ENSG00000197971",TRUE,78337,99.5882528387353,101
"ENSG00000166377",TRUE,42341,44.467426655916,101
"ENSG00000131196",TRUE,42225,64.8959611331644,101
"ENSG00000060069",TRUE,35132,35.8263451453638,101
"ENSG00000122490",TRUE,75763,135.702969244225,101
"ENSG00000226742",TRUE,26724,34.0232443359912,101
"ENSG00000141759",TRUE,51434,60.3682975108044,101
"ENSG00000101546",TRUE,15702,16.7209700073572,101
"ENSG00000101544",TRUE,38858,41.0859341418629,101
"ENSG00000178184",TRUE,15988,22.3215347872035,101
"ENSG00000141934",TRUE,24716,125.029263202811,101
"ENSG00000105556",TRUE,48691,64.9058825942085,101
"ENSG00000183186",TRUE,2684,4.55788391927612,83
"ENSG00000129946",TRUE,46669,75.9669594554172,101
"ENSG00000141933",TRUE,10701,18.4501817229939,101
"ENSG00000099804",TRUE,40030,61.8269354880736,101
"ENSG00000197540",TRUE,4051,9.6101227035843,97
"ENSG00000172270",TRUE,361767,379.697209172798,101
"ENSG00000099821",TRUE,52561,84.1930741481928,101
"ENSG00000070423",TRUE,38354,37.6946123629044,101
"ENSG00000070404",TRUE,141961,247.955974842767,101
"ENSG00000099864",TRUE,61546,84.2683810123683,101
"ENSG00000099812",TRUE,23256,59.7936501553355,101
"ENSG00000011304",TRUE,256179,252.428608716227,101
"ENSG00000129951",TRUE,6541,37.6354479366479,77
"ENSG00000172232",TRUE,2680,27.3910270349437,56
"ENSG00000196415",TRUE,1581,17.7906078763033,27
"ENSG00000197561",TRUE,3157,14.4541571233959,83
"ENSG00000197766",TRUE,222144,545.54589999802,101
"ENSG00000175221",TRUE,53637,116.047877694423,101
"ENSG00000198858",TRUE,84387,217.486223738802,101
"ENSG00000116017",TRUE,18475,32.876561939406,101
"ENSG00000065268",TRUE,25476,63.4083796357588,101
"ENSG00000116032",TRUE,4722,32.9025538854449,45
"ENSG00000182087",TRUE,235126,263.197490293322,101
"ENSG00000064666",TRUE,206965,227.912510663934,101
"ENSG00000064687",TRUE,69280,118.081163027161,101
"ENSG00000180448",TRUE,103330,162.181254210016,101
"ENSG00000099817",TRUE,109027,121.52802529001,101
"ENSG00000167468",TRUE,214708,310.238586702412,101
"ENSG00000064932",TRUE,175097,352.668782679363,101
"ENSG00000118046",TRUE,79106,81.4067201736998,101
"ENSG00000099625",TRUE,1714,5.82102258045647,51
"ENSG00000099624",TRUE,51892,213.494959937501,101
"ENSG00000167470",TRUE,138721,303.630958884116,101
"ENSG00000099622",TRUE,420237,523.692149287381,101
"ENSG00000228300",TRUE,22916,115.068888460142,101
"ENSG00000160953",TRUE,76013,76.308502644626,101
"ENSG00000115286",TRUE,44802,56.0283069465612,101
"ENSG00000130005",TRUE,10592,35.9213742117066,101
"ENSG00000071626",TRUE,127852,195.421312535385,101
"ENSG00000115268",TRUE,293227,774.154563723991,101
"ENSG00000119559",TRUE,25513,37.8040458160937,101
"ENSG00000115257",TRUE,4207,11.1729983920129,96
"ENSG00000115255",TRUE,3454,11.2189121027419,85
"ENSG00000185761",TRUE,3368,6.22053947860738,99
"ENSG00000181588",TRUE,22309,29.5671750190865,101
"ENSG00000071655",TRUE,75612,395.963491834703,101
"ENSG00000127540",TRUE,33694,79.9758897543656,101
"ENSG00000071564",TRUE,70577,81.7954519500463,101
"ENSG00000130270",TRUE,5099,9.28438728150355,100
"ENSG00000079313",TRUE,53747,54.9740108481044,101
"ENSG00000129911",TRUE,27309,46.3137214679236,101
"ENSG00000129968",TRUE,75298,77.9350642402883,101
"ENSG00000227500",TRUE,70840,101.061811723502,101
"ENSG00000213638",TRUE,2220,3.46411575207233,87
"ENSG00000133275",TRUE,86345,84.9959402750619,101
"ENSG00000133243",TRUE,81814,93.1545909850755,101
"ENSG00000099875",TRUE,308024,346.497690160044,101
"ENSG00000172081",TRUE,83287,112.517315273911,101
"ENSG00000099840",TRUE,5345,9.34329493611782,101
"ENSG00000065000",TRUE,180280,197.787466551793,101
"ENSG00000104885",TRUE,62893,75.8940709997998,101
"ENSG00000104886",TRUE,40049,84.9461427899476,101
"ENSG00000104897",TRUE,53658,128.77473774008,101
"ENSG00000104899",TRUE,883,1.49778116202356,14
"ENSG00000167476",TRUE,2950,18.7185804092492,52
"ENSG00000104904",TRUE,523172,794.638030779723,101
"ENSG00000188305",TRUE,3065,7.43427070034356,86
"ENSG00000130332",TRUE,34966,118.457697348039,101
"ENSG00000005206",TRUE,59506,84.2344017405704,101
"ENSG00000099800",TRUE,36621,96.9952410580253,101
"ENSG00000176619",TRUE,55767,74.6514331614428,101
"ENSG00000099860",TRUE,234663,693.086607181221,101
"ENSG00000176533",TRUE,19006,26.6284143705448,101
"ENSG00000176490",TRUE,3138,9.15313843800291,68
"ENSG00000141873",TRUE,19267,39.7620242846563,101
"ENSG00000104969",TRUE,69240,81.7832544945772,101
"ENSG00000172009",TRUE,31841,81.2561064453488,101
"ENSG00000172006",TRUE,9148,9.93366080565963,101
"ENSG00000186300",TRUE,11120,12.5799729189875,101
"ENSG00000171970",TRUE,7887,13.3012168792746,101
"ENSG00000175691",TRUE,8115,11.4805179908568,101
"ENSG00000104953",TRUE,5206,9.24678653584279,101
"ENSG00000065717",TRUE,78781,85.4710200644431,101
"ENSG00000104964",TRUE,512217,715.038675346235,101
"ENSG00000088256",TRUE,138321,142.996964716747,101
"ENSG00000060558",TRUE,31995,66.0407632190313,101
"ENSG00000125910",TRUE,16826,31.9045670038124,101
"ENSG00000125912",TRUE,93587,230.439004376986,101
"ENSG00000141905",TRUE,205890,239.70174867057,101
"ENSG00000129932",TRUE,13139,27.7882328807541,101
"ENSG00000105325",TRUE,55363,54.7526652098085,101
"ENSG00000161091",TRUE,63914,144.363258624406,101
"ENSG00000183397",TRUE,2698,5.53836951632188,80
"ENSG00000064961",TRUE,77547,85.774518295878,101
"ENSG00000179855",TRUE,21540,34.438827702305,101
"ENSG00000006638",TRUE,9359,15.659372510875,101
"ENSG00000105298",TRUE,33552,34.2593890687481,101
"ENSG00000186111",TRUE,105694,126.392208483313,101
"ENSG00000105289",TRUE,22779,74.6664513231758,101
"ENSG00000011132",TRUE,21384,27.446058404772,101
"ENSG00000183617",TRUE,28017,39.5361036921299,101
"ENSG00000007264",TRUE,16541,25.6190974305131,101
"ENSG00000167657",TRUE,65612,86.3660615924366,101
"ENSG00000167658",TRUE,2199404,2044.46431120062,101
"ENSG00000105229",TRUE,21027,22.5290802001599,101
"ENSG00000178951",TRUE,77762,72.0518449084382,101
"ENSG00000126934",TRUE,96471,198.132359645702,101
"ENSG00000077463",TRUE,19937,33.4362476939156,101
"ENSG00000089847",TRUE,3451,7.60599328172403,101
"ENSG00000105246",TRUE,3395,13.9944113402616,92
"ENSG00000105248",TRUE,18759,27.6376191524032,101
"ENSG00000167664",TRUE,867,3.69028711817637,15
"ENSG00000178078",TRUE,15397,39.6228629755797,101
"ENSG00000008382",TRUE,22000,41.8706164815699,101
"ENSG00000141985",TRUE,87371,108.667805005226,101
"ENSG00000167670",TRUE,14362,25.9808681405425,101
"ENSG00000167671",TRUE,121679,149.182897931637,101
"ENSG00000167674",TRUE,49485,52.1123500094359,101
"ENSG00000167676",TRUE,16514,115.727960083252,101
"ENSG00000214456",TRUE,13810,30.745030345345,99
"ENSG00000267385",TRUE,913,2.55543109363906,24
"ENSG00000171236",TRUE,25980,90.3258156392202,101
"ENSG00000167680",TRUE,32348,54.1660341452863,101
"ENSG00000185361",TRUE,40432,111.017014094249,101
"ENSG00000074842",TRUE,84714,111.971174774138,101
"ENSG00000142002",TRUE,100449,111.023247706474,101
"ENSG00000141965",TRUE,44480,44.3532185567784,101
"ENSG00000127666",TRUE,28382,45.8887727188095,101
"ENSG00000105355",TRUE,70974,111.378852115543,101
"ENSG00000276043",TRUE,2970,15.3761963257349,78
"ENSG00000127663",TRUE,62658,76.742790030848,101
"ENSG00000105426",TRUE,90402,199.243768082171,101
"ENSG00000130254",TRUE,77201,86.3686831322888,101
"ENSG00000160633",TRUE,111239,122.259714712166,101
"ENSG00000130255",TRUE,265141,770.313913651041,101
"ENSG00000174917",TRUE,37089,121.168744458356,101
"ENSG00000167733",TRUE,5895,11.608007320178,101
"ENSG00000196365",TRUE,75989,124.331632753727,101
"ENSG00000174898",TRUE,2975,26.223896453849,34
"ENSG00000212123",TRUE,2060,7.756607010075,75
"ENSG00000141994",TRUE,21645,28.3242440195382,101
"ENSG00000171119",TRUE,1063,2.74763477232328,27
"ENSG00000156413",TRUE,1025,12.1268009434262,20
"ENSG00000171124",TRUE,9205,29.3358822798406,96
"ENSG00000174886",TRUE,22418,81.9338682229282,101
"ENSG00000187650",TRUE,10692,14.2979564135155,101
"ENSG00000105519",TRUE,96217,497.044861605087,101
"ENSG00000031823",TRUE,72588,71.0066935919989,101
"ENSG00000087903",TRUE,34823,113.733418114559,101
"ENSG00000130382",TRUE,123051,117.69697348418,101
"ENSG00000125656",TRUE,32812,40.9006822264548,101
"ENSG00000125652",TRUE,29713,43.8285949501325,101
"ENSG00000125650",TRUE,3423,5.87393540568787,100
"ENSG00000125651",TRUE,81635,85.0821542127015,101
"ENSG00000088247",TRUE,137577,126.571747084803,101
"ENSG00000125648",TRUE,70132,89.6281950732225,101
"ENSG00000130545",TRUE,13247,22.3680484181051,101
"ENSG00000205744",TRUE,24972,49.2038282423516,101
"ENSG00000125657",TRUE,3641,6.64556508786755,93
"ENSG00000125726",TRUE,1019,4.15792298920554,26
"ENSG00000125735",TRUE,14678,58.7236939762812,101
"ENSG00000125730",TRUE,1599404,3630.2594358776,101
"ENSG00000125734",TRUE,89984,91.817075247542,101
"ENSG00000125733",TRUE,127854,130.377399741823,101
"ENSG00000125731",TRUE,18794,36.1210060186545,101
"ENSG00000141968",TRUE,37910,103.637327355191,101
"ENSG00000174837",TRUE,10731,53.2237250571396,91
"ENSG00000130544",TRUE,11430,13.92512531895,101
"ENSG00000171105",TRUE,78439,160.598380449788,101
"ENSG00000263264",TRUE,1432,4.27081814949163,47
"ENSG00000104880",TRUE,5100,6.58962104272136,99
"ENSG00000104883",TRUE,4505,7.20090106369537,101
"ENSG00000198816",TRUE,51851,155.282753929851,101
"ENSG00000090674",TRUE,44199,68.7619163777309,101
"ENSG00000032444",TRUE,143407,227.426729809966,101
"ENSG00000076826",TRUE,20631,37.353140873869,101
"ENSG00000076924",TRUE,59865,65.2157443759704,101
"ENSG00000229833",TRUE,7150,22.5167523884702,101
"ENSG00000174788",TRUE,1503,3.63095189380653,46
"ENSG00000076944",TRUE,65631,174.184776837898,101
"ENSG00000104918",TRUE,11055,46.1425733047614,90
"ENSG00000183019",TRUE,63296,148.657288338805,101
"ENSG00000181029",TRUE,1147,2.85122795259849,23
"ENSG00000104921",TRUE,1895,10.5361253457114,45
"ENSG00000182566",TRUE,1972,6.20910733000054,40
"ENSG00000090659",TRUE,21305,44.1545859151698,100
"ENSG00000104938",TRUE,5767,29.7127965586579,52
"ENSG00000142459",TRUE,28576,28.4102250814009,101
"ENSG00000183248",TRUE,4022,9.14373760974917,96
"ENSG00000171017",TRUE,6758,15.4989594945394,98
"ENSG00000076984",TRUE,52913,65.2157443759704,101
"ENSG00000104976",TRUE,19728,31.2523486328265,101
"ENSG00000178531",TRUE,7571,32.118605166818,91
"ENSG00000104980",TRUE,33376,36.1220140843338,101
"ENSG00000066044",TRUE,81485,76.2382520283996,101
"ENSG00000142449",TRUE,7165,28.2961754099655,84
"ENSG00000090661",TRUE,39420,67.4112842560039,101
"ENSG00000167775",TRUE,28583,62.203469808951,101
"ENSG00000233927",TRUE,255532,461.254543074849,101
"ENSG00000186994",TRUE,65638,114.225184063616,101
"ENSG00000167772",TRUE,31936,149.249473245868,101
"ENSG00000185236",TRUE,115531,173.582321924494,101
"ENSG00000099785",TRUE,59995,65.6063535130111,101
"ENSG00000099783",TRUE,234064,220.914905736348,101
"ENSG00000133246",TRUE,22547,52.597550808888,101
"ENSG00000133250",TRUE,11098,18.2242611304675,101
"ENSG00000142347",TRUE,114875,291.412561297726,101
"ENSG00000142303",TRUE,42983,55.1805711957277,101
"ENSG00000167785",TRUE,38433,38.9055277777654,101
"ENSG00000181143",TRUE,40938,276.322453582562,66
"ENSG00000130803",TRUE,49980,48.3066979797419,101
"ENSG00000196110",TRUE,6297,8.43196981354807,98
"ENSG00000188321",TRUE,27323,31.5499659159677,101
"ENSG00000174652",TRUE,83683,103.576798149859,101
"ENSG00000130818",TRUE,29126,33.300461438984,101
"ENSG00000197961",TRUE,40439,48.7974390872973,101
"ENSG00000171469",TRUE,53919,56.0191022827129,101
"ENSG00000171466",TRUE,42944,44.7550476836159,101
"ENSG00000224689",TRUE,9129,25.3103923726659,91
"ENSG00000196605",TRUE,17778,22.0124743224487,101
"ENSG00000127452",TRUE,29469,29.3180771430308,101
"ENSG00000198258",TRUE,108710,140.748529143982,101
"ENSG00000127445",TRUE,56013,62.6553109940039,101
"ENSG00000105088",TRUE,21644,36.057530511081,101
"ENSG00000080573",TRUE,98157,153.490784245588,101
"ENSG00000130813",TRUE,76893,99.9322087608692,101
"ENSG00000130812",TRUE,1391,3.72025579786726,41
"ENSG00000130810",TRUE,4760,20.5587739199075,101
"ENSG00000244165",TRUE,4890,8.2837550593034,101
"ENSG00000130811",TRUE,139620,158.29502849687,101
"ENSG00000130816",TRUE,91182,135.68920318295,101
"ENSG00000267534",TRUE,35101,98.0495371564821,101
"ENSG00000105364",TRUE,37498,78.6956730633823,101
"ENSG00000090339",TRUE,339688,806.707965636817,101
"ENSG00000105371",TRUE,6745,26.432740374829,99
"ENSG00000105376",TRUE,17973,30.4142761629245,101
"ENSG00000220201",TRUE,1589,5.79862854151238,56
"ENSG00000161847",TRUE,18841,24.2188612506037,101
"ENSG00000076662",TRUE,38341,61.2769560579234,101
"ENSG00000105397",TRUE,145311,176.960421585458,101
"ENSG00000105401",TRUE,222877,206.445386924886,101
"ENSG00000065989",TRUE,60991,60.4447668165341,101
"ENSG00000079999",TRUE,73047,75.8512048507122,101
"ENSG00000180739",TRUE,3345,9.06658105616191,83
"ENSG00000130734",TRUE,22547,30.0251809454884,101
"ENSG00000129347",TRUE,44436,54.9447741130891,101
"ENSG00000129355",TRUE,15576,25.3129182959748,101
"ENSG00000129354",TRUE,25762,66.7298297902971,101
"ENSG00000129353",TRUE,380348,496.51445521081,101
"ENSG00000129351",TRUE,340734,356.857079414081,101
"ENSG00000213339",TRUE,38078,70.7884523249564,101
"ENSG00000079805",TRUE,269139,346.473420810446,101
"ENSG00000099203",TRUE,25491,31.9706570326691,101
"ENSG00000214212",TRUE,8028,21.5752437727352,100
"ENSG00000142453",TRUE,65750,106.709826536663,101
"ENSG00000130733",TRUE,47616,66.4206542027782,101
"ENSG00000142444",TRUE,13519,13.9315079464201,101
"ENSG00000127616",TRUE,120588,122.824390304007,101
"ENSG00000130164",TRUE,181213,304.474612562594,101
"ENSG00000161888",TRUE,3352,53.3172598362437,81
"ENSG00000197256",TRUE,427868,526.395829788644,101
"ENSG00000130158",TRUE,174040,241.77390060359,101
"ENSG00000105514",TRUE,46284,76.0599328172403,101
"ENSG00000105518",TRUE,49952,132.61538781303,101
"ENSG00000183401",TRUE,28847,45.6359596903442,101
"ENSG00000105520",TRUE,54525,52.7241223917585,101
"ENSG00000173928",TRUE,4043,8.35906192347889,101
"ENSG00000187266",TRUE,23453,32.3964424957791,101
"ENSG00000205517",TRUE,33502,43.785187858554,101
"ENSG00000198003",TRUE,6093,41.4896805566661,68
"ENSG00000130175",TRUE,231950,295.730055617131,101
"ENSG00000161914",TRUE,5652,8.43436878765437,101
"ENSG00000130159",TRUE,30651,35.9966810758821,101
"ENSG00000130176",TRUE,147970,480.471708482712,101
"ENSG00000130165",TRUE,38277,74.7044092620816,101
"ENSG00000198551",TRUE,21482,28.188799358172,101
"ENSG00000102575",TRUE,267904,606.717638049567,101
"ENSG00000197933",TRUE,8566,9.64793462559498,101
"ENSG00000197044",TRUE,16660,19.6257053157035,101
"ENSG00000177599",TRUE,4777,6.77291261116328,100
"ENSG00000171295",TRUE,31834,118.19646701389,101
"ENSG00000171291",TRUE,17617,21.0093464385304,101
"ENSG00000198429",TRUE,8585,11.2500535533371,101
"ENSG00000196757",TRUE,24056,26.7855917586678,101
"ENSG00000197054",TRUE,2961,4.3986746956056,95
"ENSG00000197647",TRUE,6446,8.62494398650099,101
"ENSG00000223547",TRUE,11907,15.8394608247535,101
"ENSG00000196646",TRUE,21162,20.4434487491125,101
"ENSG00000197857",TRUE,27103,30.9708113396859,101
"ENSG00000188868",TRUE,4981,6.40707989072219,100
"ENSG00000198342",TRUE,4047,4.95015196966547,99
"ENSG00000196466",TRUE,8974,10.5092424355612,101
"ENSG00000180855",TRUE,5357,7.93518480591974,101
"ENSG00000188033",TRUE,4717,5.26078173303541,101
"ENSG00000173875",TRUE,48328,46.2864791697826,101
"ENSG00000104774",TRUE,121653,186.985446030372,101
"ENSG00000123154",TRUE,10118,10.8946660882118,101
"ENSG00000095059",TRUE,6658,8.95332193328463,100
"ENSG00000132004",TRUE,10450,31.1276173948908,101
"ENSG00000105576",TRUE,116378,118.93300107606,101
"ENSG00000123144",TRUE,154615,520.219817724254,101
"ENSG00000198356",TRUE,63435,70.1069986439521,101
"ENSG00000095066",TRUE,46348,68.3786326713408,101
"ENSG00000171223",TRUE,510964,1533.52972627719,101
"ENSG00000167815",TRUE,109541,183.070986810605,101
"ENSG00000105612",TRUE,85165,150.806550860445,101
"ENSG00000105607",TRUE,21891,24.9154531629808,101
"ENSG00000179115",TRUE,40955,70.7131454607809,101
"ENSG00000179218",TRUE,740073,1069.49133543649,101
"ENSG00000179262",TRUE,124168,192.032503647488,101
"ENSG00000179271",TRUE,35533,137.962175169489,101
"ENSG00000008441",TRUE,211269,246.713636541374,101
"ENSG00000104903",TRUE,20076,38.3269108283208,101
"ENSG00000104907",TRUE,44016,76.1352396814158,101
"ENSG00000160877",TRUE,63544,87.8662690935948,101
"ENSG00000104915",TRUE,57281,90.2929301464071,101
"ENSG00000160888",TRUE,178936,453.908448007638,101
"ENSG00000141837",TRUE,1587,4.32229334710293,53
"ENSG00000104957",TRUE,45524,52.36394426768,101
"ENSG00000037757",TRUE,46189,56.4996338341109,101
"ENSG00000104979",TRUE,53362,93.0792841209001,101
"ENSG00000132003",TRUE,16459,29.0578677351596,101
"ENSG00000132016",TRUE,2402,3.91595693712524,92
"ENSG00000132024",TRUE,52716,55.8810782732592,101
"ENSG00000132000",TRUE,10700,22.3556689168702,100
"ENSG00000132017",TRUE,37180,43.2652447318065,101
"ENSG00000132005",TRUE,23327,24.7347067850768,101
"ENSG00000104998",TRUE,35929,65.1950724211159,101
"ENSG00000187867",TRUE,8011,21.892593929277,88
"ENSG00000141854",TRUE,6594,15.4341102916334,100
"ENSG00000141858",TRUE,42038,109.194953054454,101
"ENSG00000072062",TRUE,134675,134.211462974075,101
"ENSG00000105011",TRUE,6518,47.9704724797842,99
"ENSG00000072071",TRUE,53363,60.0195707478619,101
"ENSG00000123146",TRUE,193730,259.703955941662,101
"ENSG00000123136",TRUE,62548,126.214304358114,101
"ENSG00000123143",TRUE,183775,218.408100949511,101
"ENSG00000160951",TRUE,5072,14.5832678955928,89
"ENSG00000123159",TRUE,111109,179.004416145129,101
"ENSG00000132002",TRUE,174509,391.939243986891,101
"ENSG00000099797",TRUE,57193,80.2184639947498,101
"ENSG00000099795",TRUE,58445,193.011492881769,101
"ENSG00000187912",FALSE,658,6.31060591983918,15
"ENSG00000131355",TRUE,4542,12.1804854504793,86
"ENSG00000160961",TRUE,34764,35.5592032881586,101
"ENSG00000127507",TRUE,40310,141.640722120155,101
"ENSG00000105137",TRUE,54106,77.1682317488147,101
"ENSG00000105135",TRUE,53914,60.6973325254413,101
"ENSG00000074181",TRUE,357031,477.923734770787,101
"ENSG00000105131",TRUE,3701,7.29376634818596,96
"ENSG00000141867",TRUE,120502,114.842967867615,101
"ENSG00000105127",TRUE,58197,57.563201145322,101
"ENSG00000011243",TRUE,97064,122.567889914276,101
"ENSG00000011451",TRUE,79481,69.4303424522757,101
"ENSG00000105122",TRUE,41583,75.1106931073637,101
"ENSG00000186529",TRUE,5603,48.3136191141135,87
"ENSG00000186204",TRUE,10242,28.7895610440963,101
"ENSG00000171903",TRUE,1919,11.1092587282876,37
"ENSG00000167460",TRUE,1063168,1270.7792642619,101
"ENSG00000167461",TRUE,85952,105.480706794541,101
"ENSG00000196684",TRUE,18890,64.2479599880046,101
"ENSG00000105058",TRUE,95723,92.6854860032808,101
"ENSG00000072958",TRUE,73562,67.625564029586,101
"ENSG00000127528",TRUE,187448,353.759118356071,101
"ENSG00000127527",TRUE,46187,43.4741087250812,101
"ENSG00000105072",TRUE,12778,20.7826268726469,101
"ENSG00000085872",TRUE,46777,46.5681806436518,101
"ENSG00000127526",TRUE,83881,86.8766248721062,101
"ENSG00000105085",TRUE,12497,15.4124437835106,101
"ENSG00000214046",TRUE,52478,89.1633271837748,101
"ENSG00000072954",TRUE,9675,15.9625521352138,101
"ENSG00000188039",TRUE,16633,143.594707496774,61
"ENSG00000127511",TRUE,118157,140.091659135643,101
"ENSG00000127533",TRUE,65777,265.267504876886,101
"ENSG00000160111",TRUE,56098,137.274564061423,101
"ENSG00000131351",TRUE,7139,18.148954266292,101
"ENSG00000099331",TRUE,237758,317.170760495787,101
"ENSG00000053501",TRUE,18545,24.4301782046546,101
"ENSG00000099330",TRUE,20068,30.1227456701942,101
"ENSG00000160113",TRUE,35143,59.2665021061071,101
"ENSG00000130307",TRUE,23340,35.3860115917793,101
"ENSG00000105393",TRUE,27078,90.895385059811,101
"ENSG00000160117",TRUE,1578,2.46019141211758,51
"ENSG00000127220",TRUE,17561,19.9317034644207,101
"ENSG00000130312",TRUE,35682,41.9503234858682,101
"ENSG00000130311",TRUE,44869,41.2082061529695,101
"ENSG00000074855",TRUE,31791,37.9731439813495,101
"ENSG00000130299",TRUE,23023,27.7603179716956,101
"ENSG00000130300",TRUE,151642,284.179253238967,101
"ENSG00000130303",TRUE,144255,519.240828489972,101
"ENSG00000141971",TRUE,29665,39.2348762354279,101
"ENSG00000130304",TRUE,46037,68.4807582687597,101
"ENSG00000130313",TRUE,53763,128.548817147554,101
"ENSG00000167483",TRUE,3455,19.9937496717831,60
"ENSG00000130309",TRUE,181801,361.096413721453,101
"ENSG00000130477",TRUE,2512,6.09370198489284,73
"ENSG00000130479",TRUE,40443,41.6827838874612,101
"ENSG00000130475",TRUE,9844,25.4646584664596,101
"ENSG00000179913",TRUE,4362,25.8099827565969,53
"ENSG00000105639",TRUE,60521,216.507234504521,101
"ENSG00000105640",TRUE,395308,575.043214844007,101
"ENSG00000105641",TRUE,3271,32.3979239055316,30
"ENSG00000007080",TRUE,40872,80.5783446677695,101
"ENSG00000105643",TRUE,206589,377.454839494659,101
"ENSG00000096996",TRUE,11869,21.5752437727352,100
"ENSG00000099308",TRUE,38626,46.4528207759911,101
"ENSG00000216490",TRUE,2333,17.9793698106127,70
"ENSG00000254858",TRUE,12867,24.9265720420857,101
"ENSG00000105649",TRUE,2659,3.78092495860746,89
"ENSG00000130518",TRUE,17385,74.4269306022376,101
"ENSG00000130522",TRUE,320285,734.618460031861,101
"ENSG00000130520",TRUE,60078,132.991922133907,101
"ENSG00000130517",TRUE,55385,71.4868365618193,101
"ENSG00000130513",TRUE,32675,139.166922980194,100
"ENSG00000175489",TRUE,32261,120.835278640813,101
"ENSG00000130511",TRUE,75163,138.865857539595,101
"ENSG00000105655",TRUE,39681,61.3611287669076,101
"ENSG00000105656",TRUE,35422,46.320931097036,101
"ENSG00000105701",TRUE,254819,578.808558052781,101
"ENSG00000105700",TRUE,88990,87.7374598102085,101
"ENSG00000221983",TRUE,421250,985.164397143701,101
"ENSG00000006016",TRUE,32623,112.361229805209,100
"ENSG00000006015",TRUE,44568,142.631200748369,101
"ENSG00000105696",TRUE,6510,22.6216986246279,73
"ENSG00000167487",TRUE,17051,20.0840187075039,101
"ENSG00000105662",TRUE,32042,36.3205826320404,101
"ENSG00000105664",TRUE,65231,265.062913179236,99
"ENSG00000005007",TRUE,158645,164.198181758049,101
"ENSG00000105669",TRUE,82939,247.759583137347,101
"ENSG00000105671",TRUE,37767,44.5816635918874,101
"ENSG00000051128",TRUE,15856,31.4893231816369,101
"ENSG00000064607",TRUE,171517,197.331223816335,101
"ENSG00000105676",TRUE,29002,35.7109687070871,101
"ENSG00000181035",TRUE,21496,26.4966500285369,101
"ENSG00000064545",TRUE,23322,29.2943701642638,101
"ENSG00000254901",TRUE,19815,26.8092436464728,101
"ENSG00000064490",TRUE,36665,100.459356810098,101
"ENSG00000184162",TRUE,14896,28.1647672016316,101
"ENSG00000105705",TRUE,30257,31.4822434642973,101
"ENSG00000129933",TRUE,96760,93.8555126799492,101
"ENSG00000167491",TRUE,96701,99.4714299851927,101
"ENSG00000178093",TRUE,1321,2.1799737496281,37
"ENSG00000186010",TRUE,1744,2.93696770284393,61
"ENSG00000250067",TRUE,5895,8.50967565182986,101
"ENSG00000160161",TRUE,7991,39.1675509494516,66
"ENSG00000105717",TRUE,5925,11.6983279746945,101
"ENSG00000064547",TRUE,21823,46.9161763813275,101
"ENSG00000089639",TRUE,57620,105.38112264506,101
"ENSG00000105726",TRUE,79831,111.303545251368,101
"ENSG00000181896",TRUE,16554,30.5986306882124,101
"ENSG00000105708",TRUE,11710,15.567073518776,101
"ENSG00000081665",TRUE,31832,33.3243202998683,101
"ENSG00000256771",TRUE,11975,16.2482355549785,101
"ENSG00000184635",TRUE,5660,8.66507109840234,100
"ENSG00000197124",TRUE,9828,15.8018867924528,101
"ENSG00000213988",TRUE,6445,10.6132075471698,101
"ENSG00000256229",TRUE,12399,16.154581235087,101
"ENSG00000237440",TRUE,18028,25.3597690096354,101
"ENSG00000188171",TRUE,10482,15.0431057301793,101
"ENSG00000160229",TRUE,1684,2.48532019001338,64
"ENSG00000105750",TRUE,6953,8.03787087517678,101
"ENSG00000118620",TRUE,16052,17.711917137911,101
"ENSG00000160352",TRUE,9370,14.7165345269031,101
"ENSG00000196705",TRUE,37080,66.7872290496723,101
"ENSG00000182141",TRUE,13746,16.4264001452824,101
"ENSG00000172687",TRUE,7424,10.4686267800451,101
"ENSG00000196268",TRUE,21333,34.353246258823,101
"ENSG00000197013",TRUE,17246,26.4700802752194,101
"ENSG00000197020",TRUE,14478,16.6901593303301,101
"ENSG00000198521",TRUE,24265,27.6379826282716,101
"ENSG00000160321",TRUE,5634,11.9106175287042,96
"ENSG00000197134",TRUE,2246,4.34513176177554,76
"ENSG00000196109",TRUE,1424,3.01420157819129,42
"ENSG00000167232",TRUE,32017,40.6862337693528,101
"ENSG00000197372",TRUE,11041,14.062426429019,101
"ENSG00000196172",TRUE,5129,7.09444128895616,101
"ENSG00000213967",TRUE,2392,3.1776290187585,94
"ENSG00000213096",TRUE,24839,29.0728816060618,101
"ENSG00000169021",TRUE,63938,68.709584520494,101
"ENSG00000105171",TRUE,31914,33.777675564246,101
"ENSG00000166289",TRUE,21834,29.9901387875399,101
"ENSG00000131943",TRUE,39599,43.1224737855677,101
"ENSG00000105173",TRUE,2757,8.8109031085318,87
"ENSG00000105176",TRUE,83249,76.2630964502041,101
"ENSG00000198597",TRUE,1766,4.29886953121251,57
"ENSG00000121297",TRUE,37886,53.3772084053064,101
"ENSG00000168813",TRUE,43983,47.1172085690497,101
"ENSG00000178904",TRUE,55759,67.3866027814582,101
"ENSG00000105185",TRUE,50648,70.7662570311331,101
"ENSG00000105186",TRUE,54553,56.6807817269465,101
"ENSG00000213965",TRUE,17533,18.7315595390214,101
"ENSG00000121289",TRUE,33206,40.401053410452,101
"ENSG00000131944",TRUE,2915,4.38379150417834,97
"ENSG00000131941",TRUE,11789,43.454583460989,100
"ENSG00000076650",TRUE,14168,14.6494235975008,101
"ENSG00000130881",TRUE,36595,42.1472467751747,101
"ENSG00000245848",TRUE,48239,100.795913461575,101
"ENSG00000153879",TRUE,70887,101.090942083571,101
"ENSG00000124299",TRUE,91896,102.317024587203,101
"ENSG00000124302",TRUE,887,2.61490372596885,22
"ENSG00000153885",TRUE,68260,88.2380019014689,101
"ENSG00000257103",TRUE,183177,180.302651844583,101
"ENSG00000166398",TRUE,110601,185.083777839986,101
"ENSG00000105220",TRUE,162940,505.836206666736,101
"ENSG00000126249",TRUE,3261,4.95015196966547,100
"ENSG00000126261",TRUE,132275,133.449643065838,101
"ENSG00000142279",TRUE,41730,54.6238163284584,101
"ENSG00000205209",TRUE,1043,1.54087320257141,23
"ENSG00000089335",TRUE,57221,62.2778800609627,101
"ENSG00000197841",TRUE,19379,27.9500275866772,101
"ENSG00000153896",TRUE,11073,15.1902109141892,101
"ENSG00000168661",TRUE,6694,8.51768999723109,101
"ENSG00000180884",TRUE,16836,27.3117624933118,101
"ENSG00000089351",TRUE,126493,155.37414277371,101
"ENSG00000105711",TRUE,18156,26.8961526099653,101
"ENSG00000105707",TRUE,21263,57.8356716867728,99
"ENSG00000089356",TRUE,2772,7.04399178318358,71
"ENSG00000153902",TRUE,26514,59.2767295597484,101
"ENSG00000266964",TRUE,1222,4.16666666666667,33
"ENSG00000089327",TRUE,109650,199.713803793387,101
"ENSG00000105699",TRUE,66582,115.43158117272,101
"ENSG00000105698",TRUE,150600,189.040231151585,101
"ENSG00000105697",TRUE,1452,11.5214737153722,27
"ENSG00000105695",TRUE,856,3.46090732135167,24
"ENSG00000012124",TRUE,24617,57.3521784681134,101
"ENSG00000126262",TRUE,6497,43.4982493583104,68
"ENSG00000161249",TRUE,42821,87.6112731260364,101
"ENSG00000105677",TRUE,63758,127.419214184921,101
"ENSG00000249115",TRUE,23560,28.1132261695442,101
"ENSG00000126254",TRUE,55868,89.5398615046522,101
"ENSG00000126267",TRUE,125369,418.254323630646,101
"ENSG00000011590",TRUE,1885,5.01356913201192,48
"ENSG00000272333",TRUE,101327,105.072081648473,101
"ENSG00000126246",TRUE,3013,8.80622194805518,87
"ENSG00000161265",TRUE,7599,14.0070767366403,101
"ENSG00000205155",TRUE,25346,68.9810875847447,101
"ENSG00000267796",TRUE,3278,4.55186163554458,100
"ENSG00000004776",TRUE,126209,351.694913856598,101
"ENSG00000167595",TRUE,19529,29.3979703762169,101
"ENSG00000004777",TRUE,22373,36.199206781987,101
"ENSG00000105290",TRUE,4373,8.37846308690464,96
"ENSG00000167604",TRUE,12427,30.7089938965875,101
"ENSG00000126264",TRUE,21612,52.1253055442412,101
"ENSG00000011600",TRUE,185702,337.571841342115,101
"ENSG00000126243",TRUE,15915,16.0610695876399,101
"ENSG00000205138",TRUE,15435,23.3451278944005,101
"ENSG00000181392",TRUE,6799,20.935308240785,101
"ENSG00000239382",TRUE,4527,5.72404426623587,100
"ENSG00000105270",TRUE,32686,47.0789260850949,101
"ENSG00000161277",TRUE,5978,8.87960713095564,101
"ENSG00000075702",TRUE,4850,19.6550915498017,101
"ENSG00000105258",TRUE,18756,39.6114105563054,101
"ENSG00000105254",TRUE,76786,135.251128059172,101
"ENSG00000126247",TRUE,411758,777.618679476063,101
"ENSG00000161281",TRUE,31235,72.3698964726415,101
"ENSG00000196357",TRUE,5659,5.94734187992991,100
"ENSG00000167635",TRUE,112659,108.622893910375,101
"ENSG00000142065",TRUE,17343,24.3658542033016,101
"ENSG00000181007",TRUE,8622,11.2052848033702,101
"ENSG00000186017",TRUE,13041,16.7717363835531,101
"ENSG00000254004",TRUE,28867,31.1341470375521,101
"ENSG00000186020",TRUE,24837,29.098296283175,101
"ENSG00000161298",TRUE,7330,10.2724880171427,101
"ENSG00000197808",TRUE,9811,11.579297143052,101
"ENSG00000189042",TRUE,11695,11.8133612197141,100
"ENSG00000267041",TRUE,4051,10.3225351915437,100
"ENSG00000197863",TRUE,7101,7.47492653917589,101
"ENSG00000251247",TRUE,10952,14.014608651959,101
"ENSG00000185869",TRUE,6143,8.06197720127505,101
"ENSG00000198453",TRUE,13673,15.4335161765835,101
"ENSG00000197050",TRUE,12171,14.6016079672243,101
"ENSG00000196967",TRUE,12754,14.5894312204954,101
"ENSG00000245680",TRUE,22936,22.8195983809385,101
"ENSG00000188283",TRUE,18583,20.1240198624076,101
"ENSG00000181666",TRUE,51207,61.1527983403792,101
"ENSG00000189164",TRUE,10522,12.2722257533815,101
"ENSG00000196437",TRUE,9567,10.7404139288401,101
"ENSG00000171827",TRUE,13462,14.5364408030309,101
"ENSG00000188227",TRUE,12038,18.3285557951259,101
"ENSG00000171817",TRUE,7895,12.3612809174095,101
"ENSG00000180479",TRUE,7728,8.78738210040445,101
"ENSG00000120784",TRUE,13056,16.1872140258855,101
"ENSG00000196381",TRUE,4597,7.23093248297567,99
"ENSG00000198182",TRUE,9758,16.7772478753732,101
"ENSG00000189144",TRUE,4444,5.94336806706115,95
"ENSG00000105738",TRUE,50761,73.9929405157717,101
"ENSG00000167642",TRUE,131674,273.793334669227,101
"ENSG00000167641",TRUE,61576,158.596659858224,101
"ENSG00000167645",TRUE,37418,54.8233971197534,101
"ENSG00000099337",TRUE,48175,70.1859974115525,101
"ENSG00000099338",TRUE,4016,5.74356233571333,100
"ENSG00000099341",TRUE,135370,143.993234226591,101
"ENSG00000188766",TRUE,3910,9.39005054126857,80
"ENSG00000130244",TRUE,19521,22.8395927124987,101
"ENSG00000171777",TRUE,21597,52.9107168712315,101
"ENSG00000196218",TRUE,10505,16.954362672636,100
"ENSG00000104814",TRUE,21859,44.6579028240321,101
"ENSG00000178982",TRUE,155438,284.208105398282,101
"ENSG00000130402",TRUE,584085,783.234929173077,101
"ENSG00000182472",TRUE,10377,32.0645304238026,101
"ENSG00000178934",FALSE,801,9.29943851268046,15
"ENSG00000171747",TRUE,1665,5.56324660349887,49
"ENSG00000104823",TRUE,74388,105.975084421007,101
"ENSG00000104824",TRUE,179662,163.534959034098,101
"ENSG00000187994",TRUE,15128,20.0542765280477,101
"ENSG00000068903",TRUE,90856,97.236261692747,101
"ENSG00000104825",TRUE,30450,47.2007448375144,101
"ENSG00000104835",TRUE,3179,6.47639031909175,98
"ENSG00000128626",TRUE,18307,32.6078721879852,101
"ENSG00000269190",TRUE,17121,20.7191416750242,101
"ENSG00000161243",TRUE,6581,9.33673344121679,101
"ENSG00000130669",TRUE,75978,138.629133902698,101
"ENSG00000188505",FALSE,663,3.99092875655458,12
"ENSG00000128011",TRUE,2627,4.07986112152742,91
"ENSG00000130755",TRUE,83238,122.406485077967,101
"ENSG00000179134",TRUE,121378,129.69522261578,101
"ENSG00000006712",TRUE,67660,81.7832544945772,101
"ENSG00000063322",TRUE,77825,74.3470733805614,101
"ENSG00000128016",TRUE,941141,2255.50810941007,101
"ENSG00000090924",TRUE,112762,162.538495959569,101
"ENSG00000105193",TRUE,576243,825.287924499145,101
"ENSG00000196235",TRUE,176824,192.183117375839,101
"ENSG00000105197",TRUE,40622,64.2367551416891,101
"ENSG00000176401",TRUE,4367,7.17945291964167,101
"ENSG00000176396",TRUE,17790,20.2877065405162,101
"ENSG00000105205",TRUE,4123,26.2510613605925,67
"ENSG00000105204",TRUE,23749,37.417990076775,101
"ENSG00000105202",TRUE,97403,199.186655744159,101
"ENSG00000275395",TRUE,32249,162.251041985849,100
"ENSG00000013275",TRUE,74269,89.6151683688277,101
"ENSG00000187187",TRUE,7691,9.97566089887053,101
"ENSG00000128000",TRUE,25408,29.3294584994651,101
"ENSG00000197782",TRUE,18345,26.0203257850073,101
"ENSG00000130758",TRUE,20118,23.0792371459967,101
"ENSG00000105221",TRUE,147163,147.637689097219,101
"ENSG00000160392",TRUE,16252,30.875814311949,101
"ENSG00000105223",TRUE,366192,478.837094577092,101
"ENSG00000105227",TRUE,116845,382.436234607421,101
"ENSG00000197019",TRUE,40353,97.6950959677151,101
"ENSG00000167565",TRUE,35931,51.9071940895434,101
"ENSG00000090013",TRUE,74342,144.363258624406,101
"ENSG00000160460",TRUE,3166,6.52497396617982,91
"ENSG00000160410",TRUE,88390,146.62246454967,101
"ENSG00000090006",TRUE,604936,987.443676763551,101
"ENSG00000105245",TRUE,45090,81.8492565276379,101
"ENSG00000123815",TRUE,49632,79.1475142484352,101
"ENSG00000086544",TRUE,147366,377.794059946949,101
"ENSG00000188493",TRUE,26827,48.4223136648372,101
"ENSG00000077312",TRUE,55210,193.16210661012,101
"ENSG00000167578",TRUE,3622,6.01432549023084,95
"ENSG00000269858",TRUE,18581,30.5277931436737,101
"ENSG00000255974",TRUE,2393,32.1856486739629,26
"ENSG00000197838",TRUE,638,5.771579058636,17
"ENSG00000197446",TRUE,6659,63.357671239184,40
"ENSG00000167600",TRUE,17119,45.9780848603699,101
"ENSG00000167601",TRUE,121559,124.687359257008,101
"ENSG00000105323",TRUE,308666,266.63739965459,101
"ENSG00000105329",TRUE,126272,136.716595743557,101
"ENSG00000142039",TRUE,47892,48.2073187661627,101
"ENSG00000142046",TRUE,12757,20.483467055732,101
"ENSG00000123810",TRUE,6867,14.4344790279111,101
"ENSG00000077348",TRUE,10747,14.8103629909237,101
"ENSG00000177191",TRUE,12493,25.1357596539903,101
"ENSG00000105341",TRUE,51561,54.6045626160693,101
"ENSG00000007129",TRUE,7156,17.4457981300788,98
"ENSG00000105352",TRUE,7771,27.5911077538524,99
"ENSG00000105388",TRUE,14449,85.5700241260293,75
"ENSG00000086548",TRUE,498259,1173.66352201258,101
"ENSG00000170956",TRUE,2685,14.4440309817158,52
"ENSG00000105372",TRUE,615896,1496.79923235195,101
"ENSG00000105369",TRUE,22827,125.870825163359,91
"ENSG00000076928",TRUE,239622,289.301507691651,101
"ENSG00000105404",TRUE,18416,141.878132106615,101
"ENSG00000105737",TRUE,2412,7.07683180779927,76
"ENSG00000105732",TRUE,17801,19.7141576834308,101
"ENSG00000028277",TRUE,19748,83.0672287586614,101
"ENSG00000160570",TRUE,40169,54.6719612608426,101
"ENSG00000167625",TRUE,13970,18.4930660909159,101
"ENSG00000105723",TRUE,55020,59.7936501553355,101
"ENSG00000105722",TRUE,75241,165.609217085168,101
"ENSG00000079432",TRUE,152273,155.716433315787,101
"ENSG00000079462",TRUE,10517,24.7759583137347,101
"ENSG00000105429",TRUE,79143,79.8431797329092,101
"ENSG00000079435",TRUE,5002,22.1521037282326,99
"ENSG00000189377",TRUE,164767,492.724243679959,101
"ENSG00000079385",TRUE,16486,43.2036324570139,101
"ENSG00000124469",TRUE,1746,16.0513015569204,36
"ENSG00000204936",TRUE,11856,122.014009844814,88
"ENSG00000124466",TRUE,4086,8.87637602750933,85
"ENSG00000176531",TRUE,10690,14.433372426933,101
"ENSG00000105755",TRUE,36543,62.8059247223549,101
"ENSG00000176472",TRUE,3062,4.27081814949163,98
"ENSG00000073050",TRUE,34492,39.2337677581436,101
"ENSG00000234465",TRUE,6809,12.0490982680777,101
"ENSG00000167378",TRUE,33123,45.2594253694668,101
"ENSG00000124444",TRUE,10583,11.8231776755512,101
"ENSG00000131116",TRUE,32226,40.5150929264112,101
"ENSG00000105767",TRUE,13323,28.0797048583077,101
"ENSG00000011422",TRUE,68502,112.029273509701,101
"ENSG00000105771",TRUE,40418,67.3996434370595,101
"ENSG00000104783",TRUE,19201,54.927274861401,101
"ENSG00000159871",TRUE,9874,30.6633189976483,101
"ENSG00000167637",TRUE,8795,9.71729466724349,101
"ENSG00000176222",TRUE,3676,6.92383979863845,98
"ENSG00000124459",TRUE,23672,24.2413080958644,101
"ENSG00000159905",TRUE,2012,2.78863695021747,85
"ENSG00000204920",TRUE,13166,15.3470151973818,101
"ENSG00000159882",TRUE,10394,12.1085551785759,101
"ENSG00000159885",TRUE,4907,5.67644797335914,101
"ENSG00000178386",TRUE,1287,1.81375652706737,38
"ENSG00000186026",TRUE,4136,5.55723430341805,101
"ENSG00000267680",TRUE,50053,52.3182190878222,101
"ENSG00000256294",TRUE,10292,13.8646330476347,101
"ENSG00000263002",TRUE,17143,18.9221721467719,101
"ENSG00000167380",TRUE,27763,31.4909943860356,101
"ENSG00000131115",TRUE,21614,26.4151539354336,101
"ENSG00000159917",TRUE,9855,11.4829889088473,101
"ENSG00000159915",TRUE,919,1.68762303138773,15
"ENSG00000062370",TRUE,7248,8.79878068452558,101
"ENSG00000267508",TRUE,2967,4.83668407217965,93
"ENSG00000278318",TRUE,5535,7.33059929689728,99
"ENSG00000167384",TRUE,14789,16.7394301897963,101
"ENSG00000073008",TRUE,58603,82.1629481271369,101
"ENSG00000186567",TRUE,11723,20.8025161392161,101
"ENSG00000069399",TRUE,73871,146.28335111405,101
"ENSG00000142273",TRUE,3179,10.9595152911178,69
"ENSG00000187244",TRUE,231759,359.199734896458,101
"ENSG00000130202",TRUE,105410,135.175821194996,101
"ENSG00000130204",TRUE,49454,64.8106675129725,101
"ENSG00000130203",TRUE,362553,845.054316927712,101
"ENSG00000130208",TRUE,136469,257.103196531806,101
"ENSG00000104853",TRUE,116010,107.686564550829,101
"ENSG00000104856",TRUE,29882,69.3366437358757,101
"ENSG00000104859",TRUE,63358,75.946287962699,101
"ENSG00000170684",TRUE,1652,4.34489659470351,51
"ENSG00000142252",TRUE,11949,22.5920592526456,101
"ENSG00000007047",TRUE,42583,41.855770079504,101
"ENSG00000104866",TRUE,41636,45.1350452225916,101
"ENSG00000007255",TRUE,14152,17.1699650320107,101
"ENSG00000189114",TRUE,15357,28.0141534732806,101
"ENSG00000104892",TRUE,1148,3.04791253658306,32
"ENSG00000104884",TRUE,22332,39.8373311488318,101
"ENSG00000104881",TRUE,34079,71.2692739937187,101
"ENSG00000117877",TRUE,6681,11.9969855621603,101
"ENSG00000012061",TRUE,76823,85.6244227153054,101
"ENSG00000125740",TRUE,398404,2910.47630121154,101
"ENSG00000125744",TRUE,11933,14.5564358920794,101
"ENSG00000213889",TRUE,2273,8.14935600135718,83
"ENSG00000125753",TRUE,184777,256.701369785808,101
"ENSG00000125741",TRUE,38462,41.9396260397186,101
"ENSG00000177464",TRUE,33781,56.5346596081699,101
"ENSG00000125746",TRUE,53252,78.2081387046631,101
"ENSG00000267757",TRUE,1049,2.40981965361554,28
"ENSG00000010310",TRUE,13176,63.8016735764598,101
"ENSG00000125743",TRUE,110549,257.850702936862,101
"ENSG00000011478",TRUE,11630,17.7724199454146,101
"ENSG00000177051",TRUE,20457,24.1735034003308,101
"ENSG00000177045",TRUE,25616,33.6985997240679,101
"ENSG00000104936",TRUE,85310,105.079451061689,101
"ENSG00000185800",TRUE,43426,48.0172340218528,101
"ENSG00000125755",TRUE,106477,127.117986728219,101
"ENSG00000170608",TRUE,807,4.53944420342157,14
"ENSG00000170604",TRUE,24253,25.6802843507849,101
"ENSG00000176182",TRUE,8886,15.51321402015,101
"ENSG00000104967",TRUE,32610,55.7188525720027,101
"ENSG00000104983",TRUE,14334,26.6586299181219,101
"ENSG00000008438",TRUE,1073,7.10612065245385,14
"ENSG00000204866",TRUE,1719,8.73871755574705,36
"ENSG00000124440",TRUE,86806,290.041429128033,101
"ENSG00000011485",TRUE,82595,82.8402783668153,101
"ENSG00000169515",TRUE,24090,35.7707604833556,101
"ENSG00000182013",TRUE,10597,22.599473637714,98
"ENSG00000230510",TRUE,993,1.69804381493329,19
"ENSG00000204851",TRUE,5379,8.24440767751416,101
"ENSG00000160014",TRUE,288739,382.008087870515,101
"ENSG00000160013",TRUE,28849,52.0122345618216,101
"ENSG00000197380",TRUE,30674,55.7865145699921,101
"ENSG00000105287",TRUE,72416,104.354347624725,101
"ENSG00000090372",TRUE,112424,118.552111231086,101
"ENSG00000181027",TRUE,24851,26.2424953216963,101
"ENSG00000105281",TRUE,135530,251.369632258104,101
"ENSG00000042753",TRUE,78354,391.294466255823,101
"ENSG00000160007",TRUE,137258,189.485274101297,101
"ENSG00000130748",TRUE,10636,25.2277994987876,101
"ENSG00000130749",TRUE,51662,57.1579099091935,101
"ENSG00000142230",TRUE,95078,89.3466290714138,101
"ENSG00000105327",TRUE,12437,19.6442589550175,101
"ENSG00000105321",TRUE,37353,45.4853459619932,101
"ENSG00000257704",TRUE,22121,81.0301858528224,101
"ENSG00000197405",TRUE,94597,177.751689157767,101
"ENSG00000134830",TRUE,11088,20.5571079787238,101
"ENSG00000134815",TRUE,27210,39.3854899637789,101
"ENSG00000105419",TRUE,18030,27.8976015915843,101
"ENSG00000118162",TRUE,9495,27.5623122882277,101
"ENSG00000105402",TRUE,76394,81.5268502258198,101
"ENSG00000063169",TRUE,27076,28.3153809299825,101
"ENSG00000024422",TRUE,269378,343.585367890082,101
"ENSG00000105373",TRUE,326785,351.97783758946,101
"ENSG00000178980",TRUE,269718,433.767537650796,101
"ENSG00000105499",TRUE,28823,46.7020384514991,101
"ENSG00000105486",TRUE,31306,41.763897437731,101
"ENSG00000185453",TRUE,15138,15.7155394337769,101
"ENSG00000105483",TRUE,117112,137.450447572561,101
"ENSG00000178150",TRUE,1510,4.44310498635364,38
"ENSG00000105479",TRUE,22655,143.814832239998,91
"ENSG00000142227",TRUE,98002,248.2114243224,101
"ENSG00000161558",TRUE,10199,12.1950419436118,101
"ENSG00000105438",TRUE,158300,253.332291086333,101
"ENSG00000105464",TRUE,1566,5.34678735645947,44
"ENSG00000105447",TRUE,35640,65.8181992893743,101
"ENSG00000182324",TRUE,1677,4.59371871470461,59
"ENSG00000105443",TRUE,81199,93.3828521846724,101
"ENSG00000142235",TRUE,7058,16.7959435526598,100
"ENSG00000088002",TRUE,6595,27.3015144234355,88
"ENSG00000105523",TRUE,20364,54.0842352236227,101
"ENSG00000063177",TRUE,473510,933.729808911844,101
"ENSG00000063176",TRUE,22300,24.2225562935669,101
"ENSG00000105516",TRUE,10424,22.0994693818449,101
"ENSG00000063180",TRUE,12811,16.7310943497538,101
"ENSG00000142233",TRUE,1431,4.7082123959514,44
"ENSG00000176920",TRUE,4436,34.7591727576281,53
"ENSG00000176909",TRUE,1944,4.59371871470461,80
"ENSG00000105538",TRUE,73914,124.09036419068,101
"ENSG00000182264",TRUE,2517,9.9853068555163,59
"ENSG00000174951",TRUE,21670,37.0284787278047,101
"ENSG00000105552",TRUE,40253,56.1382157262158,101
"ENSG00000087076",TRUE,15892,26.8074216080423,101
"ENSG00000105559",TRUE,68387,114.08989922586,101
"ENSG00000087074",TRUE,224775,524.342517526065,101
"ENSG00000104805",TRUE,390180,682.807337479127,101
"ENSG00000104808",TRUE,1532,3.63433105412319,46
"ENSG00000087088",TRUE,75009,124.1057121612,101
"ENSG00000087086",TRUE,6636500,10934.6916463929,101
"ENSG00000104812",TRUE,55500,127.94636223415,101
"ENSG00000183207",TRUE,58083,103.006256099701,101
"ENSG00000225950",TRUE,2848,8.79895431374524,70
"ENSG00000104852",TRUE,351065,446.122420468838,101
"ENSG00000104863",TRUE,5196,9.26274429358471,101
"ENSG00000177380",TRUE,9472,21.0106151049604,101
"ENSG00000130528",TRUE,6134,13.1212476608482,89
"ENSG00000130529",TRUE,63503,75.4844721826102,101
"ENSG00000063127",TRUE,7423,14.2077594620277,101
"ENSG00000104894",TRUE,74875,137.055162128534,101
"ENSG00000074219",TRUE,72538,76.2741726030144,101
"ENSG00000104888",TRUE,2199,5.96960108567145,67
"ENSG00000104872",TRUE,52607,73.5748062994493,101
"ENSG00000161618",TRUE,37963,79.6746622976636,101
"ENSG00000142541",TRUE,1632773,3260.03415015677,101
"ENSG00000142534",TRUE,1183351,1272.66560703069,101
"ENSG00000104870",TRUE,318459,391.583335956854,101
"ENSG00000142552",TRUE,49510,178.552574960076,101
"ENSG00000142546",TRUE,43916,121.244051322532,101
"ENSG00000126460",TRUE,5646,11.8674041318021,99
"ENSG00000126464",TRUE,57704,63.0409896414091,101
"ENSG00000126458",TRUE,112255,159.198710866976,101
"ENSG00000126461",TRUE,66860,68.6045532638673,101
"ENSG00000126456",TRUE,91311,133.44376331896,101
"ENSG00000126453",TRUE,11452,29.7462113493168,101
"ENSG00000126457",TRUE,120961,167.331852197929,101
"ENSG00000224420",TRUE,4623,9.62194786214834,96
"ENSG00000169169",TRUE,10736,22.8617297184705,100
"ENSG00000126467",TRUE,860,1.94972132911575,15
"ENSG00000196961",TRUE,122323,123.507262821474,101
"ENSG00000010361",TRUE,22201,56.0961574440371,101
"ENSG00000104973",TRUE,67909,92.1579729437753,101
"ENSG00000104960",TRUE,99493,229.083480821827,101
"ENSG00000039650",TRUE,52809,74.3278749412042,101
"ENSG00000204673",TRUE,51136,112.282534485649,101
"ENSG00000104946",TRUE,68996,82.5571897532608,101
"ENSG00000104951",TRUE,5443,35.591813706723,88
"ENSG00000213024",TRUE,57472,86.0298184424866,101
"ENSG00000169136",TRUE,27762,70.4216763427624,101
"ENSG00000161640",TRUE,2928,6.09985599821432,70
"ENSG00000105053",TRUE,41183,53.2035247939762,101
"ENSG00000142528",TRUE,13876,17.1791154203715,101
"ENSG00000105357",TRUE,119531,270.096930103584,101
"ENSG00000131398",TRUE,17164,28.0123055094725,101
"ENSG00000131408",TRUE,101272,96.4057740483961,101
"ENSG00000131400",TRUE,900373,2158.40125665104,101
"ENSG00000062822",TRUE,23413,32.8794034066741,101
"ENSG00000269404",TRUE,1697,13.9359214063115,38
"ENSG00000086967",TRUE,1016,6.53488343843732,18
"ENSG00000142530",TRUE,1215,2.20487289880476,38
"ENSG00000161671",TRUE,153516,152.306427560485,101
"ENSG00000161677",TRUE,19955,74.5537955337306,101
"ENSG00000131409",TRUE,10566,17.4678703364793,101
"ENSG00000161681",TRUE,1949,4.14817027172293,60
"ENSG00000105472",TRUE,30819,86.8288143943348,101
"ENSG00000167747",TRUE,25662,183.146293674781,101
"ENSG00000167748",TRUE,908,2.84674593495844,21
"ENSG00000169035",TRUE,2349,30.5213555082147,40
"ENSG00000129451",TRUE,13531,41.8409525990552,94
"ENSG00000167757",TRUE,25296,96.7042274619047,99
"ENSG00000186474",TRUE,1235,10.8069659737764,24
"ENSG00000167759",TRUE,3149,18.7244042017871,42
"ENSG00000129437",TRUE,743,2.69693064634794,15
"ENSG00000142544",TRUE,5578,15.814441476852,101
"ENSG00000129450",TRUE,17311,49.0213021775072,100
"ENSG00000168995",TRUE,10042,29.4305149374425,100
"ENSG00000105383",TRUE,24787,64.0652646721014,101
"ENSG00000186806",TRUE,6031,7.77882938744874,101
"ENSG00000105379",TRUE,24734,141.350984057386,101
"ENSG00000160318",TRUE,1430,3.01227456701942,46
"ENSG00000105374",TRUE,19691,53.1368463366267,101
"ENSG00000142512",TRUE,37377,227.090145207402,101
"ENSG00000105366",TRUE,4763,8.57798172822876,95
"ENSG00000254521",TRUE,5626,16.5547133820053,80
"ENSG00000105492",TRUE,16391,35.2447500684589,99
"ENSG00000105497",TRUE,21301,31.1757887528554,101
"ENSG00000105501",TRUE,755,3.15556286471977,17
"ENSG00000254415",TRUE,14848,56.944980725312,99
"ENSG00000105509",TRUE,10407,120.307643832085,48
"ENSG00000171051",TRUE,100972,348.637382960035,101
"ENSG00000171049",TRUE,28445,125.211266871675,101
"ENSG00000187474",TRUE,64307,201.515712244663,101
"ENSG00000161551",TRUE,19507,21.7953993214366,101
"ENSG00000198093",TRUE,12850,14.7559471737091,101
"ENSG00000176024",TRUE,9369,11.2516462275889,101
"ENSG00000256683",TRUE,17001,19.5022519480755,101
"ENSG00000197619",TRUE,18453,22.9106947439074,101
"ENSG00000142556",TRUE,17843,20.3735790315976,101
"ENSG00000256087",TRUE,21736,26.5840306568583,101
"ENSG00000197608",TRUE,25392,29.169074050182,101
"ENSG00000204611",TRUE,16448,17.9059846277122,101
"ENSG00000196267",TRUE,8805,10.5284555199451,101
"ENSG00000105568",TRUE,232028,394.382047687017,101
"ENSG00000196214",TRUE,27538,28.7356712258787,101
"ENSG00000198464",TRUE,24414,25.6845220180705,101
"ENSG00000167554",TRUE,5433,7.11780037135185,100
"ENSG00000221923",TRUE,16968,24.8950722939503,101
"ENSG00000167555",TRUE,38604,43.6053811932198,101
"ENSG00000258405",TRUE,3860,5.42419677770889,101
"ENSG00000198482",TRUE,12712,15.2474623640487,101
"ENSG00000167562",TRUE,13965,15.8703696118395,101
"ENSG00000167766",TRUE,111526,155.602560495705,101
"ENSG00000213020",TRUE,16389,16.5093617621778,101
"ENSG00000189190",TRUE,21947,29.2858305676886,101
"ENSG00000198538",TRUE,19656,21.160492815786,101
"ENSG00000204604",TRUE,18311,21.0958570544726,101
"ENSG00000182986",TRUE,1785,2.96476429949421,72
"ENSG00000180257",TRUE,10317,17.0039674412566,100
"ENSG00000170949",TRUE,67078,86.0451884497905,101
"ENSG00000170954",TRUE,13521,17.9956559524742,101
"ENSG00000197937",TRUE,26401,30.3179355276108,101
"ENSG00000197497",TRUE,6240,7.00154636303545,101
"ENSG00000197928",TRUE,21349,24.0370237245424,101
"ENSG00000213799",TRUE,17310,19.6448765323503,101
"ENSG00000203326",TRUE,11949,14.677036580092,101
"ENSG00000196417",TRUE,18773,32.1824603355169,101
"ENSG00000160336",TRUE,26513,43.1228997051591,101
"ENSG00000198346",TRUE,9797,10.5215634660708,101
"ENSG00000130844",TRUE,105010,232.595319156296,101
"ENSG00000142405",TRUE,5579,17.4743682441065,96
"ENSG00000179820",TRUE,266736,558.920694511868,101
"ENSG00000130433",TRUE,4683,34.839239957419,41
"ENSG00000189068",TRUE,1228,3.59700477412459,33
"ENSG00000170909",TRUE,39601,90.7586368065764,101
"ENSG00000170906",TRUE,37585,163.867736445856,101
"ENSG00000105619",TRUE,15706,52.2629637377869,101
"ENSG00000105618",TRUE,56754,65.8935061535498,101
"ENSG00000088038",TRUE,58597,64.5789609524046,101
"ENSG00000105617",TRUE,9721,13.2540080948854,101
"ENSG00000167608",TRUE,39145,123.278334724349,101
"ENSG00000125505",TRUE,69933,103.773221940878,101
"ENSG00000170892",TRUE,44813,46.4968784836181,101
"ENSG00000170889",TRUE,703526,1254.46174343524,101
"ENSG00000204577",TRUE,48798,122.320577708746,101
"ENSG00000244482",TRUE,26818,61.7903240021872,101
"ENSG00000105609",TRUE,32640,68.4373327163324,101
"ENSG00000131042",TRUE,61167,298.378834560036,101
"ENSG00000187116",TRUE,21952,67.671985274576,101
"ENSG00000167613",TRUE,104821,225.806207784715,101
"ENSG00000167615",TRUE,487951,662.005536394675,101
"ENSG00000275183",TRUE,5874,9.11943330972896,101
"ENSG00000167617",TRUE,15632,26.056175004718,101
"ENSG00000239998",TRUE,21825,81.7003357377962,101
"ENSG00000104974",TRUE,11528,56.2586576369554,100
"ENSG00000104972",TRUE,41504,231.554115348907,100
"ENSG00000186818",TRUE,44188,139.431847510874,101
"ENSG00000167633",TRUE,744,3.22210571996066,16
"ENSG00000186431",TRUE,8005,30.8323697614646,92
"ENSG00000189430",TRUE,997,2.94293885606675,24
"ENSG00000022556",TRUE,12249,29.8298208719257,95
"ENSG00000088053",TRUE,1048,9.86393316198889,22
"ENSG00000160439",TRUE,16061,28.3229354257555,101
"ENSG00000131037",TRUE,28819,95.0860690740959,101
"ENSG00000125503",TRUE,153672,158.590471777576,101
"ENSG00000105048",TRUE,1579,13.5552355515874,28
"ENSG00000129991",FALSE,669,6.57486741061921,16
"ENSG00000167646",TRUE,8501,61.4410023544071,66
"ENSG00000080031",TRUE,915,5.11114177796178,21
"ENSG00000180089",TRUE,2713,10.0911197995151,93
"ENSG00000105063",TRUE,111870,137.189119109433,101
"ENSG00000133265",TRUE,31162,66.1194267460762,101
"ENSG00000160469",TRUE,6819,14.0474533780845,98
"ENSG00000180061",TRUE,7012,18.5475573905026,97
"ENSG00000133247",TRUE,13932,20.6080772085086,101
"ENSG00000095752",TRUE,1566,11.9365715982231,30
"ENSG00000160472",TRUE,12817,100.942261334737,59
"ENSG00000233493",TRUE,3436,20.3328533273811,86
"ENSG00000108107",TRUE,468441,1203.32838266008,101
"ENSG00000108106",TRUE,10432,16.529411050165,101
"ENSG00000063241",TRUE,32382,97.0705479222008,101
"ENSG00000197483",TRUE,7824,9.63927861446214,101
"ENSG00000090971",TRUE,18451,67.8514846221124,101
"ENSG00000179954",TRUE,86756,183.332510687452,101
"ENSG00000231274",TRUE,940,2.19350196976477,22
"ENSG00000218891",TRUE,14712,37.4275114952163,101
"ENSG00000179943",TRUE,18699,49.8531440841714,101
"ENSG00000171443",TRUE,19036,41.4940821606925,101
"ENSG00000261221",TRUE,28427,28.3057872116253,101
"ENSG00000179922",TRUE,9320,12.65814480223,101
"ENSG00000213015",TRUE,33769,93.4558184417775,101
"ENSG00000171425",TRUE,15588,24.6253445853838,101
"ENSG00000173581",TRUE,15870,25.0771857704367,101
"ENSG00000063244",TRUE,170924,171.426491254757,101
"ENSG00000063245",TRUE,120912,285.488322089265,101
"ENSG00000142409",TRUE,26218,32.9844065088626,101
"ENSG00000167685",TRUE,44910,111.75538643642,101
"ENSG00000131848",TRUE,7155,9.86306064950104,101
"ENSG00000018869",TRUE,5948,7.12806988149621,101
"ENSG00000198440",TRUE,9921,10.8796856085995,101
"ENSG00000198046",TRUE,8698,12.8046013507989,101
"ENSG00000196263",TRUE,19168,25.3945964930382,101
"ENSG00000196867",TRUE,19857,23.158594286104,101
"ENSG00000197016",TRUE,15184,20.7839511281521,101
"ENSG00000197951",TRUE,13974,13.4262169170056,101
"ENSG00000127903",TRUE,2659,3.99408309872949,87
"ENSG00000198300",TRUE,16952,27.9120210096483,101
"ENSG00000083844",TRUE,47397,53.1686122849989,101
"ENSG00000105146",TRUE,2145,3.00837149073466,84
"ENSG00000204524",TRUE,15170,18.5655629821319,101
"ENSG00000197714",TRUE,3848,9.87074803818883,97
"ENSG00000178229",TRUE,7523,9.55081322166452,100
"ENSG00000131845",TRUE,27539,34.1788908774224,101
"ENSG00000152433",TRUE,3590,4.96887326725818,98
"ENSG00000256060",TRUE,5305,6.59685653189399,101
"ENSG00000188785",TRUE,26459,36.0205948292328,101
"ENSG00000186272",TRUE,9519,10.9870676981256,101
"ENSG00000186230",TRUE,5661,8.99320944670904,99
"ENSG00000178201",TRUE,1132,1.99107880548877,29
"ENSG00000197128",TRUE,10434,13.4865622590963,101
"ENSG00000105136",TRUE,18080,24.5901038958049,101
"ENSG00000152439",TRUE,9180,10.042009353752,101
"ENSG00000121406",TRUE,17027,19.4053048673216,101
"ENSG00000251369",TRUE,18244,27.5086406605218,101
"ENSG00000083817",TRUE,7668,8.80709394849751,101
"ENSG00000171649",TRUE,11373,13.4623615581801,101
"ENSG00000183647",TRUE,5674,9.59188449836362,101
"ENSG00000213762",TRUE,38810,40.4799285473555,101
"ENSG00000121417",TRUE,33618,43.7568762155003,101
"ENSG00000180532",TRUE,765,4.53439131766842,13
"ENSG00000204519",TRUE,9673,11.9405638031935,101
"ENSG00000179909",TRUE,22449,32.1142597967517,101
"ENSG00000083814",TRUE,18437,23.9235696255499,101
"ENSG00000152443",TRUE,29303,33.5544957507463,101
"ENSG00000083828",TRUE,18012,20.6777008300064,101
"ENSG00000178935",TRUE,14637,33.3648848533902,101
"ENSG00000269343",TRUE,16091,25.0587923280626,101
"ENSG00000204514",TRUE,9746,10.2023804647539,101
"ENSG00000198466",TRUE,35695,45.2683727181343,101
"ENSG00000173480",TRUE,15004,19.5177272325712,101
"ENSG00000196724",TRUE,11071,13.3523262031911,101
"ENSG00000152454",TRUE,9220,11.2161166794161,101
"ENSG00000177025",TRUE,1471,2.78824674751017,48
"ENSG00000166704",TRUE,20756,46.3263646288457,101
"ENSG00000176293",TRUE,15923,18.5687745630071,101
"ENSG00000121413",TRUE,83343,111.344708113508,101
"ENSG00000181894",TRUE,23129,23.233095884753,101
"ENSG00000171606",TRUE,43724,49.1920485525519,101
"ENSG00000198131",TRUE,25924,29.8514095079838,101
"ENSG00000278129",TRUE,14072,16.2586390394119,101
"ENSG00000182318",TRUE,5665,6.43627924371919,101
"ENSG00000174586",TRUE,1817,6.87716016513044,49
"ENSG00000152475",TRUE,2085,2.64506160197325,83
"ENSG00000083845",TRUE,476677,555.641688187098,101
"ENSG00000171574",TRUE,13298,23.4260664823248,101
"ENSG00000131849",TRUE,5900,8.84206306945342,101
"ENSG00000249471",TRUE,6142,7.33676712150094,101
"ENSG00000083812",TRUE,11553,13.73544212831,101
"ENSG00000083838",TRUE,16652,23.216014640356,101
"ENSG00000083807",TRUE,3970,16.5675101186068,101
"ENSG00000119574",TRUE,13538,14.3908002863305,101
"ENSG00000130726",TRUE,198289,401.159665462811,101
"ENSG00000130724",TRUE,95474,147.902681240653,101
"ENSG00000130725",TRUE,53499,107.613508906769,101
"ENSG00000099326",TRUE,53837,71.626575466277,101
"ENSG00000196476",TRUE,21362,68.92274802856,101
"ENSG00000247315",TRUE,34270,34.270616855039,101
"ENSG00000177732",TRUE,17826,37.5781252235673,101
"ENSG00000125841",TRUE,43323,60.7726393896168,101
"ENSG00000101255",TRUE,20695,76.37826718364,101
"ENSG00000125826",TRUE,124719,139.995460502228,101
"ENSG00000125875",TRUE,114629,123.928617419185,101
"ENSG00000101266",TRUE,112590,109.505550321692,101
"ENSG00000125878",TRUE,745,2.81613502501999,12
"ENSG00000101276",TRUE,4276,10.3225351915437,96
"ENSG00000125898",TRUE,15092,24.8512651779102,101
"ENSG00000101280",TRUE,3099,12.3437308933844,70
"ENSG00000101282",TRUE,19485,42.1464673460763,101
"ENSG00000125818",TRUE,130541,122.593671887589,101
"ENSG00000125895",TRUE,21320,47.8352455329254,101
"ENSG00000215595",TRUE,2785,7.89300635239017,81
"ENSG00000101298",TRUE,13362,15.7267022012474,101
"ENSG00000125775",TRUE,8843,13.9686922017348,101
"ENSG00000088832",TRUE,355524,876.195364681774,101
"ENSG00000088833",TRUE,91852,97.7185066282271,101
"ENSG00000196209",TRUE,26114,70.376390401541,101
"ENSG00000101307",TRUE,18545,44.0029645143284,101
"ENSG00000089012",TRUE,2963,9.00585566305844,77
"ENSG00000198053",TRUE,191824,283.853887458979,101
"ENSG00000125834",TRUE,52988,64.6003698245421,101
"ENSG00000125835",TRUE,76763,144.28795176023,101
"ENSG00000088876",TRUE,18866,21.1349326753324,101
"ENSG00000149488",TRUE,2224,6.4349007212161,63
"ENSG00000101361",TRUE,104804,202.245040630738,101
"ENSG00000101365",TRUE,79616,80.352424075243,101
"ENSG00000088881",TRUE,26207,34.694323554722,101
"ENSG00000088882",TRUE,49064,147.640999058873,90
"ENSG00000132635",TRUE,70402,88.0337242211425,101
"ENSG00000215305",TRUE,41006,47.2927107022049,101
"ENSG00000132670",TRUE,150548,134.78688438013,101
"ENSG00000125901",TRUE,31638,41.1175478398151,101
"ENSG00000185019",TRUE,17335,17.5267214569189,101
"ENSG00000215251",TRUE,27751,30.0237965587545,101
"ENSG00000088899",TRUE,35033,52.3333067451601,101
"ENSG00000198171",TRUE,66186,70.7504803704705,101
"ENSG00000125877",TRUE,42162,99.6309813041673,101
"ENSG00000088836",TRUE,12191,65.8867901525188,99
"ENSG00000088854",TRUE,82213,79.7862798656378,101
"ENSG00000088812",TRUE,111944,117.633621740141,101
"ENSG00000149451",TRUE,66520,112.889129426827,101
"ENSG00000088827",TRUE,106113,273.15812772668,101
"ENSG00000132622",TRUE,57414,96.0344680437056,101
"ENSG00000101220",TRUE,31756,88.1843379494935,101
"ENSG00000101222",TRUE,6889,45.6462059311954,54
"ENSG00000125817",TRUE,120067,137.811561441138,101
"ENSG00000101224",TRUE,142824,221.338771721259,101
"ENSG00000125843",TRUE,13516,14.6848385142197,101
"ENSG00000088888",TRUE,170251,199.465796172282,101
"ENSG00000125779",TRUE,52207,52.5865914340133,101
"ENSG00000101236",TRUE,61973,80.7887445737127,101
"ENSG00000088826",TRUE,10792,24.4908876860669,101
"ENSG00000171873",TRUE,4744,10.4967477710036,91
"ENSG00000171867",TRUE,240104,278.426420759395,101
"ENSG00000101265",TRUE,201783,279.896736256151,101
"ENSG00000089057",TRUE,87454,102.935068737917,101
"ENSG00000089063",TRUE,155453,161.870367151349,101
"ENSG00000132646",TRUE,59220,118.473592689787,101
"ENSG00000101290",TRUE,127973,149.015010099374,101
"ENSG00000125772",TRUE,161163,187.897882640062,101
"ENSG00000171984",TRUE,5622,7.99898493615012,101
"ENSG00000089195",TRUE,22222,36.7008374889756,101
"ENSG00000125885",TRUE,5907,10.148289574985,101
"ENSG00000088766",TRUE,3558,5.08278028906046,101
"ENSG00000125872",TRUE,13790,47.8408366486575,95
"ENSG00000101311",TRUE,8635,26.5608960452383,98
"ENSG00000125845",TRUE,38362,95.2696654597312,101
"ENSG00000125827",TRUE,125213,125.775124140048,101
"ENSG00000182621",TRUE,34766,71.2471484898853,101
"ENSG00000101333",TRUE,52344,99.1293072211271,101
"ENSG00000125869",TRUE,9810,30.54796122738,81
"ENSG00000132623",TRUE,8838,19.4223094773464,101
"ENSG00000132639",TRUE,9900,30.4136146414471,93
"ENSG00000125863",TRUE,39361,39.6920943927526,101
"ENSG00000149346",TRUE,12461,15.2649375087473,101
"ENSG00000101384",TRUE,170738,330.754239494077,101
"ENSG00000132640",TRUE,78220,117.215111202537,101
"ENSG00000172296",TRUE,27102,50.0554179984441,101
"ENSG00000101230",TRUE,49175,140.953132702422,101
"ENSG00000089123",TRUE,20561,26.8361219619626,101
"ENSG00000089048",TRUE,26067,34.7841593222399,101
"ENSG00000101247",TRUE,16484,16.2857838614057,101
"ENSG00000172264",TRUE,35933,98.9752145731571,101
"ENSG00000125848",TRUE,72450,225.277222348618,101
"ENSG00000089177",TRUE,43250,46.7874241829537,101
"ENSG00000125870",TRUE,51761,54.4304321818729,101
"ENSG00000125851",TRUE,7808,22.6436794532432,91
"ENSG00000125864",TRUE,4350,7.07285548733347,98
"ENSG00000125868",TRUE,714887,1012.58923207341,101
"ENSG00000125844",TRUE,346531,393.2203994033,101
"ENSG00000089006",TRUE,135968,133.761843332621,101
"ENSG00000125850",TRUE,4620,18.0280784078743,86
"ENSG00000125871",TRUE,23150,30.968547183994,101
"ENSG00000232838",TRUE,1206,2.48512651779102,33
"ENSG00000149474",TRUE,22155,24.6426971042885,101
"ENSG00000125846",TRUE,27957,30.1016858101811,101
"ENSG00000089091",TRUE,8984,30.6071413942618,101
"ENSG00000132664",TRUE,17413,16.9496052282855,101
"ENSG00000089050",TRUE,41872,47.3118690530753,101
"ENSG00000101310",TRUE,83640,127.027904715358,101
"ENSG00000232388",TRUE,19741,33.4362476939156,101
"ENSG00000125821",TRUE,15087,15.5515520519637,101
"ENSG00000185052",TRUE,36378,53.2946505226726,101
"ENSG00000132669",TRUE,114957,138.395339033961,101
"ENSG00000173418",TRUE,58425,55.4416906748354,101
"ENSG00000101343",TRUE,36434,41.3158579729589,101
"ENSG00000089101",TRUE,5456,42.6232783860832,48
"ENSG00000188559",TRUE,172281,337.625240414748,101
"ENSG00000088970",TRUE,28549,35.1465840015098,101
"ENSG00000088930",TRUE,147971,153.601310011787,101
"ENSG00000125798",TRUE,17198,31.9416534377976,99
"ENSG00000178726",TRUE,252702,525.206241120279,101
"ENSG00000125810",TRUE,618715,970.607050248224,101
"ENSG00000132661",TRUE,20372,30.214225780069,101
"ENSG00000125812",TRUE,29975,36.7833003816267,101
"ENSG00000125814",TRUE,28577,29.098296283175,101
"ENSG00000101439",TRUE,537595,1138.41386574081,101
"ENSG00000170373",TRUE,1909,31.2001346024691,23
"ENSG00000170369",TRUE,4950,26.5513366354221,63
"ENSG00000170367",TRUE,2724,12.4515667039499,50
"ENSG00000149435",TRUE,19381,65.6514041741163,88
"ENSG00000101463",TRUE,3859,9.13457439614053,80
"ENSG00000077984",TRUE,21581,62.4477269458066,101
"ENSG00000101474",TRUE,149904,143.825809419489,101
"ENSG00000154930",TRUE,80048,89.5542285239513,101
"ENSG00000197586",TRUE,89623,95.1741734928039,101
"ENSG00000100994",TRUE,153388,254.841230525538,101
"ENSG00000100997",TRUE,71068,83.2921825920219,101
"ENSG00000101003",TRUE,3308,13.3772908033893,94
"ENSG00000101004",TRUE,28691,36.511048897576,101
"ENSG00000170191",TRUE,10599,12.4515667039499,101
"ENSG00000130684",TRUE,52674,61.5615531884482,101
"ENSG00000175170",TRUE,1016,3.8888704636326,21
"ENSG00000149531",TRUE,10607,12.9470997687324,101
"ENSG00000180383",TRUE,1407,6.329072401115,41
"ENSG00000088320",TRUE,9763,21.5856443091408,98
"ENSG00000101294",TRUE,150613,333.157567112348,101
"ENSG00000125968",TRUE,206107,344.419024368273,101
"ENSG00000131055",TRUE,34246,107.12400055965,101
"ENSG00000171552",TRUE,220986,243.11715038444,101
"ENSG00000088325",TRUE,10246,27.1457858527967,99
"ENSG00000179772",TRUE,3511,9.62417262190991,92
"ENSG00000149599",TRUE,2113,5.02707785214278,75
"ENSG00000131044",TRUE,9239,74.0352886378358,80
"ENSG00000088356",TRUE,18880,23.571048486927,101
"ENSG00000101331",TRUE,27549,54.8956901453992,101
"ENSG00000101336",TRUE,99025,251.786999214346,101
"ENSG00000101337",TRUE,105334,97.0407057010243,101
"ENSG00000126003",TRUE,39102,51.7491652099699,101
"ENSG00000101346",TRUE,90090,90.3842098144431,101
"ENSG00000101350",TRUE,108466,152.431121462287,101
"ENSG00000171456",TRUE,162515,170.586773788186,101
"ENSG00000197183",TRUE,53978,62.4907584822052,101
"ENSG00000149600",TRUE,41422,75.9093190888894,101
"ENSG00000088305",TRUE,4072,6.02483011607405,100
"ENSG00000101367",TRUE,164977,164.392181406688,101
"ENSG00000078898",TRUE,1943,38.7808347873592,21
"ENSG00000198183",TRUE,48569,976.87849841834,54
"ENSG00000125999",TRUE,999497,12956.9355898262,90
"ENSG00000101391",TRUE,35357,35.512215219225,101
"ENSG00000101400",TRUE,21029,34.5560191465943,101
"ENSG00000078699",TRUE,54178,56.4085542961797,101
"ENSG00000125967",TRUE,34221,51.5540016450413,101
"ENSG00000182584",TRUE,1530,6.85292463996918,48
"ENSG00000101412",TRUE,10656,71.2402935100093,101
"ENSG00000101417",TRUE,46660,109.44423318156,101
"ENSG00000131061",TRUE,8862,11.8140298610595,101
"ENSG00000101421",TRUE,163955,177.799506318321,101
"ENSG00000125970",TRUE,180454,207.696331395989,101
"ENSG00000125977",TRUE,108193,171.632583555308,101
"ENSG00000101444",TRUE,91781,115.576307295275,101
"ENSG00000078747",TRUE,103542,93.4608159180024,101
"ENSG00000125971",TRUE,107639,191.580662462435,101
"ENSG00000101460",TRUE,31406,44.1298224068345,101
"ENSG00000101464",TRUE,24908,35.7707604833556,101
"ENSG00000198646",TRUE,97698,92.8192667263254,101
"ENSG00000078804",TRUE,82888,124.945109782544,101
"ENSG00000131067",TRUE,38058,47.4680430083625,101
"ENSG00000131069",TRUE,122960,277.807021943366,101
"ENSG00000100983",TRUE,53333,89.5398615046522,101
"ENSG00000078814",TRUE,2477,3.8888704636326,86
"ENSG00000100991",TRUE,148925,141.523895825856,101
"ENSG00000088298",TRUE,57870,61.0392649895867,101
"ENSG00000101000",TRUE,38511,57.1543242961762,101
"ENSG00000125966",TRUE,17912,34.7203510321328,101
"ENSG00000242372",TRUE,55542,93.6817390343039,101
"ENSG00000101019",TRUE,46795,46.8553769492404,101
"ENSG00000125965",TRUE,2083,10.6918238993711,47
"ENSG00000126001",TRUE,51992,63.3303320701023,101
"ENSG00000125991",TRUE,210159,309.812439217947,101
"ENSG00000061656",TRUE,7232,26.6461914979152,99
"ENSG00000214078",TRUE,124382,189.622683993872,101
"ENSG00000244462",TRUE,89296,96.7670769213896,101
"ENSG00000244005",TRUE,21653,24.0322739836426,101
"ENSG00000125995",TRUE,33873,108.743111869401,101
"ENSG00000131051",TRUE,395178,429.33535697729,101
"ENSG00000025293",TRUE,87269,112.762506161938,101
"ENSG00000171222",TRUE,36204,200.240951842616,101
"ENSG00000149646",TRUE,2939,3.14737917735901,100
"ENSG00000088367",TRUE,93864,99.4138280549325,101
"ENSG00000131043",TRUE,56011,54.6737699197652,101
"ENSG00000080845",TRUE,126546,138.85005286784,101
"ENSG00000101335",TRUE,713700,1626.6926050119,101
"ENSG00000118707",TRUE,30909,31.9036188169647,101
"ENSG00000101084",TRUE,7179,10.8524227793453,101
"ENSG00000101082",TRUE,10014,27.4465104414368,101
"ENSG00000101079",TRUE,71277,68.1950043984541,101
"ENSG00000149636",TRUE,20984,28.3493136950583,101
"ENSG00000149639",TRUE,132699,144.301768188113,101
"ENSG00000101342",TRUE,1321,3.07690678417875,37
"ENSG00000101347",TRUE,492678,595.657555165462,101
"ENSG00000080839",TRUE,15584,19.7270617688025,101
"ENSG00000101353",TRUE,3799,5.90125779408623,100
"ENSG00000118705",TRUE,381552,490.58077836649,101
"ENSG00000101363",TRUE,57629,75.080943582959,101
"ENSG00000197122",TRUE,67896,77.3737655320221,101
"ENSG00000166619",TRUE,102962,117.855242434635,101
"ENSG00000053438",TRUE,1828,5.85651782326619,56
"ENSG00000132792",TRUE,54516,53.2419529720682,101
"ENSG00000132821",TRUE,25251,125.87230284059,101
"ENSG00000101407",TRUE,33232,33.9323616938854,101
"ENSG00000101413",TRUE,54172,52.7624355777175,101
"ENSG00000198959",TRUE,1644389,2314.50097225913,101
"ENSG00000149633",TRUE,14557,32.146884914152,101
"ENSG00000101425",TRUE,1938,20.2038770840838,33
"ENSG00000129988",TRUE,1593,9.32960756017442,27
"ENSG00000170471",TRUE,129368,120.085796729585,101
"ENSG00000124143",TRUE,4051,15.4530773073636,65
"ENSG00000101442",TRUE,14044,14.6036513971915,101
"ENSG00000101445",TRUE,71014,179.381118538364,101
"ENSG00000101447",TRUE,28727,87.6557311675414,97
"ENSG00000101452",TRUE,27887,34.1801713870082,101
"ENSG00000204103",TRUE,122161,187.312964862264,101
"ENSG00000198900",TRUE,130976,162.847023388017,101
"ENSG00000124181",TRUE,196814,232.431267276768,101
"ENSG00000174306",TRUE,110597,163.915094339623,101
"ENSG00000132793",TRUE,42698,61.4383125766773,101
"ENSG00000183798",TRUE,1147,2.85580096147872,28
"ENSG00000124177",TRUE,102602,115.271990535223,101
"ENSG00000196090",TRUE,15395,115.324685846034,71
"ENSG00000124193",TRUE,265260,303.757995387479,101
"ENSG00000185513",TRUE,18027,33.0254834303517,101
"ENSG00000101049",TRUE,1460,2.62424953216963,49
"ENSG00000101052",TRUE,43057,53.5058175484874,101
"ENSG00000101057",TRUE,6490,46.0124940112216,97
"ENSG00000124191",TRUE,34677,69.688277502547,101
"ENSG00000149596",TRUE,32967,87.1052595917421,101
"ENSG00000132823",TRUE,47972,51.9870513112196,101
"ENSG00000197296",TRUE,23777,27.5483866297424,101
"ENSG00000101076",TRUE,732,2.36861960706766,17
"ENSG00000124120",TRUE,26600,42.4508719891826,101
"ENSG00000132824",TRUE,333085,354.654356298924,101
"ENSG00000168734",TRUE,109277,144.01586781168,101
"ENSG00000196839",TRUE,14548,60.3052344100431,101
"ENSG00000064205",TRUE,133504,323.791331759857,101
"ENSG00000124249",TRUE,3008,6.45991530270169,90
"ENSG00000101098",TRUE,4283,10.5887174654735,76
"ENSG00000166913",TRUE,416723,411.014488208204,101
"ENSG00000101104",TRUE,43789,62.488050491765,101
"ENSG00000025772",TRUE,33483,56.4531719049719,101
"ENSG00000101109",TRUE,113093,154.84273591997,101
"ENSG00000124134",TRUE,1649,6.98395267673666,32
"ENSG00000168703",TRUE,934,6.77402976268105,18
"ENSG00000124102",TRUE,21209,464.439710702625,61
"ENSG00000124107",TRUE,729071,4442.36494667126,101
"ENSG00000124145",TRUE,348069,740.868929758426,101
"ENSG00000204070",TRUE,55962,63.6707194002329,101
"ENSG00000244274",TRUE,2743,3.94011567636162,96
"ENSG00000124155",TRUE,134209,141.865437661374,101
"ENSG00000101443",TRUE,148552,1049.97344425141,101
"ENSG00000101448",TRUE,1069,13.0607347646529,19
"ENSG00000124116",TRUE,1538,34.4152369281969,23
"ENSG00000101457",TRUE,33561,42.9961429164199,101
"ENSG00000175063",TRUE,6423,91.1213056523374,94
"ENSG00000101470",TRUE,1046,2.54522433195534,24
"ENSG00000124104",TRUE,42832,44.5711175720772,101
"ENSG00000101473",TRUE,20879,33.812782014793,101
"ENSG00000132801",TRUE,6185,9.04859528426556,101
"ENSG00000168612",TRUE,9819,14.6848385142197,101
"ENSG00000149634",TRUE,1165,3.6913801729724,27
"ENSG00000124257",TRUE,3613,14.2686041301433,95
"ENSG00000064601",TRUE,223050,337.498456159215,101
"ENSG00000100979",TRUE,201733,516.331955754954,101
"ENSG00000100982",TRUE,66884,66.771558071913,101
"ENSG00000198026",TRUE,52284,64.0622722423745,101
"ENSG00000100985",TRUE,49549,424.57017371102,101
"ENSG00000124140",TRUE,1591,3.23677494218311,55
"ENSG00000124160",TRUE,55735,67.4771211035077,101
"ENSG00000101017",TRUE,50224,85.6213460746774,101
"ENSG00000080189",TRUE,69461,66.9478022520066,101
"ENSG00000062598",TRUE,86206,84.778947027484,101
"ENSG00000198185",TRUE,12272,20.1780413636245,101
"ENSG00000158296",TRUE,4259,6.16349281028564,100
"ENSG00000172315",TRUE,25645,29.3180771430308,101
"ENSG00000197496",TRUE,42118,60.7704402515723,101
"ENSG00000064655",TRUE,13210,67.4431710222634,97
"ENSG00000101040",TRUE,69473,89.297352401593,101
"ENSG00000124151",TRUE,152285,221.146475511446,101
"ENSG00000196562",TRUE,122418,199.398801217865,101
"ENSG00000124126",TRUE,259584,454.159730625675,101
"ENSG00000124198",TRUE,102371,139.89561679169,101
"ENSG00000124207",TRUE,90165,96.5558180022871,101
"ENSG00000124214",TRUE,160275,140.398524291539,101
"ENSG00000124228",TRUE,70549,86.7474340648513,101
"ENSG00000124201",TRUE,142369,171.387445059033,101
"ENSG00000158445",TRUE,8377,23.6046783750684,92
"ENSG00000124212",TRUE,133260,352.42981116213,101
"ENSG00000158470",TRUE,161985,250.02001863863,101
"ENSG00000197818",TRUE,48827,62.3161276164812,101
"ENSG00000158480",TRUE,19284,18.6117212340285,101
"ENSG00000124226",TRUE,100295,93.9435393933621,101
"ENSG00000124216",TRUE,20063,51.8568188269628,101
"ENSG00000244687",TRUE,4700,7.33246192812103,93
"ENSG00000240849",TRUE,41494,69.4329287697976,101
"ENSG00000172216",TRUE,212768,536.359423980795,101
"ENSG00000196396",TRUE,179654,208.154684117305,101
"ENSG00000042062",TRUE,17710,68.4114752419489,101
"ENSG00000124171",TRUE,11368,28.7833775922626,101
"ENSG00000124243",TRUE,8790,19.5196100747128,101
"ENSG00000101126",TRUE,140505,133.514048680012,101
"ENSG00000000419",TRUE,41984,40.0099020973247,101
"ENSG00000124217",TRUE,9264,12.923015255355,101
"ENSG00000101096",TRUE,40671,139.193672822963,101
"ENSG00000054793",TRUE,84799,127.794261969622,101
"ENSG00000101115",TRUE,1366,5.19105460167524,34
"ENSG00000020256",TRUE,16398,17.6389831904381,101
"ENSG00000182463",TRUE,40345,72.4977940196704,101
"ENSG00000171940",TRUE,74016,92.8278149106594,101
"ENSG00000064787",TRUE,8528,39.2555792083669,89
"ENSG00000019186",TRUE,10598,141.471543508211,44
"ENSG00000101132",TRUE,11816,12.7887393927793,101
"ENSG00000101134",TRUE,4183,12.4572512407326,75
"ENSG00000054803",TRUE,10115,48.9210583757744,78
"ENSG00000124098",TRUE,109585,130.735993058541,101
"ENSG00000087586",TRUE,6055,12.3083376848084,100
"ENSG00000101138",TRUE,30578,28.8358744190559,101
"ENSG00000087589",TRUE,48485,83.2500018612805,101
"ENSG00000022277",TRUE,90993,89.3057012838383,101
"ENSG00000087510",TRUE,6551,16.8241750191242,95
"ENSG00000101144",TRUE,11126,31.2590017426709,100
"ENSG00000101146",TRUE,32668,39.9037431790593,101
"ENSG00000132819",TRUE,36525,54.7091645402011,101
"ENSG00000124253",FALSE,1613,33.1330764211042,17
"ENSG00000124256",TRUE,9422,38.2516755997946,100
"ENSG00000124225",TRUE,105542,195.093287687697,101
"ENSG00000124237",TRUE,34056,220.371418038685,70
"ENSG00000124209",TRUE,70347,66.7787599424382,101
"ENSG00000124164",TRUE,83147,94.2822703035517,101
"ENSG00000124222",TRUE,123945,138.699306156142,101
"ENSG00000254995",TRUE,3618,6.49880332380175,91
"ENSG00000215440",TRUE,19748,26.1653115119266,101
"ENSG00000087460",TRUE,1037047,918.792113582601,101
"ENSG00000101158",TRUE,71833,74.4395907983899,101
"ENSG00000101160",TRUE,583643,988.865339583696,101
"ENSG00000101162",TRUE,7054,91.0073833339705,62
"ENSG00000124172",TRUE,269037,771.368209749498,101
"ENSG00000101166",TRUE,59137,73.0922946442293,101
"ENSG00000124203",TRUE,11057,22.6539049668687,100
"ENSG00000087495",TRUE,17314,37.1260895375045,101
"ENSG00000196074",TRUE,8865,11.6255604397533,101
"ENSG00000196227",TRUE,22327,26.0173012575525,101
"ENSG00000132825",TRUE,16416,19.8503176153848,101
"ENSG00000124215",TRUE,10821,41.0362414248992,101
"ENSG00000179242",TRUE,1387,5.88127162393125,36
"ENSG00000130699",TRUE,26495,28.1613502501999,101
"ENSG00000149657",TRUE,51091,47.4621781046051,101
"ENSG00000101182",TRUE,165034,209.440232632043,101
"ENSG00000184402",TRUE,34400,39.2865591727748,101
"ENSG00000101181",TRUE,32839,40.1385586055338,101
"ENSG00000130703",TRUE,69849,65.1634928877961,101
"ENSG00000130706",TRUE,79459,102.116107821958,101
"ENSG00000130702",TRUE,374555,533.880412176981,101
"ENSG00000171858",TRUE,250326,417.802482445593,101
"ENSG00000149679",TRUE,11636,11.9711229537178,101
"ENSG00000130701",TRUE,1119,6.09582507316611,27
"ENSG00000130700",TRUE,5554,13.7464172064688,99
"ENSG00000101187",TRUE,59145,170.300075491579,101
"ENSG00000101189",TRUE,19511,23.571048486927,101
"ENSG00000060491",TRUE,93080,120.039141495724,101
"ENSG00000092758",TRUE,2831,8.08478280736287,63
"ENSG00000101190",TRUE,17870,19.505062066314,101
"ENSG00000101191",TRUE,124680,135.890341483917,101
"ENSG00000101193",TRUE,72413,65.8219409496128,101
"ENSG00000101194",TRUE,30661,75.3892247258088,101
"ENSG00000149658",TRUE,74427,82.0091750871037,101
"ENSG00000101197",TRUE,3122,17.6218062170636,52
"ENSG00000101199",TRUE,110216,216.657848232872,101
"ENSG00000101204",TRUE,994,4.42271694895373,27
"ENSG00000125534",TRUE,153825,211.732647488163,101
"ENSG00000101213",TRUE,7711,23.4754114519801,101
"ENSG00000125531",TRUE,1521,7.06856311675645,31
"ENSG00000130589",TRUE,75906,153.177759975214,101
"ENSG00000101216",TRUE,28635,27.870170365001,101
"ENSG00000197457",TRUE,49025,68.6433070945523,101
"ENSG00000258366",TRUE,1626,2.97100393008114,65
"ENSG00000026036",TRUE,6772,9.74517781193553,100
"ENSG00000101246",TRUE,57474,172.678639554388,101
"ENSG00000197114",TRUE,7660,10.3056698824689,101
"ENSG00000203896",TRUE,2696,3.89944265823149,89
"ENSG00000125520",TRUE,66319,91.1213056523374,101
"ENSG00000130584",TRUE,31349,38.9866245498606,101
"ENSG00000101150",TRUE,173211,183.389572068249,101
"ENSG00000101152",TRUE,117487,137.419045007381,101
"ENSG00000198276",TRUE,47285,49.3204544428352,101
"ENSG00000196700",TRUE,56920,59.5859011422046,101
"ENSG00000130590",TRUE,6066,11.5219502188493,101
"ENSG00000101161",TRUE,107273,121.846506235936,101
"ENSG00000203883",TRUE,56704,114.746679023916,101
"ENSG00000171703",TRUE,37479,40.753051558399,101
"ENSG00000171700",TRUE,36312,61.8891902110829,101
"ENSG00000125510",TRUE,5380,10.2739256060644,101
"ENSG00000171695",FALSE,705,5.08564064739897,15
"ENSG00000203880",TRUE,88222,95.0490769813813,101
"ENSG00000277117",TRUE,1293,2.81850769641647,38
"ENSG00000280071",TRUE,1622,2.54658832556791,60
"ENSG00000275464",TRUE,4683,8.37659346943736,97
"ENSG00000280433",TRUE,3976,6.76092592102342,100
"ENSG00000275993",TRUE,32276,95.5014969119739,99
"ENSG00000275895",TRUE,1762,5.23547482951985,52
"ENSG00000276289",TRUE,1079,5.39386129269588,24
"ENSG00000185272",TRUE,1909,3.30183383851391,73
"ENSG00000155304",TRUE,55505,83.4402338289847,101
"ENSG00000155307",TRUE,54753,131.725147807196,101
"ENSG00000180530",TRUE,80016,95.1672962935928,101
"ENSG00000155313",TRUE,86766,97.2016062565434,101
"ENSG00000154639",TRUE,22837,39.3442586225533,101
"ENSG00000154640",TRUE,57304,73.2064727908273,101
"ENSG00000154642",TRUE,31184,44.4399844192178,101
"ENSG00000154645",TRUE,1435,3.85121847050666,45
"ENSG00000154654",TRUE,28569,55.2152257018313,101
"ENSG00000154719",TRUE,22819,26.6017623969881,101
"ENSG00000154721",TRUE,96455,151.483919978275,101
"ENSG00000154723",TRUE,88701,114.411258904522,101
"ENSG00000154727",TRUE,54504,62.7947168511014,101
"ENSG00000142192",TRUE,1162955,1281.75651895188,101
"ENSG00000166265",TRUE,100291,198.469033602597,101
"ENSG00000154734",TRUE,681976,2414.8742892745,101
"ENSG00000154736",TRUE,25958,80.5390347598405,101
"ENSG00000156239",TRUE,19712,28.5666653013111,101
"ENSG00000198862",TRUE,60786,65.9107729405425,101
"ENSG00000156253",TRUE,25872,25.4391390073846,101
"ENSG00000156256",TRUE,81401,77.1420761392291,101
"ENSG00000156261",TRUE,166502,189.908096059213,101
"ENSG00000156265",TRUE,19472,41.305366831823,101
"ENSG00000156273",TRUE,83695,105.380118245757,101
"ENSG00000156284",TRUE,3014,20.8048935575412,38
"ENSG00000156299",TRUE,41390,89.2935386848917,101
"ENSG00000142168",TRUE,151963,176.142755306461,101
"ENSG00000156304",TRUE,54216,66.6578073542515,101
"ENSG00000142149",TRUE,8382,16.5501844926225,101
"ENSG00000159055",TRUE,6896,9.07195583218358,101
"ENSG00000170262",TRUE,1122,3.62546341440288,26
"ENSG00000142207",TRUE,53331,102.648764040732,101
"ENSG00000166979",TRUE,58471,85.5406367006103,101
"ENSG00000159079",TRUE,16424,33.4033493734907,101
"ENSG00000159082",TRUE,42432,49.1793336076661,101
"ENSG00000159086",TRUE,67444,70.3176063886785,101
"ENSG00000159110",TRUE,33785,47.6662086097781,101
"ENSG00000243646",TRUE,1878,2.93540731601839,70
"ENSG00000142166",TRUE,138455,159.3005771009,101
"ENSG00000159128",TRUE,137267,214.885694417343,101
"ENSG00000142188",TRUE,106177,113.713886575286,101
"ENSG00000177692",TRUE,2331,3.08174640514282,91
"ENSG00000159131",TRUE,71199,88.4511479908386,101
"ENSG00000159140",TRUE,548408,521.606147909124,101
"ENSG00000159147",TRUE,12441,18.6051975541392,101
"ENSG00000205758",TRUE,34758,35.3501848745204,101
"ENSG00000205726",TRUE,91824,106.159296341644,101
"ENSG00000241837",TRUE,51220,113.713364904983,101
"ENSG00000243927",TRUE,35890,46.3699703869964,101
"ENSG00000198743",TRUE,39727,76.8683202269814,101
"ENSG00000180509",TRUE,7812,20.923256713338,99
"ENSG00000159200",TRUE,104289,393.480075641989,101
"ENSG00000159212",TRUE,66954,226.619229454551,101
"ENSG00000159216",TRUE,154905,325.434441393929,101
"ENSG00000185917",TRUE,29151,37.4087283707645,101
"ENSG00000159228",TRUE,62502,72.4987656758399,101
"ENSG00000159231",TRUE,6856,28.9931427075619,101
"ENSG00000142197",TRUE,37412,48.5076058972039,101
"ENSG00000159256",TRUE,67089,78.2123717119598,101
"ENSG00000159259",TRUE,6030,11.6859092075585,101
"ENSG00000159267",TRUE,33239,32.4940166190088,101
"ENSG00000183145",TRUE,985,4.2394640045659,26
"ENSG00000185808",TRUE,21783,25.4815437537487,101
"ENSG00000182670",TRUE,273940,288.765153746851,101
"ENSG00000157538",TRUE,90180,92.8613328647589,101
"ENSG00000157540",TRUE,132981,128.830484068726,101
"ENSG00000157551",TRUE,64289,103.751230033139,101
"ENSG00000157554",TRUE,99746,164.871820821579,101
"ENSG00000157557",TRUE,403012,781.392037006025,101
"ENSG00000183527",TRUE,23325,31.6606837912632,101
"ENSG00000185658",TRUE,118262,141.25628345554,101
"ENSG00000205581",TRUE,156477,148.562351033109,101
"ENSG00000182093",TRUE,18471,29.3580164645304,101
"ENSG00000157578",TRUE,4434,24.4857131154095,86
"ENSG00000183778",TRUE,1699,13.6711946155889,25
"ENSG00000183036",TRUE,869,3.10665023751673,23
"ENSG00000182240",TRUE,90320,193.355449386197,101
"ENSG00000183844",TRUE,12023,30.9979189890787,101
"ENSG00000183486",TRUE,43599,124.375721223984,101
"ENSG00000157601",TRUE,101950,357.174154739567,101
"ENSG00000184012",TRUE,95122,194.856057286451,101
"ENSG00000183421",TRUE,17385,58.6885286299503,101
"ENSG00000141956",TRUE,18768,28.1316934629558,101
"ENSG00000157617",TRUE,58595,70.5673028111319,101
"ENSG00000173276",TRUE,33329,70.1919860493428,101
"ENSG00000160179",TRUE,95051,153.743783761744,101
"ENSG00000160180",TRUE,16328,152.071380814623,101
"ENSG00000160183",TRUE,7161,19.0444435342074,98
"ENSG00000160185",TRUE,4380,13.0241658387844,91
"ENSG00000160188",TRUE,34057,261.180939897701,86
"ENSG00000160190",TRUE,30709,40.6851251791918,101
"ENSG00000160191",TRUE,13712,17.185038770096,101
"ENSG00000160193",TRUE,10621,25.2277994987876,101
"ENSG00000160194",TRUE,40795,41.1928547039906,101
"ENSG00000160199",TRUE,32314,32.1596755929832,101
"ENSG00000160200",TRUE,1542,4.94540784881559,34
"ENSG00000160201",TRUE,3686,7.25440712487243,79
"ENSG00000142178",TRUE,7337,38.4641219935954,73
"ENSG00000160208",TRUE,52851,62.4695106195329,101
"ENSG00000160209",TRUE,171813,376.835548334129,101
"ENSG00000160213",TRUE,269568,455.940162537984,101
"ENSG00000160214",TRUE,24933,45.0774309584129,101
"ENSG00000160216",TRUE,125024,141.448434799906,101
"ENSG00000160218",TRUE,54817,55.5864094266075,101
"ENSG00000241945",TRUE,1580,5.43050353463403,40
"ENSG00000160221",TRUE,2594,30.4992799910716,40
"ENSG00000160223",TRUE,1759,5.71712361758059,52
"ENSG00000141959",TRUE,187396,196.550915498017,101
"ENSG00000160226",TRUE,30051,35.6201467550046,101
"ENSG00000142185",TRUE,16390,53.3510279686343,100
"ENSG00000160233",TRUE,10107,19.0094827867795,101
"ENSG00000184787",TRUE,165448,150.539394366525,101
"ENSG00000184900",TRUE,137855,160.328313829609,101
"ENSG00000183255",TRUE,458020,485.516320436999,101
"ENSG00000160255",TRUE,304770,683.416410669727,101
"ENSG00000160256",TRUE,8827,34.9423849774253,101
"ENSG00000197381",TRUE,170929,241.27358490566,101
"ENSG00000186866",TRUE,66790,80.9325305922031,101
"ENSG00000182871",TRUE,511901,723.220788394469,101
"ENSG00000173638",TRUE,34450,54.8391533179267,101
"ENSG00000183570",TRUE,6289,27.9388466091051,101
"ENSG00000142156",TRUE,915246,1277.2638794234,101
"ENSG00000142173",TRUE,1297084,1731.22616442314,101
"ENSG00000160284",TRUE,7284,17.1699650320107,100
"ENSG00000160285",TRUE,128020,235.575498691978,101
"ENSG00000160294",TRUE,147573,139.872158608276,101
"ENSG00000182362",TRUE,9338,12.9527806381835,101
"ENSG00000160298",TRUE,14628,75.0441763074124,101
"ENSG00000160299",TRUE,65920,63.8296313891107,101
"ENSG00000160305",TRUE,87544,99.0752769030914,101
"ENSG00000160307",TRUE,9227,21.2183751420392,101
"ENSG00000160310",TRUE,154147,148.761408674621,101
"ENSG00000177663",TRUE,96513,147.358462052446,101
"ENSG00000183307",TRUE,1841,4.15157300794842,61
"ENSG00000069998",TRUE,39406,42.2012571591923,101
"ENSG00000093072",TRUE,183261,306.016212694917,101
"ENSG00000099954",TRUE,18335,38.9517360630364,101
"ENSG00000182902",TRUE,3344,5.68533436730614,76
"ENSG00000131100",TRUE,178167,182.147524556173,101
"ENSG00000099968",TRUE,84252,83.3333333333333,101
"ENSG00000015475",TRUE,34506,52.380688229413,101
"ENSG00000243156",TRUE,39769,68.4344692903142,101
"ENSG00000215193",TRUE,68774,64.5469865658259,101
"ENSG00000184979",TRUE,10965,15.8086378108256,100
"ENSG00000100033",TRUE,1308,11.3368136295607,24
"ENSG00000070413",TRUE,138661,139.229559748428,101
"ENSG00000100056",TRUE,22330,23.7181143959537,101
"ENSG00000100075",TRUE,58658,184.351203501588,101
"ENSG00000070371",TRUE,15419,21.3158618059023,101
"ENSG00000100084",TRUE,13726,19.604650315312,101
"ENSG00000242259",TRUE,46115,53.7615796129574,101
"ENSG00000185608",TRUE,32092,38.1961805116472,101
"ENSG00000070010",TRUE,71182,67.7435899126797,101
"ENSG00000093009",TRUE,3509,17.7724199454146,79
"ENSG00000184113",TRUE,289114,545.950449672359,101
"ENSG00000184058",TRUE,9294,22.9235915015994,100
"ENSG00000185838",TRUE,3995,6.17516286238981,101
"ENSG00000215012",TRUE,32403,37.0947115357349,101
"ENSG00000184470",TRUE,36937,65.2157443759704,101
"ENSG00000093010",TRUE,107203,117.167965157168,101
"ENSG00000099889",TRUE,37477,52.9656986221308,101
"ENSG00000183597",TRUE,47038,61.0564721731826,101
"ENSG00000128191",TRUE,60884,58.6596954249683,101
"ENSG00000099899",TRUE,48597,54.7480902555779,101
"ENSG00000099901",TRUE,54157,85.7991754976006,101
"ENSG00000099904",TRUE,67243,68.9304744811217,101
"ENSG00000234409",TRUE,2315,5.44126958120211,80
"ENSG00000040608",TRUE,3615,7.40518149546187,99
"ENSG00000128185",TRUE,28486,65.4416649684969,101
"ENSG00000185252",TRUE,17334,22.1463371826897,101
"ENSG00000244486",TRUE,49065,74.7029524201247,101
"ENSG00000099910",TRUE,26225,27.3889424804355,101
"ENSG00000099917",TRUE,128627,140.221381094754,101
"ENSG00000241973",TRUE,139673,145.058508546618,101
"ENSG00000099937",TRUE,7804,46.7772764334661,75
"ENSG00000099940",TRUE,61853,56.33052169039,101
"ENSG00000099942",TRUE,113960,124.699529689331,101
"ENSG00000183773",TRUE,4576,9.61345895996024,98
"ENSG00000099949",TRUE,32668,55.3505451689818,101
"ENSG00000184436",TRUE,27751,58.2122060076503,101
"ENSG00000099957",TRUE,3048,6.87716016513044,91
"ENSG00000099960",TRUE,1130,2.94921900659043,29
"ENSG00000187905",TRUE,9114,66.1107978817543,58
"ENSG00000133475",TRUE,847,2.5606702367485,23
"ENSG00000169635",TRUE,11293,14.2145854583673,101
"ENSG00000185651",TRUE,96465,103.78932519871,101
"ENSG00000161179",TRUE,14143,19.7303984139772,101
"ENSG00000128228",TRUE,24993,105.278996117329,101
"ENSG00000100023",TRUE,67802,69.671961038114,101
"ENSG00000100027",TRUE,23477,34.5110976576324,101
"ENSG00000100030",TRUE,237254,229.702555059249,101
"ENSG00000100034",TRUE,137999,203.554471923676,101
"ENSG00000100038",TRUE,25300,26.9216411377072,101
"ENSG00000275004",TRUE,1307,2.07578650397421,40
"ENSG00000254709",TRUE,4057,27.8534553243973,53
"ENSG00000100218",TRUE,2424,16.6261014981175,27
"ENSG00000128266",TRUE,7417,15.1164504673195,101
"ENSG00000100228",TRUE,23838,120.236943106841,101
"ENSG00000186716",TRUE,116404,151.346587091868,101
"ENSG00000189269",TRUE,894,1.79993873008563,19
"ENSG00000159496",TRUE,2402,16.9958165701545,56
"ENSG00000187792",TRUE,11651,13.3764543871218,101
"ENSG00000128218",TRUE,973,8.06355200868339,22
"ENSG00000169314",TRUE,6759,49.727158117097,54
"ENSG00000250479",TRUE,26981,52.4888843303134,101
"ENSG00000099953",TRUE,34683,295.731747937996,83
"ENSG00000099956",TRUE,62768,64.1358616740562,101
"ENSG00000099958",TRUE,34651,186.430496612591,99
"ENSG00000133460",TRUE,14022,18.3736171190275,101
"ENSG00000240972",TRUE,18520,26.8314625884074,101
"ENSG00000133433",TRUE,3007,7.60340889544772,84
"ENSG00000099974",TRUE,992,3.02818857468993,28
"ENSG00000099991",TRUE,125790,125.678212688043,101
"ENSG00000099994",TRUE,179853,378.142869066933,101
"ENSG00000099998",TRUE,69012,174.4860042946,101
"ENSG00000100014",TRUE,69987,93.3496518734078,101
"ENSG00000100024",TRUE,2608,12.2316208678111,63
"ENSG00000138867",TRUE,131453,215.188208171465,101
"ENSG00000100028",TRUE,51735,58.6447943751783,101
"ENSG00000178026",TRUE,14718,21.5342829257449,101
"ENSG00000167037",TRUE,8510,13.7216337017246,101
"ENSG00000197077",TRUE,110743,175.481943063697,101
"ENSG00000100068",TRUE,12202,16.8597863998167,101
"ENSG00000100077",TRUE,81534,100.049521925228,101
"ENSG00000128203",TRUE,3486,8.53378896078286,96
"ENSG00000100099",TRUE,60175,64.0255055769377,101
"ENSG00000100104",TRUE,30081,27.2813887984005,101
"ENSG00000100109",TRUE,46177,51.0749901275781,101
"ENSG00000128294",TRUE,94514,121.252220299978,101
"ENSG00000169184",TRUE,33649,65.3671531487661,101
"ENSG00000180957",TRUE,106651,114.929701923891,101
"ENSG00000100154",TRUE,100402,103.080980793877,101
"ENSG00000183765",TRUE,13839,27.3363916957012,101
"ENSG00000100209",TRUE,12030,14.0104554838151,101
"ENSG00000159873",TRUE,46025,55.8008142557093,101
"ENSG00000100219",TRUE,360275,756.229684839548,101
"ENSG00000183579",TRUE,29078,43.5658039988575,101
"ENSG00000183762",TRUE,92202,107.680265296365,101
"ENSG00000186998",TRUE,37961,82.1597888154547,101
"ENSG00000100263",TRUE,22931,52.9407255153663,101
"ENSG00000182944",TRUE,327311,303.118975462461,101
"ENSG00000185340",TRUE,45273,55.5616766832241,101
"ENSG00000100276",TRUE,2071,5.10821638530349,71
"ENSG00000100280",TRUE,152337,222.944185651597,101
"ENSG00000100285",TRUE,1857,4.91680725433081,61
"ENSG00000100296",TRUE,41858,43.8284035728376,101
"ENSG00000184117",TRUE,35499,38.5798219591538,101
"ENSG00000186575",TRUE,42758,44.8075841844139,101
"ENSG00000100319",TRUE,16427,19.5938438344228,101
"ENSG00000184076",TRUE,69712,143.083041933422,101
"ENSG00000100325",TRUE,77599,73.1650273517584,101
"ENSG00000100330",TRUE,124078,136.635706288014,101
"ENSG00000128342",TRUE,31933,196.282041889782,101
"ENSG00000099985",TRUE,4914,26.1251251125637,91
"ENSG00000239282",TRUE,1611,2.87756534950909,62
"ENSG00000099992",TRUE,26198,31.1955412658519,101
"ENSG00000099995",TRUE,161585,153.580657179848,101
"ENSG00000187860",TRUE,8922,37.1064356162533,101
"ENSG00000099999",TRUE,21371,21.2255476866662,101
"ENSG00000100003",TRUE,8630,18.8062688427465,101
"ENSG00000100012",TRUE,2234,14.4344790279111,34
"ENSG00000133488",TRUE,6609,31.7496318055227,77
"ENSG00000214491",TRUE,15596,41.2962181342904,101
"ENSG00000128242",TRUE,1657,2.63931899073254,51
"ENSG00000100029",TRUE,63604,116.047877694423,101
"ENSG00000185339",TRUE,85410,106.595314288105,101
"ENSG00000100036",TRUE,6191,11.4286323812775,100
"ENSG00000167065",TRUE,15125,36.8797160503698,101
"ENSG00000184792",TRUE,5789,8.46419712631439,100
"ENSG00000133422",TRUE,52453,50.3829170906191,101
"ENSG00000183963",TRUE,139054,218.779502483667,101
"ENSG00000198832",TRUE,91096,174.109469973722,101
"ENSG00000185133",TRUE,7240,11.7377057259901,101
"ENSG00000100078",TRUE,5090,14.4912189575116,76
"ENSG00000138942",TRUE,68232,64.362792437192,101
"ENSG00000182541",TRUE,105899,182.171536830062,101
"ENSG00000100100",TRUE,133514,176.712498629187,101
"ENSG00000100105",TRUE,47063,60.9582507316611,101
"ENSG00000185721",TRUE,48969,46.9941091251486,101
"ENSG00000184708",TRUE,44183,41.1777340479189,101
"ENSG00000198089",TRUE,41499,55.8485863959494,101
"ENSG00000241878",TRUE,59692,79.4693474133524,101
"ENSG00000183530",TRUE,66535,68.3421855010367,101
"ENSG00000100150",TRUE,18043,19.8873845660246,101
"ENSG00000128245",TRUE,194875,239.915968504431,101
"ENSG00000100170",TRUE,5254,28.5336492786499,72
"ENSG00000100191",TRUE,3789,9.23975177984328,90
"ENSG00000205853",TRUE,954,1.83457938401901,12
"ENSG00000100220",TRUE,96616,93.1966306352347,101
"ENSG00000100225",TRUE,168352,152.530367540045,101
"ENSG00000185666",TRUE,1562,4.39214719219214,43
"ENSG00000100234",TRUE,2389543,4507.62578616352,101
"ENSG00000133424",TRUE,38991,53.1046950817466,101
"ENSG00000100281",TRUE,37646,36.9847898099734,101
"ENSG00000100284",TRUE,78663,130.808023072818,101
"ENSG00000100292",TRUE,156799,750.018279108887,101
"ENSG00000100297",TRUE,46141,67.90478186087,101
"ENSG00000100302",TRUE,12558,29.5688693657263,101
"ENSG00000198125",TRUE,1853,12.6204852782039,26
"ENSG00000221963",TRUE,145793,248.78685655039,101
"ENSG00000100320",TRUE,219176,244.828266371949,101
"ENSG00000128284",TRUE,128543,191.632531340435,101
"ENSG00000100336",TRUE,37550,71.2686699697812,101
"ENSG00000128335",TRUE,74790,257.474168615985,101
"ENSG00000100342",TRUE,180816,547.706823148306,101
"ENSG00000100345",TRUE,1846392,2269.28181740594,101
"ENSG00000100348",TRUE,76773,169.13921693814,101
"ENSG00000100350",TRUE,23928,32.9908411917011,101
"ENSG00000100353",TRUE,233901,233.464998825088,101
"ENSG00000100360",TRUE,41679,105.424598135791,101
"ENSG00000100365",TRUE,53249,96.0323833766028,101
"ENSG00000100368",TRUE,84883,216.984611607678,101
"ENSG00000128311",TRUE,29440,84.8708359257721,101
"ENSG00000128309",TRUE,57559,110.701090337964,101
"ENSG00000100379",TRUE,21900,36.9756703101634,101
"ENSG00000187045",TRUE,820,3.21732982537138,16
"ENSG00000100385",TRUE,26631,135.771813556239,101
"ENSG00000133466",TRUE,25018,47.6036388462565,101
"ENSG00000128340",TRUE,105254,260.472765757949,101
"ENSG00000100055",TRUE,57013,158.771935888511,101
"ENSG00000166897",TRUE,6288,27.2078979239378,92
"ENSG00000100060",TRUE,58153,77.5525763029415,101
"ENSG00000100065",TRUE,30602,43.3773010905686,101
"ENSG00000128283",TRUE,83821,96.2421724162704,101
"ENSG00000100079",TRUE,3535,14.488421169772,75
"ENSG00000100083",TRUE,85947,119.813220903197,101
"ENSG00000100092",TRUE,8518,42.3977645307983,101
"ENSG00000100097",TRUE,409030,991.942014919495,101
"ENSG00000273899",TRUE,6132,9.43041585971002,101
"ENSG00000100106",TRUE,161867,160.367232071149,101
"ENSG00000189060",TRUE,195735,267.376761923137,101
"ENSG00000100116",TRUE,8468,41.7953096173944,101
"ENSG00000100124",TRUE,27298,52.2966465304425,101
"ENSG00000100129",TRUE,205597,241.189420289515,101
"ENSG00000100139",TRUE,55790,64.8472435630633,101
"ENSG00000128346",TRUE,2478,21.4627855702972,33
"ENSG00000100142",TRUE,29861,44.054515542659,101
"ENSG00000100151",TRUE,39743,45.7687335558344,101
"ENSG00000128298",TRUE,1276,4.97025303558204,40
"ENSG00000184381",TRUE,42254,68.4249832559134,101
"ENSG00000185022",TRUE,81667,270.121410310327,101
"ENSG00000198792",TRUE,125089,138.194958222278,101
"ENSG00000213923",TRUE,98011,98.2260410736748,101
"ENSG00000100196",TRUE,32660,65.4131577395114,101
"ENSG00000100201",TRUE,1280230,1439.47805220481,101
"ENSG00000100206",TRUE,939,1.99643054190552,16
"ENSG00000184949",TRUE,11732,74.5151639870177,98
"ENSG00000100211",TRUE,36456,55.2440008869269,101
"ENSG00000100216",TRUE,53863,58.8230860216691,101
"ENSG00000100221",TRUE,134468,154.681256355538,101
"ENSG00000100226",TRUE,93337,97.1045383927807,101
"ENSG00000100242",TRUE,315642,618.813610769034,101
"ENSG00000100246",TRUE,24975,51.3605687015698,101
"ENSG00000221890",TRUE,18503,34.4522402133519,101
"ENSG00000183741",TRUE,124707,153.475389189639,101
"ENSG00000128383",TRUE,10160,44.1891230824018,99
"ENSG00000179750",TRUE,1634,4.49625596765573,51
"ENSG00000244509",TRUE,64753,81.0325546366228,101
"ENSG00000128394",TRUE,10170,16.1909757977294,101
"ENSG00000239713",TRUE,29090,57.6607362215058,101
"ENSG00000100298",TRUE,2842,9.40206054634141,80
"ENSG00000100307",TRUE,134649,211.062636890251,101
"ENSG00000100311",TRUE,92130,179.180513207569,101
"ENSG00000100316",TRUE,2139983,2546.42630522987,101
"ENSG00000100321",TRUE,22826,36.0448391624476,101
"ENSG00000100324",TRUE,42981,41.5012111483209,101
"ENSG00000128268",TRUE,30859,84.4549079159987,101
"ENSG00000100335",TRUE,58597,57.0326464132255,101
"ENSG00000128272",TRUE,431682,512.011369529126,101
"ENSG00000187051",TRUE,58568,107.76412263512,101
"ENSG00000100346",TRUE,3054,7.88135360505973,70
"ENSG00000100351",TRUE,17021,30.0237965587545,101
"ENSG00000133477",TRUE,4187,18.2226260165923,47
"ENSG00000100354",TRUE,68775,85.9546064874871,101
"ENSG00000239900",TRUE,5889,9.50474139338973,101
"ENSG00000100359",TRUE,3254,4.49891398811854,94
"ENSG00000196588",TRUE,79489,111.408001583416,101
"ENSG00000128285",TRUE,960,5.15102576912118,18
"ENSG00000100372",TRUE,27028,30.8088268282696,101
"ENSG00000100380",TRUE,228588,208.708048527796,101
"ENSG00000196236",TRUE,22605,33.6300689393741,101
"ENSG00000100387",TRUE,69828,139.091778132122,101
"ENSG00000100393",TRUE,165796,186.706184279004,101
"ENSG00000100395",TRUE,51052,54.7905617551601,101
"ENSG00000100399",TRUE,3121,7.00371391385043,93
"ENSG00000100401",TRUE,81864,214.248028579256,101
"ENSG00000100403",TRUE,185856,186.800983465465,101
"ENSG00000167074",TRUE,58249,104.477715323871,101
"ENSG00000183864",TRUE,113764,167.887082017058,101
"ENSG00000100410",TRUE,29406,29.8298208719257,101
"ENSG00000100412",TRUE,127118,124.926404552165,101
"ENSG00000100413",TRUE,72058,112.143537662296,101
"ENSG00000172346",TRUE,18174,29.2860380131268,101
"ENSG00000100417",TRUE,56869,98.2793340592324,101
"ENSG00000100418",TRUE,63226,81.4335816539189,101
"ENSG00000196419",TRUE,285651,262.364888311177,101
"ENSG00000100138",TRUE,117047,173.732935652845,101
"ENSG00000184208",TRUE,33627,33.2195057740346,101
"ENSG00000167077",TRUE,14857,64.5264916064497,101
"ENSG00000100147",TRUE,3590,5.27148049228398,100
"ENSG00000198911",TRUE,216722,292.981712340544,101
"ENSG00000159958",TRUE,6734,35.2586871805304,66
"ENSG00000100162",TRUE,3574,41.4940821606925,80
"ENSG00000100167",TRUE,3832,8.01114782919218,94
"ENSG00000183066",TRUE,1594,2.34832585281471,63
"ENSG00000198951",TRUE,95333,136.716595743557,101
"ENSG00000177096",TRUE,30100,36.6184254301423,101
"ENSG00000183172",TRUE,48865,54.6030288468709,101
"ENSG00000184983",TRUE,60486,70.7038068335583,101
"ENSG00000100197",TRUE,1325,3.70482286894536,41
"ENSG00000100207",TRUE,66241,68.544882085421,101
"ENSG00000235568",TRUE,40092,89.3645323360885,101
"ENSG00000189306",TRUE,61526,186.98694374773,101
"ENSG00000183569",TRUE,2379,3.93637429825445,91
"ENSG00000100227",TRUE,122450,120.351501127179,101
"ENSG00000100243",TRUE,441282,440.193995534067,101
"ENSG00000128274",TRUE,43896,59.4414002899382,101
"ENSG00000242247",TRUE,87953,94.8153204965241,101
"ENSG00000100266",TRUE,164721,166.745673197598,101
"ENSG00000100271",TRUE,10765,15.1098642771032,101
"ENSG00000100290",TRUE,2072,6.65743683247308,49
"ENSG00000100294",TRUE,13586,39.0089556429015,101
"ENSG00000100300",TRUE,130901,268.996118834834,101
"ENSG00000100304",TRUE,34828,48.7046334718317,101
"ENSG00000159307",TRUE,49338,135.64786243707,101
"ENSG00000186976",TRUE,7357,46.9309501378682,92
"ENSG00000100344",TRUE,1733,8.78932756937998,49
"ENSG00000100347",TRUE,40298,38.6110867098785,101
"ENSG00000188677",TRUE,55112,67.579186238471,101
"ENSG00000138964",TRUE,101038,157.249661487343,101
"ENSG00000138944",TRUE,4791,14.4095318426638,83
"ENSG00000188636",TRUE,60791,64.6817350309038,101
"ENSG00000186654",TRUE,10196,24.0228896719799,101
"ENSG00000241484",TRUE,1698,3.41207518242281,53
"ENSG00000093000",TRUE,82424,80.2121094328681,101
"ENSG00000100364",TRUE,122426,164.093657038383,101
"ENSG00000100376",TRUE,72062,175.728670735878,101
"ENSG00000128408",TRUE,3095,21.2360660044138,46
"ENSG00000077942",TRUE,1184111,1872.91531211511,101
"ENSG00000130638",TRUE,122932,125.602639499415,101
"ENSG00000188064",TRUE,11203,36.7046488448087,99
"ENSG00000182257",TRUE,1143,1.74394953768277,22
"ENSG00000186951",TRUE,44834,48.4733335574659,101
"ENSG00000205643",TRUE,10225,17.6971130812391,101
"ENSG00000075234",TRUE,34696,36.5588613284766,101
"ENSG00000075218",TRUE,3269,9.53324172195562,81
"ENSG00000100416",TRUE,36811,39.5011243432611,101
"ENSG00000075275",TRUE,124281,354.145521446147,101
"ENSG00000075240",TRUE,61034,75.0349580712817,101
"ENSG00000100422",TRUE,90687,91.5094339622642,101
"ENSG00000054611",TRUE,51342,57.0202871136573,101
"ENSG00000219438",TRUE,9271,21.7597505274731,101
"ENSG00000100425",TRUE,62997,58.7051944587955,101
"ENSG00000100426",TRUE,35208,36.6168361950781,101
"ENSG00000182858",TRUE,35015,39.5150799865804,101
"ENSG00000184164",TRUE,52751,74.930329854608,101
"ENSG00000198355",TRUE,140230,236.631208240065,101
"ENSG00000100427",TRUE,6210,13.8699292164858,99
"ENSG00000073146",TRUE,1749,4.19650556981202,57
"ENSG00000073150",TRUE,4318,8.17099956615883,100
"ENSG00000170638",TRUE,66586,124.708167074604,101
"ENSG00000073169",TRUE,35018,68.6798601280428,101
"ENSG00000128159",TRUE,125740,153.842297254514,101
"ENSG00000100429",TRUE,2871,5.94924226986335,96
"ENSG00000188130",TRUE,26955,39.5247806645106,101
"ENSG00000185386",TRUE,40300,71.5415209667112,101
"ENSG00000196576",TRUE,404719,680.657233701612,101
"ENSG00000205593",TRUE,26482,80.3342995113589,101
"ENSG00000100239",TRUE,110873,108.905862812037,101
"ENSG00000100241",TRUE,131480,134.994991073062,101
"ENSG00000128165",TRUE,3527,15.904996416781,76
"ENSG00000100258",TRUE,96805,117.252787521231,101
"ENSG00000025770",TRUE,50553,67.8514846221124,101
"ENSG00000130489",TRUE,1386,3.32522029962351,42
"ENSG00000025708",TRUE,169414,577.8295688185,101
"ENSG00000177989",TRUE,56452,136.182885907308,101
"ENSG00000130487",TRUE,2795,15.6837202522496,76
"ENSG00000100288",TRUE,2159,3.03180369470388,79
"ENSG00000008735",TRUE,2210,4.70347212841268,71
"ENSG00000100299",TRUE,77206,102.778167206244,101
"ENSG00000100312",TRUE,1689,5.19736037616184,52
"ENSG00000079974",TRUE,35489,103.165129657876,101
"ENSG00000124343",TRUE,1998,4.7614675326189,57
"ENSG00000056998",TRUE,5336,17.3860450473098,91
"ENSG00000006756",TRUE,79066,113.510929318966,101
"ENSG00000157399",TRUE,2676,9.05787124258394,65
"ENSG00000101825",TRUE,174623,540.913921573708,101
"ENSG00000183943",TRUE,54224,73.8826233451561,101
"ENSG00000146938",TRUE,6319,21.4717515447124,95
"ENSG00000130021",TRUE,21276,38.1644602570425,101
"ENSG00000101846",TRUE,82361,125.720589715303,101
"ENSG00000006757",TRUE,15498,21.4627855702972,101
"ENSG00000011201",TRUE,78120,264.773125375897,101
"ENSG00000101849",TRUE,47683,59.6190909069919,101
"ENSG00000101850",TRUE,1828,3.37645415439294,65
"ENSG00000146950",TRUE,24517,38.3986929084934,101
"ENSG00000047644",TRUE,166889,198.513147527333,101
"ENSG00000073464",TRUE,17600,35.8347247783718,100
"ENSG00000101871",TRUE,54338,76.0534442270119,101
"ENSG00000004961",TRUE,23063,23.5947242775527,101
"ENSG00000047648",TRUE,44867,84.8882266418226,101
"ENSG00000005302",TRUE,68753,75.7805011769085,101
"ENSG00000169933",TRUE,1022,4.36329315859127,27
"ENSG00000101911",TRUE,39378,43.4719540720411,101
"ENSG00000196664",TRUE,9721,33.2434878539083,99
"ENSG00000101916",TRUE,26314,81.8577704230433,100
"ENSG00000205542",TRUE,2316349,3017.17260397834,101
"ENSG00000198759",TRUE,108430,240.543792431701,101
"ENSG00000176896",TRUE,6621,8.70374848687959,101
"ENSG00000123595",TRUE,33950,36.6440007785164,101
"ENSG00000196459",TRUE,19710,20.3667753200068,101
"ENSG00000046651",TRUE,50035,57.3058081527748,101
"ENSG00000046653",TRUE,49682,125.775124140048,101
"ENSG00000046647",TRUE,21282,28.4155189240554,101
"ENSG00000181544",TRUE,1291,2.78635397449296,35
"ENSG00000130150",TRUE,42547,61.5162615379652,101
"ENSG00000102048",TRUE,7475,12.4671530733141,101
"ENSG00000165195",TRUE,31679,99.4222409868947,101
"ENSG00000165197",TRUE,62216,209.140248578339,101
"ENSG00000087842",TRUE,22342,33.0308627251023,101
"ENSG00000102010",TRUE,9583,15.4032371002997,98
"ENSG00000147003",TRUE,1119,3.7352126728802,25
"ENSG00000169239",TRUE,28408,41.2250697197218,101
"ENSG00000169249",TRUE,26704,33.2103271013891,101
"ENSG00000182287",TRUE,58025,68.8723754545427,101
"ENSG00000047230",TRUE,32055,34.5240469071984,101
"ENSG00000169895",TRUE,71010,89.3249252933205,101
"ENSG00000086712",TRUE,39902,56.1515714773301,101
"ENSG00000102054",TRUE,142333,133.275604775188,101
"ENSG00000169891",TRUE,28208,74.9985607797883,101
"ENSG00000188158",TRUE,16784,34.174442794362,101
"ENSG00000047634",TRUE,31539,44.0387220165348,101
"ENSG00000131831",TRUE,68432,89.8470035046848,101
"ENSG00000102098",TRUE,2242,3.73984269886697,81
"ENSG00000008086",TRUE,56399,79.8357934022011,101
"ENSG00000102104",TRUE,3032,12.0055555346624,52
"ENSG00000044446",TRUE,51423,51.6236501981463,101
"ENSG00000173698",TRUE,8576,19.2392029839511,101
"ENSG00000131828",TRUE,83262,72.2007305876826,101
"ENSG00000180815",TRUE,1023,4.35076190542488,23
"ENSG00000147010",TRUE,105797,132.900566232733,101
"ENSG00000173681",TRUE,26409,27.3111698132675,101
"ENSG00000184368",TRUE,1276,4.16097871150825,29
"ENSG00000173674",TRUE,75831,93.038835658577,101
"ENSG00000177189",TRUE,191239,202.28637849669,101
"ENSG00000149970",TRUE,9637,19.5496653138027,101
"ENSG00000012174",TRUE,30987,39.9012857248257,101
"ENSG00000230797",TRUE,1168,1.73053882505515,35
"ENSG00000102172",TRUE,68507,79.9898493615012,101
"ENSG00000102174",TRUE,21416,58.075958122542,101
"ENSG00000165186",TRUE,2783,9.3307346006798,69
"ENSG00000123131",TRUE,74558,126.865316608256,101
"ENSG00000123130",TRUE,87032,78.657929884635,101
"ENSG00000130066",TRUE,1014408,1660.41119703508,101
"ENSG00000184831",TRUE,11481,22.7475297769699,101
"ENSG00000174010",TRUE,20657,53.8251046868758,101
"ENSG00000130741",TRUE,200408,199.156051291957,101
"ENSG00000005889",TRUE,59032,70.0199939566248,101
"ENSG00000067992",TRUE,60275,68.7356110693695,101
"ENSG00000102230",TRUE,4805,21.4627855702972,91
"ENSG00000101868",TRUE,26971,26.8647735768878,101
"ENSG00000004848",TRUE,1124,7.5573188627807,25
"ENSG00000120280",TRUE,7142,33.0233323052069,99
"ENSG00000198814",TRUE,36917,109.505576171587,101
"ENSG00000157625",TRUE,58647,59.8831324259062,101
"ENSG00000198947",TRUE,64972,147.258329958036,101
"ENSG00000147027",TRUE,117517,190.999173365816,101
"ENSG00000165164",TRUE,8246,67.7135770105151,58
"ENSG00000130962",TRUE,28486,35.8643191205428,101
"ENSG00000147036",TRUE,2628,4.47550476836159,84
"ENSG00000047597",TRUE,5656,9.50393560133237,100
"ENSG00000165168",TRUE,329174,788.230249533839,101
"ENSG00000165169",TRUE,55835,58.6535829646918,101
"ENSG00000147041",TRUE,2631,14.0548710150148,51
"ENSG00000101955",TRUE,101398,172.146094604963,101
"ENSG00000156313",TRUE,49925,100.226057003148,101
"ENSG00000036473",TRUE,1949,7.22951346135407,51
"ENSG00000156298",TRUE,72583,98.3886509927118,101
"ENSG00000165175",TRUE,82096,151.421457553415,101
"ENSG00000183337",TRUE,52835,74.9231325003857,101
"ENSG00000182220",TRUE,228324,215.063137537203,101
"ENSG00000185753",TRUE,43996,52.1768650422269,101
"ENSG00000180182",TRUE,73485,70.0775851978218,101
"ENSG00000124486",TRUE,238211,232.484251354939,101
"ENSG00000215301",TRUE,574785,952.616797375636,101
"ENSG00000147044",TRUE,67843,86.069652962251,101
"ENSG00000171659",TRUE,23435,38.8298401116849,101
"ENSG00000171657",TRUE,1151,2.67874492146023,26
"ENSG00000189221",TRUE,267284,519.819721485443,101
"ENSG00000069535",TRUE,114554,163.433839420099,101
"ENSG00000183690",TRUE,9643,70.5853581783718,91
"ENSG00000069509",TRUE,14337,15.7192232345839,101
"ENSG00000147050",TRUE,52368,65.9217048859984,101
"ENSG00000147113",TRUE,92576,173.750644797522,101
"ENSG00000147121",TRUE,20816,23.4437900525989,101
"ENSG00000251192",TRUE,5298,6.01626029711151,101
"ENSG00000147119",TRUE,15577,26.4676816430587,101
"ENSG00000065923",TRUE,14803,26.4647557896216,100
"ENSG00000102218",TRUE,35751,42.6346147707028,101
"ENSG00000102221",TRUE,21101,24.2189637355195,101
"ENSG00000130988",TRUE,27624,53.7711057756581,101
"ENSG00000147123",TRUE,59975,146.923692006372,101
"ENSG00000182872",TRUE,68714,113.638058040808,101
"ENSG00000130985",TRUE,306320,421.266598197666,101
"ENSG00000102225",TRUE,100027,97.1116937812738,101
"ENSG00000102226",TRUE,86700,85.043720138864,101
"ENSG00000147124",TRUE,23899,28.0175805626091,101
"ENSG00000078061",TRUE,101252,157.240732398414,101
"ENSG00000008056",TRUE,3050,12.8021669098325,88
"ENSG00000102265",TRUE,960805,10078.0917120127,101
"ENSG00000126759",TRUE,3185,7.58643605924096,91
"ENSG00000126767",TRUE,52985,65.8627851306212,101
"ENSG00000126756",TRUE,54359,98.8779126624124,101
"ENSG00000197779",TRUE,13684,16.1315602980978,101
"ENSG00000147118",TRUE,17354,19.15353273702,101
"ENSG00000221994",TRUE,6022,7.48682954766042,101
"ENSG00000017483",TRUE,41150,92.6274429358471,101
"ENSG00000068438",TRUE,45907,51.8856327551879,101
"ENSG00000102312",TRUE,15562,17.4435410079511,101
"ENSG00000147155",TRUE,19994,146.321237092968,101
"ENSG00000068354",TRUE,27765,26.7055981803145,101
"ENSG00000102317",TRUE,401274,580.335666926619,101
"ENSG00000101940",TRUE,106571,146.547157685495,101
"ENSG00000015285",TRUE,42558,93.1257971006835,101
"ENSG00000101945",TRUE,9134,20.4081601915566,101
"ENSG00000171433",TRUE,906,1.86625390872525,24
"ENSG00000102145",TRUE,1484,6.47995609181752,46
"ENSG00000094631",TRUE,97709,96.474981352092,101
"ENSG00000102109",TRUE,4904,17.4595294427708,78
"ENSG00000102103",TRUE,47108,83.8165398273153,101
"ENSG00000126768",TRUE,28076,68.5292463996918,101
"ENSG00000102100",TRUE,32644,45.041620422173,101
"ENSG00000102096",TRUE,76080,331.306810791557,101
"ENSG00000068308",TRUE,85357,96.0005644907467,101
"ENSG00000102057",TRUE,9142,12.9052983212899,101
"ENSG00000068400",TRUE,89758,91.860010585523,101
"ENSG00000068323",TRUE,127969,122.81096157892,101
"ENSG00000147144",TRUE,17949,25.6593687209675,101
"ENSG00000243279",TRUE,14528,79.5240485693127,101
"ENSG00000196998",TRUE,79377,77.2594358798914,101
"ENSG00000068394",TRUE,24696,23.1198210155936,101
"ENSG00000269313",TRUE,4692,10.3253916174464,99
"ENSG00000102007",TRUE,116401,153.761963257349,101
"ENSG00000012211",TRUE,13539,15.1173476774947,101
"ENSG00000102003",TRUE,9568,11.0023122144998,101
"ENSG00000102001",TRUE,2586,6.39117336350677,78
"ENSG00000101997",TRUE,24356,27.2684293886082,101
"ENSG00000049768",TRUE,3203,20.7578650397421,64
"ENSG00000049769",TRUE,8576,10.398513755284,101
"ENSG00000273820",TRUE,8548,12.1645685483357,101
"ENSG00000171365",TRUE,27492,36.1492616307559,101
"ENSG00000147082",TRUE,1589,4.00798516385351,49
"ENSG00000158352",TRUE,127132,200.675858968471,101
"ENSG00000122824",TRUE,2235,8.87351003118364,46
"ENSG00000196368",TRUE,2238,5.84933858603938,65
"ENSG00000189369",TRUE,15073,15.0943396226415,101
"ENSG00000179222",TRUE,159228,199.051502517469,101
"ENSG00000155622",TRUE,2931,16.891421222526,57
"ENSG00000184194",TRUE,9885,16.3047644690761,101
"ENSG00000184205",TRUE,149043,231.751665477818,101
"ENSG00000126012",TRUE,161665,180.771067197714,101
"ENSG00000124313",TRUE,35634,41.4195012429338,101
"ENSG00000072501",TRUE,131557,129.160049136173,101
"ENSG00000158423",TRUE,6656,54.6394153779045,81
"ENSG00000072506",TRUE,45685,57.3085236375444,101
"ENSG00000086758",TRUE,337479,332.04706899532,101
"ENSG00000172943",TRUE,57835,60.9011789587747,101
"ENSG00000184083",TRUE,17379,18.9720535350746,101
"ENSG00000196632",TRUE,3548,10.8611762781688,98
"ENSG00000158526",TRUE,68632,70.440251572327,101
"ENSG00000102302",TRUE,13341,19.0816273856302,101
"ENSG00000130119",TRUE,40423,41.7584242000578,101
"ENSG00000102316",TRUE,240669,257.54594957265,101
"ENSG00000067445",TRUE,21423,33.9472709992019,101
"ENSG00000169188",TRUE,30926,43.3014469009041,101
"ENSG00000182518",TRUE,16622,27.5086406605218,101
"ENSG00000187601",TRUE,39076,41.443955620018,101
"ENSG00000247746",TRUE,6377,11.7138442373101,101
"ENSG00000083750",TRUE,27782,26.5352188004088,101
"ENSG00000102349",TRUE,39164,48.5486163451382,101
"ENSG00000188021",TRUE,66254,69.7851996443977,101
"ENSG00000204271",TRUE,20967,24.8305445113466,101
"ENSG00000186787",TRUE,4369,4.78153824177161,101
"ENSG00000165591",TRUE,6999,24.0590542781343,101
"ENSG00000198455",TRUE,18236,23.4946554693376,101
"ENSG00000198205",TRUE,5310,8.5322587322138,99
"ENSG00000186767",TRUE,14258,32.552154569666,101
"ENSG00000131089",TRUE,48128,52.8503822242031,101
"ENSG00000184675",TRUE,13481,17.4662231852067,101
"ENSG00000102043",TRUE,1816,2.84408624407127,70
"ENSG00000126970",TRUE,13357,14.0457685852041,101
"ENSG00000102053",TRUE,5828,7.33246192812103,101
"ENSG00000001497",TRUE,50305,53.2410601871019,101
"ENSG00000147065",TRUE,1087495,1243.59746978443,101
"ENSG00000155659",TRUE,256543,639.653848093477,101
"ENSG00000089472",TRUE,112959,166.039344593344,101
"ENSG00000131080",TRUE,12356,18.1879338659329,100
"ENSG00000169083",TRUE,29925,40.0119581930159,101
"ENSG00000079482",TRUE,29639,33.8130253461806,101
"ENSG00000181704",TRUE,94693,87.6660592372735,101
"ENSG00000130052",TRUE,99110,153.79660716983,101
"ENSG00000090776",TRUE,109055,186.5364162009,101
"ENSG00000181191",TRUE,36652,37.4684869246375,101
"ENSG00000130054",TRUE,875,3.43255643799394,21
"ENSG00000158813",TRUE,13479,35.0573203158609,101
"ENSG00000147160",TRUE,1224,17.8552894572138,18
"ENSG00000089289",TRUE,84207,95.4580266776651,101
"ENSG00000120509",TRUE,31344,29.7209990746862,101
"ENSG00000090889",TRUE,4018,9.66682229126507,84
"ENSG00000082458",TRUE,53949,86.508836676634,101
"ENSG00000147164",TRUE,70762,65.7428924251988,101
"ENSG00000184481",TRUE,39893,57.5770568285551,101
"ENSG00000147168",TRUE,26202,157.090118670063,101
"ENSG00000184634",TRUE,75760,84.5021178127004,101
"ENSG00000196338",TRUE,5681,11.0398687409464,98
"ENSG00000169562",TRUE,1669,4.6233932679214,43
"ENSG00000147130",TRUE,59591,64.3497999359584,101
"ENSG00000147140",TRUE,324504,286.936065140798,101
"ENSG00000147166",TRUE,2266,4.79600636549945,74
"ENSG00000147133",TRUE,88700,90.3855335988572,101
"ENSG00000147162",TRUE,440919,556.122146685827,101
"ENSG00000147174",TRUE,4152,6.02033716203622,101
"ENSG00000186810",TRUE,3131,16.0681251603929,81
"ENSG00000204131",TRUE,78528,120.908424290698,101
"ENSG00000242732",TRUE,23120,35.744761495608,101
"ENSG00000102309",TRUE,20255,20.9462925386453,101
"ENSG00000186871",TRUE,943,4.61285889772046,16
"ENSG00000198034",TRUE,1292467,1888.54621403238,101
"ENSG00000147099",TRUE,16101,19.0514414320587,101
"ENSG00000067177",TRUE,15239,23.2598478673875,101
"ENSG00000186462",TRUE,5483,9.99394746718681,101
"ENSG00000204116",TRUE,23917,28.6778696277186,101
"ENSG00000147100",TRUE,55762,70.6727598017188,101
"ENSG00000131263",TRUE,80472,115.918015422833,101
"ENSG00000050030",TRUE,2282,6.4992942219914,56
"ENSG00000131269",TRUE,32182,30.1245159774307,101
"ENSG00000094841",TRUE,16588,15.4473202064876,101
"ENSG00000102383",TRUE,8193,10.0204018223771,101
"ENSG00000102390",TRUE,29046,32.5975362105579,101
"ENSG00000198934",TRUE,5696,7.42386684998966,101
"ENSG00000085224",TRUE,150291,160.927879977032,101
"ENSG00000102158",TRUE,144482,157.201596861489,101
"ENSG00000131174",TRUE,95328,125.636251399115,101
"ENSG00000165240",TRUE,39228,43.5624421447001,101
"ENSG00000102144",TRUE,442137,620.418902751599,101
"ENSG00000187325",TRUE,35439,42.5362762915594,101
"ENSG00000173198",TRUE,17143,32.7074644380659,101
"ENSG00000179300",TRUE,1013,2.75160449608624,30
"ENSG00000078589",TRUE,7880,21.210647675015,98
"ENSG00000147138",TRUE,7016,17.3665586511681,100
"ENSG00000078596",TRUE,87759,138.580025203087,101
"ENSG00000165288",TRUE,42431,54.7021968482111,101
"ENSG00000198157",TRUE,10886,25.1524926346121,101
"ENSG00000131171",TRUE,268689,376.577794708638,101
"ENSG00000072133",TRUE,5218,12.6370464571732,97
"ENSG00000165259",TRUE,7111,8.34756116224222,101
"ENSG00000155008",TRUE,32515,32.0749726414704,101
"ENSG00000147180",TRUE,10309,17.5979086274905,99
"ENSG00000124429",TRUE,7462,19.9572867829748,95
"ENSG00000188419",TRUE,43094,46.7082385947098,101
"ENSG00000126733",TRUE,889,3.66461009218115,21
"ENSG00000102271",TRUE,11058,29.0100060460427,92
"ENSG00000174740",TRUE,3728,5.85971091078172,96
"ENSG00000186310",TRUE,8409,17.9179358537896,100
"ENSG00000147202",TRUE,80510,93.6135533896848,101
"ENSG00000165194",TRUE,3541,17.801092615879,66
"ENSG00000000003",TRUE,49585,119.254491654679,101
"ENSG00000102359",TRUE,59458,100.487308419084,101
"ENSG00000102362",TRUE,22370,30.9748427672956,101
"ENSG00000101811",TRUE,15878,18.4579493773481,101
"ENSG00000182489",TRUE,4788,12.6041238207821,97
"ENSG00000188917",TRUE,28879,30.2579175410915,101
"ENSG00000126950",TRUE,6865,14.4540562541958,96
"ENSG00000102384",TRUE,2646,6.15047853029395,95
"ENSG00000102385",TRUE,793,2.1711099517384,16
"ENSG00000126953",TRUE,6134,11.8231776755512,101
"ENSG00000010671",TRUE,57393,114.701040873419,101
"ENSG00000241343",TRUE,7547,14.1976160498938,101
"ENSG00000102393",TRUE,41552,56.9469019307568,101
"ENSG00000126945",TRUE,117001,124.487502323284,101
"ENSG00000196440",TRUE,37465,46.6190211008958,101
"ENSG00000126947",TRUE,35533,38.1581571079561,101
"ENSG00000198960",TRUE,14969,18.3417246723709,101
"ENSG00000102401",TRUE,117330,127.932751781245,101
"ENSG00000184867",TRUE,54377,71.7688301233853,101
"ENSG00000166432",TRUE,36895,52.407806833623,101
"ENSG00000184905",TRUE,5645,10.4867804369039,100
"ENSG00000184515",TRUE,5877,16.0709166467889,100
"ENSG00000158164",TRUE,2350,8.17245647841473,61
"ENSG00000125962",TRUE,17140,17.3805270471022,101
"ENSG00000198932",TRUE,39658,59.2771659031258,101
"ENSG00000158301",TRUE,22466,29.6514639728931,101
"ENSG00000133169",TRUE,1382,2.879901968137,45
"ENSG00000147206",TRUE,7534,23.1048556504496,85
"ENSG00000102409",TRUE,57604,63.3090749036798,101
"ENSG00000180964",TRUE,55263,53.5744997557185,101
"ENSG00000133134",TRUE,10844,19.9735544950549,101
"ENSG00000182916",TRUE,7697,12.5543802893586,101
"ENSG00000185222",TRUE,65123,83.5250994318202,101
"ENSG00000166681",TRUE,86138,92.3721686077176,101
"ENSG00000172476",TRUE,1045,4.7082123959514,23
"ENSG00000133142",TRUE,150810,254.63439071228,101
"ENSG00000196507",TRUE,43862,54.65760593984,101
"ENSG00000172465",TRUE,32785,39.4420071731864,101
"ENSG00000123562",TRUE,261102,312.444818498543,101
"ENSG00000123560",TRUE,2289,13.4255174110501,49
"ENSG00000123570",TRUE,6421,16.5627978480408,99
"ENSG00000269743",TRUE,5233,5.97323641646632,101
"ENSG00000166707",TRUE,2100,4.27081814949163,78
"ENSG00000123575",TRUE,63879,68.2580698577104,101
"ENSG00000123572",TRUE,3350,12.1330744422266,76
"ENSG00000157502",TRUE,1629,14.7655206918896,32
"ENSG00000147231",TRUE,6719,16.7209700073572,101
"ENSG00000133135",TRUE,13881,29.8943562940757,101
"ENSG00000133138",TRUE,19975,24.1747330746058,101
"ENSG00000133131",TRUE,37275,39.185420297707,101
"ENSG00000165376",TRUE,4091,17.6986641110979,57
"ENSG00000089682",TRUE,18508,21.7256588088777,101
"ENSG00000198088",TRUE,1594,6.72601378787483,31
"ENSG00000080572",TRUE,3342,26.9796283401271,35
"ENSG00000147234",TRUE,2131,3.62751305413474,76
"ENSG00000147224",TRUE,55308,66.3738550332537,101
"ENSG00000157514",TRUE,1187115,1769.49498589888,101
"ENSG00000080561",TRUE,20334,22.594080524148,101
"ENSG00000101842",TRUE,3821,17.9921243259154,70
"ENSG00000101843",TRUE,49394,51.6955557976875,101
"ENSG00000101844",TRUE,35486,38.5646913837366,101
"ENSG00000197565",TRUE,17619,68.5851180591481,98
"ENSG00000188153",TRUE,63877,123.704053169243,101
"ENSG00000101888",TRUE,15802,19.3920990007958,101
"ENSG00000068366",TRUE,187964,509.694416191189,101
"ENSG00000157600",TRUE,90832,135.935078903905,101
"ENSG00000101935",TRUE,18883,22.8924778818059,101
"ENSG00000101938",TRUE,363265,643.465911976185,101
"ENSG00000077264",TRUE,7619,15.2624000572008,101
"ENSG00000077274",TRUE,2797,8.29478263978305,63
"ENSG00000101901",TRUE,54795,58.5495652863508,101
"ENSG00000126016",TRUE,20771,29.6703934784207,101
"ENSG00000123496",TRUE,15406,65.259263753007,83
"ENSG00000130224",TRUE,17052,26.9912627943343,101
"ENSG00000102024",TRUE,527300,680.039128236888,101
"ENSG00000180772",TRUE,16119,139.488542876917,69
"ENSG00000268104",TRUE,38133,205.775309196665,100
"ENSG00000003096",TRUE,13214,26.7381409795067,98
"ENSG00000131725",TRUE,31857,32.8301458421429,101
"ENSG00000147251",TRUE,103611,111.141486661949,101
"ENSG00000131724",TRUE,257129,277.773922882341,101
"ENSG00000174460",TRUE,1408,4.5775633261477,41
"ENSG00000175556",TRUE,13994,28.5058129930957,101
"ENSG00000101856",TRUE,128249,133.382484252237,101
"ENSG00000077713",TRUE,32384,34.9337812324806,101
"ENSG00000005022",TRUE,259324,370.61337373127,101
"ENSG00000018610",TRUE,26201,25.2096698842937,101
"ENSG00000077721",TRUE,83486,77.3841480715968,101
"ENSG00000186416",TRUE,17510,18.3072848229656,101
"ENSG00000125354",TRUE,75056,110.401089618776,101
"ENSG00000187808",TRUE,2979,8.92774217677179,70
"ENSG00000198918",TRUE,50593,124.858780802955,101
"ENSG00000125351",TRUE,21525,23.7034140768485,101
"ENSG00000125352",TRUE,14794,16.2476777426312,101
"ENSG00000125356",TRUE,86806,93.3556829208741,101
"ENSG00000186471",TRUE,4331,32.3453247327014,38
"ENSG00000101882",TRUE,29594,27.9585816911064,101
"ENSG00000177485",TRUE,39582,46.1747977803308,101
"ENSG00000125355",TRUE,3693,7.83831459494178,91
"ENSG00000005893",TRUE,228156,247.020840365912,101
"ENSG00000158290",TRUE,112360,126.326789937535,101
"ENSG00000232119",TRUE,46361,56.3295344032631,101
"ENSG00000171155",TRUE,37466,40.2805095386211,101
"ENSG00000182890",TRUE,1344,1.82019701812524,46
"ENSG00000125675",TRUE,3535,12.0392631707065,68
"ENSG00000125676",TRUE,113607,117.411124905131,101
"ENSG00000101966",TRUE,88623,101.931033015014,101
"ENSG00000101972",TRUE,159008,176.484459904448,101
"ENSG00000183918",TRUE,6791,16.8369349766797,100
"ENSG00000009694",TRUE,16261,27.250013814829,101
"ENSG00000102038",TRUE,85216,107.617929658195,101
"ENSG00000122126",TRUE,69380,67.8717958275502,101
"ENSG00000171388",TRUE,57682,377.752280557074,98
"ENSG00000122121",TRUE,12367,31.0876864065504,100
"ENSG00000122122",TRUE,52718,121.672633248962,101
"ENSG00000188706",TRUE,93460,193.442518679803,101
"ENSG00000156697",TRUE,26446,44.2255739954193,101
"ENSG00000085185",TRUE,24962,28.2764233964241,101
"ENSG00000102034",TRUE,55873,65.4595831472102,101
"ENSG00000156709",TRUE,37723,47.8282893596894,101
"ENSG00000134594",TRUE,1764,2.98000835103517,64
"ENSG00000056277",TRUE,6885,7.2784376993249,101
"ENSG00000102078",TRUE,12127,17.9108457047903,101
"ENSG00000134597",TRUE,28836,40.5150929264112,101
"ENSG00000165675",TRUE,25074,27.255826505683,101
"ENSG00000147255",TRUE,888,2.95838303044701,21
"ENSG00000134602",TRUE,17424,25.2727355208928,101
"ENSG00000123728",TRUE,50504,57.9735403261341,101
"ENSG00000076770",TRUE,35944,43.4292923044576,101
"ENSG00000171004",TRUE,4930,17.5331267988654,68
"ENSG00000076716",TRUE,101103,133.835269294951,101
"ENSG00000147257",TRUE,209986,418.188390134672,101
"ENSG00000203952",TRUE,1138,6.34814784473579,27
"ENSG00000156531",TRUE,32491,39.2641906473172,101
"ENSG00000165704",TRUE,25059,37.9792049245652,101
"ENSG00000156504",TRUE,54798,57.4842899487326,101
"ENSG00000156500",TRUE,8128,10.1781640699836,101
"ENSG00000101928",TRUE,17089,19.6608097847588,101
"ENSG00000184785",TRUE,16979,22.7728308228966,101
"ENSG00000212747",TRUE,26490,26.4464660256981,101
"ENSG00000134590",TRUE,114043,134.573366281593,101
"ENSG00000203950",TRUE,42796,72.5205102009925,101
"ENSG00000186376",TRUE,42620,40.8513040386156,101
"ENSG00000173275",TRUE,19933,22.1855699674612,101
"ENSG00000165359",TRUE,35523,45.751892918834,101
"ENSG00000169446",TRUE,57626,62.1289184640997,101
"ENSG00000198689",TRUE,35284,36.1939176296442,101
"ENSG00000022267",TRUE,728239,1320.94625960194,101
"ENSG00000129680",TRUE,39128,50.8782780147692,101
"ENSG00000156920",TRUE,1243,6.48344002065439,24
"ENSG00000102241",TRUE,94904,97.54423106403,101
"ENSG00000102243",TRUE,1412,5.26729559748428,36
"ENSG00000102245",TRUE,5966,27.0501905882445,96
"ENSG00000129675",TRUE,128063,163.061876404822,101
"ENSG00000147274",TRUE,233561,220.12822546317,101
"ENSG00000129682",TRUE,9984,16.7726384988291,101
"ENSG00000101974",TRUE,50141,65.8332314313834,101
"ENSG00000182195",TRUE,25484,37.7180078266748,101
"ENSG00000179542",TRUE,2634,5.72169380205047,75
"ENSG00000185985",TRUE,4345,14.3742999017197,86
"ENSG00000102081",TRUE,79619,85.697736663725,101
"ENSG00000155966",TRUE,19694,54.9019767562625,101
"ENSG00000010404",TRUE,17715,18.8966466357193,101
"ENSG00000241489",TRUE,2320,9.55484000420413,68
"ENSG00000197620",TRUE,13537,14.5764880319606,101
"ENSG00000269556",TRUE,16041,16.1424811697957,101
"ENSG00000197021",TRUE,19465,21.1252216151137,101
"ENSG00000013619",TRUE,20085,34.37055367999,101
"ENSG00000171100",TRUE,35345,39.0700261527919,101
"ENSG00000063601",TRUE,47346,52.069926964559,101
"ENSG00000102181",TRUE,111996,108.116340781385,101
"ENSG00000029993",TRUE,45071,112.192314888074,101
"ENSG00000160131",TRUE,48661,52.0270105011148,101
"ENSG00000130032",TRUE,4467,10.8457198039397,85
"ENSG00000102287",TRUE,51315,81.996855345912,101
"ENSG00000147400",TRUE,77541,276.673443566402,101
"ENSG00000147383",TRUE,24187,45.8618802828707,101
"ENSG00000147394",TRUE,35724,56.7267463820554,101
"ENSG00000183837",TRUE,2124,5.94200786016227,66
"ENSG00000063587",TRUE,44905,59.2595753103276,101
"ENSG00000189420",TRUE,12557,19.9608679248594,101
"ENSG00000183479",TRUE,1536,2.53703775612541,55
"ENSG00000213397",TRUE,3152,4.26160793511398,92
"ENSG00000182492",TRUE,903241,1753.55850582001,101
"ENSG00000262919",TRUE,19899,25.0771857704367,101
"ENSG00000130822",TRUE,2247,8.16360995821881,50
"ENSG00000130821",TRUE,25762,42.484075442326,101
"ENSG00000185825",TRUE,189936,269.673880612413,101
"ENSG00000101986",TRUE,22534,33.1859712706058,101
"ENSG00000198753",TRUE,10663,16.4208655411598,100
"ENSG00000184343",TRUE,829,1.73167483962217,18
"ENSG00000067829",TRUE,54322,69.960076819026,101
"ENSG00000180879",TRUE,212774,452.453258059912,101
"ENSG00000067840",TRUE,18532,32.6476174872126,101
"ENSG00000198910",TRUE,2895,8.32382079485104,80
"ENSG00000126895",TRUE,2389,5.24849906433927,69
"ENSG00000089820",TRUE,103141,176.564750058506,101
"ENSG00000102030",TRUE,32367,81.4067201736998,101
"ENSG00000102032",TRUE,31374,54.0114946147384,101
"ENSG00000172534",TRUE,107019,111.514060505153,101
"ENSG00000177854",TRUE,9153,11.0243644940238,101
"ENSG00000184216",TRUE,145034,163.630597373541,101
"ENSG00000169057",TRUE,122236,141.90251572327,101
"ENSG00000196924",TRUE,2588836,4462.62002382031,101
"ENSG00000102119",TRUE,66911,69.9942471259766,101
"ENSG00000147403",TRUE,1730234,1837.48245468442,101
"ENSG00000013563",TRUE,57184,68.4715360368718,101
"ENSG00000102125",TRUE,56667,72.746430793519,101
"ENSG00000071553",TRUE,229550,276.240715378237,101
"ENSG00000203879",TRUE,199168,244.37077424945,101
"ENSG00000071859",TRUE,87959,238.04499765871,101
"ENSG00000130827",TRUE,80708,91.4668864318047,101
"ENSG00000196976",TRUE,11057,31.0264280403,101
"ENSG00000102178",TRUE,51938,51.0219738886045,101
"ENSG00000126903",TRUE,41298,39.2897530647006,101
"ENSG00000071889",TRUE,46993,68.7551669922182,101
"ENSG00000160211",TRUE,59752,84.919298309079,101
"ENSG00000269335",TRUE,7329,10.367929746908,101
"ENSG00000160219",TRUE,35370,60.5427758928794,101
"ENSG00000130826",TRUE,56259,97.0407057010243,101
"ENSG00000130830",TRUE,72621,171.427787255474,101
"ENSG00000185010",TRUE,99603,447.759441938569,101
"ENSG00000277203",TRUE,10718,22.1417227090582,101
"ENSG00000165775",TRUE,84548,84.0424604198418,101
"ENSG00000214827",TRUE,1387,2.44659566758526,53
"ENSG00000185515",TRUE,28879,32.496471109957,101
"ENSG00000155959",TRUE,47898,48.0251982474583,101
"ENSG00000155961",TRUE,5322,13.0375551356445,97
"ENSG00000155962",TRUE,74151,112.62350412764,101
"ENSG00000185973",TRUE,11930,14.0165699339878,101
"ENSG00000129824",TRUE,179394,313.156800833183,63
"ENSG00000067646",TRUE,14936,27.3739843518574,62
"ENSG00000114374",TRUE,51583,88.9566975228957,62
"ENSG00000067048",TRUE,97739,301.943651527161,63
"ENSG00000183878",TRUE,23366,47.6384445881937,62
"ENSG00000165246",TRUE,7590,19.6575165057063,61
"ENSG00000012817",TRUE,89863,151.056981070063,63
"ENSG00000198692",TRUE,17031,27.0961190507242,62
"ENSG00000198888",TRUE,6466021,39749.4421279992,101
"ENSG00000198763",TRUE,6741165,44700.8017681224,101
"ENSG00000198804",TRUE,25245575,121205.828473889,101
"ENSG00000198712",TRUE,9578181,53060.7408055081,101
"ENSG00000228253",TRUE,752126,3942.9267878947,101
"ENSG00000198899",TRUE,6961672,41748.9404193676,101
"ENSG00000198938",TRUE,11881903,63688.923879901,101
"ENSG00000198840",TRUE,2322189,15787.5773738839,101
"ENSG00000212907",TRUE,1814016,10182.4693781441,101
"ENSG00000198886",TRUE,18519079,107802.677141812,101
"ENSG00000198786",TRUE,8197433,61344.0236747784,101
"ENSG00000198695",TRUE,67267,309.544194489275,101
"ENSG00000198727",TRUE,8348300,51304.4611569197,101
"ENSG00000276256",TRUE,3110,9.84357609682229,71
"ENSG00000278384",TRUE,1933,4.90824904876381,63
"ENSG00000273748",TRUE,4269,6.65368138065624,96
"ENSG00000271254",TRUE,12523,17.7755390254454,100
"ENSG00000276345",FALSE,483,4.15034898598544,14
"ENSG00000277856",TRUE,18159,174.546480892267,78
"ENSG00000275063",TRUE,44085,502.092616967179,86
"ENSG00000277836",TRUE,3657,28.4674593495844,44
"ENSG00000278817",TRUE,1226,7.45537955337306,25
"ENSG00000277196",TRUE,11974,30.5989584114557,99
