"rank_direction","direction","gene_id","SYMBOL","GENENAME","ENTREZID","logFC","AveExpr","t","P.Value","adj.P.Val","B","mapping_status","n_mapping_records","n_symbol","n_entrezid","annotation_clean","enrichment_eligible","age_logFC_reduced","age_logFC_adjusted","age_delta_logFC","age_abs_delta_logFC","age_direction_concordant","age_FDR_reduced","age_FDR_adjusted","strong_age_robust"
1,"Higher in IPF","ENSG00000000971","CFH","complement factor H","3075",1.96126488838615,8.65396412540368,15.6106395048621,1.09866598401914e-28,1.64931737520953e-24,54.7730105749171,"single_mapping_record",1,1,1,TRUE,TRUE,1.97214172302038,1.8161004539001,-0.156041269120281,0.156041269120281,TRUE,9.15981749274947e-24,8.71774039717296e-16,TRUE
2,"Higher in IPF","ENSG00000168675","LDLRAD4","low density lipoprotein receptor class A domain containing 4","753",1.296953458137,5.21469420973878,15.0214850314089,1.63229681602443e-27,1.22520199010793e-23,52.1030571171567,"single_mapping_record",1,1,1,TRUE,TRUE,1.31157265003608,1.23022093364091,-0.0813517163951691,0.0813517163951691,TRUE,1.67653383175014e-23,1.04936744762242e-15,TRUE
3,"Higher in IPF","ENSG00000179954","SSC5D","scavenger receptor cysteine rich family member with 5 domains","284297",2.36478201374781,5.46927229709511,14.8019355402544,4.75195038639346e-27,2.37787597335128e-23,51.0434603921975,"single_mapping_record",1,1,1,TRUE,TRUE,2.40382922163788,2.28339346639297,-0.120435755244914,0.120435755244914,TRUE,2.45674656002147e-23,8.71774039717296e-16,TRUE
4,"Higher in IPF","ENSG00000049323","LTBP1","latent transforming growth factor beta binding protein 1","4052",1.85800379246603,7.69024495437309,14.6368035169197,1.03297941394454e-26,3.87677174053387e-23,50.2727732607001,"single_mapping_record",1,1,1,TRUE,TRUE,1.84449418461574,1.7434944112105,-0.100999773405239,0.100999773405239,TRUE,1.75455776410015e-22,4.71077164883458e-15,TRUE
5,"Higher in IPF","ENSG00000134247","PTGFRN","prostaglandin F2 receptor inhibitor","5738",1.84449090424722,6.14166208112661,14.3688928085084,3.66585734474183e-26,1.10063700918529e-22,49.0128864326157,"single_mapping_record",1,1,1,TRUE,TRUE,1.88514638684622,1.85180587577803,-0.0333405110681908,0.0333405110681908,TRUE,1.1398176809641e-22,1.04936744762242e-15,TRUE
6,"Higher in IPF","ENSG00000131080","EDA2R","ectodysplasin A2 receptor","60401",1.90956185889985,2.79895749810528,14.3007053897853,4.88104069830747e-26,1.22123638271653e-22,48.3596936324571,"single_mapping_record",1,1,1,TRUE,TRUE,1.93336257666879,1.50118914688753,-0.432173429781264,0.432173429781264,TRUE,4.73650415582559e-22,5.62589289985918e-13,TRUE
7,"Higher in IPF","ENSG00000168453","HR","HR lysine demethylase and nuclear receptor corepressor","55806",2.47884946784697,2.77819245605098,14.2675009943091,5.71653830645609e-26,1.22595247223598e-22,48.0761386055269,"single_mapping_record",1,1,1,TRUE,TRUE,2.49602382064775,2.59283730595161,0.0968134853038571,0.0968134853038571,TRUE,4.73650415582559e-22,1.76518213248698e-16,TRUE
8,"Higher in IPF","ENSG00000169855","ROBO1","roundabout guidance receptor 1","6091",1.36559973011077,6.1246672266705,14.1974496040517,8.02408242184761e-26,1.5057190664597e-22,48.2305094513365,"single_mapping_record",1,1,1,TRUE,TRUE,1.35883544353359,1.26139137785209,-0.0974440656815034,0.0974440656815034,TRUE,4.73650415582559e-22,3.08667857941996e-14,TRUE
9,"Higher in IPF","ENSG00000138185","ENTPD1","ectonucleoside triphosphate diphosphohydrolase 1","953",1.3832486276584,6.93208649246677,13.7997529171258,5.42614156194005e-25,9.050804125316e-22,46.3319885164329,"single_mapping_record",1,1,1,TRUE,TRUE,1.41099524403892,1.35910945202201,-0.0518857920169118,0.0518857920169118,TRUE,5.05977375203776e-22,7.32192989613618e-15,TRUE
10,"Higher in IPF","ENSG00000128602","SMO","smoothened, frizzled class receptor","6608",1.7093587360283,4.16584061683168,13.5646867996363,1.67026898115628e-24,2.5074077945118e-21,45.2205576901062,"single_mapping_record",1,1,1,TRUE,TRUE,1.72824334086141,1.75868086797952,0.0304375271181065,0.0304375271181065,TRUE,5.15128110850406e-21,4.71077164883458e-15,TRUE
11,"Higher in IPF","ENSG00000187955","COL14A1","collagen type XIV alpha 1 chain","7373",2.96407599461688,8.10201123550485,13.463713800849,2.81207735649159e-24,3.83771866142289e-21,44.7141139086237,"single_mapping_record",1,1,1,TRUE,TRUE,3.00240302968827,3.00588934102666,0.00348631133839072,0.00348631133839072,TRUE,3.93666415322142e-21,4.71077164883458e-15,TRUE
12,"Higher in IPF","ENSG00000156011","PSD3","pleckstrin and Sec7 domain containing 3","23362",1.26361111005742,5.28137989924221,13.3193944845203,5.48428648613598e-24,6.86084239415612e-21,44.0476390089012,"single_mapping_record",1,1,1,TRUE,TRUE,1.26375422734279,1.18531206952989,-0.0784421578129006,0.0784421578129006,TRUE,2.47453698142001e-20,5.54156760399393e-13,TRUE
13,"Higher in IPF","ENSG00000152049","KCNE4","potassium voltage-gated channel subfamily E regulatory subunit 4","23704",2.42966001751258,3.89635708317102,12.7921587222156,7.44665417996352e-23,7.45261150330749e-20,41.4393525477086,"single_mapping_record",1,1,1,TRUE,TRUE,2.49042744132623,2.27531485924655,-0.215112582079679,0.215112582079679,TRUE,6.27892754975007e-20,3.46222121521356e-13,TRUE
14,"Higher in IPF","ENSG00000204291","COL15A1","collagen type XV alpha 1 chain","1306",2.69105180127521,6.89889478396324,12.71735465299,1.07561671144246e-22,1.00919737951089e-19,41.0882329529855,"single_mapping_record",1,1,1,TRUE,TRUE,2.72150118353886,2.60277283629037,-0.118728347248491,0.118728347248491,TRUE,1.38561212629774e-19,5.91605028257297e-13,TRUE
15,"Higher in IPF","ENSG00000115641","FHL2","four and a half LIM domains 2","2274",2.10262399878909,4.81072340252851,12.3226040107447,7.55249859368905e-22,4.92948299515044e-19,39.1931270648333,"single_mapping_record",1,1,1,TRUE,TRUE,2.13751298262347,2.02374478718217,-0.113768195441295,0.113768195441295,TRUE,9.42638834166119e-19,2.56515985587155e-12,TRUE
16,"Higher in IPF","ENSG00000090104","RGS1","regulator of G protein signaling 1","5996",2.38889417070459,6.8233996903337,12.2795586481937,9.34869265297555e-22,5.8476072544362e-19,38.9369550776649,"single_mapping_record",1,1,1,TRUE,TRUE,2.4261922120153,2.02535142184001,-0.400840790175289,0.400840790175289,TRUE,8.89815525733591e-19,5.10218368274618e-11,TRUE
17,"Higher in IPF","ENSG00000164694","FNDC1","fibronectin type III domain containing 1","84624",4.32316991867498,3.27707627010563,12.2565189101181,1.04803249708731e-21,6.05117840241337e-19,38.4691683845421,"single_mapping_record",1,1,1,TRUE,TRUE,4.3324682315398,4.49406096268765,0.161592731147852,0.161592731147852,TRUE,2.41643781213941e-18,4.71077164883458e-15,TRUE
18,"Higher in IPF","ENSG00000178401","DNAJC22","DnaJ heat shock protein family (Hsp40) member C22","79962",2.78042870812081,0.990286106498891,12.1571791580872,1.67145260633724e-21,9.29327649123504e-19,37.0673661787297,"single_mapping_record",1,1,1,TRUE,TRUE,2.82129579293354,3.18151418459501,0.360218391661469,0.360218391661469,TRUE,1.30897674124697e-18,8.71774039717296e-16,TRUE
19,"Higher in IPF","ENSG00000101230","ISM1","isthmin 1","140862",2.27611437536027,4.61380106898221,12.1267697152588,1.99614971578355e-21,1.07022141190509e-18,38.2379573828162,"single_mapping_record",1,1,1,TRUE,TRUE,2.28249458091146,2.40156717690167,0.11907259599021,0.11907259599021,TRUE,5.15808733512103e-18,3.9124781732014e-13,TRUE
20,"Higher in IPF","ENSG00000139330","KERA","keratocan","11081",3.37748939560068,-1.59614984008358,12.0638000772522,2.66039109891418e-21,1.37716521299654e-18,34.0071207224734,"single_mapping_record",1,1,1,TRUE,TRUE,3.34803592716815,3.0991259092712,-0.248910017896959,0.248910017896959,TRUE,8.86391762822706e-18,3.24373919868594e-11,TRUE
21,"Higher in IPF","ENSG00000160469","BRSK1","BR serine/threonine kinase 1","84446",1.68461984637271,2.01990828501805,11.8370355277387,8.24829801376577e-21,3.99430483169844e-18,36.496210386182,"single_mapping_record",1,1,1,TRUE,TRUE,1.6838220367951,1.629968828419,-0.0538532083761016,0.0538532083761016,TRUE,6.8959832331902e-18,6.17775976534858e-12,TRUE
22,"Higher in IPF","ENSG00000115457","IGFBP2","insulin like growth factor binding protein 2","3485",1.66419141708671,6.17217091883125,11.824122778014,9.01893900856919e-21,4.23100976239502e-18,36.6794365641939,"single_mapping_record",1,1,1,TRUE,TRUE,1.68389816730316,1.51122560055303,-0.172672566750131,0.172672566750131,TRUE,7.71816758996278e-18,8.27262787293361e-11,TRUE
23,"Higher in IPF","ENSG00000106819","ASPN","asporin","54829",3.11714414880739,5.76858492413507,11.8101183075682,9.67244146271591e-21,4.40008155267549e-18,36.6628037915389,"single_mapping_record",1,1,1,TRUE,TRUE,3.06990313664082,2.77534274836898,-0.29456038827184,0.29456038827184,TRUE,2.92488146973219e-17,8.27262787293361e-11,TRUE
24,"Higher in IPF","ENSG00000089472","HEPH","hephaestin","9843",1.36658579884501,6.13022856176096,11.7693385546427,1.17950767757674e-20,5.17341544845241e-18,36.407482372737,"single_mapping_record",1,1,1,TRUE,TRUE,1.38524408457664,1.21413093954642,-0.171113145030222,0.171113145030222,TRUE,6.8959832331902e-18,1.25341270980199e-10,TRUE
25,"Higher in IPF","ENSG00000161381","PLXDC1","plexin domain containing 1","57125",1.33634058403917,5.08871095235097,11.6729872223536,1.89615843462989e-20,7.69327849207134e-18,35.9711808156284,"single_mapping_record",1,1,1,TRUE,TRUE,1.37388234388506,1.41985369518216,0.045971351297093,0.045971351297093,TRUE,3.4398508474882e-18,8.41908634873371e-13,TRUE
26,"Higher in IPF","ENSG00000137501","SYTL2","synaptotagmin like 2","54843",1.34737225118501,5.82844479656305,11.6220191219434,2.46327848158291e-20,9.48172732449298e-18,35.6811448039701,"single_mapping_record",1,1,1,TRUE,TRUE,1.30530836326183,1.12604870178476,-0.179259661477073,0.179259661477073,TRUE,2.89239643694953e-17,4.7344596204892e-10,TRUE
27,"Higher in IPF","ENSG00000182463","TSHZ2","teashirt zinc finger homeobox 2","128553",1.89607315819391,4.50065013100564,11.4283501983116,6.54669990759807e-20,2.39705021982591e-17,34.7878346774568,"single_mapping_record",1,1,1,TRUE,TRUE,1.93379256540081,1.97782840995603,0.0440358445552209,0.0440358445552209,TRUE,3.79333046814287e-17,7.20331957444615e-12,TRUE
28,"Higher in IPF","ENSG00000107562","CXCL12","C-X-C motif chemokine ligand 12","6387",1.70340245761962,7.30326237788784,11.3756057966851,8.5327277089471e-20,3.04984067539795e-17,34.4507938883411,"single_mapping_record",1,1,1,TRUE,TRUE,1.71972827623419,1.72724090568656,0.00751262945236819,0.00751262945236819,TRUE,6.16578563772959e-17,8.9383976279562e-12,TRUE
29,"Higher in IPF","ENSG00000172667","ZMAT3","zinc finger matrin-type 3","64393",1.33697332404008,5.67164890333926,11.2398777908862,1.68099284028031e-19,5.73524193597455e-17,33.7773858000154,"single_mapping_record",1,1,1,TRUE,TRUE,1.32021822858107,1.0451633097308,-0.275054918850264,0.275054918850264,TRUE,5.12510994839063e-16,1.57844843253913e-08,TRUE
30,"Higher in IPF","ENSG00000137573","SULF1","sulfatase 1","23213",2.28508844037071,6.39293065975767,11.1933580992666,2.13415793447253e-19,7.11955086940036e-17,33.5457197654135,"single_mapping_record",1,1,1,TRUE,TRUE,2.30324854771949,2.19235012184114,-0.110898425878355,0.110898425878355,TRUE,1.52303936676626e-16,1.11384983550109e-10,TRUE
31,"Higher in IPF","ENSG00000071909","MYO3B","myosin IIIB","140469",3.88925079548346,-0.827222239685295,11.1416060694688,2.71069438349525e-19,8.84629219239798e-17,30.4844544854351,"single_mapping_record",1,1,1,TRUE,TRUE,3.90512338809757,3.92105978169829,0.0159363936007177,0.0159363936007177,TRUE,3.34431706078488e-16,8.08149419275383e-12,TRUE
32,"Higher in IPF","ENSG00000072952","IRAG1","inositol 1,4,5-triphosphate receptor associated 1","10335",1.66411675287801,6.45509722460468,11.126423335045,2.98989593734733e-19,9.35089954405378e-17,33.1972007790235,"single_mapping_record",1,1,1,TRUE,TRUE,1.66107848612091,1.4618519649871,-0.199226521133812,0.199226521133812,TRUE,3.16349252621823e-16,1.39086436766903e-09,TRUE
33,"Higher in IPF","ENSG00000244694","PTCHD4","patched domain containing 4","442213",2.85643841199031,1.49243397291208,11.1038927186734,3.27862912794099e-19,9.84375609373002e-17,32.5434341882666,"single_mapping_record",1,1,1,TRUE,TRUE,2.871181455985,2.50906986088539,-0.362111595099607,0.362111595099607,TRUE,4.12257090927425e-16,2.75341295952865e-10,TRUE
34,"Higher in IPF","ENSG00000169604","ANTXR1","ANTXR cell adhesion molecule 1","84168",1.27598374806686,8.37056020847378,11.095767283874,3.45065541142014e-19,1.01571056933802e-16,33.0951765534082,"single_mapping_record",1,1,1,TRUE,TRUE,1.25148894407564,1.15022618813442,-0.101262755941224,0.101262755941224,TRUE,5.12510994839063e-16,7.13052649829787e-10,TRUE
35,"Higher in IPF","ENSG00000120820","GLT8D2","glycosyltransferase 8 domain containing 2","83468",1.38954171109679,4.71086758607668,11.0755854667343,3.82693220855383e-19,1.10480589066942e-16,33.0168251908509,"single_mapping_record",1,1,1,TRUE,TRUE,1.39452734549238,1.20806711679957,-0.186460228692813,0.186460228692813,TRUE,2.68752883865383e-16,1.46195608415801e-09,TRUE
36,"Higher in IPF","ENSG00000119699","TGFB3","transforming growth factor beta 3","7043",1.97325216945836,5.62594226858877,11.0458008795047,4.48916207914045e-19,1.27153398362371e-16,32.8237465363585,"single_mapping_record",1,1,1,TRUE,TRUE,1.96653157341981,1.77685705052621,-0.189674522893593,0.189674522893593,TRUE,5.12510994839063e-16,8.83660440128346e-10,TRUE
37,"Higher in IPF","ENSG00000121753","ADGRB2","adhesion G protein-coupled receptor B2","576",2.27375563223885,2.11440717954919,11.0326902777328,4.69622410894355e-19,1.30555030228631e-16,32.5653532085411,"single_mapping_record",1,1,1,TRUE,TRUE,2.31802744430695,2.35556807319546,0.0375406288885145,0.0375406288885145,TRUE,2.41916907164561e-16,8.30735458306829e-12,TRUE
38,"Higher in IPF","ENSG00000143248","RGS5","regulator of G protein signaling 5","8490",1.98172768528253,8.39993408078976,10.8865720868647,1.00271315080199e-18,2.55131013895585e-16,32.0379330565946,"single_mapping_record",1,1,1,TRUE,TRUE,1.96014265283231,1.83176434677814,-0.128378306054169,0.128378306054169,TRUE,1.0704694232762e-15,6.61943921995395e-10,TRUE
39,"Higher in IPF","ENSG00000106483","SFRP4","secreted frizzled related protein 4","6424",2.72086015988599,5.46815854774125,10.8680617862569,1.10098667349325e-18,2.75466865708012e-16,31.9714036142572,"single_mapping_record",1,1,1,TRUE,TRUE,2.76202321963307,2.76901517561852,0.00699195598544966,0.00699195598544966,TRUE,3.34431706078488e-16,4.87412619652251e-11,TRUE
40,"Higher in IPF","ENSG00000178662","CSRNP3","cysteine and serine rich nuclear protein 3","80034",1.87017307240106,2.26950579456637,10.8236099993339,1.35083299729348e-18,3.32437786153602e-16,31.6461214228768,"single_mapping_record",1,1,1,TRUE,TRUE,1.88285624806573,1.66589328748107,-0.21696296058466,0.21696296058466,TRUE,9.89118990515695e-16,1.39086436766903e-09,TRUE
41,"Higher in IPF","ENSG00000182871","COL18A1","collagen type XVIII alpha 1 chain","80781",1.32316455588954,8.31808888076061,10.8143532810862,1.4364162838809e-18,3.47798084735807e-16,31.6788790225696,"single_mapping_record",1,1,1,TRUE,TRUE,1.34988533335217,1.46188288611271,0.111997552760542,0.111997552760542,TRUE,3.46680658247075e-16,1.509620112009e-12,TRUE
42,"Higher in IPF","ENSG00000144857","BOC","BOC cell adhesion associated, oncogene regulated","91653",1.8847672545766,5.10313383801891,10.7867210966187,1.66070190479761e-18,3.89538390544089e-16,31.5520463199664,"single_mapping_record",1,1,1,TRUE,TRUE,1.9002791410779,1.68118198876156,-0.219097152316347,0.219097152316347,TRUE,9.24184351305261e-16,1.56825330573045e-09,TRUE
43,"Higher in IPF","ENSG00000176678","FOXL1","forkhead box L1","2300",2.03899365431996,2.3138236813185,10.6686049364367,2.96004203118026e-18,6.73275014728456e-16,30.9000647814182,"single_mapping_record",1,1,1,TRUE,TRUE,2.04430634749294,1.69771156514772,-0.346594782345224,0.346594782345224,TRUE,2.35287639724971e-15,7.14590084990571e-09,TRUE
44,"Higher in IPF","ENSG00000082512","TRAF5","TNF receptor associated factor 5","7188",1.0601447925147,5.22542562373485,10.6331268058153,3.55066665935313e-18,7.72501563626221e-16,30.763002150879,"single_mapping_record",1,1,1,TRUE,TRUE,1.05711077011693,1.08841621364418,0.0313054435272582,0.0313054435272582,TRUE,1.750300347242e-15,8.39767962956503e-11,TRUE
45,"Higher in IPF","ENSG00000110492","MDK","midkine","4192",1.46627372769429,5.18940909888061,10.6292698811231,3.68261597671476e-18,7.7863987383721e-16,30.7428759097368,"single_mapping_record",1,1,1,TRUE,TRUE,1.49597130340868,1.32705906123914,-0.168912242169539,0.168912242169539,TRUE,9.32431674539834e-16,2.9782068349528e-09,TRUE
46,"Higher in IPF","ENSG00000163531","NFASC","neurofascin","23114",1.39347881993006,5.72312480253118,10.5850658072923,4.60603085341298e-18,9.60357432936606e-16,30.4886657454852,"single_mapping_record",1,1,1,TRUE,TRUE,1.39233513203532,0.948958632986636,-0.443376499048679,0.443376499048679,TRUE,2.44198787131125e-15,2.9129153301721e-07,TRUE
47,"Higher in IPF","ENSG00000154553","PDLIM3","PDZ and LIM domain 3","27295",1.66983843873332,6.53805874652562,10.5589160529967,5.2580293821738e-18,1.08128132993415e-15,30.3491841224413,"single_mapping_record",1,1,1,TRUE,TRUE,1.68627428330016,1.63794088411501,-0.0483333991851498,0.0483333991851498,TRUE,1.78397946775613e-15,4.03098070194875e-10,TRUE
48,"Higher in IPF","ENSG00000211448","DIO2","iodothyronine deiodinase 2","1734",4.05446019680179,3.61067723639586,10.5232813408834,6.29780327478368e-18,1.2776030102845e-15,30.2153658413252,"single_mapping_record",1,1,1,TRUE,TRUE,4.10069100102884,4.3469762652744,0.246285264245565,0.246285264245565,TRUE,3.45262208079509e-15,2.71395887350798e-12,TRUE
49,"Higher in IPF","ENSG00000163453","IGFBP7","insulin like growth factor binding protein 7","3490",1.19505282070061,9.6534418124847,10.470220083813,8.10156590896332e-18,1.57948970682282e-15,30.0104892855911,"single_mapping_record",1,1,1,TRUE,TRUE,1.19746916836168,0.942617491624179,-0.254851676737503,0.254851676737503,TRUE,5.7908592868096e-15,1.1239759508692e-07,TRUE
50,"Higher in IPF","ENSG00000163430","FSTL1","follistatin like 1","11167",1.21114990577133,9.1808471525086,10.4407959896999,9.44127137447915e-18,1.77165457342101e-15,29.8429510248086,"single_mapping_record",1,1,1,TRUE,TRUE,1.19730878123817,1.02642370916882,-0.170885072069342,0.170885072069342,TRUE,7.68611851353691e-15,2.76803891145089e-08,TRUE
51,"Higher in IPF","ENSG00000044524","EPHA3","EPH receptor A3","2042",2.54019551734518,4.31458336278159,10.4286671189097,1.01704149335482e-17,1.8849169010176e-15,29.8275720381398,"single_mapping_record",1,1,1,TRUE,TRUE,2.51402577658532,1.83451999809758,-0.679505778487741,0.679505778487741,TRUE,4.9416394267455e-15,2.79764338538307e-08,TRUE
52,"Higher in IPF","ENSG00000083857","FAT1","FAT atypical cadherin 1","2195",1.10518524693396,7.04135350074587,10.4025341488226,1.1500217164057e-17,2.08001518152799e-15,29.5728849084673,"single_mapping_record",1,1,1,TRUE,TRUE,1.09472404980536,1.24284485116748,0.148120801362116,0.148120801362116,TRUE,7.02236320119276e-15,2.68550811118324e-12,TRUE
53,"Higher in IPF","ENSG00000087245","MMP2","matrix metallopeptidase 2","4313",1.44471694796717,9.68771231746737,10.3912513402585,1.22361779575101e-17,2.1867798035493e-15,29.6021648391128,"single_mapping_record",1,1,1,TRUE,TRUE,1.46503020847907,1.39796838444862,-0.0670618240304455,0.0670618240304455,TRUE,2.47174391904011e-15,7.17807913696052e-10,TRUE
54,"Higher in IPF","ENSG00000108947","EFNB3","ephrin B3","1949",2.7442147768881,1.99530569865117,10.3778961495158,1.30304117469474e-17,2.30132401347264e-15,29.2741220141513,"single_mapping_record",1,1,1,TRUE,TRUE,2.76664278591953,2.8296456657498,0.0630028798302646,0.0630028798302646,TRUE,4.9416394267455e-15,5.38559052788948e-11,TRUE
55,"Higher in IPF","ENSG00000101825","MXRA5","matrix remodeling associated 5","25878",2.08432988813555,6.49180994464664,10.3503256177552,1.51274781338858e-17,2.64062443890574e-15,29.3098268732337,"single_mapping_record",1,1,1,TRUE,TRUE,2.11456734272283,2.25781891834612,0.143251575623297,0.143251575623297,TRUE,3.70926707199711e-15,4.2977343498416e-11,TRUE
56,"Higher in IPF","ENSG00000166250","CLMP","CXADR like membrane protein","79827",1.37253151654676,5.70019745580309,10.3408706025588,1.58701531489934e-17,2.70730385309874e-15,29.2621861905359,"single_mapping_record",1,1,1,TRUE,TRUE,1.38386374256188,1.58718156422228,0.203317821660397,0.203317821660397,TRUE,6.10931079334081e-15,5.18702237779747e-12,TRUE
57,"Higher in IPF","ENSG00000139289","PHLDA1","pleckstrin homology like domain family A member 1","22822",1.4536298705343,7.18332223211286,10.3289098810135,1.68621557687878e-17,2.81260758223381e-15,29.1988546697447,"single_mapping_record",1,1,1,TRUE,TRUE,1.44442797004895,1.41612772749241,-0.0283002425565351,0.0283002425565351,TRUE,1.03454659113764e-14,9.480133177643e-10,TRUE
58,"Higher in IPF","ENSG00000106823","ECM2","extracellular matrix protein 2","1842",2.01822726831322,5.55052750919172,10.3034200607821,1.91882078539844e-17,3.16542171762652e-15,29.1079929247967,"single_mapping_record",1,1,1,TRUE,TRUE,1.9938790639794,1.65552077243016,-0.338358291549237,0.338358291549237,TRUE,1.28825867568781e-14,5.20285071764242e-08,TRUE
59,"Higher in IPF","ENSG00000149260","CAPN5","calpain 5","726",1.20509483365914,4.64908700826847,10.2872980576346,2.05937654191066e-17,3.3603652877351e-15,29.0682245624049,"single_mapping_record",1,1,1,TRUE,TRUE,1.23439331818149,1.18355047694975,-0.0508428412317372,0.0508428412317372,TRUE,3.73149162430932e-15,1.14365700546213e-09,TRUE
60,"Higher in IPF","ENSG00000243156","MICAL3","microtubule associated monooxygenase, calponin and LIM domain containing 3","57553",1.16544070285712,4.65134359356445,10.276011223547,2.17474504708521e-17,3.51045942439175e-15,29.0139632086989,"single_mapping_record",1,1,1,TRUE,TRUE,1.15032939165358,1.077718559923,-0.0726108317305763,0.0726108317305763,TRUE,1.01337426322468e-14,4.25226953646765e-09,TRUE
61,"Higher in IPF","ENSG00000143341","HMCN1","hemicentin 1","83872",1.50259669447078,7.52138406133032,10.2739944242282,2.22755574590408e-17,3.52000703763285e-15,28.9318313820188,"single_mapping_record",1,1,1,TRUE,TRUE,1.50022346011557,1.42176953435316,-0.0784539257624111,0.0784539257624111,TRUE,7.88603971611667e-15,2.18242346714834e-09,TRUE
62,"Higher in IPF","ENSG00000143387","CTSK","cathepsin K","1513",1.85261475212802,6.44564316727464,10.2595780710982,2.3964897531144e-17,3.74751085143264e-15,28.8481957511774,"single_mapping_record",1,1,1,TRUE,TRUE,1.86229395948323,1.88891146359347,0.0266175041102368,0.0266175041102368,TRUE,7.88603971611667e-15,3.67461948897849e-10,TRUE
63,"Higher in IPF","ENSG00000166813","KIF7","kinesin family member 7","374654",1.19824143889763,3.22505325783776,10.2513071240012,2.45567547983133e-17,3.80047425806474e-15,28.9675221997112,"single_mapping_record",1,1,1,TRUE,TRUE,1.21368919545476,1.21566606526047,0.00197686980571632,0.00197686980571632,TRUE,7.12029089862723e-15,4.38296408198293e-10,TRUE
64,"Higher in IPF","ENSG00000169851","PCDH7","protocadherin 7","5099",2.06657475124855,4.57233407955604,10.2442345844665,2.5903958510396e-17,3.96806352202106e-15,28.8792885883904,"single_mapping_record",1,1,1,TRUE,TRUE,2.04808156806713,1.90966303369309,-0.138418534374033,0.138418534374033,TRUE,1.65774904222757e-14,3.61423247649919e-09,TRUE
65,"Higher in IPF","ENSG00000163520","FBLN2","fibulin 2","2199",1.93733725896776,7.07387042030965,10.2385564705818,2.66606893327492e-17,4.04272998245688e-15,28.7440339575937,"single_mapping_record",1,1,1,TRUE,TRUE,1.96576587951373,1.57214622927998,-0.393619650233748,0.393619650233748,TRUE,4.47956317327449e-15,5.33006150874181e-08,TRUE
66,"Higher in IPF","ENSG00000156103","MMP16","matrix metallopeptidase 16","4325",3.48775583459409,2.20461622756523,10.2118827201667,3.05224807968588e-17,4.58203481722444e-15,28.4278887661682,"single_mapping_record",1,1,1,TRUE,TRUE,3.49259325666793,3.07057314411103,-0.422020112556896,0.422020112556896,TRUE,1.61196765923089e-14,1.16089342987147e-09,TRUE
67,"Higher in IPF","ENSG00000113657","DPYSL3","dihydropyrimidinase like 3","1809",1.07035956506534,8.29283563512303,10.1627597018265,3.86260504496767e-17,5.62965310049075e-15,28.4146677849301,"single_mapping_record",1,1,1,TRUE,TRUE,1.0432621704541,0.9169632702355,-0.126298900218597,0.126298900218597,TRUE,3.1846242357181e-14,3.84162855420677e-08,TRUE
68,"Higher in IPF","ENSG00000114270","COL7A1","collagen type VII alpha 1 chain","1294",2.8909874465791,5.0795964048455,10.1540406197799,4.09292074537856e-17,5.90797367592529e-15,28.4190023609522,"single_mapping_record",1,1,1,TRUE,TRUE,2.93226561130909,3.19658698145793,0.264321370148837,0.264321370148837,TRUE,1.36827676780439e-14,8.56363094147469e-11,TRUE
69,"Higher in IPF","ENSG00000168077","SCARA3","scavenger receptor class A member 3","51435",1.44347859233134,6.17246100137105,10.098093114937,5.43617034899125e-17,7.69884804519402e-15,28.0291555302464,"single_mapping_record",1,1,1,TRUE,TRUE,1.46810599476798,1.35247066409615,-0.11563533067183,0.11563533067183,TRUE,1.12815899661527e-14,6.04247566982128e-09,TRUE
70,"Higher in IPF","ENSG00000116717","GADD45A","growth arrest and DNA damage inducible alpha","1647",1.46736046362766,5.55234592584069,10.0936869702989,5.55905649610963e-17,7.79930431024278e-15,28.0278521390201,"single_mapping_record",1,1,1,TRUE,TRUE,1.48168996828749,1.27080485339829,-0.210885114889196,0.210885114889196,TRUE,1.30849685708559e-14,2.98557586014755e-08,TRUE
71,"Higher in IPF","ENSG00000151067","CACNA1C;CACNA1C-IT2","CACNA1C intronic transcript 2;calcium voltage-gated channel subunit alpha1 C","100874369;775",1.06852673945673,5.76358505978887,10.0739198889088,6.09329647830561e-17,8.4696821048448e-15,27.9154253869022,"multiple_mapping_records",2,2,2,FALSE,FALSE,1.06915224283011,1.03065416610952,-0.0384980767205931,0.0384980767205931,TRUE,1.57191703998637e-14,2.66235969263735e-09,TRUE
72,"Higher in IPF","ENSG00000099256","PRTFDC1","phosphoribosyl transferase domain containing 1","56952",1.06404689573669,3.03166997778397,10.0546051058187,6.66591712866254e-17,9.18061907664972e-15,27.9859962814697,"single_mapping_record",1,1,1,TRUE,TRUE,1.0581096006236,0.955126871964974,-0.102982728658623,0.102982728658623,TRUE,2.80150264124322e-14,1.71766402168851e-08,TRUE
73,"Higher in IPF","ENSG00000154096","THY1","Thy-1 cell surface antigen","7070",3.07425277511949,6.7859169765872,10.0091615291143,8.53595101951597e-17,1.16373947148071e-14,27.6140862647246,"single_mapping_record",1,1,1,TRUE,TRUE,3.15367927595195,3.40972824443559,0.256048968483638,0.256048968483638,TRUE,6.10931079334081e-15,4.78883122362309e-11,TRUE
74,"Higher in IPF","ENSG00000125869","LAMP5","lysosomal associated membrane protein family member 5","24141",3.1746909784862,1.93520551579261,9.9809198438702,9.8511703437919e-17,1.29724358948249e-14,27.3033833638119,"single_mapping_record",1,1,1,TRUE,TRUE,3.22085264694411,2.88010602854817,-0.34074661839594,0.34074661839594,TRUE,2.66362302575758e-14,1.55338247030117e-09,TRUE
75,"Higher in IPF","ENSG00000145423","SFRP2","secreted frizzled related protein 2","6423",3.57294035902604,7.17852694793494,9.94461045232275,1.18441919125275e-16,1.51970093154583e-14,27.2959260788561,"single_mapping_record",1,1,1,TRUE,TRUE,3.66442650830371,3.59389164787946,-0.0705348604242437,0.0705348604242437,TRUE,1.01395792214059e-14,8.83660440128346e-10,TRUE
76,"Higher in IPF","ENSG00000175600","SUGCT","succinyl-CoA:glutarate-CoA transferase","79783",1.90198342391736,1.15104821196266,9.91349991916183,1.36480837030388e-16,1.73631383516965e-14,26.8708922711399,"single_mapping_record",1,1,1,TRUE,TRUE,1.92728434185108,2.00396446400404,0.0766801221529589,0.0766801221529589,TRUE,1.65774904222757e-14,1.65131929865155e-10,TRUE
77,"Higher in IPF","ENSG00000117122","MFAP2","microfibril associated protein 2","4237",1.89357928673159,3.98891047204867,9.90584731342511,1.44189344337742e-16,1.78890118776709e-14,27.2173626452787,"single_mapping_record",1,1,1,TRUE,TRUE,1.91541950993799,1.99090553080097,0.075486020862978,0.075486020862978,TRUE,2.80517790198195e-14,2.49013580716755e-10,TRUE
78,"Higher in IPF","ENSG00000173068","BNC2","basonuclin zinc finger protein 2","54796",1.27356560776226,5.02200408357848,9.90602052336001,1.43675280146734e-16,1.78890118776709e-14,27.1143454716776,"single_mapping_record",1,1,1,TRUE,TRUE,1.25420931032823,1.27872946669763,0.024520156369396,0.024520156369396,TRUE,5.48641554111003e-14,1.56825330573045e-09,TRUE
79,"Higher in IPF","ENSG00000135424","ITGA7","integrin subunit alpha 7","3679",1.86618784467927,6.00816318869099,9.87166235074658,1.71503351410851e-16,2.05968664910375e-14,26.9046481697867,"single_mapping_record",1,1,1,TRUE,TRUE,1.90433225652584,1.90256800813482,-0.00176424839101563,0.00176424839101563,TRUE,2.24596116446427e-14,1.39086436766903e-09,TRUE
80,"Higher in IPF","ENSG00000149256","TENM4","teneurin transmembrane protein 4","26011",1.75190705621199,3.2946020584058,9.85459520909854,1.85567275067159e-16,2.21090153437157e-14,26.9841455126823,"single_mapping_record",1,1,1,TRUE,TRUE,1.78319774613458,1.86486342555508,0.0816656794205011,0.0816656794205011,TRUE,3.05841150823992e-14,2.21660696522431e-10,TRUE
81,"Higher in IPF","ENSG00000139971","ARMH4","armadillo like helical domain containing 4","145407",1.64363288298726,2.49264106929824,9.81983642461334,2.19615861006752e-16,2.57568226986981e-14,26.7717562677681,"single_mapping_record",1,1,1,TRUE,TRUE,1.60023495663375,1.55772672411479,-0.042508232518953,0.042508232518953,TRUE,8.56191723254213e-14,3.32861640353977e-09,TRUE
82,"Higher in IPF","ENSG00000102271","KLHL4","kelch like family member 4","56062",2.41318431495426,2.39966776366688,9.8119849393862,2.3106181404399e-16,2.66823073263721e-14,26.6697098099295,"single_mapping_record",1,1,1,TRUE,TRUE,2.38139245459975,2.15921345762863,-0.222178996971119,0.222178996971119,TRUE,5.50913135847138e-14,5.98214154572914e-09,TRUE
83,"Higher in IPF","ENSG00000100473","COCH","cochlin","1690",2.16720564652184,1.08713341781247,9.79789660458102,2.4550215518393e-16,2.7920290557736e-14,26.2526555375017,"single_mapping_record",1,1,1,TRUE,TRUE,2.19513322408348,2.09214783407992,-0.102985390003555,0.102985390003555,TRUE,4.83705435487743e-14,4.05236062457679e-09,TRUE
84,"Higher in IPF","ENSG00000087258","GNAO1","G protein subunit alpha o1","2775",1.75280404210234,2.75274815972866,9.78744829856393,2.59249031323107e-16,2.92620034452818e-14,26.6347510099578,"single_mapping_record",1,1,1,TRUE,TRUE,1.78228914998193,1.92706741145145,0.14477826146952,0.14477826146952,TRUE,4.59154630578205e-14,9.44675468115369e-11,TRUE
85,"Higher in IPF","ENSG00000156804","FBXO32","F-box protein 32","114907",1.73027610629993,5.35450880462105,9.78083681914734,2.71919261499217e-16,3.04630742807929e-14,26.4763091504604,"single_mapping_record",1,1,1,TRUE,TRUE,1.74132477803636,1.78078179582348,0.0394570177871219,0.0394570177871219,TRUE,8.58163029893473e-14,1.75545411059917e-09,TRUE
86,"Higher in IPF","ENSG00000105696","TMEM59L","transmembrane protein 59 like","25789",2.98916282900205,1.38934444826016,9.7515639251518,3.12922413240104e-16,3.45411122614738e-14,26.0162906969479,"single_mapping_record",1,1,1,TRUE,TRUE,3.0655836145977,3.27899378712833,0.213410172530629,0.213410172530629,TRUE,4.1031859315273e-14,3.90601468419347e-11,TRUE
87,"Higher in IPF","ENSG00000166402","TUB","TUB bipartite transcription factor","7275",1.25189774084465,4.5312866361058,9.73609873880258,3.38899152684404e-16,3.71354312415932e-14,26.309317138182,"single_mapping_record",1,1,1,TRUE,TRUE,1.24498204045293,1.144653758135,-0.10032828231793,0.10032828231793,TRUE,1.05516916591721e-13,3.23562227195391e-08,TRUE
88,"Higher in IPF","ENSG00000164932","CTHRC1","collagen triple helix repeat containing 1","115908",3.00199623274818,4.11012506892346,9.72548886832005,3.60091983875549e-16,3.9171745376375e-14,26.3331141716703,"single_mapping_record",1,1,1,TRUE,TRUE,3.01845297810624,3.07622429122126,0.0577713131150204,0.0577713131150204,TRUE,1.09695371555647e-13,2.85419851999375e-10,TRUE
89,"Higher in IPF","ENSG00000166147","FBN1","fibrillin 1","2200",1.35402888132948,8.29778680538092,9.69901117370214,4.11870674535946e-16,4.32377801827526e-14,26.068397784381,"single_mapping_record",1,1,1,TRUE,TRUE,1.34170978055585,1.30341402722588,-0.038295753329965,0.038295753329965,TRUE,1.4851237134109e-13,8.02220795167666e-09,TRUE
90,"Higher in IPF","ENSG00000075223","SEMA3C","semaphorin 3C","10512",1.18931760483096,6.2271610599086,9.62949725212562,5.86046004951443e-16,5.94440717995342e-14,25.6636031071121,"single_mapping_record",1,1,1,TRUE,TRUE,1.17014313088122,1.26591707329297,0.0957739424117539,0.0957739424117539,TRUE,1.91528625763137e-13,4.38296408198293e-10,TRUE
91,"Higher in IPF","ENSG00000131711","MAP1B","microtubule associated protein 1B","4131",1.45323703823213,6.70709807187499,9.60922496544458,6.49525794114385e-16,6.54408135654037e-14,25.5657251642878,"single_mapping_record",1,1,1,TRUE,TRUE,1.49345387446192,1.293985633,-0.199468241461914,0.199468241461914,TRUE,5.35526698821476e-14,6.31778342079057e-08,TRUE
92,"Higher in IPF","ENSG00000164946","FREM1","FRAS1 related extracellular matrix 1","158326",1.46063414556258,4.40648197125807,9.55429901461734,8.5822094301423e-16,8.47606105034843e-14,25.4145915879945,"single_mapping_record",1,1,1,TRUE,TRUE,1.44813031848943,1.2914642913565,-0.156666027132931,0.156666027132931,TRUE,2.28605032195738e-13,5.51359729329685e-08,TRUE
93,"Higher in IPF","ENSG00000168386","FILIP1L","filamin A interacting protein 1 like","11259",1.35684475078228,7.09070745031698,9.5409951556588,9.18131090889589e-16,8.94998956911332e-14,25.229870467579,"single_mapping_record",1,1,1,TRUE,TRUE,1.37661222186726,1.1351500456329,-0.241462176234362,0.241462176234362,TRUE,1.15217424616903e-13,2.78103008079679e-07,TRUE
94,"Higher in IPF","ENSG00000149090","PAMR1","peptidase domain containing associated with muscle regeneration 1","25891",2.4258771150507,4.01975194316428,9.52240104658397,1.0089308584833e-15,9.77165809519442e-14,25.3149835789443,"single_mapping_record",1,1,1,TRUE,TRUE,2.48419072297815,2.44936373248198,-0.0348269904961627,0.0348269904961627,TRUE,9.44769604596463e-14,1.93830865249822e-09,TRUE
95,"Higher in IPF","ENSG00000154040","CABYR","calcium binding tyrosine phosphorylation regulated","26256",2.33655826372014,0.258483891198162,9.51435019596607,1.03587338592917e-15,9.96828927536459e-14,24.4780652661639,"single_mapping_record",1,1,1,TRUE,TRUE,2.41595842605801,2.42969076669482,0.0137323406368073,0.0137323406368073,TRUE,6.53641282534737e-14,7.87443205019655e-10,TRUE
96,"Higher in IPF","ENSG00000164692","COL1A2","collagen type I alpha 2 chain","1278",1.74959008381916,10.7965137108722,9.50845309311639,1.08288518908965e-15,1.03543136679069e-13,25.2069738829464,"single_mapping_record",1,1,1,TRUE,TRUE,1.75432755492521,1.78125081800618,0.0269232630809699,0.0269232630809699,TRUE,2.37785597760087e-13,2.52851954471265e-09,TRUE
97,"Higher in IPF","ENSG00000181291","TMEM132E","transmembrane protein 132E","124842",2.77506652292178,-0.379124602265721,9.49379788622697,1.14976177082214e-15,1.09241922174569e-13,23.8821706584997,"single_mapping_record",1,1,1,TRUE,TRUE,2.77546396628614,2.69881295920785,-0.0766510070782918,0.0766510070782918,TRUE,2.46855212891624e-13,4.68551678280726e-09,TRUE
98,"Higher in IPF","ENSG00000213694","S1PR3","sphingosine-1-phosphate receptor 3","1903",1.59728175662968,5.42242894953581,9.48602144974461,1.21334921891839e-15,1.14558480971087e-13,24.9829169735465,"single_mapping_record",1,1,1,TRUE,TRUE,1.60986556614993,1.62296845906742,0.0131028929174934,0.0131028929174934,TRUE,2.55498409153882e-13,6.0365811129561e-09,TRUE
99,"Higher in IPF","ENSG00000149294","NCAM1","neural cell adhesion molecule 1","4684",1.85887132198197,3.39963057345273,9.47389724878198,1.28851285293916e-15,1.201438195548e-13,25.0865520538836,"single_mapping_record",1,1,1,TRUE,TRUE,1.81560004972064,1.57475200505573,-0.240848044664905,0.240848044664905,TRUE,3.08011459996186e-13,9.50801060692626e-08,TRUE
100,"Higher in IPF","ENSG00000133110","POSTN","periostin","10631",2.7286364010463,8.35565671168314,9.4455196627922,1.48996368577009e-15,1.35046588957011e-13,24.7968292109573,"single_mapping_record",1,1,1,TRUE,TRUE,2.76585404758104,2.96953906553295,0.203685017951908,0.203685017951908,TRUE,1.51026435152383e-13,2.30386410174049e-10,TRUE
101,"Higher in IPF","ENSG00000128606","LRRC17","leucine rich repeat containing 17","10234",2.48782198886359,3.41278803528328,9.44582144273807,1.48768568378451e-15,1.35046588957011e-13,24.94606787002,"single_mapping_record",1,1,1,TRUE,TRUE,2.47019234836216,2.22106033895426,-0.249132009407899,0.249132009407899,TRUE,3.95759412278081e-13,2.99573892363436e-08,TRUE
102,"Higher in IPF","ENSG00000165731","RET","ret proto-oncogene","5979",2.06975727418841,1.50320064797304,9.44227701064124,1.49332092771541e-15,1.35046588957011e-13,24.7053557159245,"single_mapping_record",1,1,1,TRUE,TRUE,2.11557504794352,1.87938536255502,-0.236189685388506,0.236189685388506,TRUE,1.87066973773394e-13,2.63282241533393e-08,TRUE
103,"Higher in IPF","ENSG00000115461","IGFBP5","insulin like growth factor binding protein 5","3488",1.89809380897872,9.50614554014895,9.42941784326908,1.61670046125029e-15,1.41929282598184e-13,24.764830007613,"single_mapping_record",1,1,1,TRUE,TRUE,1.84543186269344,1.67466941594235,-0.170762446751091,0.170762446751091,TRUE,5.82670190586402e-13,9.64644981668991e-08,TRUE
104,"Higher in IPF","ENSG00000122870","BICC1","BicC family RNA binding protein 1","80114",1.34670000170427,5.28734752223619,9.43081705652202,1.60527262039852e-15,1.41929282598184e-13,24.7056501449775,"single_mapping_record",1,1,1,TRUE,TRUE,1.32686120898648,1.17901185271336,-0.147849356273119,0.147849356273119,TRUE,5.82670190586402e-13,1.69243121681415e-07,TRUE
105,"Higher in IPF","ENSG00000017427","IGF1","insulin like growth factor 1","3479",2.47198583650459,6.0674504614694,9.418804465632,1.70607167519084e-15,1.48904348767238e-13,24.645741480975,"single_mapping_record",1,1,1,TRUE,TRUE,2.51441124061322,2.61276764526378,0.0983564046505574,0.0983564046505574,TRUE,2.1650281446727e-13,2.79796072146122e-09,TRUE
106,"Higher in IPF","ENSG00000180875","GREM2","gremlin 2, DAN family BMP antagonist","64388",2.29712472355807,2.96821175116393,9.40933275116898,1.78998908114269e-15,1.54432851069621e-13,24.7544870882375,"single_mapping_record",1,1,1,TRUE,TRUE,2.25082596245291,2.35792085964292,0.107094897190009,0.107094897190009,TRUE,6.23608305460461e-13,1.38088138796864e-09,TRUE
107,"Higher in IPF","ENSG00000125046","SSUH2","ssu-2 homolog","51066",3.60351490859024,-0.465690157818713,9.38894023501621,1.95736912602371e-15,1.67908716113531e-13,23.0709368786328,"single_mapping_record",1,1,1,TRUE,TRUE,3.61960421893653,4.10366556646448,0.484061347527952,0.484061347527952,TRUE,4.38914157406655e-13,2.10959528266092e-11,TRUE
108,"Higher in IPF","ENSG00000117600","PLPPR4","phospholipid phosphatase related 4","9890",2.47326711642041,3.87840078311051,9.36819882097448,2.20495853503613e-15,1.88072940499786e-13,24.5562381125091,"single_mapping_record",1,1,1,TRUE,TRUE,2.43803341061216,2.29079430787775,-0.147239102734412,0.147239102734412,TRUE,7.45373390699953e-13,3.55904798468087e-08,TRUE
109,"Higher in IPF","ENSG00000142920","AZIN2","antizyme inhibitor 2","113451",1.16682842754748,2.48313046637194,9.32070651709354,2.76674061089057e-15,2.3333882050949e-13,24.3262215212299,"single_mapping_record",1,1,1,TRUE,TRUE,1.18273514816558,1.17694427566393,-0.00579087250164578,0.00579087250164578,TRUE,3.57003727055891e-13,8.77976722899214e-09,TRUE
110,"Higher in IPF","ENSG00000002746","HECW1","HECT, C2 and WW domain containing E3 ubiquitin protein ligase 1","23072",2.83662145559873,-0.28036029588178,9.30598184958406,2.98122160903365e-15,2.47260214335984e-13,23.056183112995,"single_mapping_record",1,1,1,TRUE,TRUE,2.82723605385873,2.88680353201124,0.05956747815251,0.05956747815251,TRUE,8.76388026169728e-13,2.9782068349528e-09,TRUE
111,"Higher in IPF","ENSG00000149633","KIAA1755","KIAA1755","85449",1.7589222963259,3.04685479958054,9.2983891807459,3.12155135381463e-15,2.57476532546512e-13,24.2214245229883,"single_mapping_record",1,1,1,TRUE,TRUE,1.79581969347188,1.73609411521263,-0.0597255782592494,0.0597255782592494,TRUE,2.7931765350511e-13,9.62624897512503e-09,TRUE
112,"Higher in IPF","ENSG00000123096","SSPN","sarcospan","8082",1.59489147353234,5.14320516356327,9.27471429134069,3.54092674268895e-15,2.88893436202427e-13,23.9441519729411,"single_mapping_record",1,1,1,TRUE,TRUE,1.56337303585417,1.17718832836528,-0.386184707488886,0.386184707488886,TRUE,1.35076276824579e-12,3.08463469487116e-06,TRUE
113,"Higher in IPF","ENSG00000143494","VASH2","vasohibin 2","79805",1.96591530974267,2.48249229306648,9.26595465251711,3.67416257245007e-15,2.98143397500651e-13,24.0339227500928,"single_mapping_record",1,1,1,TRUE,TRUE,1.95936526473812,1.99083380058196,0.0314685358438409,0.0314685358438409,TRUE,8.57746931072203e-13,6.2187894103049e-09,TRUE
114,"Higher in IPF","ENSG00000115252","PDE1A","phosphodiesterase 1A","5136",1.67260989040221,3.85153293950628,9.23890319091681,4.24511693213908e-15,3.40789814894502e-13,23.8866480058142,"single_mapping_record",1,1,1,TRUE,TRUE,1.66201414489045,1.22752778608412,-0.434486358806331,0.434486358806331,TRUE,9.73537240852339e-13,2.65026623538313e-06,TRUE
115,"Higher in IPF","ENSG00000176531","PHLDB3","pleckstrin homology like domain family B member 3","653583",1.05820042972954,2.7976498280234,9.21195040898083,4.80168119157751e-15,3.81390677502442e-13,23.8003593512866,"single_mapping_record",1,1,1,TRUE,TRUE,1.05687064949568,0.895207811232619,-0.161662838263061,0.161662838263061,TRUE,6.23608305460461e-13,3.97560946475042e-07,TRUE
116,"Higher in IPF","ENSG00000119681","LTBP2","latent transforming growth factor beta binding protein 2","4053",1.16813190867016,8.98573115819519,9.20930509317246,4.91001124024242e-15,3.87942572307996e-13,23.645051003066,"single_mapping_record",1,1,1,TRUE,TRUE,1.15859627553653,0.948098309512154,-0.210497966024379,0.210497966024379,TRUE,1.09898644558496e-12,1.60171223751812e-06,TRUE
117,"Higher in IPF","ENSG00000111087","GLI1","GLI family zinc finger 1","2735",2.07235336558709,2.6472163878427,9.20224428636608,5.09270823333964e-15,4.0027086910416e-13,23.725339086972,"single_mapping_record",1,1,1,TRUE,TRUE,2.05828474075532,2.11457340912121,0.0562886683658923,0.0562886683658923,TRUE,1.04422262625266e-12,4.08213371276989e-09,TRUE
118,"Higher in IPF","ENSG00000116141","MARK1","microtubule affinity regulating kinase 1","4139",1.21968028828932,3.65225926947519,9.14515255059222,6.73566768483901e-15,5.21215687035068e-13,23.4353714963575,"single_mapping_record",1,1,1,TRUE,TRUE,1.20462277426961,1.27725478886896,0.0726320145993504,0.0726320145993504,TRUE,2.34500772620022e-12,7.14369199871797e-09,TRUE
119,"Higher in IPF","ENSG00000139220","PPFIA2","PTPRF interacting protein alpha 2","8499",2.0531430266705,1.75207022736567,9.13104436544124,7.23415283410568e-15,5.51264478911647e-13,23.2669871077897,"single_mapping_record",1,1,1,TRUE,TRUE,2.06702033516017,1.93145891581305,-0.13556141934712,0.13556141934712,TRUE,1.17866857608982e-12,5.08486278387863e-08,TRUE
120,"Higher in IPF","ENSG00000276600","RAB7B","RAB7B, member RAS oncogene family","338382",1.22993784916994,4.19110762044377,9.09546645886931,8.71519426469262e-15,6.47685625255275e-13,23.1354372077892,"single_mapping_record",1,1,1,TRUE,TRUE,1.25353371225139,1.43066803220711,0.177134319955724,0.177134319955724,TRUE,8.18842552729875e-13,3.67461948897849e-10,TRUE
121,"Higher in IPF","ENSG00000138316","ADAMTS14","ADAM metallopeptidase with thrombospondin type 1 motif 14","140766",2.94967233550882,3.19420142979908,9.07667043978015,9.64922577218287e-15,7.10069496529457e-13,23.1116395716828,"single_mapping_record",1,1,1,TRUE,TRUE,3.02724321669323,3.71553440135264,0.688291184659402,0.688291184659402,TRUE,1.02626730899251e-12,4.84964199018907e-12,TRUE
122,"Higher in IPF","ENSG00000123243","ITIH5","inter-alpha-trypsin inhibitor heavy chain 5","80760",1.28148819249855,6.61135131533689,9.06909571197166,1.00260762448859e-14,7.34202227259645e-13,22.8482155047093,"single_mapping_record",1,1,1,TRUE,TRUE,1.32108020914798,1.06334744483657,-0.257732764311418,0.257732764311418,TRUE,3.71372897094677e-13,8.40765190867225e-07,TRUE
123,"Higher in IPF","ENSG00000186340","THBS2","thrombospondin 2","7058",2.05522558291178,6.77097087308151,9.04458246668902,1.13492917077166e-14,8.27065859787578e-13,22.7400827511182,"single_mapping_record",1,1,1,TRUE,TRUE,2.04621889701243,1.97688793444307,-0.0693309625693683,0.0693309625693683,TRUE,1.6223964081111e-12,4.83275021085253e-08,TRUE
124,"Higher in IPF","ENSG00000066382","MPPED2","metallophosphoesterase domain containing 2","744",2.4324532550778,0.48393167085594,9.00351366496457,1.37947343079956e-14,9.91977250199129e-13,22.1842156724764,"single_mapping_record",1,1,1,TRUE,TRUE,2.29761395580069,2.13777512497931,-0.159838830821384,0.159838830821384,TRUE,3.35724432955243e-12,7.10558657174802e-08,TRUE
125,"Higher in IPF","ENSG00000171408","PDE7B","phosphodiesterase 7B","27115",1.66915719738256,3.47098625103445,8.97921495619602,1.57532757051951e-14,1.12613416612566e-12,22.6275823307186,"single_mapping_record",1,1,1,TRUE,TRUE,1.66199621806881,1.57882073156942,-0.0831754864993899,0.0831754864993899,TRUE,3.23941249214591e-12,8.29798552540535e-08,TRUE
126,"Higher in IPF","ENSG00000221866","PLXNA4","plexin A4","91584",2.08676520433799,4.74525678634015,8.97848052030214,1.58520516074682e-14,1.12782463853703e-12,22.5284749876571,"single_mapping_record",1,1,1,TRUE,TRUE,2.10768226460382,2.27064654195984,0.16296427735602,0.16296427735602,TRUE,2.34263000624086e-12,4.374586227909e-09,TRUE
127,"Higher in IPF","ENSG00000125675","GRIA3","glutamate ionotropic receptor AMPA type subunit 3","2892",2.41552718446807,0.788749103595256,8.94678045894163,1.83785150106123e-14,1.29529702976203e-12,22.0587378883644,"single_mapping_record",1,1,1,TRUE,TRUE,2.44438622941678,2.30443997500888,-0.139946254407895,0.139946254407895,TRUE,2.34263000624086e-12,5.22722337758843e-08,TRUE
128,"Higher in IPF","ENSG00000108821","COL1A1","collagen type I alpha 1 chain","1277",2.38110471739865,9.8803012964677,8.88663407369634,2.52092528752191e-14,1.75204307482773e-12,22.0617573336506,"single_mapping_record",1,1,1,TRUE,TRUE,2.38395829773762,2.42177945299613,0.0378211552585177,0.0378211552585177,TRUE,3.68739538898183e-12,1.47978521832433e-08,TRUE
129,"Higher in IPF","ENSG00000109265","CRACD","capping protein inhibiting regulator of actin dynamics","57482",2.11942882481804,2.44438541051437,8.86280059635418,2.83442804453538e-14,1.91668620741284e-12,22.0470459357342,"single_mapping_record",1,1,1,TRUE,TRUE,2.1177824139862,1.96120924391939,-0.156573170066805,0.156573170066805,TRUE,3.81786088338796e-12,1.40036469783354e-07,TRUE
130,"Higher in IPF","ENSG00000173848","NET1","neuroepithelial cell transforming 1","10276",1.05569053540828,6.15481865721792,8.84695619859478,3.07747219908138e-14,2.044204099673e-12,21.7334269944177,"single_mapping_record",1,1,1,TRUE,TRUE,1.03818306693722,1.02128845385484,-0.0168946130823797,0.0168946130823797,TRUE,1.00028501550874e-11,1.25988139735285e-07,TRUE
131,"Higher in IPF","ENSG00000106809","OGN","osteoglycin","4969",2.1919803900122,5.51804636461978,8.82154773334136,3.5011429812448e-14,2.28518080149769e-12,21.6778299597798,"single_mapping_record",1,1,1,TRUE,TRUE,2.1873666805714,1.77273214176544,-0.414634538805957,0.414634538805957,TRUE,6.57738743242886e-12,2.26062870592349e-06,TRUE
132,"Higher in IPF","ENSG00000144668","ITGA9","integrin subunit alpha 9","3680",1.11907399307477,6.30857775379916,8.81558677611156,3.60802081673224e-14,2.34474495674391e-12,21.5777190832407,"single_mapping_record",1,1,1,TRUE,TRUE,1.12570786924564,0.888341625223966,-0.237366244021669,0.237366244021669,TRUE,4.06733359262343e-12,4.71756125443409e-06,TRUE
133,"Higher in IPF","ENSG00000132000","PODNL1","podocan like 1","79883",1.766819653142,2.55810804296907,8.80314710251126,3.8135797441968e-14,2.44655808204625e-12,21.7716932436368,"single_mapping_record",1,1,1,TRUE,TRUE,1.76985172603455,1.76850624915816,-0.00134547687639763,0.00134547687639763,TRUE,3.67299370566723e-12,2.21912040271438e-08,TRUE
134,"Higher in IPF","ENSG00000135052","GOLM1","golgi membrane protein 1","51280",1.33391555093032,5.52450199146465,8.79758400579869,3.95096813116331e-14,2.50261323143559e-12,21.5180200453887,"single_mapping_record",1,1,1,TRUE,TRUE,1.37261736675431,1.51641637843862,0.143799011684307,0.143799011684307,TRUE,2.3682261329385e-12,2.52851954471265e-09,TRUE
135,"Higher in IPF","ENSG00000079931","MOXD1","monooxygenase DBH like 1","26002",1.50825202260038,6.81499539194048,8.78454780973365,4.21942661145498e-14,2.66142992820009e-12,21.4294325783039,"single_mapping_record",1,1,1,TRUE,TRUE,1.51930632605245,1.471455793308,-0.0478505327444529,0.0478505327444529,TRUE,3.89273889682442e-12,8.33331130960653e-08,TRUE
136,"Higher in IPF","ENSG00000187634","SAMD11","sterile alpha motif domain containing 11","148398",2.02230258615245,3.42819163146573,8.77792774251379,4.36264556576653e-14,2.72883480138697e-12,21.6365719525859,"single_mapping_record",1,1,1,TRUE,TRUE,2.04435007315184,1.96351873650223,-0.0808313366496149,0.0808313366496149,TRUE,3.97769241690973e-12,5.88079309155525e-08,TRUE
137,"Higher in IPF","ENSG00000078269","SYNJ2","synaptojanin 2","8871",1.06390311602674,4.65749350193909,8.76406956803366,4.65087150927e-14,2.89704909116851e-12,21.419847487872,"single_mapping_record",1,1,1,TRUE,TRUE,1.05491320461095,1.15173241369535,0.0968192090843958,0.0968192090843958,TRUE,7.48399140010004e-12,7.14369199871797e-09,TRUE
138,"Higher in IPF","ENSG00000132465","JCHAIN","joining chain of multimeric IgA and IgM","3512",2.85464734928868,8.54890532486937,8.70904356966558,6.1733052382347e-14,3.77229399389703e-12,21.1166812415274,"single_mapping_record",1,1,1,TRUE,TRUE,2.8658084677893,2.83700624776332,-0.0288022200259856,0.0288022200259856,TRUE,3.46101345834754e-12,3.07556591459018e-08,TRUE
139,"Higher in IPF","ENSG00000169676","DRD5","dopamine receptor D5","1816",3.92159197740571,-1.50682786534078,8.6538754248792,8.07230369187855e-14,4.81736745578744e-12,19.5049078567694,"single_mapping_record",1,1,1,TRUE,TRUE,4.02729716874546,4.48443461486191,0.457137446116453,0.457137446116453,TRUE,3.89273889682442e-12,4.04350949341681e-10,TRUE
140,"Higher in IPF","ENSG00000122691","TWIST1","twist family bHLH transcription factor 1","7291",3.61809484924976,-0.180051117927995,8.6541326428559,8.08670795935541e-14,4.81736745578744e-12,20.0498640263296,"single_mapping_record",1,1,1,TRUE,TRUE,3.63013304860384,3.46999270507933,-0.160140343524517,0.160140343524517,TRUE,1.00534882881312e-11,4.48098425166945e-08,TRUE
141,"Higher in IPF","ENSG00000218336","TENM3","teneurin transmembrane protein 3","55714",1.78322546981394,3.23039346373963,8.65594484393451,8.06566530721805e-14,4.81736745578744e-12,21.0393641285536,"single_mapping_record",1,1,1,TRUE,TRUE,1.78162950541704,1.65978838107742,-0.121841124339624,0.121841124339624,TRUE,1.00028501550874e-11,2.20290271392024e-07,TRUE
142,"Higher in IPF","ENSG00000144810","COL8A1","collagen type VIII alpha 1 chain","1295",1.1894625898657,7.4732796338885,8.65839057615755,7.966975601658e-14,4.81736745578744e-12,20.8193768451042,"single_mapping_record",1,1,1,TRUE,TRUE,1.1706407252743,1.06647860210582,-0.104162123168484,0.104162123168484,TRUE,1.57591578465722e-11,8.47840940831153e-07,TRUE
143,"Higher in IPF","ENSG00000005471","ABCB4","ATP binding cassette subfamily B member 4","5244",2.18096751949538,-0.215511588139881,8.65122780443358,8.16744533117324e-14,4.84623277911354e-12,20.2520246942829,"single_mapping_record",1,1,1,TRUE,TRUE,2.24418336376484,2.21812009849513,-0.0260632652697113,0.0260632652697113,TRUE,4.57221046728927e-12,3.47214122851983e-08,TRUE
144,"Higher in IPF","ENSG00000003096","KLHL13","kelch like family member 13","90293",2.16722895329745,2.70762166832147,8.64959050257818,8.32780969031877e-14,4.92193224689234e-12,21.0123388538414,"single_mapping_record",1,1,1,TRUE,TRUE,2.14112818000629,2.05069954280738,-0.0904286371989138,0.0904286371989138,TRUE,1.44712191814902e-11,1.73338256242231e-07,TRUE
145,"Higher in IPF","ENSG00000103742","IGDCC4","immunoglobulin superfamily DCC subclass member 4","57722",2.63075991016899,2.71089525339356,8.64566002522749,8.49419415503262e-14,5.00058206491567e-12,20.9824351406754,"single_mapping_record",1,1,1,TRUE,TRUE,2.64917376591563,2.7886433096549,0.139469543739266,0.139469543739266,TRUE,8.87694864834124e-12,7.14590084990571e-09,TRUE
146,"Higher in IPF","ENSG00000154511","DIPK1A","divergent protein kinase domain 1A","388650",1.12160844103477,3.65861171176517,8.63945925705225,8.66618186130647e-14,5.06060780916519e-12,20.9216502283054,"single_mapping_record",1,1,1,TRUE,TRUE,1.11899127864277,1.07704883150826,-0.0419424471345113,0.0419424471345113,TRUE,1.46242657513743e-11,2.41281521300091e-07,TRUE
147,"Higher in IPF","ENSG00000114923","SLC4A3","solute carrier family 4 member 3","6508",1.38134649144207,2.43575432826376,8.63591560498673,8.82222295550574e-14,5.093815808002e-12,20.9575593620382,"single_mapping_record",1,1,1,TRUE,TRUE,1.43739767892714,1.51432994817183,0.0769322692446901,0.0769322692446901,TRUE,2.34263000624086e-12,6.06882187487477e-09,TRUE
148,"Higher in IPF","ENSG00000132386","SERPINF1","serpin family F member 1","5176",1.55750075006812,8.07302832169963,8.61918446871663,9.70466830586695e-14,5.47693536119077e-12,20.6488487431659,"single_mapping_record",1,1,1,TRUE,TRUE,1.59200220585759,1.54159495048093,-0.0504072553766612,0.0504072553766612,TRUE,6.51078757970039e-12,1.08580764741164e-07,TRUE
149,"Higher in IPF","ENSG00000168542","COL3A1","collagen type III alpha 1 chain","1281",2.30086420166606,10.6796346630647,8.6106086942125,1.01325085104679e-13,5.69697444790803e-12,20.7234537253385,"single_mapping_record",1,1,1,TRUE,TRUE,2.29063206509199,2.38431156252445,0.0936794974324622,0.0936794974324622,TRUE,1.57591578465722e-11,2.09923676351385e-08,TRUE
150,"Higher in IPF","ENSG00000166922","SCG5","secretogranin V","6447",2.63621792453678,0.65461734820254,8.60449403171326,1.03343118141e-13,5.76723750755648e-12,20.3360248604658,"single_mapping_record",1,1,1,TRUE,TRUE,2.73000215978484,3.27776298944634,0.547760829661498,0.547760829661498,TRUE,4.84636964519102e-12,3.70343869455061e-11,TRUE
151,"Higher in IPF","ENSG00000164949","GEM","GTP binding protein overexpressed in skeletal muscle","2669",1.8832978852529,5.38855896010418,8.60725030914935,1.03051352486942e-13,5.76723750755648e-12,20.6004875442186,"single_mapping_record",1,1,1,TRUE,TRUE,1.86145877622664,1.60317337658094,-0.258285399645694,0.258285399645694,TRUE,1.59858346216554e-11,2.16991041605472e-06,TRUE
152,"Higher in IPF","ENSG00000145362","ANK2","ankyrin 2","287",1.54421270350481,5.46268266435568,8.57397986045673,1.21819297558718e-13,6.62591048895462e-12,20.4135727408083,"single_mapping_record",1,1,1,TRUE,TRUE,1.52852273819861,1.28011749229873,-0.248405245899879,0.248405245899879,TRUE,1.9548177117305e-11,3.65316894628682e-06,TRUE
153,"Higher in IPF","ENSG00000166546","BEAN1","brain expressed associated with NEDD4 1","146227",1.82026962679512,0.302662101311746,8.56143055850263,1.28347377571954e-13,6.90591696096834e-12,20.1260045480519,"single_mapping_record",1,1,1,TRUE,TRUE,1.86402200891352,2.08375853817656,0.219736529263039,0.219736529263039,TRUE,7.91145655586551e-12,1.95486448689891e-09,TRUE
154,"Higher in IPF","ENSG00000132639","SNAP25","synaptosome associated protein 25","6616",2.35464877269934,2.26533926029777,8.53527786597526,1.47976868350578e-13,7.71329426277386e-12,20.426547349663,"single_mapping_record",1,1,1,TRUE,TRUE,2.41610011327392,2.70666836910842,0.290568255834498,0.290568255834498,TRUE,8.80336990501733e-12,1.39086436766903e-09,TRUE
155,"Higher in IPF","ENSG00000110881","ASIC1","acid sensing ion channel subunit 1","41",1.87427478357385,1.84574930554023,8.5213496141195,1.57006470713267e-13,8.09290693492053e-12,20.3360006001215,"single_mapping_record",1,1,1,TRUE,TRUE,1.87498250203877,2.16413314864864,0.289150646609876,0.289150646609876,TRUE,1.58005678796977e-11,1.56825330573045e-09,TRUE
156,"Higher in IPF","ENSG00000166483","WEE1","WEE1 G2 checkpoint kinase","7465",1.32512322157706,4.84942713645377,8.52296972462386,1.57415988875353e-13,8.09290693492053e-12,20.2011471048758,"single_mapping_record",1,1,1,TRUE,TRUE,1.34721614346252,1.15495025470388,-0.192265888758641,0.192265888758641,TRUE,1.33821597866664e-11,2.21805615074664e-06,TRUE
157,"Higher in IPF","ENSG00000186684","CYP27C1","cytochrome P450 family 27 subfamily C member 1","339761",3.63711971598478,-0.77134996025399,8.50582346302758,1.70011845658685e-13,8.67520885503757e-12,19.077880985069,"single_mapping_record",1,1,1,TRUE,TRUE,3.73633564679807,3.96564736489719,0.229311718099122,0.229311718099122,TRUE,9.98697259468661e-12,3.7058630664621e-09,TRUE
158,"Higher in IPF","ENSG00000101463","SYNDIG1","synapse differentiation inducing 1","79953",1.77044894099846,1.09075662514296,8.48152640223426,1.91791146366812e-13,9.57776932416751e-12,20.0228652027146,"single_mapping_record",1,1,1,TRUE,TRUE,1.8142569965742,1.87807689501499,0.0638198984407856,0.0638198984407856,TRUE,1.28936381569092e-11,2.95839323638727e-08,TRUE
159,"Higher in IPF","ENSG00000158747","MICOS10-NBL1;NBL1","MICOS10-NBL1 readthrough;NBL1, DAN family BMP antagonist","100532736;4681",1.16987085873136,8.10795217604767,8.47892097583639,1.96387601367085e-13,9.72993621030585e-12,19.9550743455571,"multiple_mapping_records",2,2,2,FALSE,FALSE,1.17621996594322,0.834053337048234,-0.342166628894989,0.342166628894989,TRUE,1.74776300751678e-11,4.94592105311925e-05,TRUE
160,"Higher in IPF","ENSG00000151468","CCDC3","coiled-coil domain containing 3","83643",1.62428367197038,5.75080344043188,8.47446976186108,2.00824977538067e-13,9.91705448289952e-12,19.9039396096432,"single_mapping_record",1,1,1,TRUE,TRUE,1.60274197949895,1.23131451507464,-0.37142746442431,0.37142746442431,TRUE,3.83686705644555e-11,2.26048039266955e-05,TRUE
161,"Higher in IPF","ENSG00000171617","ENC1","ectodermal-neural cortex 1","8507",1.15985319101793,6.21420443478987,8.46463176406315,2.10990061262044e-13,1.03848616382485e-11,19.8287573972384,"single_mapping_record",1,1,1,TRUE,TRUE,1.14442642235851,1.3131256480684,0.168699225709885,0.168699225709885,TRUE,3.3884785343669e-11,4.34143982085603e-09,TRUE
162,"Higher in IPF","ENSG00000170153","RNF150","ring finger protein 150","57484",1.18468954405794,3.85916492102622,8.45274586049026,2.22563371120425e-13,1.09186971479079e-11,19.9754101925455,"single_mapping_record",1,1,1,TRUE,TRUE,1.16944279870426,1.13927580688083,-0.03016699182343,0.03016699182343,TRUE,3.6201471599451e-11,4.32961901903566e-07,TRUE
163,"Higher in IPF","ENSG00000162998","FRZB","frizzled related protein","2487",1.65230861599839,4.6926832547053,8.44785555526898,2.29520478208661e-13,1.12233270972913e-11,19.8633901606416,"single_mapping_record",1,1,1,TRUE,TRUE,1.67247577778999,0.857182906122493,-0.815292871667501,0.815292871667501,TRUE,1.59858346216554e-11,0.000525405212071987,TRUE
164,"Higher in IPF","ENSG00000084636","COL16A1","collagen type XVI alpha 1 chain","1307",1.21306547366795,7.08163587984239,8.43313493632132,2.47111244870365e-13,1.19288227679274e-11,19.6827171665631,"single_mapping_record",1,1,1,TRUE,TRUE,1.20785029761294,1.16521024748192,-0.0426400501310173,0.0426400501310173,TRUE,3.00803114103554e-11,3.57057539241224e-07,TRUE
165,"Higher in IPF","ENSG00000105664","COMP","cartilage oligomeric matrix protein","1311",3.29018075305355,4.41436644174779,8.42520799822717,2.57133762663884e-13,1.2293286767867e-11,19.881543769658,"single_mapping_record",1,1,1,TRUE,TRUE,3.36150990561528,3.66026585342922,0.298755947813941,0.298755947813941,TRUE,2.35318827484518e-11,6.31599209564937e-09,TRUE
166,"Higher in IPF","ENSG00000172987","HPSE2","heparanase 2 (inactive)","60495",2.71108287454234,3.64664406038978,8.40021792282448,2.91458707017156e-13,1.38461332586758e-11,19.7848190061283,"single_mapping_record",1,1,1,TRUE,TRUE,2.72148624750407,2.63396380894899,-0.0875224385550823,0.0875224385550823,TRUE,3.2140908103139e-11,1.37415581789649e-07,TRUE
167,"Higher in IPF","ENSG00000143473","KCNH1","potassium voltage-gated channel subfamily H member 1","3756",3.10817571700656,-1.32514606298978,8.38757921591688,3.07344447479614e-13,1.45547471468895e-11,18.3399963687553,"single_mapping_record",1,1,1,TRUE,TRUE,3.22897076039745,3.17666883499862,-0.0523019253988282,0.0523019253988282,TRUE,7.48399140010004e-12,4.20658079659733e-08,TRUE
168,"Higher in IPF","ENSG00000150347","ARID5B","AT-rich interaction domain 5B","84159",1.19392700311968,6.78449579828886,8.38460865941992,3.15177400363427e-13,1.4878751994515e-11,19.4347252206151,"single_mapping_record",1,1,1,TRUE,TRUE,1.16756873799738,0.959909156987921,-0.20765958100946,0.20765958100946,TRUE,6.92479298810894e-11,1.28947020580974e-05,TRUE
169,"Higher in IPF","ENSG00000069431","ABCC9","ATP binding cassette subfamily C member 9","10060",1.11938300404291,5.7068964924071,8.38179379675234,3.1965492244473e-13,1.50428203628222e-11,19.428951043209,"single_mapping_record",1,1,1,TRUE,TRUE,1.08083225540308,0.936090458479363,-0.144741796923716,0.144741796923716,TRUE,5.678677605358e-11,5.06162385716538e-06,TRUE
170,"Higher in IPF","ENSG00000167992","VWCE","von Willebrand factor C and EGF domains","220001",2.33339252368839,0.958456937850345,8.37604634180609,3.25657049673839e-13,1.52297932389523e-11,19.43401786639,"single_mapping_record",1,1,1,TRUE,TRUE,2.3526025721124,2.14394368173902,-0.208658890373379,0.208658890373379,TRUE,3.04291665871489e-11,6.36586690153392e-07,TRUE
171,"Higher in IPF","ENSG00000010932","FMO1","flavin containing dimethylaniline monoxygenase 1","2326",2.94414364102014,2.42322783613546,8.36551770966524,3.4681574540705e-13,1.61188791642434e-11,19.5910836443127,"single_mapping_record",1,1,1,TRUE,TRUE,2.94946092491853,3.12988927384914,0.180428348930611,0.180428348930611,TRUE,3.15920893777902e-11,1.16560154507706e-08,TRUE
172,"Higher in IPF","ENSG00000107130","NCS1","neuronal calcium sensor 1","23413",1.41562264284491,4.60634157397363,8.36265004355808,3.51834040932622e-13,1.62016338112899e-11,19.443048242192,"single_mapping_record",1,1,1,TRUE,TRUE,1.43839314570725,1.39592807029189,-0.0424650754153564,0.0424650754153564,TRUE,2.81113633264641e-11,3.35809667443081e-07,TRUE
173,"Higher in IPF","ENSG00000204866","IGFL2","IGF like family member 2","147920",4.18517876449453,-1.50444434004568,8.35746323229535,3.59235829674506e-13,1.64918907494608e-11,18.2118440831684,"single_mapping_record",1,1,1,TRUE,TRUE,4.23171584784011,5.02128676253988,0.789570914699769,0.789570914699769,TRUE,3.08709635711737e-11,1.63755746539303e-10,TRUE
174,"Higher in IPF","ENSG00000131435","PDLIM4","PDZ and LIM domain 4","8572",2.35276262493017,3.32776691414104,8.35363651913893,3.68083202068647e-13,1.68465397239467e-11,19.5587718789361,"single_mapping_record",1,1,1,TRUE,TRUE,2.42395452924942,2.47952260198086,0.0555680727314392,0.0555680727314392,TRUE,1.74776300751678e-11,3.07556591459018e-08,TRUE
175,"Higher in IPF","ENSG00000139973","SYT16","synaptotagmin 16","83851",3.05251462735294,-1.79851077106375,8.34316249489698,3.83998040388772e-13,1.74684199464129e-11,18.0417955639,"single_mapping_record",1,1,1,TRUE,TRUE,3.04276419360984,3.04206382977931,-0.000700363830534734,0.000700363830534734,TRUE,5.17931886640057e-11,1.93950090596025e-07,TRUE
176,"Higher in IPF","ENSG00000121898","CPXM2","carboxypeptidase X, M14 family member 2","119587",2.10245019836456,5.20373728842926,8.31904814879949,4.37682357891986e-13,1.96721184331572e-11,19.2033932092679,"single_mapping_record",1,1,1,TRUE,TRUE,2.14700755904685,1.82579900338623,-0.321208555660617,0.321208555660617,TRUE,2.40887591557418e-11,1.86264177040979e-06,TRUE
177,"Higher in IPF","ENSG00000100626","GALNT16","polypeptide N-acetylgalactosaminyltransferase 16","57452",1.4992469517463,3.73323226554524,8.31693510106792,4.42336004500568e-13,1.97629407725075e-11,19.3239733538575,"single_mapping_record",1,1,1,TRUE,TRUE,1.49902458499842,1.16794124306454,-0.331083341933881,0.331083341933881,TRUE,4.27318218089446e-11,1.24936000705535e-05,TRUE
178,"Higher in IPF","ENSG00000198795","ZNF521","zinc finger protein 521","25925",1.1660405034281,5.2347864203079,8.31205453624088,4.53273916886665e-13,2.01915372115805e-11,19.1182506650172,"single_mapping_record",1,1,1,TRUE,TRUE,1.10329575053149,0.964663869934934,-0.138631880596556,0.138631880596556,TRUE,6.20859624611349e-11,4.26201000907508e-06,TRUE
179,"Higher in IPF","ENSG00000148541","FAM13C","family with sequence similarity 13 member C","220965",1.37097729928674,5.11687922250033,8.26445399532089,5.7513850385618e-13,2.50987768020029e-11,18.9020704621486,"single_mapping_record",1,1,1,TRUE,TRUE,1.34326155024621,1.1795273097427,-0.163734240503506,0.163734240503506,TRUE,8.5447713348963e-11,5.08434436517369e-06,TRUE
180,"Higher in IPF","ENSG00000143320","CRABP2","cellular retinoic acid binding protein 2","1382",3.06772035215661,2.49828399497875,8.26387085320954,5.76817870546112e-13,2.50991010801108e-11,19.1112617933876,"single_mapping_record",1,1,1,TRUE,TRUE,3.13712168170305,3.71405237404847,0.57693069234542,0.57693069234542,TRUE,3.68202924569752e-11,2.95255718750085e-10,TRUE
181,"Higher in IPF","ENSG00000172986","GXYLT2","glucoside xylosyltransferase 2","727936",1.30402886240071,3.50247155280688,8.26165786112691,5.8007954648582e-13,2.51680755833674e-11,19.0775466164229,"single_mapping_record",1,1,1,TRUE,TRUE,1.2930949204887,1.23227763876463,-0.0608172817240644,0.0608172817240644,TRUE,5.88275048802479e-11,7.42144662962825e-07,TRUE
182,"Higher in IPF","ENSG00000182704","TSKU","tsukushi, small leucine rich proteoglycan","25987",1.08720562917153,5.00074519921999,8.25220392920597,6.11462329961809e-13,2.63772198200767e-11,18.8370630903467,"single_mapping_record",1,1,1,TRUE,TRUE,1.12366135463469,1.06526456786421,-0.0583967867704764,0.0583967867704764,TRUE,1.94409340155397e-11,4.46162709390174e-07,TRUE
183,"Higher in IPF","ENSG00000177694","NAALADL2","N-acetylated alpha-linked acidic dipeptidase like 2","254827",1.09531221260758,3.12829061427263,8.23599846593716,6.56604549909753e-13,2.80824715192171e-11,18.9799282423169,"single_mapping_record",1,1,1,TRUE,TRUE,1.08848567551474,0.922921045892806,-0.165564629621938,0.165564629621938,TRUE,6.87985893032338e-11,6.94318147954476e-06,TRUE
184,"Higher in IPF","ENSG00000269113","TRABD2B","TraB domain containing 2B","388630",1.21972196201942,3.24477744707215,8.23253715748098,6.68661479775283e-13,2.85168924272345e-11,18.950212553489,"single_mapping_record",1,1,1,TRUE,TRUE,1.24648230316799,0.998706265152603,-0.24777603801539,0.24777603801539,TRUE,3.9752271393044e-11,1.10026401447344e-05,TRUE
185,"Higher in IPF","ENSG00000172345","STARD5","StAR related lipid transfer domain containing 5","80765",1.06717747397899,3.21097100150276,8.22933658617008,6.78844375358996e-13,2.87893249123824e-11,18.9402372428126,"single_mapping_record",1,1,1,TRUE,TRUE,1.09004322879832,1.18082028073995,0.0907770519416267,0.0907770519416267,TRUE,3.17395311756078e-11,2.87448425645847e-08,TRUE
186,"Higher in IPF","ENSG00000160161","CILP2","cartilage intermediate layer protein 2","148113",4.02891208222299,1.11096811620154,8.1983762026837,8.00130433439469e-13,3.36458209153874e-11,18.4146672931411,"single_mapping_record",1,1,1,TRUE,TRUE,4.0995338457928,4.28753570067513,0.188001854882327,0.188001854882327,TRUE,6.22044549289521e-11,1.10093970559373e-08,TRUE
187,"Higher in IPF","ENSG00000171357","LURAP1","leucine rich adaptor protein 1","541468",1.27100039628882,1.51076715674351,8.17580548703837,8.87033315199164e-13,3.65828135378293e-11,18.6679135507571,"single_mapping_record",1,1,1,TRUE,TRUE,1.28870922470634,1.03221848600349,-0.256490738702843,0.256490738702843,TRUE,5.93239586806851e-11,1.37372752880462e-05,TRUE
188,"Higher in IPF","ENSG00000150672","DLG2","discs large MAGUK scaffold protein 2","1740",2.12274127274626,3.42585846367581,8.15120630907213,1.01250447556362e-12,4.08594548041965e-11,18.5639688399355,"single_mapping_record",1,1,1,TRUE,TRUE,2.13568300109581,2.15264807025122,0.016965069155408,0.016965069155408,TRUE,7.72685700082557e-11,1.53865601914899e-07,TRUE
189,"Higher in IPF","ENSG00000163359","COL6A3","collagen type VI alpha 3 chain","1293",1.58997959490747,10.2155851108528,8.13934306537698,1.07421908944447e-12,4.32337184202153e-11,18.3795153941098,"single_mapping_record",1,1,1,TRUE,TRUE,1.62953203554867,1.91277141261561,0.283239377066937,0.283239377066937,TRUE,4.12432586631709e-11,8.11774056683219e-10,TRUE
190,"Higher in IPF","ENSG00000204262","COL5A2","collagen type V alpha 2 chain","1290",1.50401517948175,7.90465861169229,8.13779145688004,1.08256297229268e-12,4.32794218920777e-11,18.2551027933507,"single_mapping_record",1,1,1,TRUE,TRUE,1.48754844878859,1.53794925291226,0.0504008041236643,0.0504008041236643,TRUE,1.39823301161217e-10,1.82152882995018e-07,TRUE
191,"Higher in IPF","ENSG00000106976","DNM1","dynamin 1","1759",1.45080286199443,4.31401797373199,8.11936586910677,1.18672038417286e-12,4.72285217308521e-11,18.2836446038111,"single_mapping_record",1,1,1,TRUE,TRUE,1.45052521690788,1.47889129081359,0.0283660739057072,0.0283660739057072,TRUE,8.76209925599976e-11,2.66171537031379e-07,TRUE
192,"Higher in IPF","ENSG00000172572","PDE3A","phosphodiesterase 3A","5139",1.24038909623202,5.20407699995243,8.11554187644424,1.20955627704364e-12,4.729088645334e-11,18.1509276664304,"single_mapping_record",1,1,1,TRUE,TRUE,1.20013503498672,1.14950544835472,-0.0506295866319939,0.0506295866319939,TRUE,1.83010253811432e-10,1.68988820074561e-06,TRUE
193,"Higher in IPF","ENSG00000139329","LUM","lumican","4060",1.41778249283227,10.1582735178154,8.10936142767203,1.24739268939175e-12,4.85125882205931e-11,18.2305024257685,"single_mapping_record",1,1,1,TRUE,TRUE,1.43582189342407,1.46692305438184,0.0311011609577674,0.0311011609577674,TRUE,6.01422030442538e-11,1.35842494647531e-07,TRUE
194,"Higher in IPF","ENSG00000166676","TVP23A","trans-golgi network vesicle protein 23 homolog A","780776",1.40050333642679,0.952631501031942,8.08271614596398,1.41134356783031e-12,5.40486980619098e-11,18.1237742067773,"single_mapping_record",1,1,1,TRUE,TRUE,1.41312089420931,1.25278074165725,-0.160340152552055,0.160340152552055,TRUE,9.60190575835622e-11,4.13268249275685e-06,TRUE
195,"Higher in IPF","ENSG00000144596","GRIP2","glutamate receptor interacting protein 2","80852",2.15066059530589,1.91324233799653,8.06460086270602,1.55431164236738e-12,5.89225413515634e-11,18.135137941951,"single_mapping_record",1,1,1,TRUE,TRUE,2.22879905014676,2.34922983478605,0.120430784639296,0.120430784639296,TRUE,4.41331957619435e-11,3.19836376217391e-08,TRUE
196,"Higher in IPF","ENSG00000069188","SDK2","sidekick cell adhesion molecule 2","54549",1.10663431261477,3.94506064626183,8.05507622958305,1.62593926349158e-12,6.1328141265165e-11,18.0053226000228,"single_mapping_record",1,1,1,TRUE,TRUE,1.13908412751708,1.1578044933995,0.0187203658824173,0.0187203658824173,TRUE,5.42308254724529e-11,2.76779976548176e-07,TRUE
197,"Higher in IPF","ENSG00000171951","SCG2","secretogranin II","7857",2.94975418273783,1.65444247388277,8.04171932516705,1.74696933037339e-12,6.57280791668302e-11,17.9710986545686,"single_mapping_record",1,1,1,TRUE,TRUE,2.97422373062597,3.05892374957145,0.0847000189454765,0.0847000189454765,TRUE,1.42499353170243e-10,8.33172011023851e-08,TRUE
198,"Higher in IPF","ENSG00000155760","FZD7","frizzled class receptor 7","8324",1.06557452628268,5.22432344599844,8.0317507180266,1.83579284408326e-12,6.87254917091719e-11,17.7286269795274,"single_mapping_record",1,1,1,TRUE,TRUE,1.06104560467759,0.980632046744635,-0.0804135579329565,0.0804135579329565,TRUE,1.62136317245931e-10,3.08134080229706e-06,TRUE
199,"Higher in IPF","ENSG00000144354","CDCA7","cell division cycle associated 7","83879",1.69733819511648,1.76827259096943,8.02749010806989,1.85816808245442e-12,6.93900976462831e-11,17.9656093979341,"single_mapping_record",1,1,1,TRUE,TRUE,1.70984047795603,1.74510807359798,0.0352675956419515,0.0352675956419515,TRUE,1.41233277908188e-10,2.63218739041202e-07,TRUE
200,"Higher in IPF","ENSG00000144229","THSD7B","thrombospondin type 1 domain containing 7B","80731",3.25704712958106,0.56443738299721,8.02312683694538,1.91177013117515e-12,7.12146233478941e-11,17.5219571184797,"single_mapping_record",1,1,1,TRUE,TRUE,3.33399440650473,3.17664966539414,-0.157344741110594,0.157344741110594,TRUE,9.42450621744771e-11,2.76779976548176e-07,TRUE
201,"Higher in IPF","ENSG00000157064","NMNAT2","nicotinamide nucleotide adenylyltransferase 2","23057",2.0587349324059,1.66083792543661,8.00284167800188,2.10913027695909e-12,7.79858712258863e-11,17.8308238660115,"single_mapping_record",1,1,1,TRUE,TRUE,2.08739908130163,1.86729971260464,-0.220099368696988,0.220099368696988,TRUE,1.09209215348042e-10,2.49235713203425e-06,TRUE
202,"Higher in IPF","ENSG00000101134","DOK5","docking protein 5","55816",2.33033904213984,1.00481210606654,7.99830100563092,2.1528543533119e-12,7.92123763527409e-11,17.664881385239,"single_mapping_record",1,1,1,TRUE,TRUE,2.33717713249639,2.35388890920181,0.0167117767054177,0.0167117767054177,TRUE,1.85822494560452e-10,2.61174202680163e-07,TRUE
203,"Higher in IPF","ENSG00000169271","HSPB3","heat shock protein family B (small) member 3","8988",2.71623689865851,0.6751801709849,7.9947405891954,2.1958212354761e-12,8.05957662273036e-11,17.5355237258749,"single_mapping_record",1,1,1,TRUE,TRUE,2.70762709612304,2.48953493304384,-0.218092163079201,0.218092163079201,TRUE,1.84099323648503e-10,1.41261599829919e-06,TRUE
204,"Higher in IPF","ENSG00000147180","ZNF711","zinc finger protein 711","7552",1.22316061993779,2.66661405170786,7.9880433823691,2.26104962116349e-12,8.2586075213884e-11,17.8009600165347,"single_mapping_record",1,1,1,TRUE,TRUE,1.21155360429026,1.04644983976121,-0.165103764529048,0.165103764529048,TRUE,2.49891328073902e-10,1.2058199853065e-05,TRUE
205,"Higher in IPF","ENSG00000196338","NLGN3","neuroligin 3","54413",1.36715824771877,1.79138592410104,7.98280177027921,2.32075040610945e-12,8.45609347002794e-11,17.763664776729,"single_mapping_record",1,1,1,TRUE,TRUE,1.38060619387951,1.20159767792591,-0.179008515953604,0.179008515953604,TRUE,1.18737974672863e-10,5.0727735939228e-06,TRUE
206,"Higher in IPF","ENSG00000077157","PPP1R12B","protein phosphatase 1 regulatory subunit 12B","4660",1.21013035667989,7.70174147183512,7.97983622736022,2.37633348812006e-12,8.63765576844029e-11,17.4714925563058,"single_mapping_record",1,1,1,TRUE,TRUE,1.18978438154253,0.983407223777973,-0.206377157764557,0.206377157764557,TRUE,2.43170347248946e-10,2.50816311680944e-05,TRUE
207,"Higher in IPF","ENSG00000133083","DCLK1","doublecortin like kinase 1","9201",1.74852280772642,4.58096261259892,7.97889659720708,2.38745250517071e-12,8.64798461537751e-11,17.5787428279065,"single_mapping_record",1,1,1,TRUE,TRUE,1.75575263766609,1.60808241462549,-0.147670223040605,0.147670223040605,TRUE,1.65484868228269e-10,3.1800400666417e-06,TRUE
208,"Higher in IPF","ENSG00000188158","NHS","NHS actin remodeling regulator","4810",1.33036121292382,3.32604262564616,7.97628785013665,2.40732030432657e-12,8.6676059501026e-11,17.6966413766362,"single_mapping_record",1,1,1,TRUE,TRUE,1.30189269632842,1.24728719467806,-0.0546055016503548,0.0546055016503548,TRUE,2.29011886736455e-10,1.62078203461242e-06,TRUE
209,"Higher in IPF","ENSG00000136859","ANGPTL2","angiopoietin like 2","23452",1.0919739493996,6.30295328460733,7.95995952421865,2.62290988999013e-12,9.33059793093173e-11,17.3326402989019,"single_mapping_record",1,1,1,TRUE,TRUE,1.09800086657846,1.12802067277255,0.0300198061940922,0.0300198061940922,TRUE,1.63389575784555e-10,2.98055761243867e-07,TRUE
210,"Higher in IPF","ENSG00000180828","BHLHE22","basic helix-loop-helix family member e22","27319",2.06103711029639,2.63685795365852,7.93205294800729,3.0126197501024e-12,1.05914397397043e-10,17.5289845661407,"single_mapping_record",1,1,1,TRUE,TRUE,2.01083418127941,1.88367927472404,-0.127154906555367,0.127154906555367,TRUE,3.27287011542997e-10,2.72278052713806e-06,TRUE
211,"Higher in IPF","ENSG00000173227","SYT12","synaptotagmin 12","91683",3.3844833496078,-0.904610266329213,7.89324117230642,3.62335271708051e-12,1.26203644985644e-10,16.3114046721431,"single_mapping_record",1,1,1,TRUE,TRUE,3.4989815234046,3.74110689974661,0.242125376342009,0.242125376342009,TRUE,1.09255721409616e-10,2.50490633181915e-08,TRUE
212,"Higher in IPF","ENSG00000164938","TP53INP1","tumor protein p53 inducible nuclear protein 1","94241",1.05228712431906,6.4742333943626,7.86481397429668,4.20455109549699e-12,1.44106669053883e-10,16.865334659076,"single_mapping_record",1,1,1,TRUE,TRUE,1.02580995432652,1.05361483919698,0.0278048848704542,0.0278048848704542,TRUE,5.96967689282261e-10,7.38541319633233e-07,TRUE
213,"Higher in IPF","ENSG00000105880","DLX5","distal-less homeobox 5","1749",2.66580229765565,-1.0704000310639,7.84280549856573,4.64904105607194e-12,1.58257152684245e-10,16.1248240625825,"single_mapping_record",1,1,1,TRUE,TRUE,2.69018822496897,2.10771073125927,-0.582477493709699,0.582477493709699,TRUE,3.64268063871101e-10,3.15863502654371e-05,TRUE
214,"Higher in IPF","ENSG00000138039","LHCGR","luteinizing hormone/choriogonadotropin receptor","3973",2.974564683047,-1.80676329771569,7.82582179800153,5.05699011529179e-12,1.69833412999464e-10,15.8095189382269,"single_mapping_record",1,1,1,TRUE,TRUE,3.09119530021033,3.46618479055094,0.374989490340605,0.374989490340605,TRUE,8.72474246689275e-11,6.0365811129561e-09,TRUE
215,"Higher in IPF","ENSG00000128591","FLNC","filamin C","2318",2.05182060568781,5.79196092850933,7.82362237795708,5.15564423539954e-12,1.72449731267772e-10,16.711095095791,"single_mapping_record",1,1,1,TRUE,TRUE,2.06547971813638,1.81269650188622,-0.252783216250159,0.252783216250159,TRUE,3.00061668563578e-10,9.02564147934463e-06,TRUE
216,"Higher in IPF","ENSG00000137809","ITGA11","integrin subunit alpha 11","22801",1.82112719276038,3.84814442497068,7.8140085467243,5.40677909921028e-12,1.79970216934245e-10,16.8579296981378,"single_mapping_record",1,1,1,TRUE,TRUE,1.84188220770512,1.76157815950737,-0.0803040481977526,0.0803040481977526,TRUE,2.79846668951472e-10,1.37086712107749e-06,TRUE
217,"Higher in IPF","ENSG00000132837","DMGDH","dimethylglycine dehydrogenase","29958",1.15036385867555,1.21067651437137,7.79788293005726,5.80692142042502e-12,1.9243599197223e-10,16.8360971486245,"single_mapping_record",1,1,1,TRUE,TRUE,1.14991560166515,1.02724681614288,-0.122668785522268,0.122668785522268,TRUE,3.06892911044123e-10,7.19245401104896e-06,TRUE
218,"Higher in IPF","ENSG00000184254","ALDH1A3","aldehyde dehydrogenase 1 family member A3","220",2.16772509930961,5.47259500001526,7.78846824152406,6.13459799196481e-12,2.01957423367052e-10,16.5732332342206,"single_mapping_record",1,1,1,TRUE,TRUE,2.23282341345856,2.11885651022346,-0.113966903235101,0.113966903235101,TRUE,1.63389575784555e-10,1.78455459926892e-06,TRUE
219,"Higher in IPF","ENSG00000184232","OAF","out at first homolog","220323",1.27848954346322,5.1462846727454,7.78769890561313,6.15797097540607e-12,2.02283282894521e-10,16.5508488116946,"single_mapping_record",1,1,1,TRUE,TRUE,1.30969280924717,1.20393689648101,-0.105755912766164,0.105755912766164,TRUE,1.71805710847133e-10,3.22192776008101e-06,TRUE
220,"Higher in IPF","ENSG00000113805","CNTN3","contactin 3","5067",2.07829776407992,1.99480784190783,7.77998398013758,6.38363454914839e-12,2.08782400548618e-10,16.7891147562096,"single_mapping_record",1,1,1,TRUE,TRUE,2.09926539145469,2.17967027695248,0.0804048854977975,0.0804048854977975,TRUE,3.19613052128617e-10,2.9129153301721e-07,TRUE
221,"Higher in IPF","ENSG00000258947","TUBB3","tubulin beta 3 class III","10381",2.43066394616621,-1.59892595196174,7.77035618670635,6.65377023391813e-12,2.16204326302119e-10,15.5774816135711,"single_mapping_record",1,1,1,TRUE,TRUE,2.44878800639324,2.76342543860832,0.314637432215081,0.314637432215081,TRUE,2.40766047511923e-10,1.73196984587198e-08,TRUE
222,"Higher in IPF","ENSG00000171502","COL24A1","collagen type XXIV alpha 1 chain","255631",2.25539906651616,2.71806167695191,7.75504730015597,7.23598077779166e-12,2.33605469755287e-10,16.6794797740456,"single_mapping_record",1,1,1,TRUE,TRUE,2.26087854710479,2.47199705434829,0.211118507243502,0.211118507243502,TRUE,5.41944389469042e-10,1.76187159628616e-07,TRUE
223,"Higher in IPF","ENSG00000115226","FNDC4","fibronectin type III domain containing 4","64838",1.59827011436139,3.07418580623433,7.7483614832767,7.47481427921483e-12,2.40282466722855e-10,16.6178850203491,"single_mapping_record",1,1,1,TRUE,TRUE,1.65737119535526,1.76367453448948,0.106303339134221,0.106303339134221,TRUE,1.40388630558324e-10,1.008033936686e-07,TRUE
224,"Higher in IPF","ENSG00000116132","PRRX1","paired related homeobox 1","5396",1.24927637542042,6.51749102928485,7.74683508637893,7.53542647984441e-12,2.41713295545778e-10,16.2920333004696,"single_mapping_record",1,1,1,TRUE,TRUE,1.21868249794934,1.05027678050154,-0.1684057174478,0.1684057174478,TRUE,9.77704782136932e-10,2.73986948009431e-05,TRUE
225,"Higher in IPF","ENSG00000123500","COL10A1","collagen type X alpha 1 chain","1300",4.6973050956815,2.19778759843411,7.74329971424225,7.66810180129106e-12,2.44678376211387e-10,16.5031995439964,"single_mapping_record",1,1,1,TRUE,TRUE,4.76379100003357,4.64482112070833,-0.118969879325243,0.118969879325243,TRUE,4.51459904876243e-10,8.33172011023851e-08,TRUE
226,"Higher in IPF","ENSG00000087494","PTHLH","parathyroid hormone like hormone","5744",2.05720578023453,0.303701683671672,7.72216132031073,8.4424389595383e-12,2.67379522490694e-10,16.2464742272814,"single_mapping_record",1,1,1,TRUE,TRUE,2.13613726838261,2.11196352072045,-0.0241737476621546,0.0241737476621546,TRUE,1.86469378933719e-10,5.3493664802785e-07,TRUE
227,"Higher in IPF","ENSG00000164318","EGFLAM","EGF like, fibronectin type III and laminin G domains","133584",1.91481177963315,2.84867470519808,7.71531079018486,8.80379810936873e-12,2.76490830999672e-10,16.4791596657269,"single_mapping_record",1,1,1,TRUE,TRUE,1.95800323780211,1.69652192838483,-0.261481309417286,0.261481309417286,TRUE,2.77173725261462e-10,5.41939355325656e-06,TRUE
228,"Higher in IPF","ENSG00000180383","DEFB124","defensin beta 124","245937",2.69368881487807,-0.747919939428075,7.70621014916127,9.13394405294933e-12,2.86260476248174e-10,15.660199590268,"single_mapping_record",1,1,1,TRUE,TRUE,2.62707469080686,2.58969804680463,-0.0373766440022241,0.0373766440022241,TRUE,9.18113058487054e-10,1.62141106631324e-06,TRUE
229,"Higher in IPF","ENSG00000091986","CCDC80","coiled-coil domain containing 80","151887",2.31162403311967,8.23535518096592,7.69934479891867,9.52498157516145e-12,2.96043526721167e-10,16.1242281000543,"single_mapping_record",1,1,1,TRUE,TRUE,2.36576129462775,2.17644825343976,-0.189313041187987,0.189313041187987,TRUE,2.79846668951472e-10,3.92612904632183e-06,TRUE
230,"Higher in IPF","ENSG00000113578","FGF1","fibroblast growth factor 1","2246",1.87477825946509,2.54772040966814,7.67718362323012,1.06242748360997e-11,3.24830170752603e-10,16.3068602953471,"single_mapping_record",1,1,1,TRUE,TRUE,1.87522660838586,1.63682954836274,-0.238397060023122,0.238397060023122,TRUE,7.32653714885109e-10,1.18837265273441e-05,TRUE
231,"Higher in IPF","ENSG00000053702","NRIP2","nuclear receptor interacting protein 2","83714",2.2330683105968,1.39648059554036,7.65067902500296,1.20633353380119e-11,3.62915411010491e-10,16.1156445330405,"single_mapping_record",1,1,1,TRUE,TRUE,2.25129197439071,2.17357106642463,-0.0777209079660772,0.0777209079660772,TRUE,5.92084706984519e-10,1.18733371634599e-06,TRUE
232,"Higher in IPF","ENSG00000169507","SLC38A11","solute carrier family 38 member 11","151258",2.60306698162069,1.05489431296485,7.64294587165978,1.25498213412747e-11,3.76043748453524e-10,16.0013704735417,"single_mapping_record",1,1,1,TRUE,TRUE,2.65669309065143,3.10038584685566,0.44369275620423,0.44369275620423,TRUE,4.99046432309995e-10,9.12049161444243e-09,TRUE
233,"Higher in IPF","ENSG00000139926","FRMD6","FERM domain containing 6","122786",1.07045979986184,5.14008952072593,7.61067164965353,1.47391705561975e-11,4.32157086698509e-10,15.6807132258103,"single_mapping_record",1,1,1,TRUE,TRUE,1.01146974049036,0.89921451980973,-0.112255220680631,0.112255220680631,TRUE,1.64230993652501e-09,2.33396177073649e-05,TRUE
234,"Higher in IPF","ENSG00000077264","PAK3","p21 (RAC1) activated kinase 3","5063",1.20583870151017,2.24069328871338,7.60733224643472,1.48671840128324e-11,4.34214331518753e-10,15.9827366636774,"single_mapping_record",1,1,1,TRUE,TRUE,1.19118651852931,1.10755253736251,-0.0836339811667959,0.0836339811667959,TRUE,1.01260670886294e-09,7.83005167500147e-06,TRUE
235,"Higher in IPF","ENSG00000049089","COL9A2","collagen type IX alpha 2 chain","1298",1.15941273111232,3.45231236336809,7.60790612528331,1.48668042145304e-11,4.34214331518753e-10,15.8942459257112,"single_mapping_record",1,1,1,TRUE,TRUE,1.23104227925697,1.09244409997264,-0.138598179284325,0.138598179284325,TRUE,7.58206433271282e-11,2.9677988624717e-06,TRUE
236,"Higher in IPF","ENSG00000186310","NAP1L3","nucleosome assembly protein 1 like 3","4675",1.24286958895906,2.37489630203292,7.60626952074001,1.49451100473391e-11,4.35642702972144e-10,15.9745557763958,"single_mapping_record",1,1,1,TRUE,TRUE,1.22974746481793,0.96494565014541,-0.264801814672518,0.264801814672518,TRUE,8.4933155607015e-10,7.55210415721309e-05,TRUE
237,"Higher in IPF","ENSG00000165376","CLDN2","claudin 2","9075",4.34892526762598,0.000572334724597096,7.60207636007507,1.53753340855233e-11,4.464497394427e-10,15.2501349163413,"single_mapping_record",1,1,1,TRUE,TRUE,4.42471417898824,4.80460819135337,0.37989401236513,0.37989401236513,TRUE,8.42399685879569e-10,2.72446996070623e-08,TRUE
238,"Higher in IPF","ENSG00000088320","REM1","RRAD and GEM like GTPase 1","28954",1.57550326679247,2.46109943089796,7.59593904183736,1.57788154025155e-11,4.55522263120314e-10,15.922945862041,"single_mapping_record",1,1,1,TRUE,TRUE,1.50226579034522,1.33998965965349,-0.162276130691726,0.162276130691726,TRUE,1.36223772493799e-09,1.34981802432432e-05,TRUE
239,"Higher in IPF","ENSG00000135925","WNT10A","Wnt family member 10A","80326",2.83670950729015,0.576349637931147,7.59493138333691,1.58785632116543e-11,4.57522055534269e-10,15.6408403285899,"single_mapping_record",1,1,1,TRUE,TRUE,2.86195582697676,2.80165091531913,-0.0603049116576249,0.0603049116576249,TRUE,7.49730185196346e-10,9.65859435894377e-07,TRUE
240,"Higher in IPF","ENSG00000145808","ADAMTS19","ADAM metallopeptidase with thrombospondin type 1 motif 19","171019",3.48361191318069,-1.12887023732566,7.58996268461251,1.62274807052289e-11,4.65787648846838e-10,14.9466019944025,"single_mapping_record",1,1,1,TRUE,TRUE,3.60909873374594,3.45050020087368,-0.158598532872258,0.158598532872258,TRUE,3.02071693200538e-10,8.8333526013837e-07,TRUE
241,"Higher in IPF","ENSG00000164171","ITGA2","integrin subunit alpha 2","3673",1.31599765748256,6.13430369954692,7.59036354167817,1.62863649037068e-11,4.66585705981769e-10,15.5348971454773,"single_mapping_record",1,1,1,TRUE,TRUE,1.28981733087138,1.30700112401657,0.0171837931451875,0.0171837931451875,TRUE,1.66810653377593e-09,2.28098291987151e-06,TRUE
242,"Higher in IPF","ENSG00000170369","CST2","cystatin SA","1470",3.93290430863354,0.356735710512616,7.58354590189472,1.68411325839939e-11,4.80644643252692e-10,15.4028119301829,"single_mapping_record",1,1,1,TRUE,TRUE,4.00801157416603,4.64135948497198,0.633347910805953,0.633347910805953,TRUE,8.7379563982434e-10,8.08857566622341e-09,TRUE
243,"Higher in IPF","ENSG00000130528","HRC","histidine rich calcium binding protein","3270",1.61823897366165,1.80834413295952,7.57742455590785,1.722241098782e-11,4.90593612427236e-10,15.8333271693097,"single_mapping_record",1,1,1,TRUE,TRUE,1.64102740877302,1.48617424078152,-0.154853167991498,0.154853167991498,TRUE,4.86482301983029e-10,6.20243127894835e-06,TRUE
244,"Higher in IPF","ENSG00000109684","CLNK","cytokine dependent hematopoietic cell linker","116449",1.90564759030189,0.362601138989987,7.57465892069998,1.74580858029909e-11,4.94492045423584e-10,15.589808353748,"single_mapping_record",1,1,1,TRUE,TRUE,1.90373718038061,2.02258597048776,0.118848790107149,0.118848790107149,TRUE,1.00386188356067e-09,3.80435117743091e-07,TRUE
245,"Higher in IPF","ENSG00000101333","PLCB4","phospholipase C beta 4","5332",1.08921508303796,5.03934849699,7.5502050658966,1.983655660749e-11,5.52479383657958e-10,15.3974291868843,"single_mapping_record",1,1,1,TRUE,TRUE,1.0688394670456,0.85033745702796,-0.218502010017642,0.218502010017642,TRUE,1.77667168749834e-09,0.000118454985726679,TRUE
246,"Higher in IPF","ENSG00000108852","MPP2","MAGUK p55 scaffold protein 2","4355",1.25865908434015,2.00226746571293,7.54287718993517,2.04075124615976e-11,5.66280179433461e-10,15.6775088521653,"single_mapping_record",1,1,1,TRUE,TRUE,1.2652695579804,1.07382921157274,-0.191440346407659,0.191440346407659,TRUE,7.88516237168294e-10,2.73986948009431e-05,TRUE
247,"Higher in IPF","ENSG00000170624","SGCD","sarcoglycan delta","6444",1.18584951942073,5.42593534865723,7.53834649463133,2.10249296467898e-11,5.8126380084274e-10,15.3127881933123,"single_mapping_record",1,1,1,TRUE,TRUE,1.13788468036611,1.0321770766162,-0.105707603749911,0.105707603749911,TRUE,2.18309658235621e-09,2.08882980345431e-05,TRUE
248,"Higher in IPF","ENSG00000225614","ZNF469","zinc finger protein 469","84627",1.51158438207839,2.86721230610869,7.5232121574564,2.25887784799148e-11,6.20582567951687e-10,15.55574196117,"single_mapping_record",1,1,1,TRUE,TRUE,1.52872645004475,1.55461113971131,0.025884689666563,0.025884689666563,TRUE,8.20059156821616e-10,9.58799057936451e-07,TRUE
249,"Higher in IPF","ENSG00000111799","COL12A1","collagen type XII alpha 1 chain","1303",1.32444627348761,7.24051173023145,7.52350339870042,2.26124876545146e-11,6.20582567951687e-10,15.225226825662,"single_mapping_record",1,1,1,TRUE,TRUE,1.29179184169445,1.28598653022658,-0.00580531146786556,0.00580531146786556,TRUE,2.18309658235621e-09,3.37569768825896e-06,TRUE
250,"Higher in IPF","ENSG00000163659","TIPARP","TCDD inducible poly(ADP-ribose) polymerase","25976",1.12198504130745,6.59172429835631,7.50602734052661,2.4634854969111e-11,6.68749444477929e-10,15.1214014944181,"single_mapping_record",1,1,1,TRUE,TRUE,1.16937468499642,1.20805486313994,0.0386801781435211,0.0386801781435211,TRUE,2.77812452122647e-10,3.65137595715379e-07,TRUE
251,"Higher in IPF","ENSG00000138795","LEF1","lymphoid enhancer binding factor 1","51176",1.01749745343162,3.93233439705183,7.48996477298809,2.65346741390457e-11,7.16436201754233e-10,15.2559948439486,"single_mapping_record",1,1,1,TRUE,TRUE,1.00420372896522,0.976430214321989,-0.027773514643232,0.027773514643232,TRUE,1.34116159004937e-09,4.59346612693453e-06,TRUE
252,"Higher in IPF","ENSG00000183114","FAM43B","family with sequence similarity 43 member B","163933",2.41416603230808,-0.190293321866639,7.48175509979391,2.75403120653291e-11,7.38277079865572e-10,14.9483304158501,"single_mapping_record",1,1,1,TRUE,TRUE,2.45624205137006,2.36043312608375,-0.0958089252863163,0.0958089252863163,TRUE,1.06148457900037e-09,3.03579691996424e-06,TRUE
253,"Higher in IPF","ENSG00000189233","NUGGC","nuclear GTPase, germinal center associated","389643",1.80827150809424,1.52316580130303,7.46138345821573,3.04549645766634e-11,8.06331443077374e-10,15.2621987656592,"single_mapping_record",1,1,1,TRUE,TRUE,1.82326907254677,1.56502307069662,-0.258246001850149,0.258246001850149,TRUE,1.17823067985493e-09,2.23392430691999e-05,TRUE
254,"Higher in IPF","ENSG00000041982","TNC","tenascin C","3371",1.7612075672192,7.58348609856073,7.45888100181932,3.10314511129158e-11,8.18166103020036e-10,14.925161937808,"single_mapping_record",1,1,1,TRUE,TRUE,1.77928346523357,2.15094177960354,0.371658314369972,0.371658314369972,TRUE,1.15853623869055e-09,9.54519432444099e-09,TRUE
255,"Higher in IPF","ENSG00000127863","TNFRSF19","TNF receptor superfamily member 19","55504",1.03267604116713,6.0419883683553,7.45619368792042,3.14420987860826e-11,8.2527965609388e-10,14.8801589422569,"single_mapping_record",1,1,1,TRUE,TRUE,0.980645884152323,0.985478448363278,0.0048325642109549,0.0048325642109549,TRUE,3.08854522447178e-09,4.17142353376309e-06,TRUE
256,"Higher in IPF","ENSG00000161681","SHANK1","SH3 and multiple ankyrin repeat domains 1","50944",1.99787538019211,-0.00508123015867878,7.4526076378842,3.17652730034011e-11,8.32216890623138e-10,14.9252132575141,"single_mapping_record",1,1,1,TRUE,TRUE,2.06522825405578,2.23572461242225,0.170496358366474,0.170496358366474,TRUE,6.70867529369049e-10,2.20290271392024e-07,TRUE
257,"Higher in IPF","ENSG00000145861","C1QTNF2","C1q and TNF related 2","114898",1.16382941357711,2.76082396233977,7.44413634495892,3.31097243233827e-11,8.6292219017816e-10,15.1795749886357,"single_mapping_record",1,1,1,TRUE,TRUE,1.17011918671254,0.928387440613867,-0.241731746098674,0.241731746098674,TRUE,1.52082963686584e-09,8.70422608196796e-05,TRUE
258,"Higher in IPF","ENSG00000128596","CCDC136","coiled-coil domain containing 136","64753",1.06731646753803,2.11127235201074,7.44268235440618,3.33460973470112e-11,8.66075455663204e-10,15.201874546181,"single_mapping_record",1,1,1,TRUE,TRUE,1.08273867677993,1.02158692871227,-0.0611517480676618,0.0611517480676618,TRUE,9.40656648408024e-10,5.65624773435766e-06,TRUE
259,"Higher in IPF","ENSG00000078098","FAP","fibroblast activation protein alpha","2191",1.81159635936957,4.18383151662265,7.43792054342523,3.4381149560347e-11,8.91415919170861e-10,15.0070528927475,"single_mapping_record",1,1,1,TRUE,TRUE,1.82108934266338,1.92054041662161,0.0994510739582342,0.0994510739582342,TRUE,1.56693602898389e-09,6.81773528690651e-07,TRUE
260,"Higher in IPF","ENSG00000170801","HTRA3","HtrA serine peptidase 3","94031",1.34043929443578,5.90002677825507,7.42867617642762,3.59703241465757e-11,9.27811866131262e-10,14.7578902053475,"single_mapping_record",1,1,1,TRUE,TRUE,1.34732831109628,0.96778245959948,-0.379545851496803,0.379545851496803,TRUE,1.41920984853888e-09,0.000339139380886843,TRUE
261,"Higher in IPF","ENSG00000130176","CNN1","calponin 1","1264",1.86258039619236,6.25428264022094,7.42814658125038,3.60635424644891e-11,9.28620753819743e-10,14.7628320760598,"single_mapping_record",1,1,1,TRUE,TRUE,1.88256426069122,1.63895181327646,-0.24361244741476,0.24361244741476,TRUE,1.08718359245335e-09,2.43445870975084e-05,TRUE
262,"Higher in IPF","ENSG00000074047","GLI2","GLI family zinc finger 2","2736",1.17619715716843,3.71429624551587,7.42016902619087,3.74182264367511e-11,9.58330242263252e-10,14.9538138842678,"single_mapping_record",1,1,1,TRUE,TRUE,1.15826912129492,1.04564357851974,-0.112625542775187,0.112625542775187,TRUE,1.89200216226126e-09,1.80602970908562e-05,TRUE
263,"Higher in IPF","ENSG00000187260","WDR86","WD repeat domain 86","349136",1.98318239988902,1.25621815261823,7.41762616151372,3.77527912043414e-11,9.63851873400635e-10,15.0244645592524,"single_mapping_record",1,1,1,TRUE,TRUE,1.9503935332684,1.66687972267672,-0.283513810591681,0.283513810591681,TRUE,1.99218756579552e-09,2.97823578026902e-05,TRUE
264,"Higher in IPF","ENSG00000169071","ROR2","receptor tyrosine kinase like orphan receptor 2","4920",1.06599464167696,4.08390240360457,7.41462437715452,3.84425446744417e-11,9.79795383111576e-10,14.870748891186,"single_mapping_record",1,1,1,TRUE,TRUE,1.06833669360918,1.18807233619458,0.119735642585396,0.119735642585396,TRUE,1.78597213979464e-09,3.8230542145929e-07,TRUE
265,"Higher in IPF","ENSG00000168398","BDKRB2","bradykinin receptor B2","624",2.78279848498072,3.43546273466918,7.40716199113504,3.99567356119681e-11,1.01494164975781e-09,14.9941077599484,"single_mapping_record",1,1,1,TRUE,TRUE,2.8725920911247,3.07613786550659,0.203545774381893,0.203545774381893,TRUE,1.05667960741919e-09,1.74349794706886e-07,TRUE
266,"Higher in IPF","ENSG00000185070","FLRT2","fibronectin leucine rich transmembrane protein 2","23768",1.2299977335499,4.75116256606464,7.40442279410335,4.04947882633272e-11,1.0268712185964e-09,14.7358955711693,"single_mapping_record",1,1,1,TRUE,TRUE,1.19511729095436,1.14627284877769,-0.0488444421766672,0.0488444421766672,TRUE,2.97927859428104e-09,9.49031784308227e-06,TRUE
267,"Higher in IPF","ENSG00000049192","ADAMTS6","ADAM metallopeptidase with thrombospondin type 1 motif 6","11174",1.4541886898594,3.15636648666019,7.39600915596202,4.21311014053482e-11,1.06656339679104e-09,14.9228682534567,"single_mapping_record",1,1,1,TRUE,TRUE,1.47537179411037,1.78862567506659,0.313253880956223,0.313253880956223,TRUE,1.55183159995979e-09,2.76803891145089e-08,TRUE
268,"Higher in IPF","ENSG00000112562","SMOC2","SPARC related modular calcium binding 2","64094",1.78039143530007,5.34681348045649,7.38090801289696,4.5419730749071e-11,1.14020233780109e-09,14.5861666115996,"single_mapping_record",1,1,1,TRUE,TRUE,1.78213822456874,1.25751889958398,-0.524619324984756,0.524619324984756,TRUE,2.18117869151216e-09,0.000338129570476315,TRUE
269,"Higher in IPF","ENSG00000171385","KCND3","potassium voltage-gated channel subfamily D member 3","3752",1.35888860578329,4.62398650857721,7.37651691214386,4.64031986782959e-11,1.15907623720229e-09,14.6266983307095,"single_mapping_record",1,1,1,TRUE,TRUE,1.401635688555,1.52500773758153,0.123372049026524,0.123372049026524,TRUE,9.40881216210528e-10,4.03797884121131e-07,TRUE
270,"Higher in IPF","ENSG00000113212","PCDHB7","protocadherin beta 7","56129",1.06596216267209,2.81176348072345,7.36642762582896,4.84003827280479e-11,1.20695439454062e-09,14.8039241865954,"single_mapping_record",1,1,1,TRUE,TRUE,1.07404854841692,0.933843443633694,-0.140205104783225,0.140205104783225,TRUE,1.90394448607686e-09,3.22868813746014e-05,TRUE
271,"Higher in IPF","ENSG00000077942","FBLN1","fibulin 1","2192",1.06950888172829,9.55262701304916,7.36358477050054,4.94010883787139e-11,1.22986590172679e-09,14.579702388004,"single_mapping_record",1,1,1,TRUE,TRUE,1.08313880087291,0.8076708551549,-0.275467945718009,0.275467945718009,TRUE,1.76061231986112e-09,0.000291507264518233,TRUE
272,"Higher in IPF","ENSG00000141404","GNAL","G protein subunit alpha L","2774",1.48489737336425,3.53359829367566,7.33963879092957,5.55421196222997e-11,1.35797768692176e-09,14.604693705715,"single_mapping_record",1,1,1,TRUE,TRUE,1.50947631345384,1.67982480957483,0.170348496120991,0.170348496120991,TRUE,1.95953398937567e-09,3.64895511096645e-07,TRUE
273,"Higher in IPF","ENSG00000113083","LOX","lysyl oxidase","4015",1.09204298809975,5.70042372399315,7.33411044289106,5.70581109595921e-11,1.39277457191121e-09,14.3071419833235,"single_mapping_record",1,1,1,TRUE,TRUE,1.05324229751769,0.761093931845421,-0.292148365672271,0.292148365672271,TRUE,5.88388223491382e-09,0.000600221757063997,TRUE
274,"Higher in IPF","ENSG00000113140","SPARC","secreted protein acidic and cysteine rich","6678",1.00555825079403,10.8138928393756,7.31720444828279,6.17087331720556e-11,1.49174154972447e-09,14.429397010056,"single_mapping_record",1,1,1,TRUE,TRUE,0.999378434963892,0.999471635912655,9.32009487629726e-05,9.32009487629726e-05,TRUE,3.09101915104221e-09,4.10444995759624e-06,TRUE
275,"Higher in IPF","ENSG00000142661","MYOM3","myomesin 3","127294",2.07049618159967,0.0876314939384197,7.30733805978222,6.4553829298707e-11,1.55314693306377e-09,14.2930874539892,"single_mapping_record",1,1,1,TRUE,TRUE,2.16331688480233,2.39341958854277,0.230102703740448,0.230102703740448,TRUE,9.1527044610638e-10,1.20419967088777e-07,TRUE
276,"Higher in IPF","ENSG00000107796","ACTA2","actin alpha 2, smooth muscle","59",1.33572906479471,9.25971848923252,7.30873900086388,6.455926500345e-11,1.55314693306377e-09,14.2981500038261,"single_mapping_record",1,1,1,TRUE,TRUE,1.31726771414456,1.05608475400051,-0.26118296014405,0.26118296014405,TRUE,4.12688892579505e-09,0.000173340592696974,TRUE
277,"Higher in IPF","ENSG00000082196","C1QTNF3","C1q and TNF related 3","114899",1.6908208665141,2.88500288634356,7.30779413697068,6.48567614629531e-11,1.55780752493096e-09,14.5289403135448,"single_mapping_record",1,1,1,TRUE,TRUE,1.67683310244671,1.44883750801194,-0.227995594434769,0.227995594434769,TRUE,3.14856869531712e-09,4.06902193754572e-05,TRUE
278,"Higher in IPF","ENSG00000124466","LYPD3","LY6/PLAUR domain containing 3","27076",1.35764045305474,1.27662467061572,7.28456250201135,7.2120139377707e-11,1.71308153850971e-09,14.4317805862539,"single_mapping_record",1,1,1,TRUE,TRUE,1.40872621896385,1.398573509853,-0.0101527091108484,0.0101527091108484,TRUE,8.62189508049335e-10,2.16991041605472e-06,TRUE
279,"Higher in IPF","ENSG00000146242","TPBG","trophoblast glycoprotein","7162",1.04505459292961,4.48596258712633,7.25845571985029,8.24361346954562e-11,1.93666862918339e-09,14.062656565735,"single_mapping_record",1,1,1,TRUE,TRUE,1.06071562715138,1.19997547382603,0.139259846674652,0.139259846674652,TRUE,2.72069824183119e-09,3.95029647157649e-07,TRUE
280,"Higher in IPF","ENSG00000134986","NREP","neuronal regeneration related protein","9315",1.11645712423796,5.46629245169713,7.25405397367161,8.42172285730836e-11,1.97233858867259e-09,13.9372459185038,"single_mapping_record",1,1,1,TRUE,TRUE,1.0839194369177,1.1056416750626,0.0217222381448978,0.0217222381448978,TRUE,6.13175795789399e-09,5.19804531709283e-06,TRUE
281,"Higher in IPF","ENSG00000123496","IL13RA2","interleukin 13 receptor subunit alpha 2","3598",3.43957322706512,2.36354478998505,7.25139899043642,8.53099262208517e-11,1.99424863314672e-09,14.2852480631174,"single_mapping_record",1,1,1,TRUE,TRUE,3.54075126086344,4.11079727595691,0.570046015093474,0.570046015093474,TRUE,2.81063098291535e-09,1.40542843294739e-08,TRUE
282,"Higher in IPF","ENSG00000156113","KCNMA1","potassium calcium-activated channel subfamily M alpha 1","3778",1.37851456926805,5.26855332736197,7.250064354593,8.5864515631235e-11,2.00154985816164e-09,13.9490275331985,"single_mapping_record",1,1,1,TRUE,TRUE,1.40036671248674,1.4189536801499,0.0185869676631545,0.0185869676631545,TRUE,2.62576177333311e-09,3.80006954845603e-06,TRUE
283,"Higher in IPF","ENSG00000167371","PRRT2","proline rich transmembrane protein 2","112476",1.31918314623043,1.82861644332764,7.24823030502931,8.60508827602573e-11,2.00278426666199e-09,14.2888374428805,"single_mapping_record",1,1,1,TRUE,TRUE,1.33538845093266,1.07784956388975,-0.257538887042909,0.257538887042909,TRUE,2.55129696059009e-09,9.73479187058934e-05,TRUE
284,"Higher in IPF","ENSG00000134198","TSPAN2","tetraspanin 2","10100",1.26525683915816,3.86174341553633,7.24755204935996,8.69181896228839e-11,2.01433692280821e-09,14.1146253057928,"single_mapping_record",1,1,1,TRUE,TRUE,1.21152833245356,1.09223897659791,-0.119289355855646,0.119289355855646,TRUE,7.33551282295469e-09,3.70898701043531e-05,TRUE
285,"Higher in IPF","ENSG00000102468","HTR2A","5-hydroxytryptamine receptor 2A","3356",2.29051599635817,1.03864965428289,7.24215286552641,8.89321208137708e-11,2.05708628298356e-09,14.1653945118801,"single_mapping_record",1,1,1,TRUE,TRUE,2.22410733133421,2.40687618069822,0.18276884936401,0.18276884936401,TRUE,5.9428281140111e-09,9.59695468483497e-07,TRUE
286,"Higher in IPF","ENSG00000164112","SMIM43","small integral membrane protein 43","132332",2.16403030464349,-0.94222443583501,7.23775751019728,9.05406876511184e-11,2.08785991247095e-09,13.6249210540023,"single_mapping_record",1,1,1,TRUE,TRUE,2.22193323684781,2.28496707883379,0.0630338419859853,0.0630338419859853,TRUE,1.98042815893936e-09,1.31002202545523e-06,TRUE
287,"Higher in IPF","ENSG00000067445","TRO","trophinin","7216",1.01085965357012,3.78030011794005,7.2325638349495,9.30865238959145e-11,2.13209635153788e-09,14.0457956236686,"single_mapping_record",1,1,1,TRUE,TRUE,1.05135850411681,1.29483697945287,0.243478475336058,0.243478475336058,TRUE,1.10319333353514e-09,1.40430998230168e-08,TRUE
288,"Higher in IPF","ENSG00000134817","APLNR","apelin receptor","187",2.3094945748186,4.18972874245077,7.2223187863902,9.82389548983225e-11,2.22773895911423e-09,14.019096869202,"single_mapping_record",1,1,1,TRUE,TRUE,2.30669230633207,2.51397387389778,0.207281567565705,0.207281567565705,TRUE,5.02535131228944e-09,1.10694059207964e-06,TRUE
289,"Higher in IPF","ENSG00000181458","TMEM45A","transmembrane protein 45A","55076",1.35200340042778,4.86552123197962,7.21597287615386,1.01308977934303e-10,2.286993047744e-09,13.8243019769795,"single_mapping_record",1,1,1,TRUE,TRUE,1.3592657747155,1.4065345950807,0.0472688203652076,0.0472688203652076,TRUE,4.68201239928279e-09,3.92612904632183e-06,TRUE
290,"Higher in IPF","ENSG00000088882","CPXM1","carboxypeptidase X, M14 family member 1","56265",3.69064592600511,3.86150587323993,7.21291051182404,1.02824341420634e-10,2.31771623634619e-09,14.0784439139837,"single_mapping_record",1,1,1,TRUE,TRUE,3.74101431835231,3.93601803278349,0.195003714431181,0.195003714431181,TRUE,4.12653428331858e-09,6.23979663666042e-07,TRUE
291,"Higher in IPF","ENSG00000170558","CDH2","cadherin 2","1000",2.96751469915763,1.9619768970769,7.20431878582534,1.0719688963031e-10,2.40185030914957e-09,14.0607137931847,"single_mapping_record",1,1,1,TRUE,TRUE,2.95777974869654,3.40253853110475,0.444758782408211,0.444758782408211,TRUE,3.37618309151297e-09,5.19804937225159e-08,TRUE
292,"Higher in IPF","ENSG00000064300","NGFR","nerve growth factor receptor","4804",2.23382967624498,3.04548263858037,7.19790541368064,1.10580564291534e-10,2.4629605803331e-09,14.0129659237825,"single_mapping_record",1,1,1,TRUE,TRUE,2.28324498469171,1.83255845258906,-0.450686532102648,0.450686532102648,TRUE,3.55942952282289e-09,7.23476017074992e-05,TRUE
293,"Higher in IPF","ENSG00000075340","ADD2","adducin 2","119",1.57723034442571,2.87624468039882,7.19738023257,1.10862295306259e-10,2.4655774476112e-09,13.9998123616396,"single_mapping_record",1,1,1,TRUE,TRUE,1.5373439092288,1.21828571981157,-0.319058189417226,0.319058189417226,TRUE,6.9259780816336e-09,0.000183870326586499,TRUE
294,"Higher in IPF","ENSG00000148357","HMCN2","hemicentin 2","256158",2.06634671320573,4.68911115148321,7.19689603210194,1.11122673096753e-10,2.46771237947997e-09,13.8077198385314,"single_mapping_record",1,1,1,TRUE,TRUE,2.0104153815571,1.85387478874796,-0.156540592809138,0.156540592809138,TRUE,7.69421100639309e-09,2.26908476305678e-05,TRUE
295,"Higher in IPF","ENSG00000145283","SLC10A6","solute carrier family 10 member 6","345274",2.10382273540004,-0.374851610158981,7.19310981240561,1.1243700442868e-10,2.4858679094011e-09,13.6388149362645,"single_mapping_record",1,1,1,TRUE,TRUE,2.12162965890338,1.88202575083021,-0.239603908073165,0.239603908073165,TRUE,3.96592801346651e-09,3.15863502654371e-05,TRUE
296,"Higher in IPF","ENSG00000078295","ADCY2","adenylate cyclase 2","108",2.12383313892927,1.42018310564181,7.17847023141344,1.21253973554679e-10,2.65695194874771e-09,13.9306774272654,"single_mapping_record",1,1,1,TRUE,TRUE,2.08096525328359,2.12611660337015,0.0451513500865635,0.0451513500865635,TRUE,6.34404043388137e-09,3.17925544202313e-06,TRUE
297,"Higher in IPF","ENSG00000164070","HSPA4L","heat shock protein family A (Hsp70) member 4 like","22824",1.74182119335318,2.8634914163637,7.17860756849173,1.21414137812479e-10,2.65695194874771e-09,13.9204242039421,"single_mapping_record",1,1,1,TRUE,TRUE,1.75758502927696,1.49459633868774,-0.262988690589216,0.262988690589216,TRUE,4.77005916553933e-09,5.01643353399586e-05,TRUE
298,"Higher in IPF","ENSG00000115414","FN1","fibronectin 1","2335",1.20137934992102,11.8780529500436,7.17405716591064,1.23909063803989e-10,2.70760242478235e-09,13.7973647608569,"single_mapping_record",1,1,1,TRUE,TRUE,1.24039078139133,1.35682595294185,0.116435171550516,0.116435171550516,TRUE,1.52082963686584e-09,2.52637267959149e-07,TRUE
299,"Higher in IPF","ENSG00000196159","FAT4","FAT atypical cadherin 4","79633",1.0015917624883,6.64241258433299,7.17227454048332,1.25193873558223e-10,2.7317012061861e-09,13.5174788257374,"single_mapping_record",1,1,1,TRUE,TRUE,0.969956770453864,0.878114355544178,-0.0918424149096858,0.0918424149096858,TRUE,7.95217111015034e-09,4.50631455423801e-05,TRUE
300,"Higher in IPF","ENSG00000157680","DGKI","diacylglycerol kinase iota","9162",1.69528835572784,0.248015480102598,7.16826795370122,1.26816098213467e-10,2.76308166383245e-09,13.7429363426239,"single_mapping_record",1,1,1,TRUE,TRUE,1.65499780925014,1.34327955555083,-0.31171825369931,0.31171825369931,TRUE,1.08036234779224e-08,0.000187646012385793,TRUE
301,"Higher in IPF","ENSG00000164056","SPRY1","sprouty RTK signaling antagonist 1","10252",1.16002261988636,6.94492404363533,7.15522489126757,1.3595941142096e-10,2.94945474602811e-09,13.4448665803223,"single_mapping_record",1,1,1,TRUE,TRUE,1.13609003290941,1.00905123170397,-0.127038801205437,0.127038801205437,TRUE,1.02808560484501e-08,6.83992774023899e-05,TRUE
302,"Higher in IPF","ENSG00000114200","BCHE","butyrylcholinesterase","590",1.70514695908529,4.87365862200759,7.14760762005087,1.41061110306574e-10,3.0381770271482e-09,13.5271609331087,"single_mapping_record",1,1,1,TRUE,TRUE,1.65688137373999,1.61136627025209,-0.0455151034878976,0.0455151034878976,TRUE,8.94259310803625e-09,1.49309047950163e-05,TRUE
303,"Higher in IPF","ENSG00000174501","ANKRD36C","ankyrin repeat domain 36C","400986",1.05225426755674,2.55442660790684,7.14353645181208,1.42940372591182e-10,3.07424193888083e-09,13.7712712659,"single_mapping_record",1,1,1,TRUE,TRUE,1.05850948930511,0.91831084216188,-0.140198647143227,0.140198647143227,TRUE,5.11082759061622e-09,6.19451427673347e-05,TRUE
304,"Higher in IPF","ENSG00000137285","TUBB2B","tubulin beta 2B class IIb","347733",1.83462807032682,0.131431745003305,7.13601851376615,1.4823324080722e-10,3.17977026367377e-09,13.5470128514034,"single_mapping_record",1,1,1,TRUE,TRUE,1.87250155698893,1.92193349654343,0.0494319395545064,0.0494319395545064,TRUE,3.43565499906937e-09,2.46766125019359e-06,TRUE
305,"Higher in IPF","ENSG00000118402","ELOVL4","ELOVL fatty acid elongase 4","6785",1.41325046673262,0.318820930047058,7.12193591515611,1.58676092488749e-10,3.3705555425821e-09,13.5520534574915,"single_mapping_record",1,1,1,TRUE,TRUE,1.4460807653519,1.67790515108666,0.231824385734758,0.231824385734758,TRUE,3.78593271355605e-09,1.45330606295012e-07,TRUE
306,"Higher in IPF","ENSG00000053328","METTL24","methyltransferase like 24","728464",1.42458863980478,1.3635689316079,7.11517063711754,1.63949005136911e-10,3.4713716010089e-09,13.6521246932885,"single_mapping_record",1,1,1,TRUE,TRUE,1.43995801323258,1.44403465873615,0.00407664550357367,0.00407664550357367,TRUE,4.79080702568108e-09,5.32863902387271e-06,TRUE
307,"Higher in IPF","ENSG00000196368","NUDT11","nudix hydrolase 11","55190",1.41536193179051,0.399014429564808,7.10976463555088,1.68287041207231e-10,3.54820935758842e-09,13.5216624876696,"single_mapping_record",1,1,1,TRUE,TRUE,1.43401510817922,1.32203928276741,-0.111975825411807,0.111975825411807,TRUE,6.18484632826491e-09,2.49158842957653e-05,TRUE
308,"Higher in IPF","ENSG00000168824","NSG1","neuronal vesicle trafficking associated 1","27065",2.35315659342863,0.9928634954661,7.10449464110861,1.73389787825963e-10,3.64555671546689e-09,13.5330500879127,"single_mapping_record",1,1,1,TRUE,TRUE,2.33228831868135,2.38292460052027,0.0506362818389237,0.0506362818389237,TRUE,7.60827057342676e-09,4.53173560175115e-06,TRUE
309,"Higher in IPF","ENSG00000006283","CACNA1G","calcium voltage-gated channel subunit alpha1 G","8913",2.21690859995761,1.00223801925692,7.10432973020578,1.73266969802919e-10,3.64555671546689e-09,13.5340485387478,"single_mapping_record",1,1,1,TRUE,TRUE,2.22739630905339,2.23028751663394,0.00289120758054917,0.00289120758054917,TRUE,5.54507083161954e-09,5.17023344267869e-06,TRUE
310,"Higher in IPF","ENSG00000134531","EMP1","epithelial membrane protein 1","2012",1.13651122817334,8.68918929639054,7.09660492042342,1.80465854765309e-10,3.78373381527488e-09,13.2560758011969,"single_mapping_record",1,1,1,TRUE,TRUE,1.14552283739962,1.03083887386776,-0.11468396353186,0.11468396353186,TRUE,5.90735663920261e-09,4.18857303186892e-05,TRUE
311,"Higher in IPF","ENSG00000172403","SYNPO2","synaptopodin 2","171024",1.69169805068358,7.42977175427882,7.09060031978038,1.85770101521269e-10,3.88409577163968e-09,13.1572331112793,"single_mapping_record",1,1,1,TRUE,TRUE,1.63283963661681,1.27921151214466,-0.353628124472146,0.353628124472146,TRUE,1.65233131123819e-08,0.000431380988888892,TRUE
312,"Higher in IPF","ENSG00000113361","CDH6","cadherin 6","1004",1.05869373531994,4.95334015562649,7.07083134944417,2.04349201387021e-10,4.23129684306477e-09,13.107927278605,"single_mapping_record",1,1,1,TRUE,TRUE,1.03939036643871,0.995328943389048,-0.0440614230496619,0.0440614230496619,TRUE,1.07221068519554e-08,2.36760068739624e-05,TRUE
313,"Higher in IPF","ENSG00000144649","GASK1A","golgi associated kinase 1A","729085",1.46540454389964,3.31167544406104,7.06793730231881,2.07219340671986e-10,4.28481644926703e-09,13.345526227393,"single_mapping_record",1,1,1,TRUE,TRUE,1.49386505230138,1.40496721213676,-0.0888978401646217,0.0888978401646217,TRUE,5.21510143475384e-09,1.67356350968082e-05,TRUE
314,"Higher in IPF","ENSG00000162849","KIF26B","kinesin family member 26B","55083",2.21860475901187,4.14949517595833,7.06061596558736,2.14659816212045e-10,4.4264741222187e-09,13.2508720411117,"single_mapping_record",1,1,1,TRUE,TRUE,2.26492572029705,2.98749103269296,0.722565312395904,0.722565312395904,TRUE,6.22905539450405e-09,9.85764661816171e-09,TRUE
315,"Higher in IPF","ENSG00000249992","TMEM158","transmembrane protein 158","25907",1.44967005899616,1.49926030663002,7.05276754921928,2.21551033197642e-10,4.562310165107e-09,13.3720662858858,"single_mapping_record",1,1,1,TRUE,TRUE,1.44474199654616,1.76453076216745,0.319788765621293,0.319788765621293,TRUE,8.46650367221027e-09,9.64644981668991e-08,TRUE
316,"Higher in IPF","ENSG00000105792","CFAP69","cilia and flagella associated protein 69","79846",1.34458604859764,3.44081517982045,7.05314253316457,2.22527927723636e-10,4.56988953623424e-09,13.2512331646321,"single_mapping_record",1,1,1,TRUE,TRUE,1.34034969997621,1.35433472183962,0.0139850218634052,0.0139850218634052,TRUE,1.10300159290704e-08,9.49031784308227e-06,TRUE
317,"Higher in IPF","ENSG00000078053","AMPH","amphiphysin","273",1.14543560467389,1.53237832779786,7.04654489888333,2.28293809297335e-10,4.67550704661882e-09,13.3472807869335,"single_mapping_record",1,1,1,TRUE,TRUE,1.17335470179839,1.35043446320283,0.177079761404449,0.177079761404449,TRUE,4.7023590919357e-09,3.32812145411434e-07,TRUE
318,"Higher in IPF","ENSG00000075035","WSCD2","WSC domain containing 2","9671",2.1351472121587,1.21976611573999,7.0167029277462,2.6449077379687e-10,5.36558850843056e-09,13.1693775273665,"single_mapping_record",1,1,1,TRUE,TRUE,2.14981737059261,1.91412461263492,-0.235692757957695,0.235692757957695,TRUE,8.59619183349641e-09,3.48902313208337e-05,TRUE
319,"Higher in IPF","ENSG00000163618","CADPS","calcium dependent secretion activator","8618",1.43565793793896,1.31266443728788,7.01421025807444,2.66744067733045e-10,5.40399722646217e-09,13.1852290925765,"single_mapping_record",1,1,1,TRUE,TRUE,1.46571470827401,1.24537025869096,-0.22034444958305,0.22034444958305,TRUE,6.73539655246998e-09,6.80067265594117e-05,TRUE
320,"Higher in IPF","ENSG00000064692","SNCAIP","synuclein alpha interacting protein","9627",1.51169307581832,2.85026579071844,7.01504136408192,2.6717758823131e-10,5.40548511391971e-09,13.1502617736502,"single_mapping_record",1,1,1,TRUE,TRUE,1.49649869666186,1.46099937416809,-0.0354993224937696,0.0354993224937696,TRUE,1.33480876355385e-08,1.58305916654089e-05,TRUE
321,"Higher in IPF","ENSG00000198515","CNGA1","cyclic nucleotide gated channel subunit alpha 1","1259",2.98969721222018,-1.16901199004712,7.00517224548577,2.78601710617477e-10,5.62041869606929e-09,12.4588625902021,"single_mapping_record",1,1,1,TRUE,TRUE,2.95055875022308,3.21929740679451,0.268738656571434,0.268738656571434,TRUE,1.75508405345736e-08,1.31080638847353e-06,TRUE
322,"Higher in IPF","ENSG00000137673","MMP7","matrix metallopeptidase 7","4316",3.97803372417901,4.65694193800037,7.0037949367425,2.82155248484634e-10,5.66811529252124e-09,13.0089495224558,"single_mapping_record",1,1,1,TRUE,TRUE,4.0895858399539,4.92419787115139,0.834612031197493,0.834612031197493,TRUE,8.39725138422438e-09,3.73637619156803e-07,TRUE
323,"Higher in IPF","ENSG00000234224","TMEM229A","transmembrane protein 229A","730130",2.8291233742699,-2.00517619095101,6.99985616737948,2.85807394927627e-10,5.72072081687138e-09,12.2675172970495,"single_mapping_record",1,1,1,TRUE,TRUE,2.82053269910426,2.81500110104255,-0.005531598061709,0.005531598061709,TRUE,1.27217466938881e-08,8.78909855721854e-06,TRUE
324,"Higher in IPF","ENSG00000047457","CP","ceruloplasmin","1356",2.54644261074996,5.1208775227427,6.99640240425016,2.92357587045207e-10,5.82078527416798e-09,12.832949833917,"single_mapping_record",1,1,1,TRUE,TRUE,2.6049714456581,2.89828747025335,0.29331602459525,0.29331602459525,TRUE,7.18065846499331e-09,1.62227139687536e-06,TRUE
325,"Higher in IPF","ENSG00000170962","PDGFD","platelet derived growth factor D","80310",1.89055356562737,3.76635841256766,6.99124351774603,2.99692990351424e-10,5.95104652269256e-09,12.9450913721231,"single_mapping_record",1,1,1,TRUE,TRUE,1.87969749480448,1.35483721846913,-0.524860276335358,0.524860276335358,TRUE,1.1936829868872e-08,0.000514604691619085,TRUE
326,"Higher in IPF","ENSG00000121005","CRISPLD1","cysteine rich secretory protein LCCL domain containing 1","83690",1.67060619129824,2.8607983618908,6.98927042962085,3.02546471240166e-10,5.99977229360286e-09,13.0354013205571,"single_mapping_record",1,1,1,TRUE,TRUE,1.66907808544504,1.37422399240285,-0.294854093042189,0.294854093042189,TRUE,1.29449351290375e-08,0.000131024882009892,TRUE
327,"Higher in IPF","ENSG00000134504","KCTD1","potassium channel tetramerization domain containing 1","284252",1.18232999604696,3.48347543992759,6.9807585823477,3.14654795546045e-10,6.21526025097004e-09,12.9019656547223,"single_mapping_record",1,1,1,TRUE,TRUE,1.23579639886473,1.17896618764836,-0.0568302112163683,0.0568302112163683,TRUE,3.5762373309951e-09,1.20010070260132e-05,TRUE
328,"Higher in IPF","ENSG00000130635","COL5A1","collagen type V alpha 1 chain","1289",1.42371022309605,7.97754976442722,6.9756379290837,3.23010863562609e-10,6.36356835144605e-09,12.6371115562535,"single_mapping_record",1,1,1,TRUE,TRUE,1.40586113065077,1.43782036716533,0.0319592365145585,0.0319592365145585,TRUE,1.67513211760089e-08,7.41970782126524e-06,TRUE
329,"Higher in IPF","ENSG00000018625","ATP1A2","ATPase Na+/K+ transporting subunit alpha 2","477",1.89376878419999,5.01499272331288,6.97520175782874,3.23687777152352e-10,6.36854640971312e-09,12.6971126007757,"single_mapping_record",1,1,1,TRUE,TRUE,1.93931847446581,1.98271581653025,0.0433973420644358,0.0433973420644358,TRUE,6.57522306132267e-09,6.32442480282676e-06,TRUE
330,"Higher in IPF","ENSG00000166592","RRAD","RRAD, Ras related glycolysis inhibitor and calcium channel regulator","6236",1.13145920176724,4.7527160732266,6.96167459024266,3.4539334837236e-10,6.75136060646597e-09,12.6151959781857,"single_mapping_record",1,1,1,TRUE,TRUE,1.14728568226794,1.04589989065114,-0.101385791616803,0.101385791616803,TRUE,9.33345670685812e-09,4.70235854186172e-05,TRUE
331,"Higher in IPF","ENSG00000109472","CPE","carboxypeptidase E","1363",1.19833140949877,6.66451939053229,6.95630332358104,3.54406554796007e-10,6.90954701376319e-09,12.4949000605685,"single_mapping_record",1,1,1,TRUE,TRUE,1.2188578805101,0.713344908436458,-0.505512972073641,0.505512972073641,TRUE,7.93255258381556e-09,0.00421210080807335,TRUE
332,"Higher in IPF","ENSG00000110076","NRXN2","neurexin 2","9379",1.95954994063429,1.94472762491771,6.93682835582286,3.88932553957525e-10,7.51435714287048e-09,12.8380823738986,"single_mapping_record",1,1,1,TRUE,TRUE,2.00224867826108,1.75749632080557,-0.24475235745551,0.24475235745551,TRUE,8.59673214796871e-09,5.04264461998288e-05,TRUE
333,"Higher in IPF","ENSG00000185634","SHC4","SHC adaptor protein 4","399694",1.98721858076635,0.191784694568719,6.93081859293519,3.980979612658e-10,7.67169010850088e-09,12.6395038700149,"single_mapping_record",1,1,1,TRUE,TRUE,1.98930401424792,1.8497044848833,-0.139599529364625,0.139599529364625,TRUE,1.25744517887944e-08,2.83448076357233e-05,TRUE
334,"Higher in IPF","ENSG00000188153","COL4A5","collagen type IV alpha 5 chain","1287",1.04602075274118,5.32343267190546,6.92698290550091,4.07872909627033e-10,7.83993357147378e-09,12.3904106333348,"single_mapping_record",1,1,1,TRUE,TRUE,1.02888947935705,0.839655007412765,-0.189234471944287,0.189234471944287,TRUE,2.22999937749304e-08,0.000324305514336671,TRUE
335,"Higher in IPF","ENSG00000206432","TMEM200C","transmembrane protein 200C","645369",2.09580738329456,0.0119730841765735,6.92112213208146,4.17029779750981e-10,7.9954675014326e-09,12.526918301182,"single_mapping_record",1,1,1,TRUE,TRUE,2.12549042431056,2.49370392544659,0.368213501136031,0.368213501136031,TRUE,9.78947524745708e-09,1.63772902821483e-07,TRUE
336,"Higher in IPF","ENSG00000120332","TNN","tenascin N","63923",3.16745241239285,1.31933081542222,6.91409687174523,4.3382837989296e-10,8.2752625653788e-09,12.6604091255734,"single_mapping_record",1,1,1,TRUE,TRUE,3.16217197110304,2.96182761921967,-0.200344351883369,0.200344351883369,TRUE,1.7375960917205e-08,1.57826970017922e-05,TRUE
337,"Higher in IPF","ENSG00000254726","MEX3A","mex-3 RNA binding family member A","92312",1.6358482523315,1.56324660992383,6.91246348217608,4.34918629026199e-10,8.2855310392656e-09,12.7260969780211,"single_mapping_record",1,1,1,TRUE,TRUE,1.65588035194248,1.98711806565982,0.331237713717338,0.331237713717338,TRUE,1.22517652286403e-08,1.73338256242231e-07,TRUE
338,"Higher in IPF","ENSG00000107317","PTGDS","prostaglandin D2 synthase","5730",1.29265777257612,5.02523134351133,6.90914864202442,4.4422423790841e-10,8.43236039003494e-09,12.346583520596,"single_mapping_record",1,1,1,TRUE,TRUE,1.31695925828304,1.14904752462564,-0.167911733657401,0.167911733657401,TRUE,9.7788009505994e-09,8.44366804056538e-05,TRUE
339,"Higher in IPF","ENSG00000139155","SLCO1C1","solute carrier organic anion transporter family member 1C1","53919",1.52556540825428,0.381936507266353,6.90671661634449,4.46813634909896e-10,8.45846946691974e-09,12.600067718094,"single_mapping_record",1,1,1,TRUE,TRUE,1.57635278698328,1.45835379935762,-0.117998987625661,0.117998987625661,TRUE,6.3807430370528e-09,2.43486162267331e-05,TRUE
340,"Higher in IPF","ENSG00000183454","GRIN2A","glutamate ionotropic receptor NMDA type subunit 2A","2903",3.14255583778679,0.902065197136093,6.90643028812971,4.50039893173557e-10,8.49589636908058e-09,12.5768285075615,"single_mapping_record",1,1,1,TRUE,TRUE,3.16376146439828,2.90126861911059,-0.262492845287686,0.262492845287686,TRUE,1.36168353078764e-08,1.83986169253196e-05,TRUE
341,"Higher in IPF","ENSG00000134013","LOXL2","lysyl oxidase like 2","4017",1.07674740915185,4.66770801406113,6.89936461487351,4.65511269272815e-10,8.76819971684253e-09,12.3343433676927,"single_mapping_record",1,1,1,TRUE,TRUE,1.09287730188961,1.03522032735815,-0.057656974531465,0.057656974531465,TRUE,1.01369978421153e-08,2.37040595488727e-05,TRUE
342,"Higher in IPF","ENSG00000162670","BRINP3","BMP/retinoic acid inducible neural specific 3","339479",2.16266375313209,1.88842924786801,6.8928465408318,4.80250071187048e-10,8.98505830784817e-09,12.6343882880134,"single_mapping_record",1,1,1,TRUE,TRUE,2.09269034236292,2.15476035213591,0.0620700097729854,0.0620700097729854,TRUE,2.53642378400823e-08,5.75505144681711e-06,TRUE
343,"Higher in IPF","ENSG00000107611","CUBN","cubilin","8029",1.0282397702682,3.03554310604981,6.88776704141774,4.89221431655768e-10,9.1345673283786e-09,12.5274578103492,"single_mapping_record",1,1,1,TRUE,TRUE,1.01954867915298,0.890404755695552,-0.129143923457425,0.129143923457425,TRUE,1.91441339968496e-08,0.000128946269351187,TRUE
344,"Higher in IPF","ENSG00000174348","PODN","podocan","127435",1.02942416793935,7.21410469493061,6.87974639178016,5.11284154161565e-10,9.51102567815788e-09,12.1506662631191,"single_mapping_record",1,1,1,TRUE,TRUE,1.02513082738818,0.804496215972784,-0.220634611415398,0.220634611415398,TRUE,1.82996596409135e-08,0.000480569212328178,TRUE
345,"Higher in IPF","ENSG00000168477","TNXB","tenascin XB","7148",1.09355516059682,7.70024302869318,6.87245258255204,5.29415252414758e-10,9.81182934475352e-09,12.1399753539524,"single_mapping_record",1,1,1,TRUE,TRUE,1.10318797255282,1.08263140460468,-0.0205565679481348,0.0205565679481348,TRUE,1.36168353078764e-08,1.49861278394679e-05,TRUE
346,"Higher in IPF","ENSG00000178773","CPNE7","copine 7","27132",1.68371459959049,1.69186039577521,6.86791505563074,5.39217209469744e-10,9.98116985025868e-09,12.5240921172191,"single_mapping_record",1,1,1,TRUE,TRUE,1.74669370637712,1.72458833463436,-0.022105371742758,0.022105371742758,TRUE,5.87465731403827e-09,5.7029464161527e-06,TRUE
347,"Higher in IPF","ENSG00000136881","BAAT","bile acid-CoA:amino acid N-acyltransferase","570",3.07279168479354,0.185038418920262,6.86671496085729,5.43914317684767e-10,1.00433477700907e-08,12.2443410619326,"single_mapping_record",1,1,1,TRUE,TRUE,3.16626454289265,3.18266365608657,0.0163991131939243,0.0163991131939243,TRUE,9.45131678893255e-09,3.54187975644227e-06,TRUE
348,"Higher in IPF","ENSG00000065618","COL17A1","collagen type XVII alpha 1 chain","1308",4.91037762247281,2.50291146002866,6.84261473478792,6.10454412729534e-10,1.11350445247822e-08,12.3963416157945,"single_mapping_record",1,1,1,TRUE,TRUE,4.97797268548119,5.48122938355549,0.503256698074303,0.503256698074303,TRUE,1.99617270424035e-08,4.06361782036039e-07,TRUE
349,"Higher in IPF","ENSG00000137571","SLCO5A1","solute carrier organic anion transporter family member 5A1","81796",2.36169673390863,-0.0413213904293469,6.83669634066375,6.24521431283485e-10,1.13778103476064e-08,12.1315120683675,"single_mapping_record",1,1,1,TRUE,TRUE,2.36306967005216,2.46304547082558,0.0999758007734228,0.0999758007734228,TRUE,2.09858168311091e-08,5.20406581880399e-06,TRUE
350,"Higher in IPF","ENSG00000164638","SLC29A4","solute carrier family 29 member 4","222962",1.31927383731396,1.54626325227312,6.81842864390771,6.81233526713572e-10,1.23064713634466e-08,12.2988021347539,"single_mapping_record",1,1,1,TRUE,TRUE,1.36713948833414,1.59970181605632,0.232562327722174,0.232562327722174,TRUE,7.61321058769513e-09,2.61174202680163e-07,TRUE
351,"Higher in IPF","ENSG00000101447","FAM83D","family with sequence similarity 83 member D","81610",2.75975257562085,3.44893672993582,6.81126796019733,7.08831117319348e-10,1.27436799199977e-08,12.1910248781289,"single_mapping_record",1,1,1,TRUE,TRUE,2.76768259212821,2.98467517764437,0.216992585516155,0.216992585516155,TRUE,2.34746056989648e-08,1.37086712107749e-06,TRUE
352,"Higher in IPF","ENSG00000065320","NTN1","netrin 1","9423",1.55084154870707,4.82427680698884,6.80363941209763,7.35054164891936e-10,1.31678199562742e-08,11.8942270646166,"single_mapping_record",1,1,1,TRUE,TRUE,1.52569586859627,1.53844275177872,0.0127468831824553,0.0127468831824553,TRUE,3.31233428098919e-08,2.29221708626204e-05,TRUE
353,"Higher in IPF","ENSG00000145040","UCN2","urocortin 2","90226",3.11401880864618,-1.81499509475084,6.78995456425645,7.80590700486872e-10,1.39006258549335e-08,11.4253702597293,"single_mapping_record",1,1,1,TRUE,TRUE,3.13150693924044,3.6430588638739,0.511551924633463,0.511551924633463,TRUE,2.40797516734144e-08,2.78103008079679e-07,TRUE
354,"Higher in IPF","ENSG00000184731","FAM110C","family with sequence similarity 110 member C","642273",1.26674368625332,3.68464683782645,6.78000387599594,8.22550189861868e-10,1.45958906030808e-08,11.9327766147585,"single_mapping_record",1,1,1,TRUE,TRUE,1.29450707011563,1.19333914967447,-0.10116792044116,0.10116792044116,TRUE,1.66081834109186e-08,5.36016077697882e-05,TRUE
355,"Higher in IPF","ENSG00000176490","DIRAS1","DIRAS family GTPase 1","148252",1.84644809391259,0.707705662377919,6.76397044970845,8.8285545205512e-10,1.55374279557461e-08,11.9833377565899,"single_mapping_record",1,1,1,TRUE,TRUE,1.91288072612632,2.27624440344949,0.363363677323167,0.363363677323167,TRUE,1.113468857599e-08,1.74349794706886e-07,TRUE
356,"Higher in IPF","ENSG00000141753","IGFBP4","insulin like growth factor binding protein 4","3487",1.18409230213795,9.66595817315323,6.7604412617707,9.0270436339182e-10,1.58681474276792e-08,11.7298778210522,"single_mapping_record",1,1,1,TRUE,TRUE,1.18340595827493,1.30103687814765,0.117630919872721,0.117630919872721,TRUE,3.06956340734316e-08,2.24521265428608e-06,TRUE
357,"Higher in IPF","ENSG00000165194","PCDH19","protocadherin 19","57526",2.20398135654569,0.664807852842809,6.75282017349315,9.33076924314469e-10,1.63446333580033e-08,11.9104986233079,"single_mapping_record",1,1,1,TRUE,TRUE,2.22565418795997,2.02801636179479,-0.197637826165181,0.197637826165181,TRUE,2.67286738019634e-08,4.99870327707119e-05,TRUE
358,"Higher in IPF","ENSG00000175928","LRRN1","leucine rich repeat neuronal 1","57633",1.64122016664931,2.8678985691746,6.74595512832492,9.66994181800707e-10,1.67821001817251e-08,11.9091018652875,"single_mapping_record",1,1,1,TRUE,TRUE,1.64161767310767,1.57830852969069,-0.0633091434169832,0.0633091434169832,TRUE,2.9643170684666e-08,3.13391421207148e-05,TRUE
359,"Higher in IPF","ENSG00000147889","CDKN2A","cyclin dependent kinase inhibitor 2A","1029",1.31082658178858,1.31879958915625,6.71595351100184,1.10894969721171e-09,1.90912303377777e-08,11.8298636911572,"single_mapping_record",1,1,1,TRUE,TRUE,1.34251943929918,1.02338436005314,-0.319135079246031,0.319135079246031,TRUE,1.87350340694124e-08,0.000438342400775355,TRUE
360,"Higher in IPF","ENSG00000177301","KCNA2","potassium voltage-gated channel subfamily A member 2","3737",1.73175546466883,0.197708342540384,6.71519831072545,1.11292863857772e-09,1.9137783187089e-08,11.6981765203781,"single_mapping_record",1,1,1,TRUE,TRUE,1.79713197467145,1.59189844592921,-0.205233528742242,0.205233528742242,TRUE,1.3120266982948e-08,6.25296010677451e-05,TRUE
361,"Higher in IPF","ENSG00000162873","KLHDC8A","kelch domain containing 8A","55220",1.96989046218033,-1.12808973539244,6.70802157519062,1.15145268065462e-09,1.97324288150538e-08,11.2728413936685,"single_mapping_record",1,1,1,TRUE,TRUE,2.0093489339098,2.08527736940294,0.075928435493144,0.075928435493144,TRUE,2.05233537346543e-08,8.50061815749404e-06,TRUE
362,"Higher in IPF","ENSG00000145824","CXCL14","C-X-C motif chemokine ligand 14","9547",3.09082632975589,4.14193885118629,6.70463172970079,1.17634594164481e-09,2.01131039589657e-08,11.6370045873339,"single_mapping_record",1,1,1,TRUE,TRUE,3.13610189225507,3.49472665206856,0.358624759813492,0.358624759813492,TRUE,3.24652811678203e-08,1.23835112786686e-06,TRUE
363,"Higher in IPF","ENSG00000147485","PXDNL","peroxidasin like","137902",1.91544522896006,0.334738225161163,6.69210699958169,1.24164915264054e-09,2.11333753735144e-08,11.6098741178737,"single_mapping_record",1,1,1,TRUE,TRUE,1.88602720814644,1.59681315751051,-0.28921405063593,0.28921405063593,TRUE,4.7483926047934e-08,0.000207435622921609,TRUE
364,"Higher in IPF","ENSG00000118004","COLEC11","collectin subfamily member 11","78989",1.63496502552612,2.12465428704029,6.69048048054695,1.25608307916665e-09,2.12825272962186e-08,11.7034887093446,"single_mapping_record",1,1,1,TRUE,TRUE,1.6580977035185,1.60836589092043,-0.0497318125980721,0.0497318125980721,TRUE,2.69596223595596e-08,2.141130685705e-05,TRUE
365,"Higher in IPF","ENSG00000198108","CHSY3","chondroitin sulfate synthase 3","337876",1.09160374161039,2.78982216165356,6.68165582480047,1.30464735099958e-09,2.19813311259323e-08,11.6006510848566,"single_mapping_record",1,1,1,TRUE,TRUE,1.09090005596342,1.05990091884824,-0.0309991371151748,0.0309991371151748,TRUE,3.53261824395595e-08,3.77641478551067e-05,TRUE
366,"Higher in IPF","ENSG00000129038","LOXL1","lysyl oxidase like 1","4016",1.12516353080109,4.96009646199532,6.67851133256817,1.33119186725452e-09,2.2353302361549e-08,11.2668532113259,"single_mapping_record",1,1,1,TRUE,TRUE,1.13992797000771,1.03361708239971,-0.106310887607998,0.106310887607998,TRUE,2.8172642947718e-08,8.85237583088281e-05,TRUE
367,"Higher in IPF","ENSG00000095397","WHRN","whirlin","25861",1.24117174010185,3.13720774360773,6.66214500399771,1.43637802012897e-09,2.39854358600402e-08,11.4674122257379,"single_mapping_record",1,1,1,TRUE,TRUE,1.26265027629247,1.26861308864199,0.00596281234952367,0.00596281234952367,TRUE,3.12206959566449e-08,2.19756293552592e-05,TRUE
368,"Higher in IPF","ENSG00000114251","WNT5A","Wnt family member 5A","7474",1.12110627561212,4.82105480138084,6.6610333460617,1.44589274045487e-09,2.41174909107873e-08,11.2050452018136,"single_mapping_record",1,1,1,TRUE,TRUE,1.10807140511993,1.05325674710228,-0.0548146580176501,0.0548146580176501,TRUE,6.11037377739526e-08,7.50227021657243e-05,TRUE
369,"Higher in IPF","ENSG00000169946","ZFPM2","zinc finger protein, FOG family member 2","23414",1.00601111295606,4.21605739510279,6.65421726321665,1.49322654494875e-09,2.47968107220914e-08,11.2500199893963,"single_mapping_record",1,1,1,TRUE,TRUE,0.973165400012378,0.729197758314353,-0.243967641698025,0.243967641698025,TRUE,6.49849575452495e-08,0.00115285965891561,TRUE
370,"Higher in IPF","ENSG00000109321","AREG","amphiregulin","374",2.22735950633885,4.65318565125356,6.65348270391269,1.49841821485442e-09,2.48283235136798e-08,11.2599106307531,"single_mapping_record",1,1,1,TRUE,TRUE,2.3139712012491,2.2032362186863,-0.110734982562792,0.110734982562792,TRUE,2.06291161771461e-08,2.32741901135119e-05,TRUE
371,"Higher in IPF","ENSG00000163347","CLDN1","claudin 1","9076",1.95412599656267,4.62540281770893,6.62954211676196,1.67775270144028e-09,2.75562620941154e-08,11.1475552386571,"single_mapping_record",1,1,1,TRUE,TRUE,1.93921772649603,2.11727363735303,0.178055910857002,0.178055910857002,TRUE,5.30982579082335e-08,1.31755200117345e-05,TRUE
372,"Higher in IPF","ENSG00000113319","RASGRF2","Ras protein specific guanine nucleotide releasing factor 2","5924",1.09653903187631,4.43946259646384,6.62177641228621,1.7403622005296e-09,2.84600406910135e-08,11.076040302725,"single_mapping_record",1,1,1,TRUE,TRUE,1.08870224861015,0.872048198531763,-0.216654050078391,0.216654050078391,TRUE,5.02125514749724e-08,0.000445158839707702,TRUE
373,"Higher in IPF","ENSG00000166963","MAP1A","microtubule associated protein 1A","4130",1.25097067765761,4.81989443932174,6.60449181936465,1.88812828280459e-09,3.05437303679552e-08,10.9513883498643,"single_mapping_record",1,1,1,TRUE,TRUE,1.26033796138141,1.29015885381288,0.0298208924314642,0.0298208924314642,TRUE,5.00527527773054e-08,2.21751345366732e-05,TRUE
374,"Higher in IPF","ENSG00000173258","ZNF483","zinc finger protein 483","158399",1.10097373786248,0.746809565895139,6.59823920335446,1.93475937306336e-09,3.11972155837027e-08,11.2729541445197,"single_mapping_record",1,1,1,TRUE,TRUE,1.09817998439465,0.973696068449635,-0.124483915945011,0.124483915945011,TRUE,5.55905865732911e-08,0.000178241625095222,TRUE
375,"Higher in IPF","ENSG00000162692","VCAM1","vascular cell adhesion molecule 1","7412",2.03935054872669,4.66699355582609,6.5962453165772,1.96293262678602e-09,3.16175371172873e-08,10.9872877727874,"single_mapping_record",1,1,1,TRUE,TRUE,2.01992413111525,1.93488279248926,-0.0850413386259892,0.0850413386259892,TRUE,6.72003489089572e-08,5.95715521444834e-05,TRUE
376,"Higher in IPF","ENSG00000151917","BEND6","BEN domain containing 6","221336",1.53885433096906,1.26753660993154,6.59442937027513,1.96981215062586e-09,3.16943408415814e-08,11.2763711450772,"single_mapping_record",1,1,1,TRUE,TRUE,1.53465794065138,1.74657370932716,0.211915768675777,0.211915768675777,TRUE,6.64872478542242e-08,2.97361594590039e-06,TRUE
377,"Higher in IPF","ENSG00000057294","PKP2","plakophilin 2","5318",2.17605084600256,3.36967039113253,6.58783076703326,2.04228044669412e-09,3.26973240842871e-08,11.1494787412293,"single_mapping_record",1,1,1,TRUE,TRUE,2.28260167425476,2.2549477074913,-0.027653966763467,0.027653966763467,TRUE,2.31905940255118e-08,2.31812771718277e-05,TRUE
378,"Higher in IPF","ENSG00000112186","CAP2","cyclase associated actin cytoskeleton regulatory protein 2","10486",1.18884975376369,3.72806730511254,6.57805203247597,2.13848197417742e-09,3.40795025438975e-08,10.9915807428147,"single_mapping_record",1,1,1,TRUE,TRUE,1.1584112741244,0.876401365956196,-0.282009908168205,0.282009908168205,TRUE,1.00375303597111e-07,0.00119028532250671,TRUE
379,"Higher in IPF","ENSG00000188859","FAM78B","family with sequence similarity 78 member B","149297",1.33618108057154,1.15726987777859,6.57048865656263,2.20490015412488e-09,3.50635181289435e-08,11.1699757567701,"single_mapping_record",1,1,1,TRUE,TRUE,1.35814623962664,1.27636419609691,-0.0817820435297323,0.0817820435297323,TRUE,4.30741271883599e-08,6.08916915556485e-05,TRUE
380,"Higher in IPF","ENSG00000153993","SEMA3D","semaphorin 3D","223117",1.4830356029469,4.19837665209154,6.5553872907838,2.37901378411125e-09,3.74358018103543e-08,10.8341120151733,"single_mapping_record",1,1,1,TRUE,TRUE,1.41318750839324,1.11270898789196,-0.300478520501283,0.300478520501283,TRUE,1.32474054095324e-07,0.000889353242165214,TRUE
381,"Higher in IPF","ENSG00000112936","C7","complement C7","730",1.18297787980965,10.0709117901747,6.5534319837356,2.40097617138466e-09,3.76629616351374e-08,10.7970439237194,"single_mapping_record",1,1,1,TRUE,TRUE,1.21049591897268,0.841948982804205,-0.36854693616848,0.36854693616848,TRUE,3.13602449134432e-08,0.00225031469367888,TRUE
382,"Higher in IPF","ENSG00000235162","C12orf75","chromosome 12 open reading frame 75","387882",1.48352449389489,3.74624466245734,6.55300244481821,2.40582761293683e-09,3.76996702770435e-08,10.8896254660657,"single_mapping_record",1,1,1,TRUE,TRUE,1.47724280301943,1.29053431509391,-0.186708487925517,0.186708487925517,TRUE,7.99321898380595e-08,0.000220860458020169,TRUE
383,"Higher in IPF","ENSG00000119630","PGF","placental growth factor","5228",1.40152088797167,3.7234795335614,6.54382396706008,2.51184061969123e-09,3.92789076904216e-08,10.8431260841129,"single_mapping_record",1,1,1,TRUE,TRUE,1.44109618150644,1.22303451515301,-0.218061666353428,0.218061666353428,TRUE,3.23525307365973e-08,0.000218650323733421,TRUE
384,"Higher in IPF","ENSG00000167123","CERCAM","cerebral endothelial cell adhesion molecule","51148",1.07367235995393,5.56420757383023,6.53832287633986,2.57757801854522e-09,4.01396278157685e-08,10.5593246894062,"single_mapping_record",1,1,1,TRUE,TRUE,1.11760676559616,1.09065940119739,-0.0269473643987748,0.0269473643987748,TRUE,1.91441339968496e-08,2.45215105076735e-05,TRUE
385,"Higher in IPF","ENSG00000186479","RGS7BP","regulator of G protein signaling 7 binding protein","401190",1.50433957423677,2.41263079889249,6.53679964953921,2.59278195653188e-09,4.03345520533229e-08,10.9834830225018,"single_mapping_record",1,1,1,TRUE,TRUE,1.45436074423513,1.03663250464537,-0.417728239589764,0.417728239589764,TRUE,1.41927141685366e-07,0.00260866685615356,TRUE
386,"Higher in IPF","ENSG00000122733","PHF24","PHD finger protein 24","23349",1.34077721057259,0.470325008472575,6.5312626980473,2.65140095935165e-09,4.10761931906986e-08,10.9418316064055,"single_mapping_record",1,1,1,TRUE,TRUE,1.32019851881148,1.26197074686413,-0.0582277719473443,0.0582277719473443,TRUE,5.29682638846729e-08,5.79706188595608e-05,TRUE
387,"Higher in IPF","ENSG00000182175","RGMA","repulsive guidance molecule BMP co-receptor a","56963",1.57913899224213,3.58501613892335,6.51738341030358,2.84372359972619e-09,4.37845935170149e-08,10.7560905602194,"single_mapping_record",1,1,1,TRUE,TRUE,1.61838793389885,1.35226254475014,-0.266125389148714,0.266125389148714,TRUE,4.65276051763084e-08,0.000223631800948646,TRUE
388,"Higher in IPF","ENSG00000158286","RNF207","ring finger protein 207","388591",1.09522269371205,3.60806831266245,6.51002714605855,2.94060010295935e-09,4.51373095558546e-08,10.6912646829553,"single_mapping_record",1,1,1,TRUE,TRUE,1.16086326903396,1.15726775112474,-0.00359551790921997,0.00359551790921997,TRUE,1.45736620215167e-08,1.39832388259948e-05,TRUE
389,"Higher in IPF","ENSG00000156475","PPP2R2B","protein phosphatase 2 regulatory subunit Bbeta","5521",1.14930862148737,1.73011979677116,6.50757568785449,2.96313631817256e-09,4.54234674307716e-08,10.8872037190251,"single_mapping_record",1,1,1,TRUE,TRUE,1.13870217146849,0.961011492045634,-0.177690679422853,0.177690679422853,TRUE,7.94533072838625e-08,0.000336238699362047,TRUE
390,"Higher in IPF","ENSG00000197444","OGDHL","oxoglutarate dehydrogenase L","55753",2.64167789945562,-2.08394189282098,6.50622943591719,2.98190275444689e-09,4.56153081679281e-08,10.2030778828906,"single_mapping_record",1,1,1,TRUE,TRUE,2.64595666216872,2.71552539407849,0.0695687319097655,0.0695687319097655,TRUE,8.49622121467548e-08,2.12367610695937e-05,TRUE
391,"Higher in IPF","ENSG00000111341","MGP","matrix Gla protein","4256",1.03845583984812,9.69855347003944,6.49370082963339,3.17755452137055e-09,4.82320004800958e-08,10.5014115467137,"single_mapping_record",1,1,1,TRUE,TRUE,1.0132623861314,0.755132476080817,-0.258129910050583,0.258129910050583,TRUE,1.39955502043731e-07,0.00211316656327582,TRUE
392,"Higher in IPF","ENSG00000186891","TNFRSF18","TNF receptor superfamily member 18","8784",1.54175882456176,1.28220206911014,6.49035453114441,3.21224983745838e-09,4.86602366901365e-08,10.8126989635273,"single_mapping_record",1,1,1,TRUE,TRUE,1.58018224140247,1.47926807352472,-0.100914167877753,0.100914167877753,TRUE,4.07210304939517e-08,6.65680949876538e-05,TRUE
393,"Higher in IPF","ENSG00000197361","FBXL22","F-box and leucine rich repeat protein 22","283807",1.64363436715235,1.15617994756814,6.48417103999593,3.30671970384447e-09,4.98899258232293e-08,10.7797792649889,"single_mapping_record",1,1,1,TRUE,TRUE,1.61312040147179,1.78748996522191,0.174369563750123,0.174369563750123,TRUE,8.89450152699552e-08,5.66075023513688e-06,TRUE
394,"Higher in IPF","ENSG00000105855","ITGB8","integrin subunit beta 8","3696",1.3908529760035,3.92412980856154,6.48520880458255,3.30645540745024e-09,4.98899258232293e-08,10.5474257965088,"single_mapping_record",1,1,1,TRUE,TRUE,1.39904471647514,1.44254987540429,0.043505158929144,0.043505158929144,TRUE,8.71553449708858e-08,3.43814606567253e-05,TRUE
395,"Higher in IPF","ENSG00000072195","SPEG","striated muscle enriched protein kinase","10290",1.53171366401684,4.95171528401139,6.48356495506303,3.33199767868182e-09,5.0070019171543e-08,10.3860294593773,"single_mapping_record",1,1,1,TRUE,TRUE,1.55875892326628,1.4628314366566,-0.0959274866096791,0.0959274866096791,TRUE,5.69362196875772e-08,8.26575071392161e-05,TRUE
396,"Higher in IPF","ENSG00000163017","ACTG2","actin gamma 2, smooth muscle","72",1.91644143523745,7.16626619341509,6.48239252324061,3.35033400445547e-09,5.02952140748856e-08,10.3032125100014,"single_mapping_record",1,1,1,TRUE,TRUE,1.96540875296269,1.9205486386465,-0.04486011431619,0.04486011431619,TRUE,3.74431831874745e-08,3.12552711072083e-05,TRUE
397,"Higher in IPF","ENSG00000141433","ADCYAP1","adenylate cyclase activating polypeptide 1","116",3.91016895561281,1.39523470678507,6.46804873277545,3.582897489027e-09,5.34656631265142e-08,10.6504219874,"single_mapping_record",1,1,1,TRUE,TRUE,3.97980249923829,3.98509609952969,0.00529360029139792,0.00529360029139792,TRUE,8.70917883904903e-08,8.33437457801123e-06,TRUE
398,"Higher in IPF","ENSG00000054803","CBLN4","cerebellin 4 precursor","140689",3.49719185776279,1.54263434637172,6.46204206750583,3.68495904168165e-09,5.48795685850446e-08,10.6597061068995,"single_mapping_record",1,1,1,TRUE,TRUE,3.42112230762762,3.11680496031686,-0.304317347310758,0.304317347310758,TRUE,1.10981408990916e-07,7.60627020741033e-05,TRUE
399,"Higher in IPF","ENSG00000106772","PRUNE2","prune homolog 2 with BCH domain","158471",1.62647423589477,5.44729183024981,6.45218502919574,3.85870064267998e-09,5.70145807558187e-08,10.197050096586,"single_mapping_record",1,1,1,TRUE,TRUE,1.64236663508603,1.57525592524326,-0.0671107098427675,0.0671107098427675,TRUE,7.93980111207469e-08,7.95723362109587e-05,TRUE
400,"Higher in IPF","ENSG00000204442","NALF1","NALCN channel auxiliary factor 1","728215",1.12725026863024,1.70397549748703,6.44858919436853,3.90561080179754e-09,5.75378109485621e-08,10.6218899225323,"single_mapping_record",1,1,1,TRUE,TRUE,1.12595916155329,0.859176393873027,-0.266782767680262,0.266782767680262,TRUE,1.09822756990913e-07,0.00114778043691897,TRUE
401,"Higher in IPF","ENSG00000085563","ABCB1","ATP binding cassette subfamily B member 1","5243",1.67749393517087,4.03524346523492,6.44604970028441,3.97090217499322e-09,5.83850964260511e-08,10.3735962854642,"single_mapping_record",1,1,1,TRUE,TRUE,1.6993465636114,1.2344646894146,-0.464881874196797,0.464881874196797,TRUE,7.40796537258444e-08,0.00123913121592595,TRUE
402,"Higher in IPF","ENSG00000143878","RHOB","ras homolog family member B","388",1.19164579643458,9.21965704933472,6.44161799882611,4.05394640099804e-09,5.94895829636193e-08,10.2320884488402,"single_mapping_record",1,1,1,TRUE,TRUE,1.21408580750871,0.967034384391214,-0.247051423117492,0.247051423117492,TRUE,7.26223754073893e-08,0.000854140346480582,TRUE
403,"Higher in IPF","ENSG00000148219","ASTN2","astrotactin 2","23245",1.20834309080396,1.91253033819342,6.4397799412636,4.06973205350244e-09,5.96629077999791e-08,10.5743536225946,"single_mapping_record",1,1,1,TRUE,TRUE,1.24532568724566,0.93237272247352,-0.312952964772138,0.312952964772138,TRUE,5.52462154694458e-08,0.000985914347041557,TRUE
404,"Higher in IPF","ENSG00000178878","APOLD1","apolipoprotein L domain containing 1","81575",1.8231683964195,7.30635917441343,6.43959916639435,4.09234301624197e-09,5.99280541507576e-08,10.1131825712255,"single_mapping_record",1,1,1,TRUE,TRUE,1.90422437570133,1.38540670265528,-0.518817673046049,0.518817673046049,TRUE,3.08519501507848e-08,0.00122475243841053,TRUE
405,"Higher in IPF","ENSG00000154102","C16orf74","chromosome 16 open reading frame 74","404550",1.23586997220347,0.650186387468967,6.4384129913825,4.09580226210214e-09,5.99280541507576e-08,10.5521702328648,"single_mapping_record",1,1,1,TRUE,TRUE,1.25281197278869,1.05823127420179,-0.194580698586898,0.194580698586898,TRUE,5.71702842001972e-08,0.000309117227741279,TRUE
406,"Higher in IPF","ENSG00000077274","CAPN6","calpain 6","827",2.38722388580981,0.19057053948997,6.43773272700749,4.11801941570602e-09,6.01359022067887e-08,10.4487797332167,"single_mapping_record",1,1,1,TRUE,TRUE,2.44702829520226,1.7405206998897,-0.706507595312554,0.706507595312554,TRUE,6.75101344864267e-08,0.00117932224045106,TRUE
407,"Higher in IPF","ENSG00000164647","STEAP1","STEAP family member 1","26872",1.70754395362327,3.98263235883673,6.43645181087939,4.15292077215927e-09,6.05866342387318e-08,10.3377869940596,"single_mapping_record",1,1,1,TRUE,TRUE,1.74024807730956,2.09170630859132,0.351458231281758,0.351458231281758,TRUE,7.83655538314712e-08,1.98165837969821e-06,TRUE
408,"Higher in IPF","ENSG00000151640","DPYSL4","dihydropyrimidinase like 4","10570",2.07276650018442,0.992568885816084,6.43066583326386,4.25811684516903e-09,6.20610194948325e-08,10.5200833428213,"single_mapping_record",1,1,1,TRUE,TRUE,2.06923487146203,2.01741082335157,-0.0518240481104608,0.0518240481104608,TRUE,1.2789104261598e-07,4.84485044266238e-05,TRUE
409,"Higher in IPF","ENSG00000198542","ITGBL1","integrin subunit beta like 1","9358",1.43842114167469,6.22186694664786,6.43066396248075,4.26664095153878e-09,6.21249407997092e-08,10.0661179198029,"single_mapping_record",1,1,1,TRUE,TRUE,1.40529014389137,0.882054721349475,-0.523235422541898,0.523235422541898,TRUE,1.46716240943643e-07,0.00725617804115941,TRUE
410,"Higher in IPF","ENSG00000165091","TMC1","transmembrane channel like 1","117531",1.95271645489074,-1.56060446421312,6.427386938588,4.3122079474333e-09,6.26668593483724e-08,9.9900219372979,"single_mapping_record",1,1,1,TRUE,TRUE,2.01680050096402,1.7671368906692,-0.249663610294817,0.249663610294817,TRUE,5.28772377772962e-08,0.000173340592696974,TRUE
411,"Higher in IPF","ENSG00000144369","FAM171B","family with sequence similarity 171 member B","165215",1.10195622311006,3.06103225095869,6.42547873233176,4.35929696783438e-09,6.30421258717389e-08,10.3988624970705,"single_mapping_record",1,1,1,TRUE,TRUE,1.08660944126921,1.03923811158096,-0.047371329688253,0.047371329688253,TRUE,1.43472811397242e-07,0.000106567775556566,TRUE
412,"Higher in IPF","ENSG00000183230","CTNNA3","catenin alpha 3","29119",2.54357532143209,-1.383829477241,6.41804281246489,4.50441245614789e-09,6.4708363437026e-08,9.97600347037934,"single_mapping_record",1,1,1,TRUE,TRUE,2.58975520142118,2.47317532913006,-0.116579872291123,0.116579872291123,TRUE,8.73296382908795e-08,6.08916915556485e-05,TRUE
413,"Higher in IPF","ENSG00000162595","DIRAS3","DIRAS family GTPase 3","9077",1.45124778286639,2.12024354025687,6.41087608214913,4.66852127785287e-09,6.66278688389678e-08,10.4332301899489,"single_mapping_record",1,1,1,TRUE,TRUE,1.46430579092749,1.17011666263645,-0.294189128291037,0.294189128291037,TRUE,7.17420551183524e-08,0.000607716997677336,TRUE
414,"Higher in IPF","ENSG00000198947","DMD","dystrophin","1756",1.03290683633186,5.33476714529957,6.41133774527264,4.66909925516881e-09,6.66278688389678e-08,9.99197342798738,"single_mapping_record",1,1,1,TRUE,TRUE,1.00907644706492,0.809445632381016,-0.199630814683902,0.199630814683902,TRUE,1.85167072753884e-07,0.00117247668650347,TRUE
415,"Higher in IPF","ENSG00000153012","LGI2","leucine rich repeat LGI family member 2","55203",2.05964153711817,3.21137116805328,6.40966737341983,4.7055945505334e-09,6.70848864127326e-08,10.3491845316398,"single_mapping_record",1,1,1,TRUE,TRUE,2.10564394288093,2.44770000695143,0.342056064070498,0.342056064070498,TRUE,7.99321898380595e-08,1.28680839797098e-06,TRUE
416,"Higher in IPF","ENSG00000188803","SHISA6","shisa family member 6","388336",2.26684308247586,-0.712687951078032,6.40843581235027,4.71084170793068e-09,6.70959731683637e-08,10.1385720335773,"single_mapping_record",1,1,1,TRUE,TRUE,2.17797262293728,1.7166683783949,-0.461304244542385,0.461304244542385,TRUE,2.22954264473382e-07,0.00103030072313423,TRUE
417,"Higher in IPF","ENSG00000198838","RYR3","ryanodine receptor 3","6263",2.55289383075623,1.87480909007853,6.3996248009216,4.93102295844335e-09,6.97029347007077e-08,10.4069104509575,"single_mapping_record",1,1,1,TRUE,TRUE,2.50218269124386,1.77556091713214,-0.726621774111714,0.726621774111714,TRUE,1.54546134554973e-07,0.001218983162737,TRUE
418,"Higher in IPF","ENSG00000157214","STEAP2","STEAP2 metalloreductase","261729",1.34496882639763,5.52954242258902,6.39478245976294,5.0434978270596e-09,7.10253183675598e-08,9.91309961708125,"single_mapping_record",1,1,1,TRUE,TRUE,1.35701135587009,1.44001717312872,0.0830058172586341,0.0830058172586341,TRUE,1.18249753168178e-07,2.36468090494518e-05,TRUE
419,"Higher in IPF","ENSG00000015413","DPEP1","dipeptidase 1","1800",2.56877208198038,0.729965712916453,6.39440722606487,5.05231851083974e-09,7.10828542499777e-08,10.3183906754028,"single_mapping_record",1,1,1,TRUE,TRUE,2.65322613077442,2.77905015894338,0.125824028168954,0.125824028168954,TRUE,4.95894024985277e-08,7.37846457975071e-06,TRUE
420,"Higher in IPF","ENSG00000153976","HS3ST3A1","heparan sulfate-glucosamine 3-sulfotransferase 3A1","9955",1.34590531112154,1.02993264664665,6.38329654203759,5.29625887046979e-09,7.4029272033047e-08,10.3325738435981,"single_mapping_record",1,1,1,TRUE,TRUE,1.31932152674949,1.29933215721428,-0.0199893695352042,0.0199893695352042,TRUE,2.05333465627243e-07,9.64535285470691e-05,TRUE
421,"Higher in IPF","ENSG00000138823","MTTP","microsomal triglyceride transfer protein","4547",3.05880501223816,-0.0511440622318113,6.36317053290111,5.84258505710707e-09,8.08376837578723e-08,10.0297967590121,"single_mapping_record",1,1,1,TRUE,TRUE,3.04650466041057,2.74588513523083,-0.300619525179736,0.300619525179736,TRUE,1.82592912449984e-07,0.000157574636266148,TRUE
422,"Higher in IPF","ENSG00000101605","MYOM1","myomesin 1","8736",1.35078948684787,2.9541188437282,6.35479987956077,6.07432405792283e-09,8.3889376961856e-08,10.0919004032608,"single_mapping_record",1,1,1,TRUE,TRUE,1.37051878273509,1.33740370132683,-0.0331150814082644,0.0331150814082644,TRUE,9.96879038111151e-08,5.95638899432295e-05,TRUE
423,"Higher in IPF","ENSG00000188133","TMEM215","transmembrane protein 215","401498",3.15490711163954,-2.14900728980856,6.35172255647142,6.14406101259723e-09,8.47744888980787e-08,9.58824160233845,"single_mapping_record",1,1,1,TRUE,TRUE,3.18895126449488,3.48645326742445,0.297502002929566,0.297502002929566,TRUE,1.23067023671835e-07,6.71639864989642e-06,TRUE
424,"Higher in IPF","ENSG00000165507","DEPP1","DEPP autophagy regulator 1","11067",1.36922615616212,8.75102111886737,6.34716981684787,6.29345035091014e-09,8.65969538660523e-08,9.76743388050269,"single_mapping_record",1,1,1,TRUE,TRUE,1.34917503668117,1.10674468132347,-0.242430355357696,0.242430355357696,TRUE,2.18150578948715e-07,0.00105070101778466,TRUE
425,"Higher in IPF","ENSG00000116191","RALGPS2","Ral GEF with PH domain and SH3 binding motif 2","55103",1.11217113879032,3.96258170919057,6.3404721046139,6.49221811690599e-09,8.90056423479386e-08,9.86286805848533,"single_mapping_record",1,1,1,TRUE,TRUE,1.09525732063253,1.09863899053228,0.00338166989974331,0.00338166989974331,TRUE,1.98529568343859e-07,8.44366804056538e-05,TRUE
426,"Higher in IPF","ENSG00000120659","TNFSF11","TNF superfamily member 11","8600",2.19008366808617,-1.656949117068,6.33817709244189,6.53248252996089e-09,8.93943735093645e-08,9.57850401454578,"single_mapping_record",1,1,1,TRUE,TRUE,2.19218767647969,2.27067168183006,0.0784840053503757,0.0784840053503757,TRUE,1.39897487044273e-07,2.57305912129931e-05,TRUE
427,"Higher in IPF","ENSG00000156486","KCNS2","potassium voltage-gated channel modifier subfamily S member 2","3788",1.95738794330832,0.949786691682482,6.32149183622014,7.07389085880677e-09,9.6102488300821e-08,10.0461827197276,"single_mapping_record",1,1,1,TRUE,TRUE,2.07727754855047,1.84744003267214,-0.229837515878335,0.229837515878335,TRUE,3.74300342853901e-08,6.970208059959e-05,TRUE
428,"Higher in IPF","ENSG00000062038","CDH3","cadherin 3","1001",2.31421639468014,3.75182342561249,6.31540060212777,7.29280362837327e-09,9.8307220558275e-08,9.84869672945201,"single_mapping_record",1,1,1,TRUE,TRUE,2.39922465433981,2.72131828692413,0.322093632584314,0.322093632584314,TRUE,9.03579438890647e-08,5.86879789387788e-06,TRUE
429,"Higher in IPF","ENSG00000137745","MMP13","matrix metallopeptidase 13","4322",5.53875811912341,-0.497155377336723,6.29743123889813,7.92578210771954e-09,1.06139019626303e-07,9.57418294438243,"single_mapping_record",1,1,1,TRUE,TRUE,5.58815771188773,6.43948348494315,0.851325773055423,0.851325773055423,TRUE,1.82811384914352e-07,2.9079560856094e-07,TRUE
430,"Higher in IPF","ENSG00000171004","HS6ST2","heparan sulfate 6-O-sulfotransferase 2","90161",2.71369390887864,0.85243538886217,6.29447957898734,8.03481541490254e-09,1.07503252235755e-07,9.89837601613766,"single_mapping_record",1,1,1,TRUE,TRUE,2.73613901767459,2.97307680304813,0.236937785373541,0.236937785373541,TRUE,1.54063572187129e-07,1.15899300173778e-05,TRUE
431,"Higher in IPF","ENSG00000158008","EXTL1","exostosin like glycosyltransferase 1","2134",1.605451965306,0.0826711075910836,6.29138915519643,8.11504771445254e-09,1.08480050124098e-07,9.84910638945981,"single_mapping_record",1,1,1,TRUE,TRUE,1.60715794509488,1.43632233286595,-0.170835612228931,0.170835612228931,TRUE,1.83992942043029e-07,0.000263417362453637,TRUE
432,"Higher in IPF","ENSG00000144452","ABCA12","ATP binding cassette subfamily A member 12","26154",3.25365011407064,-1.64373680976753,6.28499753877823,8.37964155203278e-09,1.11680135617867e-07,9.40123768060026,"single_mapping_record",1,1,1,TRUE,TRUE,3.36669515514748,3.66537191866652,0.298676763519043,0.298676763519043,TRUE,9.1185101947467e-08,4.13673401597889e-06,TRUE
433,"Higher in IPF","ENSG00000029153","BMAL2","basic helix-loop-helix ARNT like 2","56938",1.03592178998985,3.47463487283722,6.28497093644231,8.38419350128805e-09,1.11680135617867e-07,9.69185852047867,"single_mapping_record",1,1,1,TRUE,TRUE,1.07189106537979,1.30897146280452,0.237080397424723,0.237080397424723,TRUE,9.03252138890505e-08,8.739473351806e-07,TRUE
434,"Higher in IPF","ENSG00000151572","ANO4","anoctamin 4","121601",2.97637450529943,-0.228709387886922,6.27585795790897,8.7576195191575e-09,1.1603652623265e-07,9.66402415733526,"single_mapping_record",1,1,1,TRUE,TRUE,2.9229924868408,2.9615767748688,0.0385842880280038,0.0385842880280038,TRUE,2.59553818822295e-07,3.77664542908231e-05,TRUE
435,"Higher in IPF","ENSG00000102385","DRP2","dystrophin related protein 2","1821",1.78960716642915,-1.25409615464604,6.26688610755569,9.08910832995859e-09,1.19584306966992e-07,9.41750788447463,"single_mapping_record",1,1,1,TRUE,TRUE,1.82762285706513,2.13386445055336,0.306241593488228,0.306241593488228,TRUE,1.3354385694131e-07,2.72278052713806e-06,TRUE
436,"Higher in IPF","ENSG00000148948","LRRC4C","leucine rich repeat containing 4C","57689",1.35588873063183,1.74621052267204,6.259386206992,9.41113273658316e-09,1.23388580473001e-07,9.78042436865787,"single_mapping_record",1,1,1,TRUE,TRUE,1.34115856626656,1.25194963045803,-0.0892089358085264,0.0892089358085264,TRUE,2.09403625845407e-07,0.000187646012385793,TRUE
437,"Higher in IPF","ENSG00000115556","PLCD4","phospholipase C delta 4","84812",1.09357581495311,1.20473216968192,6.2551248092808,9.59675545959007e-09,1.25493460765998e-07,9.77233078844723,"single_mapping_record",1,1,1,TRUE,TRUE,1.11202238408499,1.46655991547562,0.354537531390636,0.354537531390636,TRUE,1.48776134730339e-07,1.93069352626608e-07,TRUE
438,"Higher in IPF","ENSG00000171877","FRMD5","FERM domain containing 5","84978",1.96997095723442,-0.314677109665096,6.24828164843109,9.90488662286284e-09,1.29073053804181e-07,9.56640920756334,"single_mapping_record",1,1,1,TRUE,TRUE,2.01646416088216,2.50995739379054,0.493493232908382,0.493493232908382,TRUE,1.43163041577204e-07,8.25043547607143e-07,TRUE
439,"Higher in IPF","ENSG00000154330","PGM5","phosphoglucomutase 5","5239",1.1278339688779,5.74547926318189,6.24602596243956,1.00513906619034e-08,1.30755179043756e-07,9.21376574637983,"single_mapping_record",1,1,1,TRUE,TRUE,1.10592782909908,0.850643631610752,-0.255284197488332,0.255284197488332,TRUE,3.38036798542499e-07,0.00215609269134342,TRUE
440,"Higher in IPF","ENSG00000157766","ACAN","aggrecan","176",2.93093450743641,1.59914978636878,6.24468377965118,1.01138330417245e-08,1.3133984569409e-07,9.71826616054214,"single_mapping_record",1,1,1,TRUE,TRUE,2.94177200039562,3.07744900326992,0.135677002874301,0.135677002874301,TRUE,2.2924479043986e-07,1.00213615409017e-05,TRUE
441,"Higher in IPF","ENSG00000163599","CTLA4","cytotoxic T-lymphocyte associated protein 4","1493",1.76153049712434,1.97669504696182,6.24078938126268,1.02971856091718e-08,1.33050037878043e-07,9.6906142127009,"single_mapping_record",1,1,1,TRUE,TRUE,1.79485489259192,1.43083871184208,-0.364016180749842,0.364016180749842,TRUE,1.46157203747173e-07,0.000678424876513274,TRUE
442,"Higher in IPF","ENSG00000148848","ADAM12","ADAM metallopeptidase domain 12","8038",2.33198145930145,3.38215993422521,6.23966531787602,1.03507146908493e-08,1.33531485678937e-07,9.58274711257877,"single_mapping_record",1,1,1,TRUE,TRUE,2.35292946986719,3.14220346502823,0.789273995161039,0.789273995161039,TRUE,2.13178570381803e-07,8.1370173031651e-08,TRUE
443,"Higher in IPF","ENSG00000141052","MYOCD","myocardin","93649",1.60987465492588,4.57045737079665,6.23941294789729,1.03627704842774e-08,1.33532970394826e-07,9.33452195565128,"single_mapping_record",1,1,1,TRUE,TRUE,1.58142322373757,1.37838365856179,-0.203039565175781,0.203039565175781,TRUE,2.85451897021656e-07,0.000456403311450984,TRUE
444,"Higher in IPF","ENSG00000214402","LCNL1","lipocalin like 1","401562",1.43743706490257,2.83638768014955,6.23592798824977,1.05306707895433e-08,1.35463950207904e-07,9.58535068956728,"single_mapping_record",1,1,1,TRUE,TRUE,1.4256022049479,1.59411309326263,0.168510888314725,0.168510888314725,TRUE,2.73721616943023e-07,1.50973692573167e-05,TRUE
445,"Higher in IPF","ENSG00000158055","GRHL3","grainyhead like transcription factor 3","57822",1.94349349858468,-1.50328018166427,6.22901490794145,1.08257978358643e-08,1.3887757080963e-07,9.19265995875367,"single_mapping_record",1,1,1,TRUE,TRUE,1.99909608278584,1.98408912246387,-0.0150069603219618,0.0150069603219618,TRUE,1.35309992818595e-07,5.62070624812082e-05,TRUE
446,"Higher in IPF","ENSG00000183508","TENT5C","terminal nucleotidyltransferase 5C","54855",1.47286769691875,5.20705694100496,6.21444839506544,1.16263630574955e-08,1.48666918414925e-07,9.13540648584104,"single_mapping_record",1,1,1,TRUE,TRUE,1.49500293240058,1.43216669778883,-0.0628362346117544,0.0628362346117544,TRUE,1.67541347362785e-07,0.000134250980886304,TRUE
447,"Higher in IPF","ENSG00000196220","SRGAP3","SLIT-ROBO Rho GTPase activating protein 3","9901",1.72182558675091,3.30242527864813,6.21130590495629,1.17958180822207e-08,1.50449295709683e-07,9.4213424526819,"single_mapping_record",1,1,1,TRUE,TRUE,1.75892350323993,1.70375208646809,-0.0551714167718429,0.0551714167718429,TRUE,1.83992942043029e-07,9.76240784102974e-05,TRUE
448,"Higher in IPF","ENSG00000081842","PCDHA6","protocadherin alpha 6","56142",1.51963323312673,-0.588086413795127,6.20988714562931,1.18234582387128e-08,1.5067381585701e-07,9.38476609478327,"single_mapping_record",1,1,1,TRUE,TRUE,1.57925159051593,1.54808721532319,-0.0311643751927353,0.0311643751927353,TRUE,1.06616080401274e-07,5.51610878582201e-05,TRUE
449,"Higher in IPF","ENSG00000110848","CD69","CD69 molecule","969",1.28933824672682,4.83464685502679,6.20560393819417,1.21095301957206e-08,1.53797180455294e-07,9.12643659724451,"single_mapping_record",1,1,1,TRUE,TRUE,1.26886351532168,0.936825166921042,-0.332038348400639,0.332038348400639,TRUE,3.51218661764233e-07,0.00254004512995336,TRUE
450,"Higher in IPF","ENSG00000175697","GPR156","G protein-coupled receptor 156","165829",1.89435098135947,-0.828536327774959,6.20061072685736,1.23394100388097e-08,1.56584297128158e-07,9.25999859613493,"single_mapping_record",1,1,1,TRUE,TRUE,1.94238571672181,1.98538821633018,0.0430024996083713,0.0430024996083713,TRUE,1.54289200953924e-07,4.24731145714012e-05,TRUE
451,"Higher in IPF","ENSG00000213190","MLLT11","MLLT11 transcription factor 7 cofactor","10962",1.28269364547796,2.34174731077779,6.20034214507565,1.23776762837877e-08,1.56937226665728e-07,9.47253230439797,"single_mapping_record",1,1,1,TRUE,TRUE,1.31486169753076,1.34100366313884,0.0261419656080806,0.0261419656080806,TRUE,1.49811600489695e-07,4.3101828488434e-05,TRUE
452,"Higher in IPF","ENSG00000129244","ATP1B2","ATPase Na+/K+ transporting subunit beta 2","482",1.1691787682437,3.28818014715831,6.20006445555375,1.2418473081779e-08,1.57321618484107e-07,9.34704602901002,"single_mapping_record",1,1,1,TRUE,TRUE,1.16379437804669,0.971534596171986,-0.192259781874702,0.192259781874702,TRUE,2.31623361561182e-07,0.000748148678004027,TRUE
453,"Higher in IPF","ENSG00000145244","CORIN","corin, serine peptidase","10699",1.7299233966898,2.52311318221448,6.19795874574099,1.25430962183154e-08,1.58499124940531e-07,9.45102888569978,"single_mapping_record",1,1,1,TRUE,TRUE,1.72593054695668,1.36286805565722,-0.363062491299459,0.363062491299459,TRUE,2.81085577991361e-07,0.00113441859270348,TRUE
454,"Higher in IPF","ENSG00000100628","ASB2","ankyrin repeat and SOCS box containing 2","51676",1.75058386026253,2.83563034623488,6.19076690698996,1.29649048741604e-08,1.63005989925374e-07,9.38943131207627,"single_mapping_record",1,1,1,TRUE,TRUE,1.76799870885733,1.83052177753209,0.0625230686747551,0.0625230686747551,TRUE,2.19045854784188e-07,3.48905555760181e-05,TRUE
455,"Higher in IPF","ENSG00000102452","NALCN","sodium leak channel, non-selective","259232",1.33193849132696,2.69078027245235,6.19025805071885,1.29952739960089e-08,1.63251090567436e-07,9.36820629754665,"single_mapping_record",1,1,1,TRUE,TRUE,1.28876902695128,0.665429636295569,-0.62333939065571,0.62333939065571,TRUE,5.03613446028662e-07,0.0312521965161764,TRUE
456,"Higher in IPF","ENSG00000167476","JSRP1","junctional sarcoplasmic reticulum protein 1","126306",2.32151094669207,0.235399024335666,6.1835280363082,1.33790176122203e-08,1.67346464078102e-07,9.37210693645349,"single_mapping_record",1,1,1,TRUE,TRUE,2.38482450603309,2.39334393971446,0.00851943368136165,0.00851943368136165,TRUE,1.55330603290458e-07,4.07007909174342e-05,TRUE
457,"Higher in IPF","ENSG00000221818","EBF2","EBF transcription factor 2","64641",1.81582330863064,2.3101574701964,6.17381678915759,1.40151531991447e-08,1.74602057946523e-07,9.36915350590379,"single_mapping_record",1,1,1,TRUE,TRUE,1.81921994957035,0.999643665213284,-0.819576284357067,0.819576284357067,TRUE,2.90458811361714e-07,0.0121494362849864,TRUE
458,"Higher in IPF","ENSG00000261115","TMEM178B","transmembrane protein 178B","100507421",1.29249273500649,2.05615883151149,6.1630331075735,1.46795779375994e-08,1.8197343022233e-07,9.3327811927218,"single_mapping_record",1,1,1,TRUE,TRUE,1.33719994119543,0.88008911910454,-0.457110822090888,0.457110822090888,TRUE,1.43472811397242e-07,0.00450970702492061,TRUE
459,"Higher in IPF","ENSG00000177679","SRRM3","serine/arginine repetitive matrix 3","222183",1.25212702331555,1.18793098015203,6.16232206526954,1.47143305202726e-08,1.82253737434268e-07,9.36593083301817,"single_mapping_record",1,1,1,TRUE,TRUE,1.29782315746393,1.27442600207997,-0.0233971553839651,0.0233971553839651,TRUE,1.0379946073272e-07,5.70943440760957e-05,TRUE
460,"Higher in IPF","ENSG00000197977","ELOVL2","ELOVL fatty acid elongase 2","54898",2.9005014154075,1.0965801601642,6.15561613429833,1.52363225476993e-08,1.88098416189196e-07,9.31442892588756,"single_mapping_record",1,1,1,TRUE,TRUE,2.99433818185113,2.59413658583401,-0.400201596017116,0.400201596017116,TRUE,2.2274541873289e-07,0.000244378269788877,TRUE
461,"Higher in IPF","ENSG00000011590","ZBTB32","zinc finger and BTB domain containing 32","27033",1.79985733976402,-0.0806633020834059,6.14603136217026,1.58565070859484e-08,1.94639110110002e-07,9.17891216169732,"single_mapping_record",1,1,1,TRUE,TRUE,1.81788224697543,1.83152524104434,0.0136429940689129,0.0136429940689129,TRUE,2.30349173371979e-07,6.34569816008272e-05,TRUE
462,"Higher in IPF","ENSG00000151322","NPAS3","neuronal PAS domain protein 3","64067",1.34157537038568,0.0834635373386141,6.14395295575863,1.60083736444135e-08,1.95857950407445e-07,9.22567506660998,"single_mapping_record",1,1,1,TRUE,TRUE,1.29315425581439,0.67056589231395,-0.622588363500441,0.622588363500441,TRUE,6.16809109313941e-07,0.0267725539722805,TRUE
463,"Higher in IPF","ENSG00000095752","IL11","interleukin 11","3589",2.81662074316579,-1.02137161369014,6.14153126149986,1.6211771834157e-08,1.97701964885756e-07,8.89964835740038,"single_mapping_record",1,1,1,TRUE,TRUE,2.86498289155912,3.23410621764085,0.369123326081731,0.369123326081731,TRUE,2.78119998016694e-07,5.67348105367009e-06,TRUE
464,"Higher in IPF","ENSG00000138336","TET1","tet methylcytosine dioxygenase 1","80312",1.00310314087544,1.44786903680179,6.13737209154122,1.64987454324832e-08,2.00387675107151e-07,9.25091545329369,"single_mapping_record",1,1,1,TRUE,TRUE,0.967302892948489,0.683232546864313,-0.284070346084175,0.284070346084175,TRUE,5.47860928980798e-07,0.00492989910405398,TRUE
465,"Higher in IPF","ENSG00000116194","ANGPTL1","angiopoietin like 1","9068",1.04159374898467,5.137677334013,6.13550931038696,1.6707498650903e-08,2.02428117470584e-07,8.75690720361349,"single_mapping_record",1,1,1,TRUE,TRUE,1.05469674240423,0.769680189245907,-0.285016553158321,0.285016553158321,TRUE,2.68438813511647e-07,0.00277111913660456,TRUE
466,"Higher in IPF","ENSG00000198523","PLN","phospholamban","5350",1.93062125947566,5.08522907756516,6.11196792085199,1.86085377434613e-08,2.23124096329745e-07,8.71530801301357,"single_mapping_record",1,1,1,TRUE,TRUE,1.89703270761551,1.67904583215101,-0.217986875464496,0.217986875464496,TRUE,5.02404292400099e-07,0.000493289521269967,TRUE
467,"Higher in IPF","ENSG00000105472","CLEC11A","C-type lectin domain containing 11A","6320",1.12519957797987,4.22250368686527,6.10182974263446,1.94914557842634e-08,2.31858743449574e-07,8.74306699938082,"single_mapping_record",1,1,1,TRUE,TRUE,1.15117671290348,1.12465855589536,-0.0265181570081212,0.0265181570081212,TRUE,2.27292905488965e-07,0.000110105748877809,TRUE
468,"Higher in IPF","ENSG00000181234","TMEM132C","transmembrane protein 132C","92293",1.99637644634802,2.80736221690137,6.10101486117729,1.95641884833887e-08,2.3253966548902e-07,9.0087618707985,"single_mapping_record",1,1,1,TRUE,TRUE,1.98223757450658,1.53912807058314,-0.443109503923442,0.443109503923442,TRUE,4.06922604434989e-07,0.00144088329110029,TRUE
469,"Higher in IPF","ENSG00000036672","USP2","ubiquitin specific peptidase 2","9099",1.92695824692771,2.50139469229921,6.09367808921761,2.02311926954012e-08,2.39332471072941e-07,8.99901355431237,"single_mapping_record",1,1,1,TRUE,TRUE,1.99831659223906,2.02507116031838,0.0267545680793233,0.0267545680793233,TRUE,1.73820423491333e-07,4.06741994597469e-05,TRUE
470,"Higher in IPF","ENSG00000149591","TAGLN","transgelin","6876",1.06370640479236,9.50438257953678,6.08849373603649,2.07159723326958e-08,2.4448756026606e-07,8.65313458167384,"single_mapping_record",1,1,1,TRUE,TRUE,1.07087429683185,0.834493075849127,-0.236381220982722,0.236381220982722,TRUE,4.023035340529e-07,0.00213859274620353,TRUE
471,"Higher in IPF","ENSG00000188517","COL25A1","collagen type XXV alpha 1 chain","84570",2.63920366571837,1.18840480747261,6.08278563890781,2.12629666718935e-08,2.50156469967449e-07,9.00842300744207,"single_mapping_record",1,1,1,TRUE,TRUE,2.59871302003989,1.89147701236675,-0.707236007673133,0.707236007673133,TRUE,4.76876053349824e-07,0.00207864605823765,TRUE
472,"Higher in IPF","ENSG00000112183","RBM24","RNA binding motif protein 24","221662",1.65236275464736,1.17445835795978,6.08156857268626,2.13277976382242e-08,2.50526524370127e-07,9.01346181611263,"single_mapping_record",1,1,1,TRUE,TRUE,1.67435898913718,1.41274615991146,-0.261612829225719,0.261612829225719,TRUE,3.37697547494382e-07,0.000721643276181668,TRUE
473,"Higher in IPF","ENSG00000140009","ESR2","estrogen receptor 2","2100",2.91792708877877,0.27104504385675,6.08092195642055,2.14446212600787e-08,2.51383092581802e-07,8.90488653573504,"single_mapping_record",1,1,1,TRUE,TRUE,2.94498373040988,2.81467709190884,-0.130306638501032,0.130306638501032,TRUE,3.71234017248536e-07,9.56109068510255e-05,TRUE
474,"Higher in IPF","ENSG00000255690","TRIL","TLR4 interactor with leucine rich repeats","9865",1.15183873626176,3.41714875090983,6.08085725290705,2.14509553422121e-08,2.51383092581802e-07,8.7999177295671,"single_mapping_record",1,1,1,TRUE,TRUE,1.09487638002743,0.854533738588831,-0.240342641438603,0.240342641438603,TRUE,7.1368194284768e-07,0.00225304619096728,TRUE
475,"Higher in IPF","ENSG00000182752","PAPPA","pappalysin 1","5069",1.38310526731944,4.39728889898562,6.0795300523756,2.15812875624982e-08,2.52516203342341e-07,8.63127669230353,"single_mapping_record",1,1,1,TRUE,TRUE,1.43474457740902,1.32036633261939,-0.114378244789625,0.114378244789625,TRUE,1.94412953608659e-07,0.000202229533613207,TRUE
476,"Higher in IPF","ENSG00000172156","CCL11","C-C motif chemokine ligand 11","6356",2.60425546708077,1.18830026334791,6.07656569455063,2.18752131528673e-08,2.55358242496768e-07,8.98560377280399,"single_mapping_record",1,1,1,TRUE,TRUE,2.68115529699414,3.03599115245101,0.354835855456866,0.354835855456866,TRUE,2.44013288785393e-07,6.71639864989642e-06,TRUE
477,"Higher in IPF","ENSG00000168779","SHOX2","SHOX homeobox 2","6474",2.38831746506175,-0.729015900507362,6.07554045892261,2.18950755325731e-08,2.55391510407916e-07,8.73478307505728,"single_mapping_record",1,1,1,TRUE,TRUE,2.40727863059272,2.39146538742733,-0.0158132431653879,0.0158132431653879,TRUE,3.96413483363998e-07,8.74945231860197e-05,TRUE
478,"Higher in IPF","ENSG00000119138","KLF9","KLF transcription factor 9","687",1.08264668822897,8.14524684041149,6.07575941353444,2.19558382493964e-08,2.55901431521691e-07,8.51030074910803,"single_mapping_record",1,1,1,TRUE,TRUE,1.09327248924271,0.736567511290944,-0.356704977951767,0.356704977951767,TRUE,3.90593067027475e-07,0.00795699672767883,TRUE
479,"Higher in IPF","ENSG00000132563","REEP2","receptor accessory protein 2","51308",1.55311779634737,0.981334963395363,6.07175086862505,2.2273917159747e-08,2.58604829390659e-07,8.96989545917629,"single_mapping_record",1,1,1,TRUE,TRUE,1.59155871374595,1.74449632712563,0.152937613379678,0.152937613379678,TRUE,2.52124302355654e-07,1.75073373297624e-05,TRUE
480,"Higher in IPF","ENSG00000186642","PDE2A","phosphodiesterase 2A","5138",1.06997878904339,5.25766976458735,6.06351937581396,2.3216354909614e-08,2.67683502229744e-07,8.42631675804946,"single_mapping_record",1,1,1,TRUE,TRUE,1.05250945643673,0.614188477427974,-0.43832097900876,0.43832097900876,TRUE,5.16048416056603e-07,0.0174730093354761,TRUE
481,"Higher in IPF","ENSG00000137868","STRA6","signaling receptor and transporter of retinol STRA6","64220",3.86409322185309,-0.0387758955976952,6.06215503619454,2.33611992058802e-08,2.68734346726953e-07,8.72602174286877,"single_mapping_record",1,1,1,TRUE,TRUE,3.94296662318408,5.181828905878,1.23886228269392,1.23886228269392,TRUE,3.64456774821213e-07,5.35397322845251e-08,TRUE
482,"Higher in IPF","ENSG00000151892","GFRA1","GDNF family receptor alpha 1","2674",1.53471468833256,5.0990416937956,6.04968233501849,2.47272925978719e-08,2.83796725137043e-07,8.40895415481005,"single_mapping_record",1,1,1,TRUE,TRUE,1.53974987889186,1.11186096114807,-0.427888917743784,0.427888917743784,TRUE,4.23410780809592e-07,0.00356958291584947,TRUE
483,"Higher in IPF","ENSG00000273291",,,,1.51296468187911,-0.750447465778064,6.04034441627958,2.57023589213571e-08,2.94312595062862e-07,8.64460573869678,"unmapped",0,0,0,FALSE,FALSE,1.5518818695522,1.4575292940617,-0.0943525754904981,0.0943525754904981,TRUE,3.08720360624414e-07,0.000215030594255356,TRUE
484,"Higher in IPF","ENSG00000197506","SLC28A3","solute carrier family 28 member 3","64078",1.94994919288588,1.98938217101747,6.03404496230611,2.65515659449537e-08,3.03573578039333e-07,8.78973932670504,"single_mapping_record",1,1,1,TRUE,TRUE,1.98562386593965,2.59572044598339,0.610096580043739,0.610096580043739,TRUE,3.74908524446222e-07,4.09461724763792e-07,TRUE
485,"Higher in IPF","ENSG00000081277","PKP1","plakophilin 1","5317",2.10113416894168,3.92878593250353,6.03041885857397,2.69931627453666e-08,3.07918965906872e-07,8.55497385949062,"single_mapping_record",1,1,1,TRUE,TRUE,2.14587493998354,2.40808473348658,0.26220979350303,0.26220979350303,TRUE,4.06922604434989e-07,1.73274986422036e-05,TRUE
486,"Higher in IPF","ENSG00000183682","BMP8A","bone morphogenetic protein 8a","353500",1.69559367106669,1.32953076722543,6.02726738622924,2.73365315554823e-08,3.11599097730372e-07,8.77704514319855,"single_mapping_record",1,1,1,TRUE,TRUE,1.73573582304134,1.60051702630248,-0.135218796738863,0.135218796738863,TRUE,3.23177260507109e-07,0.000253929259433112,TRUE
487,"Higher in IPF","ENSG00000149380","P4HA3","prolyl 4-hydroxylase subunit alpha 3","283208",2.21427887286619,2.48309569734962,6.01903703254182,2.84267732710797e-08,3.21827089249961e-07,8.69154545787977,"single_mapping_record",1,1,1,TRUE,TRUE,2.24591042758639,2.94624927563753,0.700338848051136,0.700338848051136,TRUE,3.33714968806001e-07,2.6019288833065e-07,TRUE
488,"Higher in IPF","ENSG00000188766","SPRED3","sprouty related EVH1 domain containing 3","399473",1.5444392707741,1.06530802100339,6.01415838371703,2.89586105295974e-08,3.27354413607165e-07,8.72309256499795,"single_mapping_record",1,1,1,TRUE,TRUE,1.61671529843726,1.94979090779105,0.333075609353791,0.333075609353791,TRUE,1.87303276563303e-07,2.5754852242524e-06,TRUE
489,"Higher in IPF","ENSG00000064655","EYA2","EYA transcriptional coactivator and phosphatase 2","2139",2.29593249963277,2.3982376992825,6.01353384323122,2.91465623202285e-08,3.29185477644751e-07,8.66855296092585,"single_mapping_record",1,1,1,TRUE,TRUE,2.28600465300197,2.13432445127588,-0.151680201726098,0.151680201726098,TRUE,5.4679580221555e-07,0.000222454653575881,TRUE
490,"Higher in IPF","ENSG00000183196","CHST6","carbohydrate sulfotransferase 6","4166",2.83595313900021,2.16373933160372,6.00495067760979,3.03051605524566e-08,3.40524753153802e-07,8.66422651997446,"single_mapping_record",1,1,1,TRUE,TRUE,2.83795592036237,3.20593868659427,0.367982766231894,0.367982766231894,TRUE,5.39833989378055e-07,1.32981511430241e-05,TRUE
491,"Higher in IPF","ENSG00000175084","DES","desmin","1674",1.74116349663545,8.13637993451109,6.00388833726831,3.04516767333971e-08,3.4191516164679e-07,8.18387486941502,"single_mapping_record",1,1,1,TRUE,TRUE,1.72832550808438,1.5932425197144,-0.135082988369978,0.135082988369978,TRUE,7.43970648148766e-07,0.000442113350075907,TRUE
492,"Higher in IPF","ENSG00000166148","AVPR1A","arginine vasopressin receptor 1A","552",3.34945567399084,2.54389886066982,6.00039150592292,3.09388961871712e-08,3.46696699343451e-07,8.63720359032398,"single_mapping_record",1,1,1,TRUE,TRUE,3.38776484095414,2.76571647619549,-0.622048364758654,0.622048364758654,TRUE,5.08659551087798e-07,0.00056291386314944,TRUE
493,"Higher in IPF","ENSG00000126733","DACH2","dachshund family transcription factor 2","117154",2.55942180727974,-1.54084666079489,5.99813204744441,3.11406095826723e-08,3.48561054250259e-07,8.22540697388044,"single_mapping_record",1,1,1,TRUE,TRUE,2.48389946876293,2.24444393988844,-0.239455528874487,0.239455528874487,TRUE,1.19936824750001e-06,0.000677510752381049,TRUE
494,"Higher in IPF","ENSG00000092009","CMA1","chymase 1","1215",2.83590198293099,-0.665978612284,5.99738594307196,3.13115982916588e-08,3.49219698034459e-07,8.36555244333789,"single_mapping_record",1,1,1,TRUE,TRUE,2.79246899361681,2.75923052557836,-0.0332384680384541,0.0332384680384541,TRUE,8.19190314241748e-07,0.000168355641969499,TRUE
495,"Higher in IPF","ENSG00000173175","ADCY5","adenylate cyclase 5","111",1.18726962423217,4.51311779708913,5.99690641293224,3.14321128850207e-08,3.50303547609451e-07,8.23329977760158,"single_mapping_record",1,1,1,TRUE,TRUE,1.20230648888125,1.09414990760617,-0.108156581275081,0.108156581275081,TRUE,4.27271239512063e-07,0.000420991274346851,TRUE
496,"Higher in IPF","ENSG00000099958","DERL3","derlin 3","91319",2.51838381803318,3.66313213393214,5.99510362796887,3.16902752610878e-08,3.52657088376168e-07,8.46208885113882,"single_mapping_record",1,1,1,TRUE,TRUE,2.55630112253221,2.49047394175451,-0.0658271807776956,0.0658271807776956,TRUE,4.73292285165197e-07,0.000113053088222478,TRUE
497,"Higher in IPF","ENSG00000113088","GZMK","granzyme K","3003",1.3644370701908,2.94066065201323,5.99291901871628,3.2005913813219e-08,3.55461669568281e-07,8.49348247397008,"single_mapping_record",1,1,1,TRUE,TRUE,1.39680521901413,0.994551767534008,-0.402253451480124,0.402253451480124,TRUE,3.75394336468113e-07,0.00339600509298296,TRUE
498,"Higher in IPF","ENSG00000186832","KRT16","keratin 16","3868",3.36107036391699,-2.34749831479837,5.99164630663181,3.21586004994536e-08,3.56284066935644e-07,8.13386175217524,"single_mapping_record",1,1,1,TRUE,TRUE,3.5036928753833,3.68710329824738,0.183410422864086,0.183410422864086,TRUE,1.94028655424706e-07,2.20645723726827e-05,TRUE
499,"Higher in IPF","ENSG00000118503","TNFAIP3","TNF alpha induced protein 3","7128",1.16528414101432,7.14681962950752,5.98795138988884,3.27352146284168e-08,3.62404898231411e-07,8.06381567253599,"single_mapping_record",1,1,1,TRUE,TRUE,1.22007433450416,1.15385708087077,-0.0662172536333829,0.0662172536333829,TRUE,1.47416907192125e-07,0.000126308166822483,TRUE
500,"Higher in IPF","ENSG00000080031","PTPRH","protein tyrosine phosphatase receptor type H","5794",2.16666041059408,-1.30864060688134,5.98677552186546,3.27875968421896e-08,3.62717320408954e-07,8.26119915721698,"single_mapping_record",1,1,1,TRUE,TRUE,2.19242456333935,2.33616250774721,0.143737944407858,0.143737944407858,TRUE,3.62523756790018e-07,3.20895638935133e-05,TRUE
501,"Higher in IPF","ENSG00000164220","F2RL2","coagulation factor II thrombin receptor like 2","2151",2.60954995035636,1.54069911678568,5.98239993456396,3.35695899637186e-08,3.70004907882044e-07,8.58359235765441,"single_mapping_record",1,1,1,TRUE,TRUE,2.61708795564989,2.14863076423345,-0.468457191416438,0.468457191416438,TRUE,7.05227032895225e-07,0.000661177265574504,TRUE
502,"Higher in IPF","ENSG00000149527","PLCH2","phospholipase C eta 2","9651",2.79478858082686,3.22636642540591,5.97821106227491,3.42129933583901e-08,3.76543589659936e-07,8.44769611572352,"single_mapping_record",1,1,1,TRUE,TRUE,2.82473776851924,2.97337453652201,0.148636768002774,0.148636768002774,TRUE,5.82605372076842e-07,4.50631455423801e-05,TRUE
503,"Higher in IPF","ENSG00000162745","OLFML2B","olfactomedin like 2B","25903",1.00753650797827,5.65893009491752,5.97630516033072,3.45097391348003e-08,3.79531284902287e-07,8.00822048057994,"single_mapping_record",1,1,1,TRUE,TRUE,1.02660745996356,1.02747683390222,0.000869373938662932,0.000869373938662932,TRUE,3.96413483363998e-07,0.000113053088222478,TRUE
504,"Higher in IPF","ENSG00000136011","STAB2","stabilin 2","55576",1.702503881812,1.84961227793091,5.97579713815803,3.45808085310577e-08,3.80034478527261e-07,8.53811846916469,"single_mapping_record",1,1,1,TRUE,TRUE,1.71223160299223,1.37314560306053,-0.339085999931699,0.339085999931699,TRUE,5.99398679768089e-07,0.00113263119204776,TRUE
505,"Higher in IPF","ENSG00000198780","FAM169A","family with sequence similarity 169 member A","26049",1.53187627700575,0.736989967154381,5.96776887054074,3.57378904614143e-08,3.91032953066146e-07,8.51677217288891,"single_mapping_record",1,1,1,TRUE,TRUE,1.50124291954214,1.22068478461211,-0.280558134930024,0.280558134930024,TRUE,9.44745747514904e-07,0.00174676887323737,TRUE
506,"Higher in IPF","ENSG00000102096","PIM2","Pim-2 proto-oncogene, serine/threonine kinase","11040",1.30519055849197,5.34946149676566,5.96730320171551,3.59459189698478e-08,3.92736634334319e-07,8.00866197400894,"single_mapping_record",1,1,1,TRUE,TRUE,1.33149215779278,1.33518177540343,0.00368961761065711,0.00368961761065711,TRUE,4.08933602677368e-07,0.000130466558110417,TRUE
507,"Higher in IPF","ENSG00000196912","ANKRD36B","ankyrin repeat domain 36B","57730",1.00097865204416,1.48952894174393,5.96473197490649,3.62328967756878e-08,3.95584179197546e-07,8.49932973200518,"single_mapping_record",1,1,1,TRUE,TRUE,1.0093881895433,1.14384028552245,0.134452095979151,0.134452095979151,TRUE,5.3212947713931e-07,2.00808429079422e-05,TRUE
508,"Higher in IPF","ENSG00000164106","SCRG1","stimulator of chondrogenesis 1","11341",2.96373374492505,1.05855865784152,5.9568759457755,3.76831221158183e-08,4.09333595660394e-07,8.45706605753297,"single_mapping_record",1,1,1,TRUE,TRUE,3.04177282754177,3.08639355679631,0.0446207292545444,0.0446207292545444,TRUE,4.52767439869633e-07,3.77200904296018e-05,TRUE
509,"Higher in IPF","ENSG00000172020","GAP43","growth associated protein 43","2596",2.64262769805637,-1.22911013490537,5.95430991334076,3.80071457119069e-08,4.12142549322269e-07,8.11985571015143,"single_mapping_record",1,1,1,TRUE,TRUE,2.70679356864545,2.96436968884101,0.257576120195559,0.257576120195559,TRUE,4.28120020824658e-07,1.72886458295063e-05,TRUE
510,"Higher in IPF","ENSG00000174332","GLIS1","GLIS family zinc finger 1","148979",2.13296788055855,-1.06031901265797,5.95407412301368,3.80240761265216e-08,4.12142549322269e-07,8.17616411296437,"single_mapping_record",1,1,1,TRUE,TRUE,2.18577385825029,2.03138558751327,-0.154388270737022,0.154388270737022,TRUE,4.89403323356875e-07,0.000248393286397163,TRUE
511,"Higher in IPF","ENSG00000117407","ARTN","artemin","9048",1.64190525960442,0.542380006297124,5.93373101346575,4.16881417985416e-08,4.47655496909661e-07,8.36250268816404,"single_mapping_record",1,1,1,TRUE,TRUE,1.72275351725765,2.0656522285066,0.342898711248945,0.342898711248945,TRUE,2.45228720999559e-07,2.99085858566177e-06,TRUE
512,"Higher in IPF","ENSG00000166105","GLB1L3","galactosidase beta 1 like 3","112937",3.4341480901224,-0.964326492941014,5.92487524409857,4.35466919608762e-08,4.6561462942783e-07,8.0360941498425,"single_mapping_record",1,1,1,TRUE,TRUE,3.41859263733061,3.92380416681499,0.505211529484373,0.505211529484373,TRUE,9.44708025284933e-07,8.54031395813194e-06,TRUE
513,"Higher in IPF","ENSG00000168490","PHYHIP","phytanoyl-CoA 2-hydroxylase interacting protein","9796",1.89586194882664,2.04522536309465,5.91791525584164,4.4936185220634e-08,4.79447059368982e-07,8.26987122469889,"single_mapping_record",1,1,1,TRUE,TRUE,1.98540122452328,1.95003717228718,-0.0353640522360963,0.0353640522360963,TRUE,2.97987173157852e-07,8.85682650979739e-05,TRUE
514,"Higher in IPF","ENSG00000181847","TIGIT","T cell immunoreceptor with Ig and ITIM domains","201633",1.37951709140819,2.55902230946862,5.91543046759275,4.54310701838474e-08,4.83727984397503e-07,8.20773315052766,"single_mapping_record",1,1,1,TRUE,TRUE,1.38826506935477,1.28336690682677,-0.104898162528007,0.104898162528007,TRUE,6.31535515332891e-07,0.000425551047699806,TRUE
515,"Higher in IPF","ENSG00000162711","NLRP3","NLR family pyrin domain containing 3","114548",1.34205013606673,4.20224853436684,5.91518263091031,4.54935704363972e-08,4.84018057683342e-07,7.94074672808815,"single_mapping_record",1,1,1,TRUE,TRUE,1.35399292034312,1.39927771621189,0.0452847958687705,0.0452847958687705,TRUE,6.3339073423171e-07,9.81850782595459e-05,TRUE
516,"Higher in IPF","ENSG00000183908","LRRC55","leucine rich repeat containing 55","219527",2.45348489177826,-0.369887483132435,5.91078851101938,4.63200894073855e-08,4.91766041148282e-07,8.13629037047884,"single_mapping_record",1,1,1,TRUE,TRUE,2.5561301946398,2.43735089462119,-0.118779300018606,0.118779300018606,TRUE,3.47748373953756e-07,0.000112196162219997,TRUE
517,"Higher in IPF","ENSG00000132329","RAMP1","receptor activity modifying protein 1","10267",1.38076917966885,3.46933476673523,5.90659343592916,4.72901994727034e-08,5.01002452000157e-07,8.01811134371806,"single_mapping_record",1,1,1,TRUE,TRUE,1.37895270695956,1.04987487908846,-0.329077827871103,0.329077827871103,TRUE,8.68183607038097e-07,0.00289065787923222,TRUE
518,"Higher in IPF","ENSG00000180616","SSTR2","somatostatin receptor 2","6752",1.55569009783431,1.84027495132714,5.90320626039252,4.79734782881392e-08,5.07882832201372e-07,8.21939854324065,"single_mapping_record",1,1,1,TRUE,TRUE,1.54643175915101,1.50757176121978,-0.0388599979312294,0.0388599979312294,TRUE,6.38590218536819e-07,0.000196196822063242,TRUE
519,"Higher in IPF","ENSG00000176692","FOXC2","forkhead box C2","2303",1.36538915272595,1.38219608087623,5.90126774896975,4.8266637396811e-08,5.10626328823768e-07,8.2319113040221,"single_mapping_record",1,1,1,TRUE,TRUE,1.34593620170181,0.935517373722899,-0.410418827978913,0.410418827978913,TRUE,1.07079006928558e-06,0.00608384280280618,TRUE
520,"Higher in IPF","ENSG00000133392","MYH11","myosin heavy chain 11","4629",1.42370313511146,9.53721289598806,5.90106973223252,4.84822930905043e-08,5.11825727056716e-07,7.82072795855804,"single_mapping_record",1,1,1,TRUE,TRUE,1.42498045741369,1.26411150285514,-0.160868954558554,0.160868954558554,TRUE,8.18184937657637e-07,0.000786482032543202,TRUE
521,"Higher in IPF","ENSG00000143603","KCNN3","potassium calcium-activated channel subfamily N member 3","3782",1.47821764846361,3.71304787065259,5.89928606144234,4.88735105610992e-08,5.15593211906691e-07,7.96015189610383,"single_mapping_record",1,1,1,TRUE,TRUE,1.50336982744532,1.03789572890563,-0.465474098539692,0.465474098539692,TRUE,5.41348134718539e-07,0.0053051054566027,TRUE
522,"Higher in IPF","ENSG00000102466","FGF14","fibroblast growth factor 14","2259",1.74768126406927,2.72194274329724,5.87967290237206,5.33854717655786e-08,5.57860311505219e-07,8.03258817456336,"single_mapping_record",1,1,1,TRUE,TRUE,1.73178690731707,1.60118999993126,-0.130596907385808,0.130596907385808,TRUE,1.09964912167933e-06,0.000579809486238702,TRUE
523,"Higher in IPF","ENSG00000168081","PNOC","prepronociceptin","5368",2.28014159633991,-0.354337437221633,5.8738249189975,5.46702162906783e-08,5.70729684948305e-07,7.98494600842381,"single_mapping_record",1,1,1,TRUE,TRUE,2.33841419788386,2.26159204315722,-0.0768221547266421,0.0768221547266421,TRUE,5.71991647050699e-07,0.000167719681046563,TRUE
524,"Higher in IPF","ENSG00000123342","MMP19","matrix metallopeptidase 19","4327",1.45196330949244,6.4701900478801,5.87151989821004,5.53793815466768e-08,5.7612978224443e-07,7.53666068655773,"single_mapping_record",1,1,1,TRUE,TRUE,1.54351175081432,1.70257787496054,0.159066124146223,0.159066124146223,TRUE,1.58049019819967e-07,1.18837265273441e-05,TRUE
525,"Higher in IPF","ENSG00000124772","CPNE5","copine 5","57699",1.51830616134508,2.89753610877665,5.86742901738391,5.64072626420546e-08,5.85605689337845e-07,7.94947458757154,"single_mapping_record",1,1,1,TRUE,TRUE,1.5422115657056,1.49055215962224,-0.0516594060833588,0.0516594060833588,TRUE,5.74317546122547e-07,0.000207435622921609,TRUE
526,"Higher in IPF","ENSG00000188649","CC2D2B","coiled-coil and C2 domain containing 2B","387707",1.04319158136499,1.69653929148284,5.86335616416703,5.72489202034932e-08,5.93522645093121e-07,8.04806125558175,"single_mapping_record",1,1,1,TRUE,TRUE,1.10265344517772,1.10263377738975,-1.96677879680252e-05,1.96677879680252e-05,TRUE,2.38054226771753e-07,8.44366804056538e-05,TRUE
527,"Higher in IPF","ENSG00000148204","CRB2","crumbs cell polarity complex component 2","286204",2.74602008403978,-1.77091137873488,5.85511025218536,5.94399981109547e-08,6.1327371246849e-07,7.63243973256172,"single_mapping_record",1,1,1,TRUE,TRUE,2.72880839460772,2.83429321361701,0.105484819009295,0.105484819009295,TRUE,1.15448691811114e-06,9.08009335372579e-05,TRUE
528,"Higher in IPF","ENSG00000110777","POU2AF1","POU class 2 homeobox associating factor 1","5450",2.67458840818666,3.64679344200236,5.85225557095732,6.03862072712879e-08,6.20902564079845e-07,7.8400726598145,"single_mapping_record",1,1,1,TRUE,TRUE,2.73065694921994,2.82167919931469,0.0910222500947548,0.0910222500947548,TRUE,7.70549833572594e-07,8.85237583088281e-05,TRUE
529,"Higher in IPF","ENSG00000122367","LDB3","LIM domain binding 3","11155",1.81351847602785,3.75684690936043,5.83568083402851,6.50482305324789e-08,6.62935530722046e-07,7.68257150751644,"single_mapping_record",1,1,1,TRUE,TRUE,1.84316481582949,1.39776727445734,-0.445397541372147,0.445397541372147,TRUE,7.7632068430573e-07,0.00221109243061671,TRUE
530,"Higher in IPF","ENSG00000108176","DNAJC12","DnaJ heat shock protein family (Hsp40) member C12","56521",1.18779416007517,0.907373983142121,5.83080705276164,6.62574376503632e-08,6.73886621956133e-07,7.93991210341373,"single_mapping_record",1,1,1,TRUE,TRUE,1.24017906458035,1.67595128898406,0.435772224403714,0.435772224403714,TRUE,4.13689285442786e-07,3.06052117286722e-07,TRUE
531,"Higher in IPF","ENSG00000137558","PI15","peptidase inhibitor 15","51050",2.51650142904924,3.88035110747095,5.82818702620099,6.72704966909003e-08,6.8326434122043e-07,7.69407958592063,"single_mapping_record",1,1,1,TRUE,TRUE,2.56968135073033,2.96809212268004,0.398410771949711,0.398410771949711,TRUE,9.78701711422987e-07,2.85244048334827e-05,TRUE
532,"Higher in IPF","ENSG00000168621","GDNF","glial cell derived neurotrophic factor","2668",1.84937765993853,-1.53113595694151,5.82712827120245,6.73593636308848e-08,6.83704372431942e-07,7.59259427355196,"single_mapping_record",1,1,1,TRUE,TRUE,1.83824971108002,1.31481319550329,-0.523436515576726,0.523436515576726,TRUE,1.4003267454576e-06,0.00591485518194113,TRUE
533,"Higher in IPF","ENSG00000169184","MN1","MN1 proto-oncogene, transcriptional regulator","4330",1.06005053176584,4.38272845799411,5.8237145656199,6.86321743864426e-08,6.94276416367437e-07,7.4861423323568,"single_mapping_record",1,1,1,TRUE,TRUE,1.06523050905498,1.02842390106077,-0.0368066079942149,0.0368066079942149,TRUE,8.92921876398748e-07,0.000335108393204958,TRUE
534,"Higher in IPF","ENSG00000164920","OSR2","odd-skipped related transciption factor 2","116039",1.97640181686722,2.82981638542487,5.82321401911545,6.87862453575371e-08,6.95366407614375e-07,7.7890518780613,"single_mapping_record",1,1,1,TRUE,TRUE,2.00907482106577,1.85818759401388,-0.150887227051892,0.150887227051892,TRUE,8.24126739409937e-07,0.000319462641047125,TRUE
535,"Higher in IPF","ENSG00000144730","IL17RD","interleukin 17 receptor D","54756",1.41462676768568,2.75303558928345,5.82023879202051,6.97090771255076e-08,7.03747589649039e-07,7.76237075119673,"single_mapping_record",1,1,1,TRUE,TRUE,1.38271449205887,1.04639443882242,-0.33632005323645,0.33632005323645,TRUE,1.60925345861685e-06,0.00406616175174708,TRUE
536,"Higher in IPF","ENSG00000154928","EPHB1","EPH receptor B1","2047",1.28924609590476,0.821716618349698,5.81459225371836,7.1251330825902e-08,7.18833990832286e-07,7.87085096688516,"single_mapping_record",1,1,1,TRUE,TRUE,1.27419917674295,1.30503773348518,0.0308385567422298,0.0308385567422298,TRUE,1.06615596017685e-06,0.000152750554939747,TRUE
537,"Higher in IPF","ENSG00000158050","DUSP2","dual specificity phosphatase 2","1844",1.28522054243629,3.31350899284652,5.8105937674465,7.27851478400542e-08,7.32830744047548e-07,7.63391947894187,"single_mapping_record",1,1,1,TRUE,TRUE,1.31218041805383,1.01144423676147,-0.300736181292364,0.300736181292364,TRUE,6.86079687463898e-07,0.0023304688863025,TRUE
538,"Higher in IPF","ENSG00000123570","RAB9B","RAB9B, member RAS oncogene family","51209",1.21705183225534,1.92352191411912,5.80489773755496,7.44413596630626e-08,7.46502131771473e-07,7.78349846076545,"single_mapping_record",1,1,1,TRUE,TRUE,1.20697352743236,1.03646288393745,-0.17051064349491,0.17051064349491,TRUE,1.40877258199536e-06,0.00138834630312301,TRUE
539,"Higher in IPF","ENSG00000100003","SEC14L2","SEC14 like lipid binding 2","23541",1.02102916581312,2.40887908356861,5.80411535794518,7.46728772192313e-08,7.48225860586908e-07,7.72150448732735,"single_mapping_record",1,1,1,TRUE,TRUE,1.05697087851259,1.14427819077405,0.0873073122614527,0.0873073122614527,TRUE,5.59587938642875e-07,4.3101828488434e-05,TRUE
540,"Higher in IPF","ENSG00000159388","BTG2","BTG anti-proliferation factor 2","7832",1.37970788848046,7.96342463950159,5.80144156509258,7.58272127663101e-08,7.5736401733057e-07,7.28573606526558,"single_mapping_record",1,1,1,TRUE,TRUE,1.39875561183477,1.11873918859347,-0.280016423241301,0.280016423241301,TRUE,8.74385558454663e-07,0.00255796298077132,TRUE
541,"Higher in IPF","ENSG00000100302","RASD2","RASD family member 2","23551",1.21454524500146,2.88889002648541,5.79272807134793,7.88286516145167e-08,7.82138610731742e-07,7.6100728246362,"single_mapping_record",1,1,1,TRUE,TRUE,1.26113718224518,1.3298089750241,0.0686717927789227,0.0686717927789227,TRUE,4.97165442477648e-07,5.62490057554982e-05,TRUE
542,"Higher in IPF","ENSG00000205277","MUC12","mucin 12, cell surface associated","10071",1.51024432168881,0.0235020499784269,5.79076796029188,7.92665387169737e-08,7.85445068791557e-07,7.73285723755049,"single_mapping_record",1,1,1,TRUE,TRUE,1.56767390839571,1.74130621932606,0.173632310930358,0.173632310930358,TRUE,5.45201909834956e-07,2.78429953913605e-05,TRUE
543,"Higher in IPF","ENSG00000101144","BMP7","bone morphogenetic protein 7","655",1.4618683589584,2.55834597055107,5.78852750853915,8.03332080077213e-08,7.93396130665731e-07,7.64837192393002,"single_mapping_record",1,1,1,TRUE,TRUE,1.50556183890602,1.25135941270518,-0.254202426200841,0.254202426200841,TRUE,8.06183362239672e-07,0.00124458222484706,TRUE
544,"Higher in IPF","ENSG00000198759","EGFL6","EGF like domain multiple 6","25975",1.13639701344076,6.01266356291683,5.78753519584799,8.06901353003713e-08,7.9501615229095e-07,7.16750818790419,"single_mapping_record",1,1,1,TRUE,TRUE,1.16027295027328,1.37060546917892,0.210332518905633,0.210332518905633,TRUE,8.70680260828502e-07,1.24936000705535e-05,TRUE
545,"Higher in IPF","ENSG00000126950","TMEM35A","transmembrane protein 35A","59353",1.05672288560945,2.08484071909738,5.78713694880236,8.05635132585582e-08,7.9501615229095e-07,7.69151404507742,"single_mapping_record",1,1,1,TRUE,TRUE,1.00230629544855,0.948322323513891,-0.0539839719346579,0.0539839719346579,TRUE,2.25380749029308e-06,0.000677626339681029,TRUE
546,"Higher in IPF","ENSG00000080854","IGSF9B","immunoglobulin superfamily member 9B","22997",1.37895917923934,1.73834907669198,5.78040216608356,8.31483701930783e-08,8.14767188863245e-07,7.69323954722416,"single_mapping_record",1,1,1,TRUE,TRUE,1.42312909817032,1.53425715323371,0.111128055063394,0.111128055063394,TRUE,6.59889839966636e-07,5.29068673464613e-05,TRUE
547,"Higher in IPF","ENSG00000160951","PTGER1","prostaglandin E receptor 1","5731",1.38804887603254,1.50203455757807,5.77728651997357,8.42496639767907e-08,8.24482370025803e-07,7.69877031924737,"single_mapping_record",1,1,1,TRUE,TRUE,1.3860402935373,1.44464474635045,0.0586044528131584,0.0586044528131584,TRUE,1.41396842839147e-06,0.000142085619408473,TRUE
548,"Higher in IPF","ENSG00000169508","GPR183","G protein-coupled receptor 183","1880",1.10802190564214,4.57836323030754,5.77321767803177,8.60168257098772e-08,8.40133108364787e-07,7.24023395798556,"single_mapping_record",1,1,1,TRUE,TRUE,1.11075128783009,1.02500291503515,-0.085748372794942,0.085748372794942,TRUE,1.26400785309949e-06,0.000632081568557695,TRUE
549,"Higher in IPF","ENSG00000116741","RGS2","regulator of G protein signaling 2","5997",1.01163273550478,7.14487121024255,5.77267577870496,8.62250775540696e-08,8.41619547621386e-07,7.11638807277504,"single_mapping_record",1,1,1,TRUE,TRUE,1.02827024203034,0.961943280759965,-0.0663269612703743,0.0663269612703743,TRUE,6.55227118473126e-07,0.000364018157565501,TRUE
550,"Higher in IPF","ENSG00000005102","MEOX1","mesenchyme homeobox 1","4222",3.12274256207356,1.99131635158653,5.76860300251113,8.78061761694741e-08,8.55553093957037e-07,7.66843980653202,"single_mapping_record",1,1,1,TRUE,TRUE,3.11647424087504,2.50239111612968,-0.61408312474536,0.61408312474536,TRUE,9.26986340828554e-07,0.00079146245330575,TRUE
551,"Higher in IPF","ENSG00000140873","ADAMTS18","ADAM metallopeptidase with thrombospondin type 1 motif 18","170692",3.00940506658063,-1.14245206150095,5.76833320667197,8.78235623359842e-08,8.55553093957037e-07,7.35419950260108,"single_mapping_record",1,1,1,TRUE,TRUE,2.99221064396394,2.63185322951608,-0.360357414447861,0.360357414447861,TRUE,1.76844441114461e-06,0.000914046883645884,TRUE
552,"Higher in IPF","ENSG00000116690","PRG4","proteoglycan 4","10216",1.71507720456424,6.01685714466239,5.76098825848267,9.08390822180335e-08,8.82638383337941e-07,7.07843719016041,"single_mapping_record",1,1,1,TRUE,TRUE,1.76703896213301,1.24507705110719,-0.521961911025825,0.521961911025825,TRUE,7.79702131457662e-07,0.00494878580736305,TRUE
553,"Higher in IPF","ENSG00000169436","COL22A1","collagen type XXII alpha 1 chain","169044",1.98160125703908,0.274314575698258,5.75586864302765,9.27541201143491e-08,8.99499257853106e-07,7.58903118041865,"single_mapping_record",1,1,1,TRUE,TRUE,2.04526885318837,2.70842055808181,0.663151704893431,0.663151704893431,TRUE,8.44923888373108e-07,6.79755621951119e-07,TRUE
554,"Higher in IPF","ENSG00000165474","GJB2","gap junction protein beta 2","2706",3.27643601347463,0.998233940287974,5.75426895470335,9.36006467414212e-08,9.06537360569171e-07,7.59218178191387,"single_mapping_record",1,1,1,TRUE,TRUE,3.31538619653911,4.56892836004914,1.25354216351003,1.25354216351003,TRUE,1.27302430387387e-06,9.36175539014362e-08,TRUE
555,"Higher in IPF","ENSG00000187398","LUZP2","leucine zipper protein 2","338645",2.73379221013883,0.276457662360728,5.73803890443594,1.00615711781826e-07,9.66501865094686e-07,7.49808319222622,"single_mapping_record",1,1,1,TRUE,TRUE,2.52137828070244,1.67680478047856,-0.844573500223885,0.844573500223885,TRUE,4.26821788798248e-06,0.00983112521410822,TRUE
556,"Higher in IPF","ENSG00000169783","LINGO1","leucine rich repeat and Ig domain containing 1","84894",1.53945971861557,1.15372959356336,5.73641007898948,1.01114152799152e-07,9.70540704489045e-07,7.53912696890569,"single_mapping_record",1,1,1,TRUE,TRUE,1.56139008133134,1.34402845691211,-0.217361624419223,0.217361624419223,TRUE,1.27308819692655e-06,0.00105858111439809,TRUE
557,"Higher in IPF","ENSG00000198400","NTRK1","neurotrophic receptor tyrosine kinase 1","4914",1.03663970744219,1.27640619814339,5.73526112741993,1.01536091205497e-07,9.73744392827137e-07,7.52729324738778,"single_mapping_record",1,1,1,TRUE,TRUE,1.08535850124654,1.01500319584898,-0.0703553053975632,0.0703553053975632,TRUE,5.38527619968173e-07,0.000334722140278711,TRUE
558,"Higher in IPF","ENSG00000117152","RGS4","regulator of G protein signaling 4","5999",2.00302827277878,1.31009537429299,5.73223196818763,1.03249010719484e-07,9.87873899885845e-07,7.51880528630335,"single_mapping_record",1,1,1,TRUE,TRUE,1.96706390966837,2.03310004439013,0.0660361347217564,0.0660361347217564,TRUE,2.14431665992438e-06,0.00016583103194687,TRUE
559,"Higher in IPF","ENSG00000170476","MZB1","marginal zone B and B1 cell specific protein","51237",2.56931025607627,4.14180459775919,5.72950308647619,1.04509752906584e-07,9.98592712108984e-07,7.23391213846899,"single_mapping_record",1,1,1,TRUE,TRUE,2.62241956871766,2.51862255177165,-0.103797016946011,0.103797016946011,TRUE,1.18797806641276e-06,0.000260550806367887,TRUE
560,"Higher in IPF","ENSG00000157103","SLC6A1","solute carrier family 6 member 1","6529",1.23186449607698,3.07149982456443,5.72348142852977,1.07345485398677e-07,1.02250661599298e-06,7.29679693768778,"single_mapping_record",1,1,1,TRUE,TRUE,1.23715964376093,1.19747898358419,-0.0396806601767392,0.0396806601767392,TRUE,1.48850949299958e-06,0.000344538442013059,TRUE
561,"Higher in IPF","ENSG00000160321","ZNF208","zinc finger protein 208","7757",1.15684784006793,1.70138260505637,5.72216303061899,1.07628141504685e-07,1.02454892851511e-06,7.44690873318936,"single_mapping_record",1,1,1,TRUE,TRUE,1.15162954943112,0.795560010949712,-0.356069538481407,0.356069538481407,TRUE,1.83681100157742e-06,0.00904808456204587,TRUE
562,"Higher in IPF","ENSG00000099953","MMP11","matrix metallopeptidase 11","4320",3.84354911797473,2.89073134453669,5.72178143024957,1.08159638173105e-07,1.02707196432863e-06,7.43875796964918,"single_mapping_record",1,1,1,TRUE,TRUE,3.8863412713054,4.64223422109117,0.755892949785765,0.755892949785765,TRUE,1.68117833413105e-06,2.72352605319079e-06,TRUE
563,"Higher in IPF","ENSG00000110900","TSPAN11","tetraspanin 11","441631",1.21175640365461,4.61027312326537,5.72176642451124,1.08166851558991e-07,1.02707196432863e-06,7.0296572448186,"single_mapping_record",1,1,1,TRUE,TRUE,1.25140989501006,1.46820654378131,0.216796648771249,0.216796648771249,TRUE,8.28845646243806e-07,2.27353509653812e-05,TRUE
564,"Higher in IPF","ENSG00000149575","SCN2B","sodium voltage-gated channel beta subunit 2","6327",1.10679099570718,2.81124562434339,5.72160922294639,1.08087487973983e-07,1.02707196432863e-06,7.32327402259247,"single_mapping_record",1,1,1,TRUE,TRUE,1.08389930524439,0.809646819761063,-0.274252485483328,0.274252485483328,TRUE,2.22072374401312e-06,0.00503448245439875,TRUE
565,"Higher in IPF","ENSG00000171346","KRT15","keratin 15","3866",3.80987901308656,3.98925713971357,5.71125408776192,1.1333806667367e-07,1.07210526585075e-06,7.17624273177327,"single_mapping_record",1,1,1,TRUE,TRUE,3.88078978555451,4.19402863698275,0.313238851428241,0.313238851428241,TRUE,1.35777808017433e-06,8.62660907654483e-05,TRUE
566,"Higher in IPF","ENSG00000105784","RUNDC3B","RUN domain containing 3B","154661",2.25435147924069,1.16724338958488,5.70476967753314,1.16648116968235e-07,1.10122477764461e-06,7.40661352867538,"single_mapping_record",1,1,1,TRUE,TRUE,2.26520865082867,1.22712599384045,-1.03808265698823,1.03808265698823,TRUE,1.70045273100981e-06,0.0241466375306036,TRUE
567,"Higher in IPF","ENSG00000007933","FMO3","flavin containing dimethylaniline monoxygenase 3","2328",1.16466585114285,5.20928683821711,5.69820921912681,1.20093537361637e-07,1.13030983252219e-06,6.83396635479943,"single_mapping_record",1,1,1,TRUE,TRUE,1.11116169473543,0.662889920814206,-0.44827177392122,0.44827177392122,TRUE,4.03112366723359e-06,0.0276716523175338,TRUE
568,"Higher in IPF","ENSG00000124762","CDKN1A","cyclin dependent kinase inhibitor 1A","1026",1.03594989389557,7.41477533929516,5.69493203843484,1.21851872094145e-07,1.14542285778165e-06,6.79265827696659,"single_mapping_record",1,1,1,TRUE,TRUE,1.05582841576649,0.715535787906837,-0.340292627859653,0.340292627859653,TRUE,1.19555733919658e-06,0.0108957021729614,TRUE
569,"Higher in IPF","ENSG00000144644","GADL1","glutamate decarboxylase like 1","339896",3.01167943773711,-0.869250008995009,5.6918636562466,1.23495240439562e-07,1.15855014347819e-06,7.13137564166724,"single_mapping_record",1,1,1,TRUE,TRUE,3.01051310484767,3.10280678647747,0.092293681629791,0.092293681629791,TRUE,1.82999136336985e-06,0.000126218925326245,TRUE
570,"Higher in IPF","ENSG00000124302","CHST8","carbohydrate sulfotransferase 8","64377",1.83414712523311,-1.09398473326529,5.69124376154906,1.23468473738277e-07,1.15855014347819e-06,7.14129087122433,"single_mapping_record",1,1,1,TRUE,TRUE,1.90359144641516,1.79138212869673,-0.112209317718423,0.112209317718423,TRUE,7.36985405334305e-07,0.000327795460529562,TRUE
571,"Higher in IPF","ENSG00000181374","CCL13","C-C motif chemokine ligand 13","6357",1.2176072430376,4.22595998385954,5.68263492035692,1.2867797247106e-07,1.20206205521814e-06,6.91689495985288,"single_mapping_record",1,1,1,TRUE,TRUE,1.24620268892934,1.30129599044087,0.0550933015115354,0.0550933015115354,TRUE,1.23229535953849e-06,0.00012984700729979,TRUE
572,"Higher in IPF","ENSG00000149054","ZNF215","zinc finger protein 215","7762",1.45794523234854,1.00814124295449,5.67058075137759,1.35323214480993e-07,1.26021842170513e-06,7.26521454103033,"single_mapping_record",1,1,1,TRUE,TRUE,1.51200359785318,1.25919034369703,-0.252813254156145,0.252813254156145,TRUE,1.05244134789173e-06,0.00144309124176758,TRUE
573,"Higher in IPF","ENSG00000151388","ADAMTS12","ADAM metallopeptidase with thrombospondin type 1 motif 12","81792",1.05013766770829,4.58554100773114,5.66967567491698,1.36277824079328e-07,1.26518410332646e-06,6.78048029029768,"single_mapping_record",1,1,1,TRUE,TRUE,1.01694934760013,0.947821077619022,-0.0691282699811084,0.0691282699811084,TRUE,2.87909585755533e-06,0.000889168343656217,TRUE
574,"Higher in IPF","ENSG00000101311","FERMT1","FERM domain containing kindlin 1","55612",1.4801509095509,2.16724006440313,5.66944232908473,1.36418628622899e-07,1.26570856173484e-06,7.18263227917161,"single_mapping_record",1,1,1,TRUE,TRUE,1.4929160913321,1.4014939583457,-0.0914221329863938,0.0914221329863938,TRUE,1.77109417563307e-06,0.000534220975994898,TRUE
575,"Higher in IPF","ENSG00000170961","HAS2","hyaluronan synthase 2","3037",2.29963256256207,3.68845779500366,5.66858074672157,1.36939759008012e-07,1.26897510014091e-06,7.02650719702547,"single_mapping_record",1,1,1,TRUE,TRUE,2.35737819544792,2.24810458762222,-0.109273607825698,0.109273607825698,TRUE,1.52286620917502e-06,0.000473414642925402,TRUE
576,"Higher in IPF","ENSG00000110400","NECTIN1","nectin cell adhesion molecule 1","5818",1.0356276338072,4.25874757651968,5.66375374829464,1.39895721864806e-07,1.29237820100583e-06,6.80814311905247,"single_mapping_record",1,1,1,TRUE,TRUE,1.06015697865273,1.12131838084871,0.0611614021959772,0.0611614021959772,TRUE,1.40877258199536e-06,0.000147535256493428,TRUE
577,"Higher in IPF","ENSG00000123358","NR4A1","nuclear receptor subfamily 4 group A member 1","3164",1.91973288050329,7.85087162348282,5.64722610975489,1.50499049719508e-07,1.37410398858613e-06,6.61066617069012,"single_mapping_record",1,1,1,TRUE,TRUE,1.97025629645506,1.73364961743828,-0.236606679016784,0.236606679016784,TRUE,1.09638837734109e-06,0.00100948556588815,TRUE
578,"Higher in IPF","ENSG00000177875","CCDC184","coiled-coil domain containing 184","387856",1.55321341759421,0.681672792672517,5.64257595537972,1.53148360756221e-07,1.39421661108089e-06,7.14883080557986,"single_mapping_record",1,1,1,TRUE,TRUE,1.60152645544426,1.52341944940935,-0.0781070060349076,0.0781070060349076,TRUE,1.37610036299631e-06,0.000443981163248417,TRUE
579,"Higher in IPF","ENSG00000122574","WIPF3","WAS/WASL interacting protein family member 3","644150",1.74564570730171,1.19905145461049,5.63406118437825,1.59396168166002e-07,1.44321789897951e-06,7.10711421256025,"single_mapping_record",1,1,1,TRUE,TRUE,1.77223849024682,1.44598161005491,-0.326256880191911,0.326256880191911,TRUE,1.78698987273752e-06,0.00209457821067882,TRUE
580,"Higher in IPF","ENSG00000165899","OTOGL","otogelin like","283310",1.27915841771568,0.165265109871226,5.63353173939029,1.59388562073988e-07,1.44321789897951e-06,7.09456000321392,"single_mapping_record",1,1,1,TRUE,TRUE,1.2751107699508,1.206262040804,-0.0688487291467981,0.0688487291467981,TRUE,2.12597513175082e-06,0.00063805630885992,TRUE
581,"Higher in IPF","ENSG00000198796","ALPK2","alpha kinase 2","115701",3.09371581743404,-0.49286029412661,5.63364331327603,1.59800181152686e-07,1.4460038092008e-06,6.92248508023491,"single_mapping_record",1,1,1,TRUE,TRUE,3.09302344733971,4.00538199530493,0.912358547965217,0.912358547965217,TRUE,2.40848302111626e-06,1.37027989551339e-06,TRUE
582,"Higher in IPF","ENSG00000204767","INSYN2B","inhibitory synaptic factor family member 2B","100131897",2.24244049217817,-0.804713292545961,5.62995604922614,1.61939604690292e-07,1.46276013004176e-06,6.91734807319138,"single_mapping_record",1,1,1,TRUE,TRUE,2.19095135679512,2.48545115122368,0.294499794428555,0.294499794428555,TRUE,3.30692150321506e-06,5.86988218314277e-05,TRUE
583,"Higher in IPF","ENSG00000185008","ROBO2","roundabout guidance receptor 2","6092",1.56851268206653,5.26967649993303,5.62844952627807,1.63503866325407e-07,1.47554300488409e-06,6.55348172053071,"single_mapping_record",1,1,1,TRUE,TRUE,1.47413151779081,0.932031763582561,-0.542099754208251,0.542099754208251,TRUE,4.95610184518145e-06,0.0201602127507765,TRUE
584,"Higher in IPF","ENSG00000005513","SOX8","SRY-box transcription factor 8","30812",1.16334088688589,0.377957625476058,5.62667575055182,1.64284553381689e-07,1.48033596360499e-06,7.07895453870982,"single_mapping_record",1,1,1,TRUE,TRUE,1.20063754522726,1.15032577503288,-0.0503117701943854,0.0503117701943854,TRUE,1.21211930101403e-06,0.000406089338262188,TRUE
585,"Higher in IPF","ENSG00000198732","SMOC1","SPARC related modular calcium binding 1","64093",1.5078576562962,1.42416650960597,5.61234524989084,1.75269843060579e-07,1.57271421639296e-06,7.00671683385999,"single_mapping_record",1,1,1,TRUE,TRUE,1.44043859131362,1.10539103307994,-0.335047558233684,0.335047558233684,TRUE,3.99247298075007e-06,0.00548442264142257,TRUE
586,"Higher in IPF","ENSG00000147166","ITGB1BP2","integrin subunit beta 1 binding protein 2","26548",1.062767717798,0.49821139230515,5.59649914947893,1.87646735180133e-07,1.67376873946771e-06,6.95790984973617,"single_mapping_record",1,1,1,TRUE,TRUE,1.09871837147157,1.20650692809557,0.107788556623995,0.107788556623995,TRUE,1.33437911829906e-06,6.22388943130771e-05,TRUE
587,"Higher in IPF","ENSG00000176406","RIMS2","regulating synaptic membrane exocytosis 2","9699",2.67748727700899,-1.63317448752174,5.59031988108227,1.93025864023828e-07,1.71868580707337e-06,6.63523308917019,"single_mapping_record",1,1,1,TRUE,TRUE,2.72343763961324,3.81557409458677,1.09213645497352,1.09213645497352,TRUE,2.12278405686977e-06,1.41434631003613e-07,TRUE
588,"Higher in IPF","ENSG00000104783","KCNN4","potassium calcium-activated channel subfamily N member 4","3783",1.18235905403938,3.43339048069077,5.58725250158054,1.96021778150175e-07,1.74123013821919e-06,6.64079363375949,"single_mapping_record",1,1,1,TRUE,TRUE,1.25549354526586,1.6679872389706,0.412493693704748,0.412493693704748,TRUE,7.70549833572594e-07,1.31929136807301e-06,TRUE
589,"Higher in IPF","ENSG00000185652","NTF3","neurotrophin 3","4908",1.44611517936371,1.00876978646873,5.58116772858774,2.00766220518577e-07,1.78021411838446e-06,6.89295402094986,"single_mapping_record",1,1,1,TRUE,TRUE,1.42168356497612,1.19269526070344,-0.228988304272675,0.228988304272675,TRUE,3.85462839580457e-06,0.00269218618340895,TRUE
590,"Higher in IPF","ENSG00000170775","GPR37","G protein-coupled receptor 37","2861",1.61281302243409,0.114579647196607,5.58037008645931,2.01439448686173e-07,1.78384578595328e-06,6.86734479376387,"single_mapping_record",1,1,1,TRUE,TRUE,1.67225766259933,2.01649784795526,0.344240185355939,0.344240185355939,TRUE,1.44078895218293e-06,1.19497124172107e-05,TRUE
591,"Higher in IPF","ENSG00000174255","ZNF80","zinc finger protein 80","7634",1.82307012075783,-1.23122637465229,5.57975478783509,2.01984849812349e-07,1.78679821177547e-06,6.67286251115226,"single_mapping_record",1,1,1,TRUE,TRUE,1.87705671522606,1.68337932146856,-0.193677393757497,0.193677393757497,TRUE,1.63649714010605e-06,0.000918991591870176,TRUE
592,"Higher in IPF","ENSG00000101115","SALL4","spalt like transcription factor 4","57167",1.80138745430949,-0.588255101229607,5.57816678909491,2.03399153282708e-07,1.79824975799766e-06,6.77754638310345,"single_mapping_record",1,1,1,TRUE,TRUE,1.86673654118569,1.73423391794518,-0.132502623240512,0.132502623240512,TRUE,1.39234192534889e-06,0.000501847408050334,TRUE
593,"Higher in IPF","ENSG00000118785","SPP1","secreted phosphoprotein 1","6696",3.25599566166476,5.43203353876683,5.57781978634975,2.04316272365368e-07,1.80472787214822e-06,6.43890500842297,"single_mapping_record",1,1,1,TRUE,TRUE,3.31932300178404,4.59994338745086,1.28062038566682,1.28062038566682,TRUE,2.29939692224444e-06,1.35483294379348e-05,TRUE
594,"Higher in IPF","ENSG00000114948","ADAM23","ADAM metallopeptidase domain 23","8745",1.58393281588472,3.30243971098885,5.57668640903632,2.05335761022793e-07,1.81206929248783e-06,6.64679782082122,"single_mapping_record",1,1,1,TRUE,TRUE,1.60382679545247,1.41854847695941,-0.185278318493053,0.185278318493053,TRUE,2.06198973710088e-06,0.00101917596389169,TRUE
595,"Higher in IPF","ENSG00000205683","DPF3","double PHD fingers 3","8110",1.00240926430766,0.773720674895515,5.56751237133197,2.13142543757084e-07,1.87335823587901e-06,6.83859360030386,"single_mapping_record",1,1,1,TRUE,TRUE,0.993705704593372,0.883499694293485,-0.110206010299888,0.110206010299888,TRUE,2.35947184953194e-06,0.00136220786204282,TRUE
596,"Higher in IPF","ENSG00000099625","CBARP","CACN subunit beta associated regulatory protein","255057",1.47749045322282,-0.104239536138893,5.55768582519845,2.22533688842015e-07,1.94338320936377e-06,6.76092111673489,"single_mapping_record",1,1,1,TRUE,TRUE,1.49490621567914,1.86107357765872,0.366167361979586,0.366167361979586,TRUE,2.38791758612864e-06,1.18837265273441e-05,TRUE
597,"Higher in IPF","ENSG00000173918","C1QTNF1","C1q and TNF related 1","114897",1.08825280859706,5.94117643237501,5.54848243675115,2.32374980170741e-07,2.01264021114733e-06,6.13142770671045,"single_mapping_record",1,1,1,TRUE,TRUE,1.1437965755391,0.962592975306982,-0.181203600232117,0.181203600232117,TRUE,1.0370613460291e-06,0.00153215894431841,TRUE
598,"Higher in IPF","ENSG00000104435","STMN2","stathmin 2","11075",2.23521580946089,-1.35430912831983,5.54474934894557,2.35517751095947e-07,2.0378054636613e-06,6.48412022504322,"single_mapping_record",1,1,1,TRUE,TRUE,2.21889482244269,1.52363125987503,-0.695263562567659,0.695263562567659,TRUE,3.77859002619205e-06,0.0122134806867318,TRUE
599,"Higher in IPF","ENSG00000172350","ABCG4","ATP binding cassette subfamily G member 4","64137",1.52368103558617,-0.699451264808764,5.54429819603133,2.35983715745171e-07,2.03948620654376e-06,6.64327092903167,"single_mapping_record",1,1,1,TRUE,TRUE,1.51193542218189,1.54149422648776,0.0295588043058699,0.0295588043058699,TRUE,3.79807113756569e-06,0.000368393232506988,TRUE
600,"Higher in IPF","ENSG00000131188","PRR7","proline rich 7, synaptic","80758",1.25212192812311,0.615794226618886,5.53018795150253,2.51022184620126e-07,2.149654897614e-06,6.68554128069593,"single_mapping_record",1,1,1,TRUE,TRUE,1.26696372009553,1.34259861194505,0.075634891849518,0.075634891849518,TRUE,2.96863698107149e-06,0.000223631800948646,TRUE
601,"Higher in IPF","ENSG00000139364","TMEM132B","transmembrane protein 132B","114795",1.40512990024219,-0.764325389279594,5.52914713965124,2.52167938836336e-07,2.1570057537385e-06,6.57526391787485,"single_mapping_record",1,1,1,TRUE,TRUE,1.43118496602187,1.64491176468899,0.213726798667124,0.213726798667124,TRUE,2.55947594291643e-06,4.72336996727594e-05,TRUE
602,"Higher in IPF","ENSG00000187942","LDLRAD2","low density lipoprotein receptor class A domain containing 2","401944",1.20682020645652,-0.466549805816528,5.52331496312516,2.58683623167232e-07,2.20520076717007e-06,6.59754712714179,"single_mapping_record",1,1,1,TRUE,TRUE,1.19069647860704,1.15459934473853,-0.0360971338685105,0.0360971338685105,TRUE,3.9363351435245e-06,0.000702905032665721,TRUE
603,"Higher in IPF","ENSG00000203685","STUM","stum, mechanosensory transduction mediator homolog","375057",1.57471496146664,2.34507905130159,5.52137986185201,2.61633564783327e-07,2.2278179662662e-06,6.54439529331496,"single_mapping_record",1,1,1,TRUE,TRUE,1.55920115974629,1.46792770196976,-0.0912734577765286,0.0912734577765286,TRUE,3.85462839580457e-06,0.000839206953804057,TRUE
604,"Higher in IPF","ENSG00000138944","SHISAL1","shisa like 1","85352",1.72881367799817,1.2058317403121,5.51990546066796,2.63169878809255e-07,2.23836046497708e-06,6.63404660523395,"single_mapping_record",1,1,1,TRUE,TRUE,1.68974739776908,1.74312831913663,0.0533809213675476,0.0533809213675476,TRUE,3.9363351435245e-06,0.000279556718960314,TRUE
605,"Higher in IPF","ENSG00000131620","ANO1","anoctamin 1","55107",1.10695069730717,5.20632567545367,5.51372639766155,2.70530179273147e-07,2.29058040115538e-06,6.03417388114534,"single_mapping_record",1,1,1,TRUE,TRUE,1.04579046672379,0.470939105274296,-0.574851361449489,0.574851361449489,TRUE,7.91978446391243e-06,0.10201659713595,FALSE
606,"Higher in IPF","ENSG00000116748","AMPD1","adenosine monophosphate deaminase 1","270",2.58774830538061,0.580904265206924,5.51008141449534,2.74870782932257e-07,2.32470996810087e-06,6.59281819456906,"single_mapping_record",1,1,1,TRUE,TRUE,2.66377230667847,2.41301807289505,-0.250754233783423,0.250754233783423,TRUE,2.24351269661012e-06,0.000687420507230453,TRUE
607,"Higher in IPF","ENSG00000173641","HSPB7","heat shock protein family B (small) member 7","27129",1.24273335101653,4.47649100456969,5.5041638601759,2.82063422724732e-07,2.37780771007131e-06,6.09951018909081,"single_mapping_record",1,1,1,TRUE,TRUE,1.23086788164478,1.04522151786841,-0.185646363776367,0.185646363776367,TRUE,4.38809263801162e-06,0.00279742092199606,TRUE
608,"Higher in IPF","ENSG00000183960","KCNH8","potassium voltage-gated channel subfamily H member 8","131096",2.24288516969322,-0.690802630817075,5.50173662575669,2.84450737317349e-07,2.39359555415249e-06,6.44292115564682,"single_mapping_record",1,1,1,TRUE,TRUE,2.30740228360607,2.55751211360652,0.250109830000445,0.250109830000445,TRUE,2.52301475572326e-06,6.68437726092606e-05,TRUE
609,"Higher in IPF","ENSG00000254709","IGLL5","immunoglobulin lambda like polypeptide 5","100423062",2.76045485409745,0.225472707474152,5.49791395531456,2.89860276319717e-07,2.43093992631933e-06,6.51585633860856,"single_mapping_record",1,1,1,TRUE,TRUE,2.81281817701292,2.97287339391904,0.160055216906121,0.160055216906121,TRUE,2.93414870907388e-06,0.000125076543772588,TRUE
610,"Higher in IPF","ENSG00000102109","PCSK1N","proprotein convertase subtilisin/kexin type 1 inhibitor","27344",1.63992599491359,1.27003776470232,5.49610023238029,2.91911036764095e-07,2.44404265694512e-06,6.53544484112583,"single_mapping_record",1,1,1,TRUE,TRUE,1.63649999193176,1.19015837204086,-0.4463416198909,0.4463416198909,TRUE,3.44708487559252e-06,0.00607602140488474,TRUE
611,"Higher in IPF","ENSG00000107518","ATRNL1","attractin like 1","26033",2.00132002350746,-1.02244374849028,5.49529246651585,2.92363488689983e-07,2.44646638361985e-06,6.36500104849752,"single_mapping_record",1,1,1,TRUE,TRUE,1.98951595270837,2.21622986306051,0.226713910352146,0.226713910352146,TRUE,4.20623574501983e-06,0.000117791911436082,TRUE
612,"Higher in IPF","ENSG00000154864","PIEZO2","piezo type mechanosensitive ion channel component 2","63895",1.15495279999739,6.16493716471944,5.49481175899109,2.93808351917071e-07,2.45581903061195e-06,5.90498711510661,"single_mapping_record",1,1,1,TRUE,TRUE,1.15059926758746,1.19818784600996,0.0475885784224948,0.0475885784224948,TRUE,4.04973905639757e-06,0.000295273108043348,TRUE
613,"Higher in IPF","ENSG00000145936","KCNMB1","potassium calcium-activated channel subfamily M regulatory beta subunit 1","3779",1.05720450930567,4.01358373850506,5.4894414568335,3.00767899673882e-07,2.507011499114e-06,6.10853167876996,"single_mapping_record",1,1,1,TRUE,TRUE,1.08541400624067,0.976163212960552,-0.109250793280123,0.109250793280123,TRUE,2.25748019490181e-06,0.0011103464859292,TRUE
614,"Higher in IPF","ENSG00000128422","KRT17","keratin 17","3872",5.42809163802165,3.4627359008686,5.48763091058826,3.03150453772963e-07,2.52266885368056e-06,6.46254172773632,"single_mapping_record",1,1,1,TRUE,TRUE,5.56659926593785,5.83975777081491,0.27315850487706,0.27315850487706,TRUE,4.28588079128074e-06,5.89261743566081e-05,TRUE
615,"Higher in IPF","ENSG00000172817","CYP7B1","cytochrome P450 family 7 subfamily B member 1","9420",1.00366787280448,5.48370456022087,5.4796842970402,3.13828184360873e-07,2.60574596439459e-06,5.86312234921858,"single_mapping_record",1,1,1,TRUE,TRUE,0.988560216526182,0.97673796309155,-0.0118222534346319,0.0118222534346319,TRUE,5.32160944001678e-06,0.000713406049283321,TRUE
616,"Higher in IPF","ENSG00000139193","CD27","CD27 molecule","939",1.97737338914418,2.59150978068745,5.46928138291401,3.28364813078734e-07,2.71592979280328e-06,6.31930741664713,"single_mapping_record",1,1,1,TRUE,TRUE,2.02143290357665,1.78797426629467,-0.233458637281986,0.233458637281986,TRUE,3.06236623503758e-06,0.00124052109682003,TRUE
617,"Higher in IPF","ENSG00000152932","RAB3C","RAB3C, member RAS oncogene family","115827",1.90305728665661,1.06875587705291,5.46207400228554,3.38820826207347e-07,2.79477811777697e-06,6.401975755244,"single_mapping_record",1,1,1,TRUE,TRUE,2.0030771512466,1.76852650153946,-0.234550649707137,0.234550649707137,TRUE,1.9578993730399e-06,0.000906270569927583,TRUE
618,"Higher in IPF","ENSG00000082482","KCNK2","potassium two pore domain channel subfamily K member 2","3776",3.19676902181871,-0.634473634035735,5.4619173081576,3.3905173254543e-07,2.79508215759033e-06,6.23728571379382,"single_mapping_record",1,1,1,TRUE,TRUE,3.28497238211829,3.83392333960783,0.548950957489543,0.548950957489543,TRUE,3.20852696882943e-06,1.90191963110963e-05,TRUE
619,"Higher in IPF","ENSG00000134762","DSC3","desmocollin 3","1825",5.1461793956881,0.736394969119082,5.45842513364468,3.44238024110695e-07,2.83161710572589e-06,6.37096299653963,"single_mapping_record",1,1,1,TRUE,TRUE,5.18125463844938,5.23467810186896,0.0534234634195734,0.0534234634195734,TRUE,4.1731871190127e-06,0.000122440838442486,TRUE
620,"Higher in IPF","ENSG00000136267","DGKB","diacylglycerol kinase beta","1607",2.34395131757217,-1.1805187637131,5.45647431895616,3.46347361332681e-07,2.84584925469415e-06,6.19403152795298,"single_mapping_record",1,1,1,TRUE,TRUE,2.2898347231421,1.86108575511628,-0.428748968025819,0.428748968025819,TRUE,6.58747525725456e-06,0.00401156106625468,TRUE
621,"Higher in IPF","ENSG00000143867","OSR1","odd-skipped related transcription factor 1","130497",1.09919409529056,4.47066848468226,5.45526565171719,3.48997126937627e-07,2.86448598665263e-06,5.88260800855601,"single_mapping_record",1,1,1,TRUE,TRUE,1.10678698325165,0.793030123362536,-0.313756859889111,0.313756859889111,TRUE,4.15720455727768e-06,0.009254905748768,TRUE
622,"Higher in IPF","ENSG00000224689",,,,1.56966647703695,2.14941808881951,5.45464422892039,3.49940726132628e-07,2.87066130093061e-06,6.28539168423245,"unmapped",0,0,0,FALSE,FALSE,1.62818813685652,1.07144638986086,-0.556741746995652,0.556741746995652,TRUE,2.83491472795665e-06,0.0111422421671836,TRUE
623,"Higher in IPF","ENSG00000102962","CCL22","C-C motif chemokine ligand 22","6367",1.94485129790389,2.1743206403816,5.44700910535564,3.61740215511952e-07,2.95715429402002e-06,6.27238338505386,"single_mapping_record",1,1,1,TRUE,TRUE,1.95685960128443,2.13201937655752,0.17515977527309,0.17515977527309,TRUE,3.79117488893305e-06,0.000125076543772588,TRUE
624,"Higher in IPF","ENSG00000136531","SCN2A","sodium voltage-gated channel alpha subunit 2","6326",1.11890015929085,0.372285275719397,5.44334310085245,3.66534932843635e-07,2.99207308964037e-06,6.32871626438347,"single_mapping_record",1,1,1,TRUE,TRUE,1.12108169330446,0.986958887697426,-0.134122805607038,0.134122805607038,TRUE,4.51706297771618e-06,0.00197833891296916,TRUE
625,"Higher in IPF","ENSG00000054598","FOXC1","forkhead box C1","2296",1.79301359451534,3.5975753186514,5.4433968808982,3.67457552462504e-07,2.9979743356343e-06,6.03678769799161,"single_mapping_record",1,1,1,TRUE,TRUE,1.81515584846125,1.28275947262022,-0.532396375841033,0.532396375841033,TRUE,4.03112366723359e-06,0.00783577813884605,TRUE
626,"Higher in IPF","ENSG00000198353","HOXC4","homeobox C4","3221",1.38214741357787,0.702323913131778,5.44051647406205,3.71060790276449e-07,3.0224441582366e-06,6.31875770137981,"single_mapping_record",1,1,1,TRUE,TRUE,1.43220936130797,1.42337399617227,-0.00883536513570027,0.00883536513570027,TRUE,2.48062299144822e-06,0.000355100202735671,TRUE
627,"Higher in IPF","ENSG00000140287","HDC","histidine decarboxylase","3067",1.21947520769091,4.52740805623245,5.4326739448602,3.84955802322688e-07,3.12544970495846e-06,5.80366404867677,"single_mapping_record",1,1,1,TRUE,TRUE,1.22787878332751,1.21676929689725,-0.0111094864302619,0.0111094864302619,TRUE,4.3869947883198e-06,0.000594859381551685,TRUE
628,"Higher in IPF","ENSG00000153294","ADGRF4","adhesion G protein-coupled receptor F4","221393",2.25032613461668,-0.900205447003006,5.42833314402596,3.91382998658026e-07,3.16223981477625e-06,6.12389288249043,"single_mapping_record",1,1,1,TRUE,TRUE,2.28798435881729,2.55427892164683,0.266294562829539,0.266294562829539,TRUE,3.16343276095434e-06,7.56512874992598e-05,TRUE
629,"Higher in IPF","ENSG00000111664","GNB3","G protein subunit beta 3","2784",1.049899468539,1.97348806966081,5.42318165506174,4.00037493119221e-07,3.22695478060491e-06,6.16191076671159,"single_mapping_record",1,1,1,TRUE,TRUE,1.06385393743874,1.2037316715265,0.139877734087757,0.139877734087757,TRUE,3.73332812003492e-06,8.68546087286969e-05,TRUE
630,"Higher in IPF","ENSG00000172061","LRRC15","leucine rich repeat containing 15","131578",2.20913183815983,2.41753989743385,5.42139271812888,4.04245669635872e-07,3.25403753561512e-06,6.15394541558887,"single_mapping_record",1,1,1,TRUE,TRUE,2.1572946004156,2.51680235577676,0.35950775536116,0.35950775536116,TRUE,6.15102053178999e-06,4.99870327707119e-05,TRUE
631,"Higher in IPF","ENSG00000244734","HBB","hemoglobin subunit beta","3043",2.15285744452995,5.52343602485328,5.42073152579403,4.05405146384648e-07,3.26149092043212e-06,5.69117488255949,"single_mapping_record",1,1,1,TRUE,TRUE,2.07366148408944,2.28381286273099,0.210151378641553,0.210151378641553,TRUE,9.75299203235043e-06,0.000439719199055916,TRUE
632,"Higher in IPF","ENSG00000169594","BNC1","basonuclin zinc finger protein 1","646",3.10583817617752,-0.132577994850275,5.41501730244879,4.15562302975049e-07,3.33427113429259e-06,6.13343505379711,"single_mapping_record",1,1,1,TRUE,TRUE,3.11071835457239,2.96129978648088,-0.149418568091507,0.149418568091507,TRUE,4.95190295071322e-06,0.000547956024907422,TRUE
633,"Higher in IPF","ENSG00000165449","SLC16A9","solute carrier family 16 member 9","220963",1.08835865644742,2.1221134397258,5.41005367497409,4.23629969571213e-07,3.38813697560098e-06,6.09313709370353,"single_mapping_record",1,1,1,TRUE,TRUE,1.05498531255874,0.77709021563378,-0.277895096924965,0.277895096924965,TRUE,9.06622672034128e-06,0.0104863109732122,TRUE
634,"Higher in IPF","ENSG00000143869","GDF7","growth differentiation factor 7","151449",1.35141765768313,1.56994518316649,5.40860759237079,4.26619533385984e-07,3.40430896608194e-06,6.14706775140502,"single_mapping_record",1,1,1,TRUE,TRUE,1.33979567449005,0.624805805240602,-0.714989869249449,0.714989869249449,TRUE,6.97844654232237e-06,0.0879646076761011,FALSE
635,"Higher in IPF","ENSG00000066248","NGEF","neuronal guanine nucleotide exchange factor","25791",2.48409769599076,-0.114867762790505,5.40427503388675,4.3533570904217e-07,3.46514298204722e-06,6.11641586361839,"single_mapping_record",1,1,1,TRUE,TRUE,2.51773508530065,2.68875150465347,0.171016419352825,0.171016419352825,TRUE,4.42752383269459e-06,0.000173303117640728,TRUE
636,"Higher in IPF","ENSG00000054179","ENTPD2","ectonucleoside triphosphate diphosphohydrolase 2","954",1.94330896980952,0.101869683246562,5.39082041566754,4.60728526113056e-07,3.64024033368905e-06,6.09755684888168,"single_mapping_record",1,1,1,TRUE,TRUE,1.99913131714276,1.62340103334941,-0.37573028379335,0.37573028379335,TRUE,3.61490963846296e-06,0.00377244474407043,TRUE
637,"Higher in IPF","ENSG00000119139","TJP2","tight junction protein 2","9414",1.06338402245123,2.13829511288742,5.38853099507173,4.64865509711696e-07,3.67099475633455e-06,6.00590364763675,"single_mapping_record",1,1,1,TRUE,TRUE,1.06626484774399,1.1073635273453,0.0410986796013113,0.0410986796013113,TRUE,5.15300911371488e-06,0.000372393370713063,TRUE
638,"Higher in IPF","ENSG00000196376","SLC35F1","solute carrier family 35 member F1","222553",1.29369457376861,-0.170821829716551,5.38192404615478,4.78206672418362e-07,3.76052308347011e-06,6.05963163070921,"single_mapping_record",1,1,1,TRUE,TRUE,1.25303785726875,0.876796081158164,-0.376241776110591,0.376241776110591,TRUE,9.30307106897127e-06,0.0147829332063783,TRUE
639,"Higher in IPF","ENSG00000110427","KIAA1549L","KIAA1549 like","25758",1.36781223592273,-0.113529484867629,5.38003980814771,4.82112890498155e-07,3.78529221347191e-06,6.05727764037642,"single_mapping_record",1,1,1,TRUE,TRUE,1.34798949675538,1.03308385532739,-0.314905641427984,0.314905641427984,TRUE,8.13481195273794e-06,0.00772084295337249,TRUE
640,"Higher in IPF","ENSG00000100625","SIX4","SIX homeobox 4","51804",2.06521725022767,1.55299708914229,5.37908568569336,4.85383927170194e-07,3.80699243191168e-06,6.04005919917537,"single_mapping_record",1,1,1,TRUE,TRUE,2.06722126191248,2.12521829409635,0.0579970321838639,0.0579970321838639,TRUE,5.80733235916027e-06,0.000413989043597617,TRUE
641,"Higher in IPF","ENSG00000182013","PNMA8A","PNMA family member 8A","55228",1.18651742513574,2.55413213437032,5.36992103320281,5.0465046084926e-07,3.94573579076515e-06,5.8760832273457,"single_mapping_record",1,1,1,TRUE,TRUE,1.12813304300511,0.964735994316471,-0.163397048688643,0.163397048688643,TRUE,1.26244465549208e-05,0.00444504927231508,TRUE
642,"Higher in IPF","ENSG00000177363","LRRN4CL","LRRN4 C-terminal like","221091",1.34871768922526,2.48595397195353,5.3605822183795,5.25693245058205e-07,4.09533315766153e-06,5.84860444306754,"single_mapping_record",1,1,1,TRUE,TRUE,1.34951104995407,1.06857088593263,-0.28094016402144,0.28094016402144,TRUE,6.09511086939406e-06,0.0053403707359358,TRUE
643,"Higher in IPF","ENSG00000137225","CAPN11","calpain 11","11131",1.32014265735382,0.96113367591982,5.3543348102619,5.38624816823955e-07,4.18088715106578e-06,5.96392805191306,"single_mapping_record",1,1,1,TRUE,TRUE,1.32792722842605,1.22577326829629,-0.102153960129759,0.102153960129759,TRUE,5.51960631578506e-06,0.00123429449752292,TRUE
644,"Higher in IPF","ENSG00000179097","HTR1F","5-hydroxytryptamine receptor 1F","3355",1.20922835731091,-0.0654821717035827,5.35415713309708,5.39037146267007e-07,4.18192539522496e-06,5.95381818626211,"single_mapping_record",1,1,1,TRUE,TRUE,1.18067218566041,1.0327258921628,-0.147946293497617,0.147946293497617,TRUE,9.60441496543465e-06,0.00342969430762859,TRUE
645,"Higher in IPF","ENSG00000197565","COL4A6","collagen type IV alpha 6 chain","1288",1.85650726399262,3.03893762181655,5.3536777464575,5.41558671927692e-07,4.19498389214577e-06,5.75641509393833,"single_mapping_record",1,1,1,TRUE,TRUE,1.87944666453407,1.56898440061538,-0.310462263918685,0.310462263918685,TRUE,5.17886887769954e-06,0.00299386675541561,TRUE
646,"Higher in IPF","ENSG00000135253","KCP","kielin cysteine rich BMP regulator","375616",1.24082649610359,1.57835919056867,5.34730549488669,5.55408327299105e-07,4.29561556384037e-06,5.89631074001668,"single_mapping_record",1,1,1,TRUE,TRUE,1.26380355537817,1.70910988031973,0.445306324941556,0.445306324941556,TRUE,4.95610184518145e-06,4.26134697079476e-06,TRUE
647,"Higher in IPF","ENSG00000156427","FGF18","fibroblast growth factor 18","8817",1.15799913832342,2.07332499673707,5.34004579642787,5.73423859421072e-07,4.41866646877363e-06,5.80708931945583,"single_mapping_record",1,1,1,TRUE,TRUE,1.16231992003655,1.1040357446743,-0.0582841753622494,0.0582841753622494,TRUE,6.47203028671646e-06,0.00124189924456792,TRUE
648,"Higher in IPF","ENSG00000003987","MTMR7","myotubularin related protein 7","9108",1.56969001434264,-1.08403308539699,5.32271147195455,6.1709068011828e-07,4.72400065779481e-06,5.71489490612792,"single_mapping_record",1,1,1,TRUE,TRUE,1.54794313973493,1.8549245096624,0.306981369927471,0.306981369927471,TRUE,9.43009562695728e-06,8.71449468559027e-05,TRUE
649,"Higher in IPF","ENSG00000215218","UBE2QL1","ubiquitin conjugating enzyme E2 QL1","134111",1.73408310255831,-0.897888308141685,5.31634572745719,6.34186488000454e-07,4.8400648489389e-06,5.71219802785174,"single_mapping_record",1,1,1,TRUE,TRUE,1.79483994680663,1.60556137764889,-0.189278569157737,0.189278569157737,TRUE,3.85462839580457e-06,0.0014129893672619,TRUE
650,"Higher in IPF","ENSG00000154548","SRSF12","serine and arginine rich splicing factor 12","135295",1.6552358503084,-0.0904037764238094,5.31071331271966,6.49698451923127e-07,4.95090008135532e-06,5.77134779018525,"single_mapping_record",1,1,1,TRUE,TRUE,1.68484212465178,1.87733032666924,0.192488202017464,0.192488202017464,TRUE,5.86927872260908e-06,0.000157079380475309,TRUE
651,"Higher in IPF","ENSG00000198597","ZNF536","zinc finger protein 536","9745",1.34190366475036,0.0329718148890447,5.31031680385734,6.50804329549988e-07,4.95681105794237e-06,5.78181281376909,"single_mapping_record",1,1,1,TRUE,TRUE,1.32176559544333,1.46415724453791,0.142391649094585,0.142391649094585,TRUE,1.05624544768316e-05,0.000254666539452103,TRUE
652,"Higher in IPF","ENSG00000135744","AGT","angiotensinogen","183",1.44212980909437,2.62737863878094,5.28924308717456,7.140882251549e-07,5.3841750055376e-06,5.53639838294174,"single_mapping_record",1,1,1,TRUE,TRUE,1.43131269091107,1.36156194423926,-0.0697507466718024,0.0697507466718024,TRUE,8.78390448737558e-06,0.00120756247943034,TRUE
653,"Higher in IPF","ENSG00000163032","VSNL1","visinin like 1","7447",1.13814549762957,2.37026892964352,5.28517962183594,7.25806566992112e-07,5.45608822417906e-06,5.55097974336846,"single_mapping_record",1,1,1,TRUE,TRUE,1.11973891883904,1.21936288780508,0.0996239689660345,0.0996239689660345,TRUE,1.07659165811388e-05,0.000338129570476315,TRUE
654,"Higher in IPF","ENSG00000116183","PAPPA2","pappalysin 2","60676",2.83526276992543,1.54738073721418,5.27561984273064,7.5692285102934e-07,5.67295348959184e-06,5.63909306124724,"single_mapping_record",1,1,1,TRUE,TRUE,2.82061729359926,3.37563751673085,0.555020223131593,0.555020223131593,TRUE,6.37800396906586e-06,3.39370860623282e-05,TRUE
655,"Higher in IPF","ENSG00000158315","RHBDL2","rhomboid like 2","54933",1.44349728065892,0.368805555101708,5.27171509675031,7.67754854165209e-07,5.74553134134004e-06,5.63863039299104,"single_mapping_record",1,1,1,TRUE,TRUE,1.50502745653492,1.66441905950081,0.159391602965888,0.159391602965888,TRUE,4.14605389050909e-06,0.000140488628941231,TRUE
656,"Higher in IPF","ENSG00000138271","GPR87","G protein-coupled receptor 87","53836",4.7436349154602,-0.674383143714622,5.25853586293845,8.14200682015679e-07,6.050881504168e-06,5.43661348104325,"single_mapping_record",1,1,1,TRUE,TRUE,4.76959853343812,5.27146908881608,0.501870555377962,0.501870555377962,TRUE,9.39918239253603e-06,4.56359211435633e-05,TRUE
657,"Higher in IPF","ENSG00000101076","HNF4A","hepatocyte nuclear factor 4 alpha","3172",2.00915914869157,-1.63960808042356,5.2540596168837,8.27867257955538e-07,6.14940290768359e-06,5.35062102335853,"single_mapping_record",1,1,1,TRUE,TRUE,2.12837710997227,2.07491286653825,-0.0534642434340205,0.0534642434340205,TRUE,2.73135384860426e-06,0.000470672018485404,TRUE
658,"Higher in IPF","ENSG00000114455","HHLA2","HHLA2 member of B7 family","11148",2.91989816694606,1.60130691282228,5.25398864640183,8.30146658553832e-07,6.16124854507218e-06,5.54485550580575,"single_mapping_record",1,1,1,TRUE,TRUE,3.00080212831783,2.95420000631721,-0.0466021220006216,0.0466021220006216,TRUE,6.84157225152448e-06,0.000566373188630273,TRUE
659,"Higher in IPF","ENSG00000102802","MEDAG","mesenteric estrogen dependent adipogenesis","84935",2.3978420024062,4.51059073493489,5.25340162325978,8.32227318739118e-07,6.16957852291932e-06,5.13049396259582,"single_mapping_record",1,1,1,TRUE,TRUE,2.48474546619829,2.45090461515416,-0.0338408510441259,0.0338408510441259,TRUE,6.34051976956714e-06,0.000641065771026395,TRUE
660,"Higher in IPF","ENSG00000108551","RASD1","ras related dexamethasone induced 1","51655",1.31191748920366,5.50465557505689,5.24894881214438,8.48176784525112e-07,6.28161316689244e-06,4.90113673957426,"single_mapping_record",1,1,1,TRUE,TRUE,1.42237196855456,1.13705299361049,-0.285318974944065,0.285318974944065,TRUE,1.31438636970025e-06,0.00221804535106223,TRUE
661,"Higher in IPF","ENSG00000214595","EML6","EMAP like 6","400954",1.17452544564046,1.71763230924103,5.23856245809194,8.84875122305777e-07,6.51803009619938e-06,5.43571193083057,"single_mapping_record",1,1,1,TRUE,TRUE,1.19295545009739,1.39477494693756,0.20181949684017,0.20181949684017,TRUE,7.59630496730498e-06,0.000102160005944655,TRUE
662,"Higher in IPF","ENSG00000133067","LGR6","leucine rich repeat containing G protein-coupled receptor 6","59352",1.70760202936141,3.06012441531732,5.23435081025767,9.02588181791186e-07,6.63873286871596e-06,5.25900218246086,"single_mapping_record",1,1,1,TRUE,TRUE,1.74848836727449,1.65935803486108,-0.0891303324134094,0.0891303324134094,TRUE,7.05171416603863e-06,0.00120085740228685,TRUE
663,"Higher in IPF","ENSG00000056998","GYG2","glycogenin 2","8908",1.36360354328775,1.54026312313289,5.22419767874827,9.41316290938322e-07,6.89992195291313e-06,5.40209388001136,"single_mapping_record",1,1,1,TRUE,TRUE,1.41361591613603,1.64477764388948,0.231161727753449,0.231161727753449,TRUE,4.39982072722826e-06,6.6007146935583e-05,TRUE
664,"Higher in IPF","ENSG00000166426","CRABP1","cellular retinoic acid binding protein 1","1381",2.55527840825884,-2.27675706072884,5.222457875025,9.47649997852799e-07,6.93618808764808e-06,5.17043066449584,"single_mapping_record",1,1,1,TRUE,TRUE,2.61998362622112,3.10130704858646,0.481323422365339,0.481323422365339,TRUE,6.71417531441363e-06,3.99902659195783e-05,TRUE
665,"Higher in IPF","ENSG00000173705","SUSD5","sushi domain containing 5","26032",1.54517494527893,2.69828445002479,5.21535823878093,9.78507722403654e-07,7.13421948942382e-06,5.23223051174811,"single_mapping_record",1,1,1,TRUE,TRUE,1.51332760581975,1.01316740672114,-0.500160199098612,0.500160199098612,TRUE,1.41899387789256e-05,0.0181426549431977,TRUE
666,"Higher in IPF","ENSG00000134121","CHL1","cell adhesion molecule L1 like","10752",1.197447321484,4.73421027394561,5.21224462972046,9.91535075560171e-07,7.21518398173015e-06,4.84011430795188,"single_mapping_record",1,1,1,TRUE,TRUE,1.22831959091119,1.21423829605799,-0.014081294853201,0.014081294853201,TRUE,6.81626644077912e-06,0.000846847943170768,TRUE
667,"Higher in IPF","ENSG00000198794","SCAMP5","secretory carrier membrane protein 5","192683",1.00202035725695,3.09858130448834,5.20868863521904,1.0062222212069e-06,7.31496754709828e-06,5.11073464278256,"single_mapping_record",1,1,1,TRUE,TRUE,1.03864554314064,0.851283818784527,-0.187361724356114,0.187361724356114,TRUE,4.94811874203794e-06,0.00402111690316266,TRUE
668,"Higher in IPF","ENSG00000145536","ADAMTS16","ADAM metallopeptidase with thrombospondin type 1 motif 16","170690",4.46920471326904,1.4864682868541,5.1899872563858,1.08972233291448e-06,7.86413732436885e-06,5.31199714337905,"single_mapping_record",1,1,1,TRUE,TRUE,4.48770608790861,4.35382381853822,-0.133882269370384,0.133882269370384,TRUE,1.27803477275439e-05,0.000411478976735217,TRUE
669,"Higher in IPF","ENSG00000132470","ITGB4","integrin subunit beta 4","3691",1.33288168815887,5.75885847081118,5.18994583304219,1.0899136379434e-06,7.86413732436885e-06,4.64657778616715,"single_mapping_record",1,1,1,TRUE,TRUE,1.38416895994942,1.28674978149992,-0.0974191784495031,0.0974191784495031,TRUE,5.59882106249079e-06,0.00140886306205062,TRUE
670,"Higher in IPF","ENSG00000171551","ECEL1","endothelin converting enzyme like 1","9427",2.99585242043286,-0.460460969691653,5.18624759514219,1.10712599106105e-06,7.97130713563953e-06,5.21135065395452,"single_mapping_record",1,1,1,TRUE,TRUE,3.05810534466167,2.88373340538692,-0.174371939274749,0.174371939274749,TRUE,9.17812283719152e-06,0.00110847714588131,TRUE
671,"Higher in IPF","ENSG00000151789","ZNF385D","zinc finger protein 385D","79750",1.98943884956428,3.29777722666825,5.18446361309478,1.11552362938535e-06,8.01255537049423e-06,5.02970499545192,"single_mapping_record",1,1,1,TRUE,TRUE,2.04213363805448,1.755791383366,-0.286342254688484,0.286342254688484,TRUE,8.59377949889351e-06,0.00262771427826513,TRUE
672,"Higher in IPF","ENSG00000166428","PLD4","phospholipase D family member 4","122618",1.15732561534692,1.47850099767636,5.17295896568327,1.16847246884803e-06,8.35405818599311e-06,5.20221374192337,"single_mapping_record",1,1,1,TRUE,TRUE,1.12375685904165,0.849400918173562,-0.274355940868091,0.274355940868091,TRUE,1.84179862391682e-05,0.00907525285392715,TRUE
673,"Higher in IPF","ENSG00000091656","ZFHX4","zinc finger homeobox 4","79776",1.13403166305722,1.06817468654938,5.17057538417771,1.18031733294705e-06,8.41754099867038e-06,5.21391339736371,"single_mapping_record",1,1,1,TRUE,TRUE,1.10980410584099,1.09486943435785,-0.01493467148314,0.01493467148314,TRUE,1.52197464396079e-05,0.00138208328898034,TRUE
674,"Higher in IPF","ENSG00000135472","FAIM2","Fas apoptotic inhibitory molecule 2","23017",1.87323550153564,2.46058803463325,5.16226184226557,1.22538095048103e-06,8.70171183946129e-06,5.06255551896124,"single_mapping_record",1,1,1,TRUE,TRUE,1.91246675630652,1.91907959683893,0.00661284053240885,0.00661284053240885,TRUE,8.80877542683502e-06,0.000673017103116103,TRUE
675,"Higher in IPF","ENSG00000091844","RGS17","regulator of G protein signaling 17","26575",1.44411168193115,-0.193797557025706,5.15961411490267,1.23631394814078e-06,8.7627691168505e-06,5.18183819003941,"single_mapping_record",1,1,1,TRUE,TRUE,1.44099360816903,1.35914932971339,-0.0818442784556326,0.0818442784556326,TRUE,1.41035273615668e-05,0.00186553694958125,TRUE
676,"Higher in IPF","ENSG00000092758","COL9A3","collagen type IX alpha 3 chain","1299",1.45720173761351,0.553782168899859,5.15909713916965,1.23902969927407e-06,8.77787345233711e-06,5.19209891389009,"single_mapping_record",1,1,1,TRUE,TRUE,1.45004587118729,1.16090164742931,-0.289144223757977,0.289144223757977,TRUE,1.32453720597977e-05,0.00714550111295442,TRUE
677,"Higher in IPF","ENSG00000172399","MYOZ2","myozenin 2","51778",1.99955307804735,-0.790499886244717,5.1583106773479,1.24340358941681e-06,8.79226315794876e-06,5.11709447117616,"single_mapping_record",1,1,1,TRUE,TRUE,1.99725448847105,1.73312442173854,-0.264130066732515,0.264130066732515,TRUE,1.45873658993735e-05,0.00385064669321921,TRUE
678,"Higher in IPF","ENSG00000153253","SCN3A","sodium voltage-gated channel alpha subunit 3","6328",1.59142431123699,1.26861152644463,5.15871292642619,1.24323470234558e-06,8.79226315794876e-06,5.16507944395296,"single_mapping_record",1,1,1,TRUE,TRUE,1.59110383550106,1.2938544509667,-0.297249384534368,0.297249384534368,TRUE,1.37615430967699e-05,0.0058698729076587,TRUE
679,"Higher in IPF","ENSG00000170290","SLN","sarcolipin","6588",3.88239444142447,0.946878419476601,5.15717857884075,1.25198190822692e-06,8.84458936767176e-06,5.18118209224393,"single_mapping_record",1,1,1,TRUE,TRUE,3.94838023185819,4.36812703939187,0.419746807533685,0.419746807533685,TRUE,1.07895508330397e-05,8.62660907654483e-05,TRUE
680,"Higher in IPF","ENSG00000167077","MEI1","meiotic double-stranded break formation protein 1","150365",1.20582816633953,3.05307157269534,5.15622395371355,1.2570399951152e-06,8.87614506428478e-06,4.91705878702341,"single_mapping_record",1,1,1,TRUE,TRUE,1.24065062180298,1.20770363236161,-0.0329469894413643,0.0329469894413643,TRUE,7.91978446391243e-06,0.00108125234317863,TRUE
681,"Higher in IPF","ENSG00000120337","TNFSF18","TNF superfamily member 18","8995",2.16887960174842,-1.04286478449687,5.1549366564004,1.26125500342025e-06,8.90172078577564e-06,5.04856373768575,"single_mapping_record",1,1,1,TRUE,TRUE,2.13016673733074,1.80923229732935,-0.320934440001386,0.320934440001386,TRUE,1.67639927068294e-05,0.00483754183128187,TRUE
682,"Higher in IPF","ENSG00000122224","LY9","lymphocyte antigen 9","4063",1.33820257181515,2.57622885439345,5.1529498240584,1.27453997261756e-06,8.98703338136913e-06,4.98923649147102,"single_mapping_record",1,1,1,TRUE,TRUE,1.3530422947502,1.14797190725806,-0.205070387492146,0.205070387492146,TRUE,1.13487454730166e-05,0.00431073451243425,TRUE
683,"Higher in IPF","ENSG00000154269","ENPP3","ectonucleotide pyrophosphatase/phosphodiesterase 3","5169",1.06087966468851,1.48053049121269,5.14762152260918,1.30055061103419e-06,9.14466780929522e-06,5.09323827302202,"single_mapping_record",1,1,1,TRUE,TRUE,1.03785948358009,0.811402300817995,-0.226457182762098,0.226457182762098,TRUE,1.84946438946495e-05,0.0097823378614263,TRUE
684,"Higher in IPF","ENSG00000196460","RFX8","regulatory factor X8","731220",1.63992933217487,-0.478144866658302,5.14687385251101,1.30466152338723e-06,9.16498773471649e-06,5.10826798964847,"single_mapping_record",1,1,1,TRUE,TRUE,1.68775172658725,1.45248921110755,-0.235262515479702,0.235262515479702,TRUE,8.71721360041279e-06,0.00280599167774027,TRUE
685,"Higher in IPF","ENSG00000048462","TNFRSF17","TNF receptor superfamily member 17","608",2.35957020354732,0.542338778206191,5.14580556248769,1.31355508715733e-06,9.22314731917951e-06,5.13812192539467,"single_mapping_record",1,1,1,TRUE,TRUE,2.3450992401595,2.16272330979778,-0.182375930361726,0.182375930361726,TRUE,1.20384291885347e-05,0.00168959621279399,TRUE
686,"Higher in IPF","ENSG00000143318","CASQ1","calsequestrin 1","844",1.31700702632758,0.252763204799789,5.14491659256153,1.31548326720973e-06,9.22805364829558e-06,5.13676074031523,"single_mapping_record",1,1,1,TRUE,TRUE,1.26106630067712,1.36376978134856,0.102703480671436,0.102703480671436,TRUE,2.54854755904445e-05,0.000710016786498326,TRUE
687,"Higher in IPF","ENSG00000277836",,,,3.29841457736412,-0.293243028402286,5.13548435027185,1.37198532750296e-06,9.56185874488136e-06,5.02748645246647,"unmapped",0,0,0,FALSE,FALSE,3.35416196357952,2.81607600932348,-0.538085954256043,0.538085954256043,TRUE,1.134916175397e-05,0.00308030331268871,TRUE
688,"Higher in IPF","ENSG00000103196","CRISPLD2","cysteine rich secretory protein LCCL domain containing 2","83716",1.00454709333197,7.86731967217014,5.13080546382626,1.39930167457005e-06,9.72064633903082e-06,4.44165798666919,"single_mapping_record",1,1,1,TRUE,TRUE,1.04549960147672,0.934512535596546,-0.11098706588017,0.11098706588017,TRUE,6.84512514788606e-06,0.00234724210564925,TRUE
689,"Higher in IPF","ENSG00000059915","PSD","pleckstrin and Sec7 domain containing","5662",1.01333883106891,1.69054206388892,5.11609543004036,1.48535109714596e-06,1.02614315095974e-05,4.94582897081912,"single_mapping_record",1,1,1,TRUE,TRUE,1.05444966956874,1.0778567973665,0.0234071277977637,0.0234071277977637,TRUE,8.26331666063682e-06,0.000607716997677336,TRUE
690,"Higher in IPF","ENSG00000054938","CHRDL2","chordin like 2","25884",2.91570770122153,1.92549290869225,5.11619538708115,1.48805851850896e-06,1.02754068444602e-05,4.98435997333449,"single_mapping_record",1,1,1,TRUE,TRUE,3.05796789365768,4.29196485861479,1.23399696495711,1.23399696495711,TRUE,9.5374179039377e-06,9.82973469983763e-07,TRUE
691,"Higher in IPF","ENSG00000168143","FAM83B","family with sequence similarity 83 member B","222584",3.16495349819845,-1.16515408348843,5.09957472030507,1.59571603371278e-06,1.09433024660102e-05,4.81897268112029,"single_mapping_record",1,1,1,TRUE,TRUE,3.1443655403995,3.22754604933753,0.0831805089380317,0.0831805089380317,TRUE,1.90467157230462e-05,0.000701707372802175,TRUE
692,"Higher in IPF","ENSG00000105369","CD79A","CD79a molecule","973",2.64354769872469,2.81064982079432,5.08823819271489,1.67346614120267e-06,1.14347172106211e-05,4.7571681187296,"single_mapping_record",1,1,1,TRUE,TRUE,2.67942389898892,2.47457046249507,-0.204853436493853,0.204853436493853,TRUE,1.40087770730936e-05,0.00165065797242376,TRUE
693,"Higher in IPF","ENSG00000147647","DPYS","dihydropyrimidinase","1807",1.83568030444451,0.881094512050855,5.08427394251947,1.70151674713567e-06,1.15999861071756e-05,4.89272292891032,"single_mapping_record",1,1,1,TRUE,TRUE,1.86570699802504,1.96983934936034,0.104132351335298,0.104132351335298,TRUE,1.45873658993735e-05,0.000744582563307342,TRUE
694,"Higher in IPF","ENSG00000134775","FHOD3","formin homology 2 domain containing 3","80206",1.83916628920105,2.26369283416189,5.08382616854174,1.70471382307666e-06,1.16066480151299e-05,4.76897133768875,"single_mapping_record",1,1,1,TRUE,TRUE,1.82011749308396,1.68044930695477,-0.139668186129196,0.139668186129196,TRUE,1.83558802776621e-05,0.00240472377080838,TRUE
695,"Higher in IPF","ENSG00000003989","SLC7A2","solute carrier family 7 member 2","6542",1.05818705323843,5.83309152389846,5.07144882647969,1.79544325328908e-06,1.21629937357291e-05,4.14703506589681,"single_mapping_record",1,1,1,TRUE,TRUE,1.0372758425448,1.19939770545986,0.162121862915056,0.162121862915056,TRUE,2.56613029414059e-05,0.000309267385440542,TRUE
696,"Higher in IPF","ENSG00000061656","SPAG4","sperm associated antigen 4","6676",1.32112339449364,1.96689532442532,5.06788758495828,1.82214829503192e-06,1.2332772860694e-05,4.72151442807872,"single_mapping_record",1,1,1,TRUE,TRUE,1.37114840038714,1.31354757178983,-0.0576008285973062,0.0576008285973062,TRUE,8.50379164096461e-06,0.00129500438257441,TRUE
697,"Higher in IPF","ENSG00000143196","DPT","dermatopontin","1805",1.097433317213,4.65524886447274,5.0591042602428,1.89061585253941e-06,1.27216159472531e-05,4.21111146184459,"single_mapping_record",1,1,1,TRUE,TRUE,1.06937629224522,0.359150693305977,-0.710225598939244,0.710225598939244,TRUE,2.61424966783397e-05,0.249632836695657,FALSE
698,"Higher in IPF","ENSG00000196136","SERPINA3","serpin family A member 3","12",2.31879283984599,1.25606608070237,5.05123462810487,1.95383666202871e-06,1.31000428630527e-05,4.75113704707208,"single_mapping_record",1,1,1,TRUE,TRUE,2.41909612588613,2.10139708539841,-0.31769904048772,0.31769904048772,TRUE,1.14634860958314e-05,0.0034483693814637,TRUE
699,"Higher in IPF","ENSG00000134757","DSG3","desmoglein 3","1830",4.49228563805852,-1.98339011332908,5.05097994682302,1.95591669974347e-06,1.31081345966737e-05,4.5891192309649,"single_mapping_record",1,1,1,TRUE,TRUE,4.61291807802722,4.83707934008784,0.224161262060622,0.224161262060622,TRUE,1.2393638061157e-05,0.00027189150924121,TRUE
700,"Higher in IPF","ENSG00000165125","TRPV6","transient receptor potential cation channel subfamily V member 6","55503",1.8799141222869,0.489075255508452,5.05062297561142,1.95797442700663e-06,1.31102194907331e-05,4.76820522820679,"single_mapping_record",1,1,1,TRUE,TRUE,1.92363264906949,1.94983623635724,0.0262035872877466,0.0262035872877466,TRUE,1.44428781232033e-05,0.00093387481521038,TRUE
701,"Higher in IPF","ENSG00000171724","VAT1L","vesicle amine transport 1 like","57687",2.17679239111945,0.822331769537465,5.03198927881377,2.11725205388062e-06,1.40389522229929e-05,4.69140186928331,"single_mapping_record",1,1,1,TRUE,TRUE,2.170294724973,1.72054382876581,-0.44975089620719,0.44975089620719,TRUE,2.22728643836784e-05,0.00783577813884605,TRUE
702,"Higher in IPF","ENSG00000174226","SNX31","sorting nexin 31","169166",2.39092701857873,-2.32084501106833,5.02963120674879,2.13405524451196e-06,1.41316441687753e-05,4.46622435579953,"single_mapping_record",1,1,1,TRUE,TRUE,2.38423037767504,2.40671086587668,0.0224804882016318,0.0224804882016318,TRUE,2.35183023266761e-05,0.00129500438257441,TRUE
703,"Higher in IPF","ENSG00000168243","GNG4","G protein subunit gamma 4","2786",2.4938652262684,-1.41899646240138,5.02967020772185,2.1355962993948e-06,1.41356136007561e-05,4.54409575868608,"single_mapping_record",1,1,1,TRUE,TRUE,2.55985285101363,2.205374544449,-0.354478306564635,0.354478306564635,TRUE,1.25913755253572e-05,0.00369301535075163,TRUE
704,"Higher in IPF","ENSG00000123572","NRK","Nik related kinase","203447",1.44641381219465,0.836216789748319,5.02079574123125,2.21532168171095e-06,1.45989504327677e-05,4.6406413551337,"single_mapping_record",1,1,1,TRUE,TRUE,1.45503228417481,1.25766025993539,-0.197372024239423,0.197372024239423,TRUE,1.9585275568909e-05,0.00502454601681417,TRUE
705,"Higher in IPF","ENSG00000106366","SERPINE1","serpin family E member 1","5054",1.59078484834519,7.2435004824057,5.02005507623535,2.22519937417191e-06,1.4651181142574e-05,3.96062247148957,"single_mapping_record",1,1,1,TRUE,TRUE,1.65706030494065,1.49521891491808,-0.161841390022572,0.161841390022572,TRUE,9.92134338540745e-06,0.00251414172553728,TRUE
706,"Higher in IPF","ENSG00000196208","GREB1","growth regulating estrogen receptor binding 1","9687",1.59359934962678,2.43209967782323,5.0040573564271,2.37834945259152e-06,1.5563985171013e-05,4.41970036882652,"single_mapping_record",1,1,1,TRUE,TRUE,1.69006394666245,1.80909922653443,0.11903527987198,0.11903527987198,TRUE,8.2784908957451e-06,0.000299658668363688,TRUE
707,"Higher in IPF","ENSG00000104213","PDGFRL","platelet derived growth factor receptor like","5157",1.3064501158108,2.96628351850916,4.99882891930279,2.4305936148334e-06,1.58781859642641e-05,4.29945381850487,"single_mapping_record",1,1,1,TRUE,TRUE,1.32174703390762,1.23374103498019,-0.0880059989274327,0.0880059989274327,TRUE,1.92747650757046e-05,0.00231628810365236,TRUE
708,"Higher in IPF","ENSG00000132554","RGS22","regulator of G protein signaling 22","26166",1.73329536450764,2.67415729468772,4.99480915762579,2.47151884870302e-06,1.61174808673891e-05,4.35872560041668,"single_mapping_record",1,1,1,TRUE,TRUE,1.69465491538424,1.49707459087079,-0.197580324513453,0.197580324513453,TRUE,3.00287427570254e-05,0.00542824677579808,TRUE
709,"Higher in IPF","ENSG00000154734","ADAMTS1","ADAM metallopeptidase with thrombospondin type 1 motif 1","9510",1.20399746955086,8.47418233027554,4.99372494264311,2.48267169929453e-06,1.61621281655722e-05,3.9260948775877,"single_mapping_record",1,1,1,TRUE,TRUE,1.20634676171346,0.847694328429811,-0.358652433283652,0.358652433283652,TRUE,2.20500972859376e-05,0.025016811587912,TRUE
710,"Higher in IPF","ENSG00000110318","CEP126","centrosomal protein 126","57562",1.00018486696152,4.30885891883765,4.98371147559077,2.58802013301619e-06,1.67751978570117e-05,3.96673489781593,"single_mapping_record",1,1,1,TRUE,TRUE,0.986380040298961,0.79417997171918,-0.192200068579782,0.192200068579782,TRUE,3.14731134691535e-05,0.0115451076569574,TRUE
711,"Higher in IPF","ENSG00000172915","NBEA","neurobeachin","26960",1.07870689564435,3.91760771580713,4.98290246850939,2.59671902828792e-06,1.68243185380484e-05,4.03564368020117,"single_mapping_record",1,1,1,TRUE,TRUE,1.07562370240374,1.05760887121343,-0.0180148311903077,0.0180148311903077,TRUE,2.56213092441444e-05,0.00218513892275594,TRUE
712,"Higher in IPF","ENSG00000155816","FMN2","formin 2","56776",1.93806331772071,-0.481130387826974,4.97775476787482,2.64880979870816e-06,1.71174914757671e-05,4.45599352102324,"single_mapping_record",1,1,1,TRUE,TRUE,1.95696567764911,1.75148070509254,-0.205484972556572,0.205484972556572,TRUE,2.29085171952164e-05,0.00403925060474978,TRUE
713,"Higher in IPF","ENSG00000167964","RAB26","RAB26, member RAS oncogene family","25837",1.42023508069528,-0.585733703088928,4.9731933669641,2.69785297978815e-06,1.73820467521801e-05,4.44781324211093,"single_mapping_record",1,1,1,TRUE,TRUE,1.42143219437461,1.26620553109882,-0.155226663275794,0.155226663275794,TRUE,2.5924956472514e-05,0.00471604632960072,TRUE
714,"Higher in IPF","ENSG00000151790","TDO2","tryptophan 2,3-dioxygenase","6999",2.77027446960076,2.44261809582345,4.97094740715888,2.72863480587884e-06,1.75502423761153e-05,4.36772593963182,"single_mapping_record",1,1,1,TRUE,TRUE,2.80152938394662,3.14425146489193,0.34272208094531,0.34272208094531,TRUE,2.56742707725627e-05,0.000252874533287562,TRUE
715,"Higher in IPF","ENSG00000175426","PCSK1","proprotein convertase subtilisin/kexin type 1","5122",3.43202566296645,0.400027514407392,4.95756460623332,2.88405034496742e-06,1.84392520352006e-05,4.40019021610521,"single_mapping_record",1,1,1,TRUE,TRUE,3.52342179020118,4.32148427578643,0.798062485585253,0.798062485585253,TRUE,2.20305615663793e-05,3.8143332028349e-05,TRUE
716,"Higher in IPF","ENSG00000113296","THBS4","thrombospondin 4","7060",1.94813961462507,2.28858263940663,4.94822694534628,2.99755922857916e-06,1.90513798219434e-05,4.23690703936126,"single_mapping_record",1,1,1,TRUE,TRUE,1.95278292742523,1.81473432831074,-0.138048599114485,0.138048599114485,TRUE,2.40877285097492e-05,0.00236870976303376,TRUE
717,"Higher in IPF","ENSG00000143297","FCRL5","Fc receptor like 5","83416",2.53558589609378,2.8342675818172,4.94216246538422,3.07359630755085e-06,1.95016178228881e-05,4.17292585627329,"single_mapping_record",1,1,1,TRUE,TRUE,2.59738478347099,2.71431669925735,0.116931915786362,0.116931915786362,TRUE,2.05941342373826e-05,0.000543492659418607,TRUE
718,"Higher in IPF","ENSG00000166923","GREM1","gremlin 1, DAN family BMP antagonist","26585",4.48786376567563,2.93828698436146,4.94013564271985,3.09942493556071e-06,1.96488881472286e-05,4.27231931200883,"single_mapping_record",1,1,1,TRUE,TRUE,4.55353150580198,6.27462973313531,1.72109822733333,1.72109822733333,TRUE,2.7725595090145e-05,1.0447412293606e-06,TRUE
719,"Higher in IPF","ENSG00000196611","MMP1","matrix metallopeptidase 1","4312",4.85918684578207,3.52543860063742,4.93398049216745,3.17916422684072e-06,2.00780872416209e-05,4.14875873244095,"single_mapping_record",1,1,1,TRUE,TRUE,4.98755303757978,6.24988694780409,1.26233391022431,1.26233391022431,TRUE,2.60012708531832e-05,4.78602198503513e-05,TRUE
720,"Higher in IPF","ENSG00000274286","ADRA2B","adrenoceptor alpha 2B","151",1.07674356017607,0.542463385763021,4.93286478356332,3.18749288091995e-06,2.01137633999034e-05,4.30783939770311,"single_mapping_record",1,1,1,TRUE,TRUE,1.07255932534063,0.902105530636292,-0.170453794704334,0.170453794704334,TRUE,2.95917813543781e-05,0.0081590700064355,TRUE
721,"Higher in IPF","ENSG00000189320","FAM180A","family with sequence similarity 180 member A","389558",1.18456818677461,2.70269257232473,4.93094926028187,3.21916379369674e-06,2.0279516101962e-05,4.05855820881099,"single_mapping_record",1,1,1,TRUE,TRUE,1.13724378019672,0.431463158838623,-0.705780621358095,0.705780621358095,TRUE,5.05379387541529e-05,0.207093147746194,FALSE
722,"Higher in IPF","ENSG00000049768","FOXP3","forkhead box P3","50943",1.53073563532562,0.632992211893605,4.92795780643415,3.25509331932125e-06,2.04972570929743e-05,4.2923215494338,"single_mapping_record",1,1,1,TRUE,TRUE,1.53875387549099,1.70313825035458,0.164384374863597,0.164384374863597,TRUE,2.55311411906619e-05,0.000482033542370834,TRUE
723,"Higher in IPF","ENSG00000154736","ADAMTS5","ADAM metallopeptidase with thrombospondin type 1 motif 5","11096",1.06467870072757,3.9188595012529,4.92241599327727,3.33441545994477e-06,2.09615765848789e-05,3.79978673847236,"single_mapping_record",1,1,1,TRUE,TRUE,0.988066978109616,0.675640232072409,-0.312426746037207,0.312426746037207,TRUE,6.26805384445595e-05,0.03502315401536,TRUE
724,"Higher in IPF","ENSG00000130037","KCNA5","potassium voltage-gated channel subfamily A member 5","3741",1.76606562917203,2.45802608495927,4.91572037815141,3.42764949583339e-06,2.15206500340656e-05,4.07695236895551,"single_mapping_record",1,1,1,TRUE,TRUE,1.71891579240743,1.38729766993066,-0.331618122476768,0.331618122476768,TRUE,3.91535346420919e-05,0.00962684670816933,TRUE
725,"Higher in IPF","ENSG00000186081","KRT5","keratin 5","3852",6.81023758785645,2.79641980182799,4.91086578677522,3.49682928798426e-06,2.19183303846429e-05,4.19368345636309,"single_mapping_record",1,1,1,TRUE,TRUE,6.86961740869546,7.76634118529131,0.896723776595848,0.896723776595848,TRUE,3.16786391030361e-05,0.000152635970973693,TRUE
726,"Higher in IPF","ENSG00000184601","C14orf180","chromosome 14 open reading frame 180","400258",1.71733750684129,-0.909039047830169,4.90863593664635,3.52217009404822e-06,2.20587473724872e-05,4.17282672195891,"single_mapping_record",1,1,1,TRUE,TRUE,1.73624969911796,1.44006969976716,-0.296179999350803,0.296179999350803,TRUE,2.72239405359172e-05,0.00767542419505907,TRUE
727,"Higher in IPF","ENSG00000185518","SV2B","synaptic vesicle glycoprotein 2B","9899",1.12385798508281,2.11212743618198,4.90303349914081,3.6085238801779e-06,2.25112066979484e-05,4.04761470240111,"single_mapping_record",1,1,1,TRUE,TRUE,1.14304516933698,0.988061031398202,-0.154984137938781,0.154984137938781,TRUE,2.37173892241664e-05,0.00590559434456436,TRUE
728,"Higher in IPF","ENSG00000272398","CD24","CD24 molecule","100133941",1.45064842426772,5.512596848985,4.89824297796838,3.68312893175103e-06,2.29138547548473e-05,3.49106689603034,"single_mapping_record",1,1,1,TRUE,TRUE,1.46937353960436,1.55730751440597,0.0879339748016081,0.0879339748016081,TRUE,2.88967750670794e-05,0.00106317590457322,TRUE
729,"Higher in IPF","ENSG00000170500","LONRF2","LON peptidase N-terminal domain and ring finger 2","164832",1.21099201857358,4.02711246004702,4.89234180827135,3.77350263098137e-06,2.34178675057016e-05,3.66984281475105,"single_mapping_record",1,1,1,TRUE,TRUE,1.23094746216346,1.25234438713994,0.0213969249764714,0.0213969249764714,TRUE,2.69046707747889e-05,0.00156890139016804,TRUE
730,"Higher in IPF","ENSG00000178562","CD28","CD28 molecule","940",1.27087711794746,2.44764513415185,4.89059376872579,3.80068467100452e-06,2.35670707480875e-05,3.9667757098054,"single_mapping_record",1,1,1,TRUE,TRUE,1.27366271753275,1.22012888340017,-0.053533834132578,0.053533834132578,TRUE,2.99847256216797e-05,0.00257039632160188,TRUE
731,"Higher in IPF","ENSG00000196754","S100A2","S100 calcium binding protein A2","6273",3.50607972517354,2.65981698998521,4.88685186614751,3.85951305363092e-06,2.3912096558443e-05,3.946029755594,"single_mapping_record",1,1,1,TRUE,TRUE,3.56891710696629,4.0699302256598,0.501013118693515,0.501013118693515,TRUE,2.91796904846115e-05,0.00031640597401909,TRUE
732,"Higher in IPF","ENSG00000179934","CCR8","C-C motif chemokine receptor 8","1237",1.95599356399997,-1.32767999365727,4.88432413736532,3.89226519428456e-06,2.40752719804696e-05,4.02353907159076,"single_mapping_record",1,1,1,TRUE,TRUE,1.94710727092429,1.71145224904617,-0.23565502187812,0.23565502187812,TRUE,3.70624467892843e-05,0.00585018307096827,TRUE
733,"Higher in IPF","ENSG00000168079","SCARA5","scavenger receptor class A member 5","286133",1.39512551389232,6.31446403264419,4.88333266263223,3.91564786447561e-06,2.41900023627604e-05,3.39088581334203,"single_mapping_record",1,1,1,TRUE,TRUE,1.38542311168528,1.06273445619562,-0.322688655489662,0.322688655489662,TRUE,4.04388558467473e-05,0.0165461071041412,TRUE
734,"Higher in IPF","ENSG00000241106","HLA-DOB","major histocompatibility complex, class II, DO beta","3112",1.14617205302744,1.94796280459658,4.881157603299,3.9473783538676e-06,2.43659719770807e-05,3.98307193703607,"single_mapping_record",1,1,1,TRUE,TRUE,1.18743689236919,0.903590622990006,-0.283846269379187,0.283846269379187,TRUE,2.00860750677977e-05,0.0137025081171028,TRUE
735,"Higher in IPF","ENSG00000162931","TRIM17","tripartite motif containing 17","51127",1.18993656769179,0.729253068397588,4.87643961557881,4.02021654325218e-06,2.47443586499802e-05,4.0842453359135,"single_mapping_record",1,1,1,TRUE,TRUE,1.25555471050417,1.48919718218882,0.233642471684649,0.233642471684649,TRUE,1.41587274047344e-05,0.000147535256493428,TRUE
736,"Higher in IPF","ENSG00000219438","TAFA5","TAFA chemokine like family member 5","25817",1.02207072993759,2.44667113552965,4.87083703983471,4.11797281056779e-06,2.52425511769064e-05,3.87392582721716,"single_mapping_record",1,1,1,TRUE,TRUE,1.0204781793956,1.34448600190911,0.324007822513503,0.324007822513503,TRUE,3.74234046237056e-05,4.99870327707119e-05,TRUE
737,"Higher in IPF","ENSG00000134460","IL2RA","interleukin 2 receptor subunit alpha","3559",1.33451168521314,3.01821434027365,4.86760338807865,4.17640278309432e-06,2.55693958318972e-05,3.776531179765,"single_mapping_record",1,1,1,TRUE,TRUE,1.3376588098369,1.2714723114539,-0.0661864983829927,0.0661864983829927,TRUE,3.41320976645115e-05,0.00269464882905457,TRUE
738,"Higher in IPF","ENSG00000188916","INSYN2A","inhibitory synaptic factor 2A","642938",2.02718995543396,-0.15656384695229,4.85610678565428,4.37546109922997e-06,2.66792940786516e-05,4.01832559979639,"single_mapping_record",1,1,1,TRUE,TRUE,2.147897540305,2.3439258822951,0.196028341990099,0.196028341990099,TRUE,1.83416995069946e-05,0.000436100807381774,TRUE
739,"Higher in IPF","ENSG00000147255","IGSF1","immunoglobulin superfamily member 1","3547",1.92914138536328,-1.29637972543158,4.85563987598791,4.37770169909823e-06,2.66821185167936e-05,3.92821477675781,"single_mapping_record",1,1,1,TRUE,TRUE,2.00145484226789,2.36767257761572,0.366217735347833,0.366217735347833,TRUE,2.30182491038572e-05,0.000161780967219434,TRUE
740,"Higher in IPF","ENSG00000088836","SLC4A11","solute carrier family 4 member 11","83959",1.75999371407296,2.34599676883714,4.85290874282076,4.43521311636933e-06,2.7021679911906e-05,3.83496058219219,"single_mapping_record",1,1,1,TRUE,TRUE,1.85283287877246,2.2315320629204,0.378699184147935,0.378699184147935,TRUE,1.90777852235093e-05,0.000136926684839163,TRUE
741,"Higher in IPF","ENSG00000082293","COL19A1","collagen type XIX alpha 1 chain","1310",2.06497759028209,-1.54245339848868,4.83622926079054,4.739070868707e-06,2.8640471771751e-05,3.82437682801549,"single_mapping_record",1,1,1,TRUE,TRUE,2.05540190481431,2.07053944291598,0.0151375381016656,0.0151375381016656,TRUE,4.82068963165915e-05,0.00203096029707767,TRUE
742,"Higher in IPF","ENSG00000174611","KY","kyphoscoliosis peptidase","339855",1.67220916137786,-1.1087790604892,4.83593799146296,4.74470835324477e-06,2.86630027359801e-05,3.89170257812442,"single_mapping_record",1,1,1,TRUE,TRUE,1.59323860508232,1.48494899093007,-0.108289614152247,0.108289614152247,TRUE,7.05602783824797e-05,0.00520340726406549,TRUE
743,"Higher in IPF","ENSG00000162409","PRKAA2","protein kinase AMP-activated catalytic subunit alpha 2","5563",1.00029810458221,3.0189629648237,4.83405020352091,4.79029063106963e-06,2.89267268518171e-05,3.62048679300494,"single_mapping_record",1,1,1,TRUE,TRUE,0.969408908949441,0.645845188624672,-0.32356372032477,0.32356372032477,TRUE,6.28950499323745e-05,0.042829177505794,TRUE
744,"Higher in IPF","ENSG00000151136","ABTB3","ankyrin repeat and BTB domain containing 3","121551",1.08352402487583,1.2643054560787,4.82026940382904,5.05776964467244e-06,3.03344937698053e-05,3.82996055538575,"single_mapping_record",1,1,1,TRUE,TRUE,1.06768797386438,1.01103238447464,-0.0566555893897411,0.0566555893897411,TRUE,4.99994291451689e-05,0.00431073451243425,TRUE
745,"Higher in IPF","ENSG00000125999","BPIFB1","BPI fold containing family B member 1","92747",4.98840305805854,5.11442021000563,4.81754761272463,5.12355648760569e-06,3.07167851405498e-05,3.34563448522601,"single_mapping_record",1,1,1,TRUE,TRUE,5.16336980265708,7.23470619912271,2.07133639646563,2.07133639646563,TRUE,2.44622102031678e-05,0.000173303117640728,TRUE
746,"Higher in IPF","ENSG00000168334","XIRP1","xin actin binding repeat containing 1","165904",2.93108355097304,-0.333973558075796,4.81522751842418,5.1721803543406e-06,3.09465011874695e-05,3.84858433087383,"single_mapping_record",1,1,1,TRUE,TRUE,2.91559592304909,2.43067127712692,-0.48492464592217,0.48492464592217,TRUE,5.12020308573084e-05,0.00757290246519154,TRUE
747,"Higher in IPF","ENSG00000132517","SLC52A1","solute carrier family 52 member 1","55065",2.10669285460243,-0.189988233166336,4.81289282192617,5.22093336610215e-06,3.11636786051393e-05,3.85738432867736,"single_mapping_record",1,1,1,TRUE,TRUE,2.18163290991374,2.18624365538072,0.00461074546698859,0.00461074546698859,TRUE,2.70757837334111e-05,0.00143646516799689,TRUE
748,"Higher in IPF","ENSG00000125726","CD70","CD70 molecule","970",1.6297827066493,-1.04040070427207,4.80347482808356,5.41560661351161e-06,3.21976580126876e-05,3.78142859371227,"single_mapping_record",1,1,1,TRUE,TRUE,1.65546039821533,1.06241094532185,-0.593049452893475,0.593049452893475,TRUE,3.71515954947212e-05,0.0386365573386442,TRUE
749,"Higher in IPF","ENSG00000006016","CRLF1","cytokine receptor like factor 1","9244",1.54595312935436,3.97680202128371,4.80353811650254,5.42406436875348e-06,3.22247460413365e-05,3.36707413570659,"single_mapping_record",1,1,1,TRUE,TRUE,1.6084307705597,1.8520903636623,0.243659593102597,0.243659593102597,TRUE,2.75919362407e-05,0.000336238699362047,TRUE
750,"Higher in IPF","ENSG00000169469","SPRR1B","small proline rich protein 1B","6699",2.91556725086212,-2.82573538173287,4.79820595317026,5.54120086266467e-06,3.28144013216261e-05,3.61411690015681,"single_mapping_record",1,1,1,TRUE,TRUE,3.04747123307373,3.54171839310194,0.494247160028205,0.494247160028205,TRUE,2.09935987019648e-05,0.000155665957869767,TRUE
751,"Higher in IPF","ENSG00000239264","TXNDC5","thioredoxin domain containing 5","81567",1.37899647141149,0.65075127792816,4.7966988751511,5.56786614319275e-06,3.29454243894336e-05,3.7910210690799,"single_mapping_record",1,1,1,TRUE,TRUE,1.4008924536909,1.63132505404859,0.230432600357684,0.230432600357684,TRUE,3.63602532679702e-05,0.0003682141264578,TRUE
752,"Higher in IPF","ENSG00000162543","UBXN10","UBX domain protein 10","127733",1.92553014900803,3.77036534753003,4.78650576125349,5.81252842206808e-06,3.42455559937543e-05,3.34011465287368,"single_mapping_record",1,1,1,TRUE,TRUE,1.95851782493498,2.02228868286871,0.0637708579337346,0.0637708579337346,TRUE,4.01915912204275e-05,0.00193078948612933,TRUE
753,"Higher in IPF","ENSG00000049540","ELN","elastin","2006",1.11806953619679,8.43919624450333,4.78584300446831,5.82817791535079e-06,3.42973762701866e-05,3.09494333683974,"single_mapping_record",1,1,1,TRUE,TRUE,1.06111671588449,0.571812035972212,-0.489304679912276,0.489304679912276,TRUE,0.000101254012571509,0.11480892114855,FALSE
754,"Higher in IPF","ENSG00000186847","KRT14","keratin 14","3861",4.10797635120421,-1.90140734507618,4.78557009228208,5.83463400368516e-06,3.43084706867691e-05,3.63339365268172,"single_mapping_record",1,1,1,TRUE,TRUE,4.24670349052254,4.6569528908024,0.410249400279859,0.410249400279859,TRUE,2.85589222595016e-05,0.00033972227183439,TRUE
755,"Higher in IPF","ENSG00000132185","FCRLA","Fc receptor like A","84824",2.35320391361064,0.344359722761138,4.78339415036987,5.88635775896357e-06,3.45719885279973e-05,3.75177029319696,"single_mapping_record",1,1,1,TRUE,TRUE,2.39451986849691,2.28240729335439,-0.11211257514252,0.11211257514252,TRUE,3.85378082522768e-05,0.00263635180564479,TRUE
756,"Higher in IPF","ENSG00000170367","CST5","cystatin D","1473",2.0073987268269,0.119405850690462,4.78344774892979,5.88438338923976e-06,3.45719885279973e-05,3.75182860477824,"single_mapping_record",1,1,1,TRUE,TRUE,2.02838396046498,2.09991191090575,0.0715279504407795,0.0715279504407795,TRUE,4.15434786198765e-05,0.00137812312189077,TRUE
757,"Higher in IPF","ENSG00000119508","NR4A3","nuclear receptor subfamily 4 group A member 3","8013",2.5959359674856,4.58425629425615,4.78320737422439,5.8908182618624e-06,3.45846553566986e-05,3.24976297859537,"single_mapping_record",1,1,1,TRUE,TRUE,2.66693662999454,2.57135658019729,-0.0955800497972508,0.0955800497972508,TRUE,4.22540362067727e-05,0.00260866685615356,TRUE
758,"Higher in IPF","ENSG00000137975","CLCA2","chloride channel accessory 2","9635",4.47344364101206,0.441070296251104,4.78200116284624,5.91970360710655e-06,3.47406530687582e-05,3.74482214079897,"single_mapping_record",1,1,1,TRUE,TRUE,4.52817703901697,4.70983335324923,0.181656314232264,0.181656314232264,TRUE,4.52203585965532e-05,0.000644572461541971,TRUE
759,"Higher in IPF","ENSG00000164122","ASB5","ankyrin repeat and SOCS box containing 5","140458",2.68429274355011,-1.75031624120576,4.78067382376793,5.94975811928364e-06,3.48489148992142e-05,3.62133995968766,"single_mapping_record",1,1,1,TRUE,TRUE,2.71992579434857,3.16498370683705,0.445057912488482,0.445057912488482,TRUE,4.19204764838286e-05,0.000244378269788877,TRUE
760,"Higher in IPF","ENSG00000167656","LY6D","lymphocyte antigen 6 family member D","8581",3.82371566377812,-1.91591098011448,4.77744104353537,6.0301536843975e-06,3.52373168976937e-05,3.59867769067767,"single_mapping_record",1,1,1,TRUE,TRUE,3.9439223011731,4.73672910453659,0.792806803363487,0.792806803363487,TRUE,3.16891317688352e-05,8.62660907654483e-05,TRUE
761,"Higher in IPF","ENSG00000104415","CCN4","cellular communication network factor 4","8840",1.29075089624812,4.47573644169701,4.76501625820008,6.3413444167229e-06,3.69264012350055e-05,3.08361414936356,"single_mapping_record",1,1,1,TRUE,TRUE,1.3499322361185,1.52246975053487,0.172537514416371,0.172537514416371,TRUE,2.57627869174861e-05,0.000456403311450984,TRUE
762,"Higher in IPF","ENSG00000147573","TRIM55","tripartite motif containing 55","84675",2.13052950102119,-1.41276222826364,4.76296620134794,6.38460445596058e-06,3.71494891832869e-05,3.58130629578742,"single_mapping_record",1,1,1,TRUE,TRUE,2.20582125514964,2.41353386130482,0.207712606155177,0.207712606155177,TRUE,3.15952810599484e-05,0.000525405212071987,TRUE
763,"Higher in IPF","ENSG00000137077","CCL21","C-C motif chemokine ligand 21","6366",1.12927414193741,6.52246295803468,4.76201336877427,6.41886285105738e-06,3.73198950891066e-05,2.90654782977961,"single_mapping_record",1,1,1,TRUE,TRUE,1.17811209288213,1.19812738833312,0.020015295450992,0.020015295450992,TRUE,2.52869972565241e-05,0.00130331477569386,TRUE
764,"Higher in IPF","ENSG00000149596","JPH2","junctophilin 2","57158",1.01078628151102,4.29894102014025,4.75107003863294,6.70922243394433e-06,3.87827674926347e-05,3.04492436030933,"single_mapping_record",1,1,1,TRUE,TRUE,1.00870735844172,0.837625654287733,-0.171081704153982,0.171081704153982,TRUE,5.54597784611527e-05,0.0115849176360199,TRUE
765,"Higher in IPF","ENSG00000144583","MARCHF4","membrane associated ring-CH-type finger 4","57574",2.85512035425396,-0.607219834886852,4.74991834901982,6.7405116048227e-06,3.89336514858016e-05,3.59944563440556,"single_mapping_record",1,1,1,TRUE,TRUE,2.81886154292604,2.22066948778615,-0.598192055139882,0.598192055139882,TRUE,7.50602612652677e-05,0.0126454495953125,TRUE
766,"Higher in IPF","ENSG00000174469","CNTNAP2","contactin associated protein 2","26047",1.40502895075666,-0.615255552232283,4.74842349258834,6.76948480680114e-06,3.90559207992693e-05,3.60776940059776,"single_mapping_record",1,1,1,TRUE,TRUE,1.3654083748637,1.12945493226638,-0.235953442597318,0.235953442597318,TRUE,6.86246409485466e-05,0.012112837191715,TRUE
767,"Higher in IPF","ENSG00000189433","GJB4","gap junction protein beta 4","127534",2.87213868988553,-2.61869931872492,4.73400622894488,7.18620908457651e-06,4.12698434497561e-05,3.39930292815947,"single_mapping_record",1,1,1,TRUE,TRUE,2.93713966692701,3.20397109830044,0.266831431373432,0.266831431373432,TRUE,4.06356036415734e-05,0.000589184937417304,TRUE
768,"Higher in IPF","ENSG00000183690","EFHC2","EF-hand domain containing 2","80258",1.81879071936047,1.89731678390405,4.72986710579823,7.30851394646998e-06,4.19081021254421e-05,3.42639500810871,"single_mapping_record",1,1,1,TRUE,TRUE,1.80982294960274,1.84876918506568,0.0389462354629349,0.0389462354629349,TRUE,6.05794972425012e-05,0.00248219945119808,TRUE
769,"Higher in IPF","ENSG00000158458","NRG2","neuregulin 2","9542",1.01443069409058,0.813961225603816,4.72563757769184,7.42134134635434e-06,4.24415909681795e-05,3.50385476062842,"single_mapping_record",1,1,1,TRUE,TRUE,1.0166487265145,0.752001906147239,-0.264646820367263,0.264646820367263,TRUE,6.03908375499307e-05,0.0250343027629675,TRUE
770,"Higher in IPF","ENSG00000122824","NUDT10","nudix hydrolase 10","170685",1.82753040439459,-0.0660223761516529,4.72424433456029,7.47066754926888e-06,4.2691153882613e-05,3.53243052164945,"single_mapping_record",1,1,1,TRUE,TRUE,1.81360753254825,1.59763077765922,-0.215976754889025,0.215976754889025,TRUE,6.87763136460659e-05,0.00811664194217911,TRUE
771,"Higher in IPF","ENSG00000100739","BDKRB1","bradykinin receptor B1","623",2.87935237833776,-1.37704979185582,4.71559655566086,7.74077702585643e-06,4.40502443942975e-05,3.39787917145971,"single_mapping_record",1,1,1,TRUE,TRUE,3.00073665473763,3.33251406244694,0.331777407709315,0.331777407709315,TRUE,3.37513851778574e-05,0.000319310798754387,TRUE
772,"Higher in IPF","ENSG00000146197","SCUBE3","signal peptide, CUB domain and EGF like domain containing 3","222663",1.41079574658743,2.3889786068637,4.7131534103603,7.81722672016418e-06,4.44347624093543e-05,3.2795186426718,"single_mapping_record",1,1,1,TRUE,TRUE,1.45150063515759,1.17138555143994,-0.280115083717653,0.280115083717653,TRUE,3.86817005282988e-05,0.0107108746160718,TRUE
773,"Higher in IPF","ENSG00000175946","KLHL38","kelch like family member 38","340359",1.49357020641992,-1.21648925601245,4.71222383632255,7.83314137540981e-06,4.44915317168566e-05,3.43101402029281,"single_mapping_record",1,1,1,TRUE,TRUE,1.51653814667609,1.67219398269886,0.155655836022766,0.155655836022766,TRUE,4.84996635088858e-05,0.000811233091130553,TRUE
774,"Higher in IPF","ENSG00000121904","CSMD2","CUB and Sushi multiple domains 2","114784",1.41421792720582,1.0151239245314,4.69966219260934,8.24657483480125e-06,4.64992639604428e-05,3.40206473121544,"single_mapping_record",1,1,1,TRUE,TRUE,1.42185985437396,1.88218460878591,0.460324754411942,0.460324754411942,TRUE,6.18629138418961e-05,7.95723362109587e-05,TRUE
775,"Higher in IPF","ENSG00000167178","ISLR2","immunoglobulin superfamily containing leucine rich repeat 2","57611",1.53589414014382,0.650855499350609,4.6840739892727,8.77881408574778e-06,4.90392400183362e-05,3.36722935311476,"single_mapping_record",1,1,1,TRUE,TRUE,1.58552930767038,1.34769715830148,-0.237832149368901,0.237832149368901,TRUE,4.09472242992392e-05,0.00736793769714611,TRUE
776,"Higher in IPF","ENSG00000206075","SERPINB5","serpin family B member 5","5268",5.20814369046432,-0.714763314340952,4.67901097658053,8.96536188328136e-06,4.99398933550352e-05,3.30601443502086,"single_mapping_record",1,1,1,TRUE,TRUE,5.28532753906301,5.50575103583082,0.220423496767814,0.220423496767814,TRUE,6.5695187498283e-05,0.000610762908378277,TRUE
777,"Higher in IPF","ENSG00000166670","MMP10","matrix metallopeptidase 10","4319",4.16434588416454,-0.111458053340293,4.67867158717806,8.97755746170864e-06,4.99892776762501e-05,3.34639975604268,"single_mapping_record",1,1,1,TRUE,TRUE,4.19698874598746,4.38515053457044,0.188161788582984,0.188161788582984,TRUE,6.40318969749391e-05,0.000984092834376746,TRUE
778,"Higher in IPF","ENSG00000155066","PROM2","prominin 2","150696",2.05928456997201,3.54985007562318,4.67588301358821,9.07837262750754e-06,5.0438390038543e-05,2.92901943656884,"single_mapping_record",1,1,1,TRUE,TRUE,2.12570594501566,2.30616179792979,0.180455852914135,0.180455852914135,TRUE,4.81575625551696e-05,0.00123663356652979,TRUE
779,"Higher in IPF","ENSG00000131746","TNS4","tensin 4","84951",4.55309316130989,1.28484650038638,4.66308619438903,9.55526509306172e-06,5.28727016502184e-05,3.29177625135781,"single_mapping_record",1,1,1,TRUE,TRUE,4.60128089549907,4.88702934898572,0.285748453486653,0.285748453486653,TRUE,6.40318969749391e-05,0.00071431384636281,TRUE
780,"Higher in IPF","ENSG00000135094","SDS","serine dehydratase","10993",1.78889380248897,1.80453590039062,4.657280366121,9.77955322436695e-06,5.39943556470013e-05,3.1777746148884,"single_mapping_record",1,1,1,TRUE,TRUE,1.84462632788588,2.52183155292625,0.677205225040372,0.677205225040372,TRUE,5.09932754656292e-05,3.48905555760181e-05,TRUE
781,"Higher in IPF","ENSG00000137648","TMPRSS4","transmembrane serine protease 4","56649",4.03059889675978,1.64046932628133,4.65104935835416,1.0025942825508e-05,5.52328270445967e-05,3.19937451226548,"single_mapping_record",1,1,1,TRUE,TRUE,4.13386650572746,4.7490381529403,0.61517164721284,0.61517164721284,TRUE,6.71044907022714e-05,0.000426862122157646,TRUE
782,"Higher in IPF","ENSG00000114670","NEK11","NIMA related kinase 11","79858",1.16936897977225,3.35086510200986,4.64883691859115,1.01148672220085e-05,5.56025305380844e-05,2.84540097322384,"single_mapping_record",1,1,1,TRUE,TRUE,1.20411823390559,1.19412793059697,-0.00999030330861883,0.00999030330861883,TRUE,5.42370991355412e-05,0.0031034118616233,TRUE
783,"Higher in IPF","ENSG00000106236","NPTX2","neuronal pentraxin 2","4885",2.35333077387121,0.87254933551341,4.6439636953776,1.03134405474631e-05,5.65882198459487e-05,3.21948596821763,"single_mapping_record",1,1,1,TRUE,TRUE,2.4202004529926,2.36511952715208,-0.0550809258405245,0.0550809258405245,TRUE,6.03439198807385e-05,0.00244851106709033,TRUE
784,"Higher in IPF","ENSG00000106178","CCL24","C-C motif chemokine ligand 24","6369",1.96896833667923,2.06900987043786,4.63997465769446,1.04787922548505e-05,5.73696678810415e-05,3.09590416712416,"single_mapping_record",1,1,1,TRUE,TRUE,2.00513101382796,3.15351612276819,1.14838510894024,1.14838510894024,TRUE,7.08176980221989e-05,1.65248249355589e-06,TRUE
785,"Higher in IPF","ENSG00000169035","KLK7","kallikrein related peptidase 7","5650",3.10492033218434,-0.991660203693041,4.63671696787629,1.06157313843943e-05,5.80136001246912e-05,3.14734485970566,"single_mapping_record",1,1,1,TRUE,TRUE,3.11422289954489,2.49661668585791,-0.617606213686983,0.617606213686983,TRUE,8.93748417567924e-05,0.0137826845609963,TRUE
786,"Higher in IPF","ENSG00000137203","TFAP2A","transcription factor AP-2 alpha","7020",3.02709739809746,0.26905679541203,4.63636487579747,1.06306352234634e-05,5.80739068321078e-05,3.20953522791749,"single_mapping_record",1,1,1,TRUE,TRUE,3.05456329808747,3.06626714384831,0.0117038457608376,0.0117038457608376,TRUE,7.28766910575419e-05,0.00207192281914308,TRUE
787,"Higher in IPF","ENSG00000164418","GRIK2","glutamate ionotropic receptor kainate type subunit 2","2898",1.90041022042706,-1.25246419793201,4.63293966781512,1.07593435117805e-05,5.86489705151957e-05,3.14609308827889,"single_mapping_record",1,1,1,TRUE,TRUE,1.83535989536013,1.55913699837678,-0.276222896983348,0.276222896983348,TRUE,0.000123099581956419,0.0142943047005426,TRUE
788,"Higher in IPF","ENSG00000049249","TNFRSF9","TNF receptor superfamily member 9","3604",1.32216871865131,0.636423734497246,4.63128241400983,1.08321968694407e-05,5.90032436154004e-05,3.17143257544694,"single_mapping_record",1,1,1,TRUE,TRUE,1.33053127631446,1.32522695922861,-0.00530431708585355,0.00530431708585355,TRUE,7.18182218800381e-05,0.00333884814461055,TRUE
789,"Higher in IPF","ENSG00000203867","RBM20","RNA binding motif protein 20","282996",1.50890519258639,1.57558346497143,4.62004932302873,1.13439455988102e-05,6.13898022095668e-05,3.0450076076056,"single_mapping_record",1,1,1,TRUE,TRUE,1.48922352276564,1.26362201016218,-0.225601512603453,0.225601512603453,TRUE,0.000103856480769744,0.0120806849054518,TRUE
790,"Higher in IPF","ENSG00000124343","XG","Xg glycoprotein (Xg blood group)","7499",1.60779230396889,-0.045959272635973,4.61688948552945,1.14744981593848e-05,6.20068993407791e-05,3.13941195917198,"single_mapping_record",1,1,1,TRUE,TRUE,1.57617931905338,0.677207664693918,-0.898971654359462,0.898971654359462,TRUE,0.000119332672339677,0.176462883480567,FALSE
791,"Higher in IPF","ENSG00000149735","GPHA2","glycoprotein hormone subunit alpha 2","170589",2.05809231071309,-2.19705201557117,4.60882207258367,1.18427456029671e-05,6.36933852554121e-05,2.97836538224491,"single_mapping_record",1,1,1,TRUE,TRUE,2.14168578867223,2.45756574866403,0.315879959991809,0.315879959991809,TRUE,4.87880066454799e-05,0.000373837328503266,TRUE
792,"Higher in IPF","ENSG00000182950","CIMAP1C","ciliary microtubule associated protein 1C","161753",1.33566276476779,-0.609820862535049,4.60556744406464,1.19968062244759e-05,6.44120368533018e-05,3.09360043119583,"single_mapping_record",1,1,1,TRUE,TRUE,1.43666490896612,1.37161411464596,-0.0650507943201588,0.0650507943201588,TRUE,2.64656278527306e-05,0.00269456369593157,TRUE
793,"Higher in IPF","ENSG00000019186","CYP24A1","cytochrome P450 family 24 subfamily A member 1","1591",4.95804200442596,-0.123139689818664,4.60416050773307,1.20830438534581e-05,6.47592482428108e-05,3.06393581222904,"single_mapping_record",1,1,1,TRUE,TRUE,4.95802140044331,5.24609162680843,0.288070226365118,0.288070226365118,TRUE,9.65430039937565e-05,0.000624860906973827,TRUE
794,"Higher in IPF","ENSG00000091513","TF","transferrin","7018",1.38280727959707,1.13091694571704,4.60261042781554,1.21526497456251e-05,6.51090570954046e-05,3.01513720124579,"single_mapping_record",1,1,1,TRUE,TRUE,1.42601877043629,1.35356391674153,-0.0724548536947562,0.0724548536947562,TRUE,5.82895288672081e-05,0.00440964299144005,TRUE
795,"Higher in IPF","ENSG00000124256","ZBP1","Z-DNA binding protein 1","81030",1.04072484153797,2.47946441454266,4.6009558775436,1.22342463631891e-05,6.55228349640366e-05,2.83142041210806,"single_mapping_record",1,1,1,TRUE,TRUE,1.07843359445438,0.957187327662152,-0.12124626679223,0.12124626679223,TRUE,5.36395535247526e-05,0.00720304289077892,TRUE
796,"Higher in IPF","ENSG00000145850","TIMD4","T cell immunoglobulin and mucin domain containing 4","91937",2.07151736981808,-1.40714734893465,4.59319875151179,1.2603032345433e-05,6.7329794152897e-05,2.97716699783068,"single_mapping_record",1,1,1,TRUE,TRUE,2.25786781617296,1.76505890183063,-0.492808914342336,0.492808914342336,TRUE,2.31065620489027e-05,0.0110986427807732,TRUE
797,"Higher in IPF","ENSG00000163751","CPA3","carboxypeptidase A3","1359",1.02615664604273,7.14067969883523,4.58956595307616,1.28028787151155e-05,6.82032701459595e-05,2.2566901198415,"single_mapping_record",1,1,1,TRUE,TRUE,1.04178431729961,0.835212217560039,-0.206572099739568,0.206572099739568,TRUE,7.76821622478552e-05,0.0182145072951708,TRUE
798,"Higher in IPF","ENSG00000172548","NIPAL4","NIPA like domain containing 4","348938",1.87044180055914,-1.39149337406865,4.58846619909473,1.28387411873194e-05,6.83458094695171e-05,2.97989460548915,"single_mapping_record",1,1,1,TRUE,TRUE,1.94627521390219,2.26088735578859,0.314612141886404,0.314612141886404,TRUE,5.56210017782569e-05,0.000432956902711867,TRUE
799,"Higher in IPF","ENSG00000134042","MRO","maestro","83876",1.25817075287304,0.458527323969101,4.58704078384825,1.29114450993032e-05,6.86354864839728e-05,3.01608115337508,"single_mapping_record",1,1,1,TRUE,TRUE,1.29452388754905,1.8694108297223,0.574886942173256,0.574886942173256,TRUE,6.57909890239526e-05,2.62021339660067e-05,TRUE
800,"Higher in IPF","ENSG00000179913","B3GNT3","UDP-GlcNAc:betaGal beta-1,3-N-acetylglucosaminyltransferase 3","10331",2.30652030543587,0.370350629674587,4.5868758812313,1.29400156842926e-05,6.87630143195048e-05,3.01842521564343,"single_mapping_record",1,1,1,TRUE,TRUE,2.41041245064287,2.60566410784292,0.195251657200048,0.195251657200048,TRUE,5.596327556114e-05,0.00118756185552231,TRUE
801,"Higher in IPF","ENSG00000122188","LAX1","lymphocyte transmembrane adaptor 1","54900",1.2056935264895,2.69545292245953,4.57899597955405,1.33499588142726e-05,7.06164840450531e-05,2.71978006557078,"single_mapping_record",1,1,1,TRUE,TRUE,1.21987928600376,1.14325721759817,-0.0766220684055918,0.0766220684055918,TRUE,8.02615977934614e-05,0.00567668780313734,TRUE
802,"Higher in IPF","ENSG00000169213","RAB3B","RAB3B, member RAS oncogene family","5865",2.04383898052981,-1.70407225576343,4.57843831933946,1.33598284021371e-05,7.06437985110539e-05,2.91573441822661,"single_mapping_record",1,1,1,TRUE,TRUE,2.04852525261723,2.4420962191195,0.393570966502268,0.393570966502268,TRUE,0.000100031848215504,0.000466640512288535,TRUE
803,"Higher in IPF","ENSG00000243955","GSTA1","glutathione S-transferase alpha 1","2938",3.10698500230976,2.97339897221633,4.57843864851677,1.33794246226557e-05,7.06976143735683e-05,2.77327966563043,"single_mapping_record",1,1,1,TRUE,TRUE,3.16937891875207,3.04923543217105,-0.120143486581015,0.120143486581015,TRUE,8.51399605878956e-05,0.00359946565651262,TRUE
804,"Higher in IPF","ENSG00000111405","ENDOU","endonuclease, poly(U) specific","8909",1.23797237467867,-0.180562407832673,4.57644213939236,1.34646740436021e-05,7.10177378618327e-05,2.9929693407216,"single_mapping_record",1,1,1,TRUE,TRUE,1.2824691091807,0.926391632931436,-0.356077476249264,0.356077476249264,TRUE,5.89559189744869e-05,0.026660649974577,TRUE
805,"Higher in IPF","ENSG00000168491","CCDC110","coiled-coil domain containing 110","256309",1.1354270106035,-0.332191504735362,4.5696739154861,1.38298943069345e-05,7.26941083108197e-05,2.96891094160302,"single_mapping_record",1,1,1,TRUE,TRUE,1.11767196327157,1.17079351050331,0.0531215472317408,0.0531215472317408,TRUE,0.00012943028666611,0.00319180335195709,TRUE
806,"Higher in IPF","ENSG00000173421","IHO1","interactor of HORMAD1 1","339834",1.01477168368808,0.123552959868849,4.56914592831535,1.38587847498289e-05,7.28204678559437e-05,2.95757942869056,"single_mapping_record",1,1,1,TRUE,TRUE,1.03357705289192,1.00712768904505,-0.0264493638468695,0.0264493638468695,TRUE,7.58096094521947e-05,0.00408955977725032,TRUE
807,"Higher in IPF","ENSG00000260230","FRRS1L","ferric chelate reductase 1 like","23732",1.88969067456203,-1.3962878172955,4.55664686340548,1.45600205009731e-05,7.61850915861306e-05,2.86298220716501,"single_mapping_record",1,1,1,TRUE,TRUE,1.9278197483506,1.66507266733976,-0.262747081010841,0.262747081010841,TRUE,8.52510486003315e-05,0.0102608225089923,TRUE
808,"Higher in IPF","ENSG00000134258","VTCN1","V-set domain containing T cell activation inhibitor 1","79679",4.12941927848635,-0.862866237765674,4.55673406257948,1.45771951609239e-05,7.62218229731067e-05,2.89658826209971,"single_mapping_record",1,1,1,TRUE,TRUE,4.21052863650561,4.37006478505803,0.159536148552419,0.159536148552419,TRUE,9.49737075481583e-05,0.00146646148507797,TRUE
809,"Higher in IPF","ENSG00000128016","ZFP36","ZFP36 ring finger protein","7538",1.10157294706781,8.9863178330091,4.55680593981243,1.45730624070436e-05,7.62218229731067e-05,2.25344493028616,"single_mapping_record",1,1,1,TRUE,TRUE,1.12527886962108,0.974930398677783,-0.150348470943293,0.150348470943293,TRUE,7.60193175158937e-05,0.0108734394360432,TRUE
810,"Higher in IPF","ENSG00000189280","GJB5","gap junction protein beta 5","2709",3.1572938256611,-2.19080150500129,4.54033991508586,1.55500455626266e-05,8.04678676270771e-05,2.75812692666533,"single_mapping_record",1,1,1,TRUE,TRUE,3.25228346789405,3.53168284437828,0.279399376484227,0.279399376484227,TRUE,7.25871116748544e-05,0.00090143747325707,TRUE
811,"Higher in IPF","ENSG00000125740","FOSB","FosB proto-oncogene, AP-1 transcription factor subunit","2354",2.94501986511002,6.09681722302587,4.53633659670387,1.57969840389721e-05,8.15769949752489e-05,2.11431582949576,"single_mapping_record",1,1,1,TRUE,TRUE,3.06546141679652,2.22668968866742,-0.838771728129105,0.838771728129105,TRUE,6.22048813102186e-05,0.0177996061722699,TRUE
812,"Higher in IPF","ENSG00000127083","OMD","osteomodulin","4958",1.37473537977463,3.42651025976008,4.53482450864789,1.58912383001437e-05,8.20073115715905e-05,2.42290143894574,"single_mapping_record",1,1,1,TRUE,TRUE,1.30546875817747,0.574848869825679,-0.730619888351787,0.730619888351787,TRUE,0.000218713104791276,0.192992200077388,FALSE
813,"Higher in IPF","ENSG00000135919","SERPINE2","serpin family E member 2","5270",1.05084759206036,4.91938657373819,4.53225039094615,1.60529456142635e-05,8.27564627614436e-05,2.11260771647291,"single_mapping_record",1,1,1,TRUE,TRUE,1.07563545760199,1.26818480982021,0.192549352218215,0.192549352218215,TRUE,8.3564012292702e-05,0.000651727947886669,TRUE
814,"Higher in IPF","ENSG00000183671","CMKLR2","chemerin chemokine-like receptor 2","2825",1.38899964072373,-0.749921684293628,4.5281629700534,1.62886896966764e-05,8.37704041543359e-05,2.81195657781712,"single_mapping_record",1,1,1,TRUE,TRUE,1.34411261382574,1.18618846247517,-0.157924151350577,0.157924151350577,TRUE,0.000164522961345383,0.0129872169985019,TRUE
815,"Higher in IPF","ENSG00000159713","TPPP3","tubulin polymerization promoting protein family member 3","51673",1.23579399438562,6.31918809831546,4.52639440088449,1.64267727388405e-05,8.43938098410247e-05,2.00576982203962,"single_mapping_record",1,1,1,TRUE,TRUE,1.25043035086322,1.46276231538664,0.212331964523423,0.212331964523423,TRUE,0.000102877699315874,0.000749497867928308,TRUE
816,"Higher in IPF","ENSG00000185352","HS6ST3","heparan sulfate 6-O-sulfotransferase 3","266722",1.8334159631017,-1.46387045675538,4.52524853568273,1.6476367945052e-05,8.46196495351079e-05,2.75390005621762,"single_mapping_record",1,1,1,TRUE,TRUE,1.85611881876705,1.7012253848941,-0.154893433872952,0.154893433872952,TRUE,0.000104462457781923,0.00805190123272598,TRUE
817,"Higher in IPF","ENSG00000167165","UGT1A6","UDP glucuronosyltransferase family 1 member A6","54578",3.8445820720706,-1.55515515966985,4.51579561277552,1.71248822527648e-05,8.74714979171504e-05,2.71191834310718,"single_mapping_record",1,1,1,TRUE,TRUE,3.88047273262628,4.12845718851098,0.2479844558847,0.2479844558847,TRUE,0.000114492842126688,0.00134233254950191,TRUE
818,"Higher in IPF","ENSG00000163071","SPATA18","spermatogenesis associated 18","132671",1.70587040179656,4.29520151079815,4.5154566551532,1.71476752052274e-05,8.7549092781102e-05,2.18988432820427,"single_mapping_record",1,1,1,TRUE,TRUE,1.72377681296694,1.595594641604,-0.128182171362936,0.128182171362936,TRUE,0.00010989707341368,0.00736382913861729,TRUE
819,"Higher in IPF","ENSG00000007312","CD79B","CD79b molecule","974",1.05470622554015,1.96385278766479,4.50383056880161,1.79360758785004e-05,9.09035689021093e-05,2.54236360496359,"single_mapping_record",1,1,1,TRUE,TRUE,1.07240775672885,1.03151215835445,-0.0408955983743911,0.0408955983743911,TRUE,8.96972225773491e-05,0.00497667967593657,TRUE
820,"Higher in IPF","ENSG00000114204","SERPINI2","serpin family I member 2","5276",1.80598846046443,-0.159460529912767,4.49981341891279,1.82249022392214e-05,9.23050716650442e-05,2.71724336235948,"single_mapping_record",1,1,1,TRUE,TRUE,1.80811540723793,1.73809470314038,-0.0700207040975496,0.0700207040975496,TRUE,0.000130656425842896,0.00670555316219893,TRUE
821,"Higher in IPF","ENSG00000240505","TNFRSF13B","TNF receptor superfamily member 13B","23495",2.06596936278485,-0.506392405386913,4.49906587473221,1.8279149311237e-05,9.25173936143932e-05,2.70830023545864,"single_mapping_record",1,1,1,TRUE,TRUE,2.07762139936542,1.8671281598705,-0.210493239494916,0.210493239494916,TRUE,0.000111746859137021,0.00951070809969833,TRUE
822,"Higher in IPF","ENSG00000183778","B3GALT5","beta-1,3-galactosyltransferase 5","10317",2.45999681311035,-1.14349414207056,4.49363454528709,1.86784660890108e-05,9.4284173815814e-05,2.65706830357251,"single_mapping_record",1,1,1,TRUE,TRUE,2.46964271003692,2.77975698757507,0.310114277538148,0.310114277538148,TRUE,0.000126440379661764,0.00115198878863873,TRUE
823,"Higher in IPF","ENSG00000164082","GRM2","glutamate metabotropic receptor 2","2912",1.16017301032839,-0.387256684784766,4.48735331621523,1.91153700167804e-05,9.61619504717292e-05,2.67418003017349,"single_mapping_record",1,1,1,TRUE,TRUE,1.14091330066042,0.726484941351691,-0.414428359308732,0.414428359308732,TRUE,0.000151642132171367,0.0614212524659011,FALSE
824,"Higher in IPF","ENSG00000167723","TRPV3","transient receptor potential cation channel subfamily V member 3","162514",1.0808301779491,0.462365496011469,4.48417727507977,1.93542268728085e-05,9.7204969493008e-05,2.63366836557106,"single_mapping_record",1,1,1,TRUE,TRUE,1.09175888413018,0.963372630379886,-0.128386253750298,0.128386253750298,TRUE,0.00011896840065498,0.0111369347243558,TRUE
825,"Higher in IPF","ENSG00000159958","TNFRSF13C","TNF receptor superfamily member 13C","115650",2.30332294713077,1.09979565908726,4.471696431271,2.03501677595972e-05,0.000101628981506012,2.57749165288197,"single_mapping_record",1,1,1,TRUE,TRUE,2.3511693890713,2.2657301859864,-0.0854392030849027,0.0854392030849027,TRUE,0.000117099305525313,0.0051233826110839,TRUE
826,"Higher in IPF","ENSG00000188488","SERPINA5","serpin family A member 5","5104",1.46968735659111,1.0823156789437,4.45599470278628,2.16344726009366e-05,0.000107222417525672,2.48763783695051,"single_mapping_record",1,1,1,TRUE,TRUE,1.52542879523154,1.84990491668884,0.324476121457295,0.324476121457295,TRUE,8.9908565461412e-05,0.000469230320451545,TRUE
827,"Higher in IPF","ENSG00000133477","FAM83F","family with sequence similarity 83 member F","113828",2.39431429219142,0.266800154540396,4.45137524090208,2.20269905449227e-05,0.000109023798898905,2.53384086667618,"single_mapping_record",1,1,1,TRUE,TRUE,2.41115123280278,2.51132053081339,0.10016929801061,0.10016929801061,TRUE,0.000130855715389842,0.0030371015223549,TRUE
828,"Higher in IPF","ENSG00000275063","LOC102723407","immunoglobulin heavy variable 4-38-2-like","102723407",3.36256742413596,2.93709770465452,4.45069597500281,2.20852850796983e-05,0.000109276301785244,2.32366457463188,"single_mapping_record",1,1,1,TRUE,TRUE,3.4568875806158,3.38097526661455,-0.0759123140012412,0.0759123140012412,TRUE,0.00013199300631202,0.00264588835090841,TRUE
829,"Higher in IPF","ENSG00000136943","CTSV","cathepsin V","1515",1.71997904008452,0.248106330589674,4.44742542538074,2.23599485996803e-05,0.000110453290022508,2.5253925061027,"single_mapping_record",1,1,1,TRUE,TRUE,1.71442326560294,2.0227549351969,0.30833166959396,0.30833166959396,TRUE,0.000164522961345383,0.000994644962205408,TRUE
830,"Higher in IPF","ENSG00000086570","FAT2","FAT atypical cadherin 2","2196",5.64272527092037,0.242242307844058,4.44312286565896,2.27453834420031e-05,0.000112099046694468,2.51281300414072,"single_mapping_record",1,1,1,TRUE,TRUE,5.6676452097229,5.89878484587286,0.231139636149953,0.231139636149953,TRUE,0.000148328373302465,0.00098406065035451,TRUE
831,"Higher in IPF","ENSG00000134398","ERN2","endoplasmic reticulum to nucleus signaling 2","10595",4.04967038205082,0.75563255335487,4.44160978543495,2.28795334616142e-05,0.000112612313549427,2.48515045847754,"single_mapping_record",1,1,1,TRUE,TRUE,4.11036318151115,4.56168866822744,0.451325486716299,0.451325486716299,TRUE,0.000133539271794236,0.00119266052204589,TRUE
832,"Higher in IPF","ENSG00000170373","CST1","cystatin SN","1469",2.90141313610246,-2.40160926686442,4.44136327491219,2.29014613940516e-05,0.000112646375638107,2.41501789051715,"single_mapping_record",1,1,1,TRUE,TRUE,2.99383998563661,3.52231756283871,0.528477577202098,0.528477577202098,TRUE,0.000101774439574199,0.000493023541455825,TRUE
833,"Higher in IPF","ENSG00000188536","HBA2","hemoglobin subunit alpha 2","3040",1.95544104325081,2.34778396388213,4.4379427175051,2.3207833921015e-05,0.000114068147176754,2.28719825768295,"single_mapping_record",1,1,1,TRUE,TRUE,1.8309713000806,1.77143767718082,-0.0595336228997769,0.0595336228997769,TRUE,0.000306640986372059,0.00931033493425634,TRUE
834,"Higher in IPF","ENSG00000120738","EGR1","early growth response 1","1958",1.72196131421207,7.94809907214582,4.42993005806368,2.39410849633584e-05,0.000116955277406423,1.70509996015307,"single_mapping_record",1,1,1,TRUE,TRUE,1.66038299764584,1.1970636281251,-0.463319369520748,0.463319369520748,TRUE,0.000224900913571523,0.0508394854440597,FALSE
835,"Higher in IPF","ENSG00000149968","MMP3","matrix metallopeptidase 3","4314",2.90369594045247,-1.37362282640107,4.42920440018331,2.40085847961756e-05,0.000117246868887504,2.40867371139367,"single_mapping_record",1,1,1,TRUE,TRUE,2.96826463575688,4.30383599689534,1.33557136113845,1.33557136113845,TRUE,0.000124106904388507,8.50061815749404e-06,TRUE
836,"Higher in IPF","ENSG00000161960","EIF4A1","eukaryotic translation initiation factor 4A1","1973",1.00929744788325,3.46157815101265,4.4265205393096,2.42598344230876e-05,0.000118396825214366,1.99168469559076,"single_mapping_record",1,1,1,TRUE,TRUE,1.05693945280829,1.19201872457375,0.135079271765462,0.135079271765462,TRUE,8.02867287304307e-05,0.00105380717815757,TRUE
837,"Higher in IPF","ENSG00000148702","HABP2","hyaluronan binding protein 2","3026",1.74248938573465,0.0987634357789032,4.42615147028094,2.42859190457754e-05,0.000118485608292226,2.4524909549768,"single_mapping_record",1,1,1,TRUE,TRUE,1.88750586962829,2.43098772347872,0.543481853850429,0.543481853850429,TRUE,5.18796652771006e-05,8.55173011488692e-05,TRUE
838,"Higher in IPF","ENSG00000167771","RCOR2","REST corepressor 2","283248",1.16856745527388,-0.0911341133115959,4.4208110361742,2.47687217931812e-05,0.000120605920064624,2.43469771396478,"single_mapping_record",1,1,1,TRUE,TRUE,1.17668316685001,1.18565978868072,0.00897662183070791,0.00897662183070791,TRUE,0.000157643316528876,0.00471527096925467,TRUE
839,"Higher in IPF","ENSG00000275993","LOC102724428","salt inducible kinase 1B (putative)","102724428",1.69390780634159,3.80472181587225,4.41647693040858,2.5222782950644e-05,0.000122499002800087,1.9286012433008,"single_mapping_record",1,1,1,TRUE,TRUE,1.33941245851938,0.542080355525053,-0.79733210299433,0.79733210299433,TRUE,0.000434349019303323,0.252364321435255,FALSE
840,"Higher in IPF","ENSG00000197705","KLHL14","kelch like family member 14","57565",1.24051526681239,0.522415168898416,4.41469590097118,2.53626167763965e-05,0.000123097723926951,2.38635708804071,"single_mapping_record",1,1,1,TRUE,TRUE,1.19936669386074,0.976150564317364,-0.223216129543379,0.223216129543379,TRUE,0.000256130927043176,0.0251687819491472,TRUE
841,"Higher in IPF","ENSG00000188596","CFAP54","cilia and flagella associated protein 54","144535",2.06330057726648,1.84842329542514,4.4137107689638,2.54944081099899e-05,0.000123658175944158,2.26748983419821,"single_mapping_record",1,1,1,TRUE,TRUE,2.07072896318105,1.95978377849079,-0.110945184690256,0.110945184690256,TRUE,0.000161394132395758,0.00754060835636867,TRUE
842,"Higher in IPF","ENSG00000173898","SPTBN2","spectrin beta, non-erythrocytic 2","6712",1.36700972670586,2.9096342428643,4.41026621593787,2.58365970285142e-05,0.000125237001805636,2.04605497593635,"single_mapping_record",1,1,1,TRUE,TRUE,1.4421318967581,1.54624275943816,0.104110862680057,0.104110862680057,TRUE,8.57265039581893e-05,0.00200940338429601,TRUE
843,"Higher in IPF","ENSG00000147689","FAM83A","family with sequence similarity 83 member A","84985",3.59792888718663,-0.355563779092017,4.40440274015983,2.64293066630332e-05,0.00012794477640292,2.3739750719619,"single_mapping_record",1,1,1,TRUE,TRUE,3.65987671008584,4.45379432170211,0.793917611616269,0.793917611616269,TRUE,0.000147246889005698,0.000290974378798223,TRUE
844,"Higher in IPF","ENSG00000185567","AHNAK2","AHNAK nucleoprotein 2","113146",1.11646064235715,5.03096803494312,4.40245840649051,2.66287308483545e-05,0.000128762145680315,1.61311338070127,"single_mapping_record",1,1,1,TRUE,TRUE,1.14819277405921,1.05708712415386,-0.0911056499053471,0.0911056499053471,TRUE,0.00011577305924429,0.008212740133086,TRUE
845,"Higher in IPF","ENSG00000205420","KRT6A","keratin 6A","3853",4.82080033138907,0.434765590566627,4.40050252456475,2.68308042021774e-05,0.000129554208003566,2.35959602436985,"single_mapping_record",1,1,1,TRUE,TRUE,4.92987943573556,5.62012658192217,0.690247146186614,0.690247146186614,TRUE,0.000192686101470973,0.000645576336329027,TRUE
846,"Higher in IPF","ENSG00000130477","UNC13A","unc-13 homolog A","23025",1.02070273566701,0.556336565739168,4.39465826384043,2.74065046970648e-05,0.000132121531314174,2.30101243400288,"single_mapping_record",1,1,1,TRUE,TRUE,1.09603577235747,1.06989697631743,-0.026138796040037,0.026138796040037,TRUE,5.79650059259299e-05,0.00338512746960098,TRUE
847,"Higher in IPF","ENSG00000198842","STYXL2","serine/threonine/tyrosine interacting like 2","92235",1.58527325186319,-0.547456086264953,4.39453106277284,2.74231606652675e-05,0.00013215938616597,2.34597404029308,"single_mapping_record",1,1,1,TRUE,TRUE,1.62207989918659,1.49188600355735,-0.130193895629241,0.130193895629241,TRUE,0.000124879317214831,0.00749720031630885,TRUE
848,"Higher in IPF","ENSG00000277856",,,,3.14122090838802,1.95221675606977,4.37758840507214,2.93111857610897e-05,0.000140305746349962,2.18395137471659,"unmapped",0,0,0,FALSE,FALSE,3.25585662760964,2.70443128511333,-0.551425342496303,0.551425342496303,TRUE,0.000145558475696998,0.0113464502585777,TRUE
849,"Higher in IPF","ENSG00000183813","CCR4","C-C motif chemokine receptor 4","1233",1.34466916760163,2.10961344389225,4.37743513153289,2.93284993369426e-05,0.000140305746349962,2.07951399303899,"single_mapping_record",1,1,1,TRUE,TRUE,1.33511847037546,1.06340455357252,-0.271713916802945,0.271713916802945,TRUE,0.000192578391599161,0.0258258645131889,TRUE
850,"Higher in IPF","ENSG00000184985","SORCS2","sortilin related VPS10 domain containing receptor 2","57537",1.02097663014425,3.96512626525991,4.3749867888934,2.96064017525193e-05,0.000141383721383132,1.68796513603084,"single_mapping_record",1,1,1,TRUE,TRUE,1.07247572325391,1.0351829006391,-0.0372928226148157,0.0372928226148157,TRUE,8.98000279685344e-05,0.00518251928998552,TRUE
851,"Higher in IPF","ENSG00000117215","PLA2G2D","phospholipase A2 group IID","26279",2.26660370569616,-0.262693264800578,4.3734878399661,2.97777935826449e-05,0.000142092891691883,2.27103467737323,"single_mapping_record",1,1,1,TRUE,TRUE,2.2686807059034,1.90884311435978,-0.359837591543621,0.359837591543621,TRUE,0.000183848750915606,0.0165461071041412,TRUE
852,"Higher in IPF","ENSG00000073282","TP63","tumor protein p63","8626",2.72659377367849,2.01793654529045,4.37312954258732,2.98189032724256e-05,0.000142243843637004,2.11283973954524,"single_mapping_record",1,1,1,TRUE,TRUE,2.76148949631149,2.7240655174985,-0.037423978812984,0.037423978812984,TRUE,0.00017039666506523,0.00494929693902964,TRUE
853,"Higher in IPF","ENSG00000185155","MIXL1","Mix paired-like homeobox","83881",1.71624106813361,-1.74439642484515,4.36452371621828,3.07823563252745e-05,0.000146194044706197,2.18863361300894,"single_mapping_record",1,1,1,TRUE,TRUE,1.78208140652363,1.36900449693113,-0.413076909592503,0.413076909592503,TRUE,0.000118839823737781,0.0247462188273577,TRUE
854,"Higher in IPF","ENSG00000008118","CAMK1G","calcium/calmodulin dependent protein kinase IG","57172",1.06794867319502,0.980354441723523,4.35782466995551,3.15855516729973e-05,0.000149657795246579,2.13458862996667,"single_mapping_record",1,1,1,TRUE,TRUE,1.09941528292079,1.15188025973826,0.0524649768174761,0.0524649768174761,TRUE,0.000136539500411328,0.00309911152412875,TRUE
855,"Higher in IPF","ENSG00000163749","CCDC158","coiled-coil domain containing 158","339965",1.02341802492169,-0.187646194244929,4.35576534456667,3.18364930121131e-05,0.000150671321909786,2.20653385699236,"single_mapping_record",1,1,1,TRUE,TRUE,1.06647131652738,1.07035460472423,0.00388328819684891,0.00388328819684891,TRUE,0.000103031335658806,0.00375206074701699,TRUE
856,"Higher in IPF","ENSG00000042980","ADAM28","ADAM metallopeptidase domain 28","10863",1.14213427509366,3.77133608803857,4.35549473679786,3.19113038288625e-05,0.000150977779098293,1.68034699797767,"single_mapping_record",1,1,1,TRUE,TRUE,1.13749711766606,1.21678168136275,0.0792845636966923,0.0792845636966923,TRUE,0.000216469322689911,0.00392592968061413,TRUE
857,"Higher in IPF","ENSG00000138622","HCN4","hyperpolarization activated cyclic nucleotide gated potassium channel 4","10021",2.25769673477958,-1.14546376641803,4.35420051900029,3.20621505856666e-05,0.000151500473588929,2.18118546656918,"single_mapping_record",1,1,1,TRUE,TRUE,2.36804321494563,2.50973299587515,0.14168978092952,0.14168978092952,TRUE,0.000117451050948472,0.00209215542902423,TRUE
858,"Higher in IPF","ENSG00000138166","DUSP5","dual specificity phosphatase 5","1847",1.29331135414115,4.85182584070015,4.35414865325623,3.20767077658773e-05,0.000151521566073427,1.46967718349688,"single_mapping_record",1,1,1,TRUE,TRUE,1.30413479363321,1.0274556944905,-0.27667909914271,0.27667909914271,TRUE,0.000174343571428895,0.0252009957985626,TRUE
859,"Higher in IPF","ENSG00000078589","P2RY10","P2Y receptor family member 10","27334",1.06188802992021,2.15627832050525,4.3511503162514,3.24398681339747e-05,0.000152996324356654,1.96065499228382,"single_mapping_record",1,1,1,TRUE,TRUE,1.06512256572801,0.908634412803546,-0.156488152924463,0.156488152924463,TRUE,0.000198938828216749,0.0175527811692149,TRUE
860,"Higher in IPF","ENSG00000118322","ATP10B","ATPase phospholipid transporting 10B (putative)","23120",2.37134181909823,-1.21040074378287,4.34381711319823,3.3374033760084e-05,0.000156631589188794,2.14345467792662,"single_mapping_record",1,1,1,TRUE,TRUE,2.48881136550349,2.97836097274144,0.48954960723795,0.48954960723795,TRUE,0.000110357646582664,0.000440179849873882,TRUE
861,"Higher in IPF","ENSG00000165238","WNK2","WNK lysine deficient protein kinase 2","65268",1.71679780386576,1.58978123621513,4.32950638693106,3.52548464376266e-05,0.00016429834836643,1.97775534484522,"single_mapping_record",1,1,1,TRUE,TRUE,1.73277395165534,1.8287632901388,0.0959893384834616,0.0959893384834616,TRUE,0.000190811503604852,0.0039442454964987,TRUE
862,"Higher in IPF","ENSG00000167759","KLK13","kallikrein related peptidase 13","26085",2.50631974393461,-0.210030611819278,4.32524311460585,3.58346275509048e-05,0.000166534435871992,2.10457283650572,"single_mapping_record",1,1,1,TRUE,TRUE,2.59697912776687,2.94891921396889,0.351940086202017,0.351940086202017,TRUE,0.000149169625112402,0.0012912774428248,TRUE
863,"Higher in IPF","ENSG00000224389","C4B","complement C4B (Chido/Rodgers blood group)","721",1.15471465616928,3.4487105020578,4.32242874932778,3.62223882250264e-05,0.000168037852915357,1.61947016345001,"single_mapping_record",1,1,1,TRUE,TRUE,1.22268649580886,1.67679842709756,0.454111931288692,0.454111931288692,TRUE,0.000107121017225074,8.59874983261749e-05,TRUE
864,"Higher in IPF","ENSG00000108001","EBF3","EBF transcription factor 3","253738",2.48581314928996,-0.0155107911642323,4.32144017156607,3.63595505837597e-05,0.000168465917704753,2.0907017308825,"single_mapping_record",1,1,1,TRUE,TRUE,2.51472518553921,1.88267261368114,-0.632052571858071,0.632052571858071,TRUE,0.000210628121698185,0.026488901130511,TRUE
865,"Higher in IPF","ENSG00000170577","SIX2","SIX homeobox 2","10736",1.89052581143225,-1.12122044732709,4.32128031944589,3.63522367461587e-05,0.000168465917704753,2.07561724634602,"single_mapping_record",1,1,1,TRUE,TRUE,1.96754508538057,2.09205693302629,0.124511847645713,0.124511847645713,TRUE,0.000140184628845911,0.00293180546773465,TRUE
866,"Higher in IPF","ENSG00000162433","AK4","adenylate kinase 4","205",1.09174402655464,3.18270460623232,4.31664257109056,3.70323423546946e-05,0.00017116056755809,1.62367330144262,"single_mapping_record",1,1,1,TRUE,TRUE,1.13172275098579,0.911285953634071,-0.220436797351715,0.220436797351715,TRUE,0.000145732875594925,0.0217470109031234,TRUE
867,"Higher in IPF","ENSG00000196917","HCAR1","hydroxycarboxylic acid receptor 1","27198",2.20749910139421,0.488376430400063,4.31502491097775,3.72618869050838e-05,0.000172079478642688,2.02727904253029,"single_mapping_record",1,1,1,TRUE,TRUE,2.27843866865906,2.35925356893741,0.0808149002783476,0.0808149002783476,TRUE,0.00016199718401745,0.00396889000729693,TRUE
868,"Higher in IPF","ENSG00000141519","CCDC40","coiled-coil domain 40 molecular ruler complex subunit","55036",1.30782504932474,3.44950241362913,4.31191459089636,3.77070959517347e-05,0.000173851021015799,1.57869429225125,"single_mapping_record",1,1,1,TRUE,TRUE,1.35831849122618,1.56741555026815,0.209097059041972,0.209097059041972,TRUE,0.000159000166465583,0.00157629232607012,TRUE
869,"Higher in IPF","ENSG00000130822","PNCK","pregnancy up-regulated nonubiquitous CaM kinase","139728",1.78785166589631,-0.128071546230505,4.30451964280011,3.87802554571748e-05,0.000178415321766199,2.02740238509788,"single_mapping_record",1,1,1,TRUE,TRUE,1.86446081381045,2.31867524943644,0.454214435625987,0.454214435625987,TRUE,0.000137721956090261,0.000428939457588005,TRUE
870,"Higher in IPF","ENSG00000155980","KIF5A","kinesin family member 5A","3798",1.02364683053624,-0.455663931486481,4.30021810887432,3.93783053634624e-05,0.000180668435243367,2.0185162241942,"single_mapping_record",1,1,1,TRUE,TRUE,1.03675473466549,1.09569216947503,0.0589374348095342,0.0589374348095342,TRUE,0.000215344206443993,0.00397449031727667,TRUE
871,"Higher in IPF","ENSG00000188729","OSTN","osteocrin","344901",2.02117746121517,-1.85867717406955,4.29365339818156,4.03911183875067e-05,0.000184976043085189,1.95357610853566,"single_mapping_record",1,1,1,TRUE,TRUE,2.00478052541677,1.71036675513766,-0.294413770279109,0.294413770279109,TRUE,0.000281789528113509,0.0209271212340307,TRUE
872,"Higher in IPF","ENSG00000126778","SIX1","SIX homeobox 1","6495",2.83995924701419,0.741550906993754,4.28868148773948,4.11985898930751e-05,0.000188329242227419,1.94724206220421,"single_mapping_record",1,1,1,TRUE,TRUE,2.8533933099818,2.63556130296283,-0.217832007018974,0.217832007018974,TRUE,0.000235847725128335,0.00907404132182537,TRUE
873,"Higher in IPF","ENSG00000106018","VIPR2","vasoactive intestinal peptide receptor 2","7434",1.5942101929559,0.380041521769441,4.28864040188961,4.11932734057668e-05,0.000188329242227419,1.95275702524041,"single_mapping_record",1,1,1,TRUE,TRUE,1.59177489866076,1.22068530718584,-0.371089591474919,0.371089591474919,TRUE,0.000243278089542438,0.0296157118417488,TRUE
874,"Higher in IPF","ENSG00000166035","LIPC","lipase C, hepatic type","3990",1.03985674358326,-0.419809096609578,4.28664043262717,4.14683844725687e-05,0.000189504836439026,1.97131461719643,"single_mapping_record",1,1,1,TRUE,TRUE,1.04076466388323,0.780311085123316,-0.260453578759919,0.260453578759919,TRUE,0.000203994189537455,0.032094674910718,TRUE
875,"Higher in IPF","ENSG00000158477","CD1A","CD1a molecule","909",1.8909111346669,0.828978961539931,4.28570894379346,4.16671616578101e-05,0.000190297362582003,1.92563069806392,"single_mapping_record",1,1,1,TRUE,TRUE,1.80809220624559,2.19553384706102,0.387441640815426,0.387441640815426,TRUE,0.000387733187009743,0.00150876267064321,TRUE
876,"Higher in IPF","ENSG00000156234","CXCL13","C-X-C motif chemokine ligand 13","10563",4.03724638466421,1.2180060025677,4.28489022782348,4.1797117118036e-05,0.000190774801512909,1.95065895617116,"single_mapping_record",1,1,1,TRUE,TRUE,4.11960048291459,4.15958641136185,0.039985928447261,0.039985928447261,TRUE,0.000256655857798854,0.0024460710819759,TRUE
877,"Higher in IPF","ENSG00000163635","ATXN7","ataxin 7","6314",1.04821616264372,0.521160225470055,4.27514201447473,4.33215525490837e-05,0.000197223585851896,1.8903280225056,"single_mapping_record",1,1,1,TRUE,TRUE,1.07354316083601,1.15915935784757,0.0856161970115623,0.0856161970115623,TRUE,0.000171533574536771,0.00278797777169341,TRUE
878,"Higher in IPF","ENSG00000141934","PLPP2","phospholipid phosphatase 2","8612",1.69806786126811,3.27866048746157,4.27121712585568,4.40260079940889e-05,0.000200278312729474,1.46015992104072,"single_mapping_record",1,1,1,TRUE,TRUE,1.75513969127502,1.86665267148102,0.111512980206002,0.111512980206002,TRUE,0.00017988694338689,0.00352928490854421,TRUE
879,"Higher in IPF","ENSG00000083067","TRPM3","transient receptor potential cation channel subfamily M member 3","80036",1.26123974213164,-0.836078612620148,4.25221316021396,4.72577374410083e-05,0.000213620341603257,1.8539160372683,"single_mapping_record",1,1,1,TRUE,TRUE,1.28253343222188,1.24456050833974,-0.0379729238821462,0.0379729238821462,TRUE,0.000230053347835471,0.00826322155458481,TRUE
880,"Higher in IPF","ENSG00000188738","FSIP2","fibrous sheath interacting protein 2","401024",1.1115431424539,-0.0700387619635089,4.24977894445205,4.76952745917088e-05,0.000215144670123417,1.83553298703708,"single_mapping_record",1,1,1,TRUE,TRUE,1.02258997729635,1.097363141943,0.0747731646466541,0.0747731646466541,TRUE,0.000519918763815021,0.0062152545884842,TRUE
881,"Higher in IPF","ENSG00000181195","PENK","proenkephalin","5179",1.8935473201273,1.77879905947398,4.24412111000363,4.8785726754974e-05,0.000219207222402176,1.66428341054673,"single_mapping_record",1,1,1,TRUE,TRUE,1.97513072413073,1.4340248315696,-0.541105892561131,0.541105892561131,TRUE,0.000176874437445268,0.0324604598302026,TRUE
882,"Higher in IPF","ENSG00000136449","MYCBPAP","MYCBP associated protein","84073",1.77682359712953,1.43941643830517,4.2421850197952,4.9144144700682e-05,0.000220356003657897,1.68939851669479,"single_mapping_record",1,1,1,TRUE,TRUE,1.83413311515787,1.73279377752459,-0.101339337633281,0.101339337633281,TRUE,0.000213966193273832,0.00898140907377067,TRUE
883,"Higher in IPF","ENSG00000108602","ALDH3A1","aldehyde dehydrogenase 3 family member A1","218",2.48428726816779,2.28925367815838,4.2384479522266,4.98431442596094e-05,0.000223223532704432,1.56930313389333,"single_mapping_record",1,1,1,TRUE,TRUE,2.57040889913852,2.69787138474592,0.127462485607399,0.127462485607399,TRUE,0.00021148854670447,0.00434532539712969,TRUE
884,"Higher in IPF","ENSG00000181143","MUC16","mucin 16, cell surface associated","94025",4.32925478080602,1.9110876058188,4.23707340905022,5.01026433620827e-05,0.000224293413697027,1.66180032934527,"single_mapping_record",1,1,1,TRUE,TRUE,4.36921738026831,3.91375233925191,-0.455465041016399,0.455465041016399,TRUE,0.000292208980800249,0.012705423995785,TRUE
885,"Higher in IPF","ENSG00000183317","EPHA10","EPH receptor A10","284656",1.12432525463473,0.0761026474129283,4.23536637892076,5.03668011773435e-05,0.00022536704002214,1.77738605374212,"single_mapping_record",1,1,1,TRUE,TRUE,1.22453298828992,1.31309250487518,0.0885595165852637,0.0885595165852637,TRUE,7.75209279233372e-05,0.00163196648044703,TRUE
886,"Higher in IPF","ENSG00000138615","CILP","cartilage intermediate layer protein","8483",1.76479009850541,3.87491689456712,4.23297399323689,5.0884309359937e-05,0.000227276183311923,1.25164733015226,"single_mapping_record",1,1,1,TRUE,TRUE,1.79222179182148,1.76910291943812,-0.0231188723833633,0.0231188723833633,TRUE,0.000255708349627209,0.00675640046410541,TRUE
887,"Higher in IPF","ENSG00000183036","PCP4","Purkinje cell protein 4","5121",1.71923035718912,-1.38558695592361,4.22959348875079,5.14767488960003e-05,0.000229735080230964,1.7533873233904,"single_mapping_record",1,1,1,TRUE,TRUE,1.84263399766446,2.19487913522945,0.35224513756499,0.35224513756499,TRUE,0.000102748265075355,0.000563045817577717,TRUE
888,"Higher in IPF","ENSG00000142583","SLC2A5","solute carrier family 2 member 5","6518",1.28768164942383,1.64504719499467,4.22836772175033,5.17766149863033e-05,0.000230781040431824,1.61143330763442,"single_mapping_record",1,1,1,TRUE,TRUE,1.32320359073698,1.46728007941803,0.144076488681049,0.144076488681049,TRUE,0.000219704765134167,0.00235977121651133,TRUE
889,"Higher in IPF","ENSG00000197261","C6orf141","chromosome 6 open reading frame 141","135398",1.01984257548206,1.32628573063262,4.22678728046373,5.20382688638128e-05,0.000231809641597495,1.62539907211215,"single_mapping_record",1,1,1,TRUE,TRUE,1.03155918612446,0.781559376163172,-0.249999809961291,0.249999809961291,TRUE,0.000270091264658501,0.0391479726614933,TRUE
890,"Higher in IPF","ENSG00000091181","IL5RA","interleukin 5 receptor subunit alpha","3568",1.71095365004331,2.10226095142235,4.21912490036417,5.36126972586779e-05,0.000238046084367724,1.5082263684145,"single_mapping_record",1,1,1,TRUE,TRUE,1.69125747566718,1.662545298965,-0.0287121767021798,0.0287121767021798,TRUE,0.000327314944653027,0.00900020225884818,TRUE
891,"Higher in IPF","ENSG00000114638","UPK1B","uroplakin 1B","7348",3.23249782313648,-1.68434435223458,4.21089775644043,5.52995447608292e-05,0.000244523347849652,1.6721603416682,"single_mapping_record",1,1,1,TRUE,TRUE,3.30593484577477,3.80828329721501,0.502348451440241,0.502348451440241,TRUE,0.000255171182888309,0.000999709594560182,TRUE
892,"Higher in IPF","ENSG00000198125","MB","myoglobin","4151",2.55560761397154,-1.39559518271755,4.20764169122584,5.59811448200303e-05,0.000246955317672141,1.68608755432778,"single_mapping_record",1,1,1,TRUE,TRUE,2.57398212805239,2.64805949659853,0.0740773685461358,0.0740773685461358,TRUE,0.000314155262022468,0.0056935015699243,TRUE
893,"Higher in IPF","ENSG00000163689","CFAP20DC","CFAP20 domain containing","200844",1.61625387790058,-0.018042704689885,4.20582511188055,5.63471891133801e-05,0.00024820539993253,1.68128921419884,"single_mapping_record",1,1,1,TRUE,TRUE,1.6205318319877,1.61297301506655,-0.00755881692115468,0.00755881692115468,TRUE,0.000324355467960837,0.00846112985537659,TRUE
894,"Higher in IPF","ENSG00000186105","LRRC70","leucine rich repeat containing 70","100130733",1.16211452774242,-0.372770324306416,4.20197639343818,5.71202200923434e-05,0.000251094800593341,1.68055848359377,"single_mapping_record",1,1,1,TRUE,TRUE,1.15503266646926,1.03970109049723,-0.115331575972035,0.115331575972035,TRUE,0.000377308509266493,0.0177996061722699,TRUE
895,"Higher in IPF","ENSG00000105205","CLC","Charcot-Leyden crystal galectin","1178",1.84684581352687,0.571841537311891,4.2007661005525,5.74470584836102e-05,0.000252383740695334,1.64742991861033,"single_mapping_record",1,1,1,TRUE,TRUE,1.78529850900392,2.11540138891279,0.330102879908871,0.330102879908871,TRUE,0.000438630833941341,0.00184120996617472,TRUE
896,"Higher in IPF","ENSG00000119147","ECRG4","ECRG4 augurin precursor","84417",1.38798822744231,3.06509292392282,4.19973870069317,5.76692496722344e-05,0.000253285774160205,1.25011534290425,"single_mapping_record",1,1,1,TRUE,TRUE,1.37824840892575,0.538415369841594,-0.839833039084156,0.839833039084156,TRUE,0.000378964884364614,0.270575864854765,FALSE
897,"Higher in IPF","ENSG00000175175","PPM1E","protein phosphatase, Mg2+/Mn2+ dependent 1E","22843",1.47037995265702,-0.23569221256134,4.19832686364725,5.79237639868511e-05,0.000254174919712297,1.66527917121452,"single_mapping_record",1,1,1,TRUE,TRUE,1.50281309188751,1.64206530113739,0.139252209249874,0.139252209249874,TRUE,0.000268373719001224,0.00342969430762859,TRUE
898,"Higher in IPF","ENSG00000151575","TEX9","testis expressed 9","374618",1.41729417008425,2.32187730411102,4.18991786290614,5.98352590827644e-05,0.000261932670694813,1.35502098597289,"single_mapping_record",1,1,1,TRUE,TRUE,1.3879737400017,1.31103417066234,-0.0769395693393575,0.0769395693393575,TRUE,0.00042963606030714,0.0143498054090198,TRUE
899,"Higher in IPF","ENSG00000132821","VSTM2L","V-set and transmembrane domain containing 2 like","128434",1.26802710826303,3.6237250123033,4.18972684295296,5.98781543618328e-05,0.000261990921970223,1.09089737809877,"single_mapping_record",1,1,1,TRUE,TRUE,1.35515265317175,1.41815095978072,0.0629983066089721,0.0629983066089721,TRUE,0.000155305106272311,0.00404985273594571,TRUE
900,"Higher in IPF","ENSG00000111344","RASAL1","RAS protein activator like 1","8437",1.45905992258337,-0.50248315752158,4.18928126114388,5.99096602454815e-05,0.000262052394989851,1.64133407197876,"single_mapping_record",1,1,1,TRUE,TRUE,1.48224506638021,1.86736061919629,0.385115552816079,0.385115552816079,TRUE,0.000292922737027186,0.000853056853802703,TRUE
901,"Higher in IPF","ENSG00000174776","WDR49","WD repeat domain 49","151790",1.98018825637382,0.995146591928366,4.18900646965909,6.00401867714264e-05,0.000262546834783761,1.56014910600355,"single_mapping_record",1,1,1,TRUE,TRUE,2.01724539647034,1.89803522407905,-0.119210172391291,0.119210172391291,TRUE,0.000303346896934413,0.0117198743311059,TRUE
902,"Higher in IPF","ENSG00000106278","PTPRZ1","protein tyrosine phosphatase receptor type Z1","5803",1.80257454474039,2.80448063020148,4.18630858441089,6.06507694947052e-05,0.000264985259503642,1.266123704273,"single_mapping_record",1,1,1,TRUE,TRUE,1.84309462667681,1.38724306565901,-0.4558515610178,0.4558515610178,TRUE,0.000296511017610949,0.031932379908584,TRUE
903,"Higher in IPF","ENSG00000060709","RIMBP2","RIMS binding protein 2","23504",1.70073687743876,-0.777875394692545,4.18398567742163,6.11268513074168e-05,0.000266832303526298,1.62184695110475,"single_mapping_record",1,1,1,TRUE,TRUE,1.75917416472651,1.8444512462927,0.085277081566189,0.085277081566189,TRUE,0.000236332819994452,0.00430918824543096,TRUE
904,"Higher in IPF","ENSG00000135914","HTR2B","5-hydroxytryptamine receptor 2B","3357",1.14178795463236,0.816090743796574,4.18235143412813,6.15068009130437e-05,0.000268178941419289,1.52297655756902,"single_mapping_record",1,1,1,TRUE,TRUE,1.10774626283243,1.06980904110195,-0.037937221730487,0.037937221730487,TRUE,0.000495198221652619,0.0126589827214358,TRUE
905,"Higher in IPF","ENSG00000158859","ADAMTS4","ADAM metallopeptidase with thrombospondin type 1 motif 4","9507",2.15675842227914,5.1494599337676,4.17440562360356,6.34165931819493e-05,0.00027578502226171,0.834681655734022,"single_mapping_record",1,1,1,TRUE,TRUE,2.26896111666386,2.19950665081197,-0.0694544658518894,0.0694544658518894,TRUE,0.000213281590773387,0.00796737767504574,TRUE
906,"Higher in IPF","ENSG00000196482","ESRRG","estrogen related receptor gamma","2104",1.51772611861874,0.285172922980581,4.16327908170287,6.60911868978941e-05,0.000286007753736289,1.52144707251956,"single_mapping_record",1,1,1,TRUE,TRUE,1.45488870703053,1.04929584882606,-0.405592858204471,0.405592858204471,TRUE,0.000520370020747022,0.0576647417287176,FALSE
907,"Higher in IPF","ENSG00000157703","SVOPL","SVOP like","136306",1.46162053793608,-0.913048921595635,4.15944046263984,6.69912460233539e-05,0.000289318925576119,1.54088515888652,"single_mapping_record",1,1,1,TRUE,TRUE,1.51212848382828,1.22838914505914,-0.28373933876914,0.28373933876914,TRUE,0.000251838500962327,0.024409718779293,TRUE
908,"Higher in IPF","ENSG00000083454","P2RX5","purinergic receptor P2X 5","5026",1.2678821465397,1.71629041876262,4.14776759164428,7.00520428636629e-05,0.00030158338613975,1.31037437880815,"single_mapping_record",1,1,1,TRUE,TRUE,1.3089689857865,1.3267540491022,0.0177850633156968,0.0177850633156968,TRUE,0.000283263304356354,0.0063796228251368,TRUE
909,"Higher in IPF","ENSG00000197641","SERPINB13","serpin family B member 13","5275",3.74324221908221,-2.18256247425979,4.14654449518035,7.03721904760217e-05,0.000302787997542573,1.45340150179714,"single_mapping_record",1,1,1,TRUE,TRUE,3.83046099793877,3.7251817844743,-0.105279213464467,0.105279213464467,TRUE,0.000304854124985199,0.00700469933394226,TRUE
910,"Higher in IPF","ENSG00000157470","FAM81A","family with sequence similarity 81 member A","145773",1.10581855903382,0.625211237114636,4.14409749884297,7.0938556803259e-05,0.000304962661721227,1.42334094560827,"single_mapping_record",1,1,1,TRUE,TRUE,1.11006929838599,1.04763110684045,-0.0624381915455368,0.0624381915455368,TRUE,0.000410585353401205,0.013651418820656,TRUE
911,"Higher in IPF","ENSG00000244731","C4A;LOC110384692","complement C4A (Chido/Rodgers blood group);complement C4A (Rodgers blood group)-like","110384692;720",1.20041645451098,3.53785901996349,4.14401723528791,7.10381605487386e-05,0.000305303425753697,0.977296928926314,"multiple_mapping_records",2,2,2,FALSE,FALSE,1.25583056353508,1.6328470339056,0.377016470370519,0.377016470370519,TRUE,0.000226015339238857,0.000334997512527751,TRUE
912,"Higher in IPF","ENSG00000085552","IGSF9","immunoglobulin superfamily member 9","57549",1.65057340103448,1.31053327954469,4.13917083177847,7.23322224179509e-05,0.000310154619519645,1.31927497564486,"single_mapping_record",1,1,1,TRUE,TRUE,1.735111102157,2.02112468618548,0.28601358402848,0.28601358402848,TRUE,0.000228234163576797,0.0017919435464,TRUE
913,"Higher in IPF","ENSG00000163806","SPDYA","speedy/RINGO cell cycle regulator family member A","245711",1.126687393973,-0.894163152182179,4.1296398969482,7.48617177733756e-05,0.000319995474719224,1.4420737801043,"single_mapping_record",1,1,1,TRUE,TRUE,1.14453993468062,1.09381320593748,-0.0507267287431414,0.0507267287431414,TRUE,0.000348794664282782,0.0114803349394879,TRUE
914,"Higher in IPF","ENSG00000144045","DQX1","DEAQ-box RNA dependent ATPase 1","165545",1.64548389751828,-1.43397468402262,4.12805817097671,7.5303352418897e-05,0.000321334259952382,1.42677004921079,"single_mapping_record",1,1,1,TRUE,TRUE,1.74591206969915,1.85337478738336,0.107462717684206,0.107462717684206,TRUE,0.0001870984679226,0.00330778039889236,TRUE
915,"Higher in IPF","ENSG00000100448","CTSG","cathepsin G","1511",1.53472265308665,2.48637604486045,4.12635449566008,7.58643276588099e-05,0.00032326860255863,1.15064383824581,"single_mapping_record",1,1,1,TRUE,TRUE,1.5476309692247,1.72601781197356,0.178386842748857,0.178386842748857,TRUE,0.000424960317095125,0.00454310902930418,TRUE
916,"Higher in IPF","ENSG00000187151","ANGPTL5","angiopoietin like 5","253935",1.29689827615091,0.106320196571924,4.12509358521236,7.61453766724172e-05,0.000324374118787266,1.40046991977544,"single_mapping_record",1,1,1,TRUE,TRUE,1.30138587148284,0.754745859633193,-0.54664001184965,0.54664001184965,TRUE,0.000451233792583095,0.101257682972119,FALSE
917,"Higher in IPF","ENSG00000197520","FAM177B","family with sequence similarity 177 member B","400823",1.48552276667983,-1.11140370255411,4.11666596808593,7.85588345236297e-05,0.000333800520970125,1.39442402798625,"single_mapping_record",1,1,1,TRUE,TRUE,1.44750978973885,1.24145113155921,-0.206058658179638,0.206058658179638,TRUE,0.000518077928921893,0.0253105619374411,TRUE
918,"Higher in IPF","ENSG00000163207","IVL","involucrin","3713",2.86490664535412,-1.61808894558078,4.11639558908943,7.87226168941344e-05,0.000334309455393139,1.37573163723449,"single_mapping_record",1,1,1,TRUE,TRUE,2.99265184172697,3.08149388980007,0.0888420480730985,0.0888420480730985,TRUE,0.000272727677904664,0.00459759384774779,TRUE
919,"Higher in IPF","ENSG00000039537","C6","complement C6","729",2.21548112179744,2.5462007015888,4.10932161637666,8.08153614409005e-05,0.000342228548928293,1.06793812516237,"single_mapping_record",1,1,1,TRUE,TRUE,2.20166599776099,2.15226885213953,-0.0493971456214521,0.0493971456214521,TRUE,0.000407087067771775,0.0110979197105502,TRUE
920,"Higher in IPF","ENSG00000117983","MUC5B","mucin 5B, oligomeric mucus/gel-forming","727897",4.78317692626876,3.56196707068298,4.10791161068036,8.12388244102759e-05,0.000343827807174249,0.995971104742877,"single_mapping_record",1,1,1,TRUE,TRUE,4.99145372531137,5.50098718691924,0.509533461607868,0.509533461607868,TRUE,0.000566529024724967,0.0061781294862672,TRUE
921,"Higher in IPF","ENSG00000185615","PDIA2","protein disulfide isomerase family A member 2","64714",1.16568395095071,-1.10182353266981,4.103638592056,8.24470891575713e-05,0.000348156315733744,1.35483465901362,"single_mapping_record",1,1,1,TRUE,TRUE,1.08054543996747,0.647178358763896,-0.433367081203578,0.433367081203578,TRUE,0.000849604522216525,0.125205771768102,FALSE
922,"Higher in IPF","ENSG00000172476","RAB40A","RAB40A, member RAS oncogene family","142684",1.13088261853479,-0.722745555813834,4.0936967388676,8.55379055915628e-05,0.000359489092592537,1.32229790726975,"single_mapping_record",1,1,1,TRUE,TRUE,1.17917630389919,0.82167376078011,-0.357502543119079,0.357502543119079,TRUE,0.000282230582300927,0.0562190314254695,FALSE
923,"Higher in IPF","ENSG00000198807","PAX9","paired box 9","5083",3.02078585928412,0.34943726484045,4.09043154159063,8.66685144845623e-05,0.000363310506267201,1.27284876094755,"single_mapping_record",1,1,1,TRUE,TRUE,3.07685257640012,3.3048992776955,0.228046701295378,0.228046701295378,TRUE,0.000417912702660872,0.00481022178288402,TRUE
924,"Higher in IPF","ENSG00000198570","RD3","RD3 regulator of GUCY2D","343035",1.41747461027765,-0.178780269945726,4.09007327290749,8.67133988779232e-05,0.000363310506267201,1.29559062431022,"single_mapping_record",1,1,1,TRUE,TRUE,1.40417540775338,1.02485845647002,-0.379316951283359,0.379316951283359,TRUE,0.000550187859319877,0.0572804424144696,FALSE
925,"Higher in IPF","ENSG00000136573","BLK","BLK proto-oncogene, Src family tyrosine kinase","640",2.05729752806651,1.2136997817873,4.0866440581999,8.7890022356614e-05,0.000367829667024669,1.201059048832,"single_mapping_record",1,1,1,TRUE,TRUE,2.06157217743513,1.96680360277534,-0.0947685746597939,0.0947685746597939,TRUE,0.000440377299230859,0.0122912925886161,TRUE
926,"Higher in IPF","ENSG00000123560","PLP1","proteolipid protein 1","5354",1.71590893703712,-0.00669801702383555,4.08512963610604,8.8376135083094e-05,0.000369349259428566,1.27875253092486,"single_mapping_record",1,1,1,TRUE,TRUE,1.78857823991532,1.81040814838656,0.021829908471241,0.021829908471241,TRUE,0.000305369990492303,0.00701764672566633,TRUE
927,"Higher in IPF","ENSG00000113763","UNC5A","unc-5 netrin receptor A","90249",1.27444055740551,-0.45442785949933,4.08493260730459,8.83544572566559e-05,0.000369349259428566,1.28562638809985,"single_mapping_record",1,1,1,TRUE,TRUE,1.35037292564588,0.809682163404275,-0.540690762241601,0.540690762241601,TRUE,0.000228203776477122,0.0855204730419084,FALSE
928,"Higher in IPF","ENSG00000075673","ATP12A","ATPase H+/K+ transporting non-gastric alpha2 subunit","479",3.92954276776253,-0.36390558191904,4.08496136446283,8.84379906535477e-05,0.000369504902780701,1.29292308941182,"single_mapping_record",1,1,1,TRUE,TRUE,3.9784792000454,4.04007248189688,0.0615932818514811,0.0615932818514811,TRUE,0.00046241960558656,0.00596189160932628,TRUE
929,"Higher in IPF","ENSG00000094755","GABRP","gamma-aminobutyric acid type A receptor subunit pi","2568",2.17394629708712,0.580793095078198,4.08109656130683,8.97089892122786e-05,0.000374190426800424,1.2202508927514,"single_mapping_record",1,1,1,TRUE,TRUE,2.2301739107842,2.56471486204592,0.334540951261718,0.334540951261718,TRUE,0.00040700501105739,0.00262815712924061,TRUE
930,"Higher in IPF","ENSG00000179388","EGR3","early growth response 3","1960",2.65304928266232,3.29709878594955,4.07608587712528,9.13829131889768e-05,0.000380749456784046,0.868359241853052,"single_mapping_record",1,1,1,TRUE,TRUE,2.67397813508273,2.32260729565929,-0.351370839423439,0.351370839423439,TRUE,0.000460621001149778,0.017335199908857,TRUE
931,"Higher in IPF","ENSG00000205084","TMEM231","transmembrane protein 231","79583",1.252646756159,3.71730735146342,4.07261947676357,9.25584125278074e-05,0.000385006065078261,0.659732930927635,"single_mapping_record",1,1,1,TRUE,TRUE,1.2795482237104,1.32998665194387,0.0504384282334693,0.0504384282334693,TRUE,0.000417912702660872,0.00768220348314019,TRUE
932,"Higher in IPF","ENSG00000135205","CCDC146","coiled-coil domain containing 146","57639",1.32586654976446,3.9311542233232,4.0637114485536,9.56460812302083e-05,0.000396312164346643,0.594603924195024,"single_mapping_record",1,1,1,TRUE,TRUE,1.33348012584955,1.28324436797029,-0.0502357578792638,0.0502357578792638,TRUE,0.000504953514622718,0.0139840718059009,TRUE
933,"Higher in IPF","ENSG00000100079","LGALS2","galectin 2","3957",1.32831542601574,0.743080228890881,4.06233702959298,9.60903518637593e-05,0.000397604289464927,1.14820893503748,"single_mapping_record",1,1,1,TRUE,TRUE,1.32805601393413,1.29280206522201,-0.0352539487121213,0.0352539487121213,TRUE,0.0005309619114102,0.0118650976834046,TRUE
934,"Higher in IPF","ENSG00000187730","GABRD","gamma-aminobutyric acid type A receptor subunit delta","2563",1.36269702154519,0.169430019967549,4.06219006575617,9.61270649353851e-05,0.000397646596530725,1.17969166663868,"single_mapping_record",1,1,1,TRUE,TRUE,1.37635617096284,0.237428750194064,-1.13892742076877,1.13892742076877,TRUE,0.000461308319483512,0.628472107782111,FALSE
935,"Higher in IPF","ENSG00000121895","TMEM156","transmembrane protein 156","80008",1.21432793076517,1.04773196471305,4.05321543961515,9.93773654219324e-05,0.000409737162788808,1.0711294438144,"single_mapping_record",1,1,1,TRUE,TRUE,1.20857351436678,1.10448825311894,-0.104085261247845,0.104085261247845,TRUE,0.000542277575417524,0.0200136303098281,TRUE
936,"Higher in IPF","ENSG00000069011","PITX1","paired like homeodomain 1","5307",2.27095545856379,-1.97173965553734,4.05100548425871,0.000100214713082197,0.000412736151657047,1.16500303849957,"single_mapping_record",1,1,1,TRUE,TRUE,2.27697608713301,2.22732745870819,-0.049648628424821,0.049648628424821,TRUE,0.00053761168667097,0.0128188890134237,TRUE
937,"Higher in IPF","ENSG00000127324","TSPAN8","tetraspanin 8","7103",1.1200337348684,4.89347772374493,4.05014853046181,0.000100537478054522,0.000413611570445187,0.365554677007636,"single_mapping_record",1,1,1,TRUE,TRUE,1.08098802625394,0.417952314773868,-0.663035711480074,0.663035711480074,TRUE,0.000826276560588148,0.316108186411619,FALSE
938,"Higher in IPF","ENSG00000150551","LYPD1","LY6/PLAUR domain containing 1","116372",1.24399639936867,0.386827416410831,4.04773191084002,0.000101353349883321,0.000416169717846939,1.11719060798747,"single_mapping_record",1,1,1,TRUE,TRUE,1.31634599751936,1.61062476270206,0.294278765182704,0.294278765182704,TRUE,0.000245463812555158,0.00117836727601523,TRUE
939,"Higher in IPF","ENSG00000104140","RHOV","ras homolog family member V","171177",3.44403045062192,0.23312058207971,4.04690484861083,0.000101742317631374,0.000417424343340309,1.14212014106217,"single_mapping_record",1,1,1,TRUE,TRUE,3.45889822286034,3.79698038040081,0.338082157540465,0.338082157540465,TRUE,0.000487615147577101,0.00390853492801599,TRUE
940,"Higher in IPF","ENSG00000129204","USP6","ubiquitin specific peptidase 6","9098",1.91618339485715,-0.327200640410542,4.04652790721057,0.00010188322313841,0.000417888236544755,1.16341671329421,"single_mapping_record",1,1,1,TRUE,TRUE,1.93209713686697,1.76709237896085,-0.165004757906113,0.165004757906113,TRUE,0.000552311125166914,0.0179110683319556,TRUE
941,"Higher in IPF","ENSG00000164509","IL31RA","interleukin 31 receptor A","133396",1.52218912174793,-1.3535576276075,4.04358088913153,0.000102886801736775,0.000421198982185018,1.15189856083398,"single_mapping_record",1,1,1,TRUE,TRUE,1.58152794994039,1.44173534266717,-0.139792607273227,0.139792607273227,TRUE,0.000351325091314911,0.0151664612432019,TRUE
942,"Higher in IPF","ENSG00000184937","WT1","WT1 transcription factor","7490",3.72338889893063,-0.0725627548846845,4.02861201826241,0.000108800234149672,0.000442391417945523,1.10886054339165,"single_mapping_record",1,1,1,TRUE,TRUE,3.75556163763574,3.86051548523615,0.104953847600409,0.104953847600409,TRUE,0.000571757043983454,0.00564332870100256,TRUE
943,"Higher in IPF","ENSG00000196277","GRM7","glutamate metabotropic receptor 7","2917",2.05067425120593,-1.35616104521727,4.02112715115199,0.000111775374627027,0.000452893906585948,1.07038317702092,"single_mapping_record",1,1,1,TRUE,TRUE,2.08357257799821,1.93540382065898,-0.148168757339229,0.148168757339229,TRUE,0.00054625810384783,0.0160593912246704,TRUE
944,"Higher in IPF","ENSG00000184564","SLITRK6","SLIT and NTRK like family member 6","84189",1.66452309363683,2.82990703081565,4.0192829654362,0.000112577821798138,0.000455530528526591,0.700855671572018,"single_mapping_record",1,1,1,TRUE,TRUE,1.5850092755173,1.66764952144317,0.0826402459258671,0.0826402459258671,TRUE,0.000926219069683728,0.010570198905927,TRUE
945,"Higher in IPF","ENSG00000162975","KCNF1","potassium voltage-gated channel modifier subfamily F member 1","3754",1.42717411279377,-0.949287817364343,4.01829310498683,0.000112873702961156,0.000456481688807347,1.07609219616468,"single_mapping_record",1,1,1,TRUE,TRUE,1.4536211006852,1.46940570628271,0.0157846055975093,0.0157846055975093,TRUE,0.000503477982892756,0.00978541507858084,TRUE
946,"Higher in IPF","ENSG00000092607","TBX15","T-box transcription factor 15","6913",1.10469023715567,1.1782638110156,4.01668129839901,0.0001136070531244,0.00045920007579523,0.904084382874805,"single_mapping_record",1,1,1,TRUE,TRUE,1.04423313976917,0.498417224298334,-0.545815915470837,0.545815915470837,TRUE,0.000969393318889669,0.228878006340039,FALSE
947,"Higher in IPF","ENSG00000230453","ANKRD18B","ankyrin repeat domain 18B","441459",2.249554479258,-2.41851514641649,4.01283043458675,0.000115226183557434,0.000464618712748911,1.0175853571519,"single_mapping_record",1,1,1,TRUE,TRUE,2.26773045882595,2.49480560811521,0.227075149289262,0.227075149289262,TRUE,0.000582560934437079,0.00439782076151685,TRUE
948,"Higher in IPF","ENSG00000153234","NR4A2","nuclear receptor subfamily 4 group A member 2","4929",1.68610950229945,4.47989354138663,4.00985746023246,0.000116521792686982,0.000469212755315712,0.329901135710239,"single_mapping_record",1,1,1,TRUE,TRUE,1.75312885669235,1.35598835574226,-0.397140500950085,0.397140500950085,TRUE,0.000408273787127744,0.0349516733992639,TRUE
949,"Higher in IPF","ENSG00000134363","FST","follistatin","10468",1.00035882548047,3.79210521405644,4.00624303359256,0.000118068996492148,0.000474806261810912,0.392586711060991,"single_mapping_record",1,1,1,TRUE,TRUE,0.993468482834516,0.59527829877547,-0.398190184059046,0.398190184059046,TRUE,0.000692387197325997,0.117536845601785,FALSE
950,"Higher in IPF","ENSG00000184408","KCND2","potassium voltage-gated channel subfamily D member 2","3751",1.34077643355369,0.105311660756678,4.00582072117174,0.000118170096106679,0.000475085560458881,1.00158457695319,"single_mapping_record",1,1,1,TRUE,TRUE,1.40596227061279,1.93482888830987,0.528866617697085,0.528866617697085,TRUE,0.000368334993323429,0.000293534450642281,TRUE
951,"Higher in IPF","ENSG00000140284","SLC27A2","solute carrier family 27 member 2","11001",1.71772712096889,1.78430592053106,3.98102876690786,0.000129422197103319,0.000514535493356735,0.720474254474071,"single_mapping_record",1,1,1,TRUE,TRUE,1.75393319488191,1.73100341296806,-0.0229297819138576,0.0229297819138576,TRUE,0.000541412636178621,0.0131426294137167,TRUE
952,"Higher in IPF","ENSG00000198074","AKR1B10","aldo-keto reductase family 1 member B10","57016",2.12530618512952,-1.99679729624351,3.97723075713036,0.000131164447501199,0.000520910234361905,0.913461266066089,"single_mapping_record",1,1,1,TRUE,TRUE,2.17634895020609,2.42080318734193,0.244454237135844,0.244454237135844,TRUE,0.00051837267233468,0.00375206074701699,TRUE
953,"Higher in IPF","ENSG00000183347","GBP6","guanylate binding protein family member 6","163351",2.00794246582396,-0.500373220271563,3.97419703859534,0.000132673697232416,0.000525930167111971,0.928470276345927,"single_mapping_record",1,1,1,TRUE,TRUE,1.97939667933562,1.87316747647638,-0.106229202859245,0.106229202859245,TRUE,0.000749293545653362,0.0185843877641215,TRUE
954,"Higher in IPF","ENSG00000152092","ASTN1","astrotactin 1","460",1.90149009511496,0.438421755375657,3.96911532447228,0.000135142799320481,0.000534447761696276,0.864251697180828,"single_mapping_record",1,1,1,TRUE,TRUE,1.92229920641003,1.87059878501898,-0.0517004213910484,0.0517004213910484,TRUE,0.000572254545338631,0.0121485389276135,TRUE
955,"Higher in IPF","ENSG00000124882","EREG","epiregulin","2069",1.80035076626395,1.66805125969362,3.9667597568091,0.000136302167052923,0.000538465297841704,0.71358848750459,"single_mapping_record",1,1,1,TRUE,TRUE,1.90446701455087,1.96106821114155,0.0566011965906792,0.0566011965906792,TRUE,0.000420083546642825,0.00691202402028053,TRUE
956,"Higher in IPF","ENSG00000187193","MT1X","metallothionein 1X","4501",1.2122056762064,5.28699619508538,3.96536242257941,0.000136994396428506,0.000541057584631604,0.014471382049833,"single_mapping_record",1,1,1,TRUE,TRUE,1.31008215774265,1.08216625465459,-0.227915903088059,0.227915903088059,TRUE,0.000247098780227908,0.0221413438488249,TRUE
957,"Higher in IPF","ENSG00000070526","ST6GALNAC1","ST6 N-acetylgalactosaminide alpha-2,6-sialyltransferase 1","55808",1.70963725319472,3.48542184448676,3.95370531623236,0.000142901662934555,0.000562907311459864,0.298638880269379,"single_mapping_record",1,1,1,TRUE,TRUE,1.8027453463987,2.06703169976722,0.264286353368521,0.264286353368521,TRUE,0.000409091267826665,0.00337815413630978,TRUE
958,"Higher in IPF","ENSG00000130054","NALF2","NALCN channel auxiliary factor 2","27112",1.82091000743558,-1.50806525081983,3.95208667951406,0.000143646001113249,0.000565542556703933,0.853034198229772,"single_mapping_record",1,1,1,TRUE,TRUE,1.76321459545784,1.23892361691671,-0.52429097854113,0.52429097854113,TRUE,0.00105651608714741,0.0816493118568398,FALSE
959,"Higher in IPF","ENSG00000265190","ANXA8","annexin A8","653145",1.68441014308123,1.55922468076377,3.95087388899119,0.000144372817541956,0.000567732399443797,0.644489229246342,"single_mapping_record",1,1,1,TRUE,TRUE,1.77257052225376,1.41939982392458,-0.353170698329182,0.353170698329182,TRUE,0.000417898031347204,0.0325404301505775,TRUE
960,"Higher in IPF","ENSG00000178031","ADAMTSL1","ADAMTS like 1","92949",1.27781051871877,3.53017188448114,3.95076606555597,0.000144429125597912,0.000567732399443797,0.290266145059523,"single_mapping_record",1,1,1,TRUE,TRUE,1.33450220370456,1.03969898835749,-0.294803215347068,0.294803215347068,TRUE,0.000456290969874265,0.0370439120112945,TRUE
961,"Higher in IPF","ENSG00000147697","GSDMC","gasdermin C","56169",1.35221016893463,0.0696330745481853,3.9474292830164,0.000146106801170815,0.000573876321082228,0.803684677401564,"single_mapping_record",1,1,1,TRUE,TRUE,1.40932788245845,1.57250827551486,0.163180393056405,0.163180393056405,TRUE,0.000456911653482742,0.00422042730193614,TRUE
962,"Higher in IPF","ENSG00000026751","SLAMF7","SLAM family member 7","57823",1.0975547708354,4.52008470112533,3.9445461012597,0.000147713105841455,0.00057942752675514,0.0711838905462345,"single_mapping_record",1,1,1,TRUE,TRUE,1.11954682130448,1.08561157954733,-0.0339352417571492,0.0339352417571492,TRUE,0.000590093427698897,0.0151282770274053,TRUE
963,"Higher in IPF","ENSG00000149043","SYT8","synaptotagmin 8","90019",2.16213730226107,3.23657797901109,3.9426136484399,0.000148747834746611,0.000582725077039699,0.326645465060635,"single_mapping_record",1,1,1,TRUE,TRUE,2.21756655190668,2.16472413873437,-0.0528424131723062,0.0528424131723062,TRUE,0.000607136510483528,0.0128684107619173,TRUE
964,"Higher in IPF","ENSG00000138028","CGREF1","cell growth regulator with EF-hand domain 1","10669",1.29309749820541,0.743723315213483,3.93942131357952,0.000150436253096353,0.000588571548470796,0.719204932671656,"single_mapping_record",1,1,1,TRUE,TRUE,1.35805363443376,1.53090364922188,0.172850014788116,0.172850014788116,TRUE,0.000423819629026261,0.00326454912171582,TRUE
965,"Higher in IPF","ENSG00000113946","CLDN16","claudin 16","10686",2.2637762164207,-0.960749563518999,3.93845633940429,0.000150997383740079,0.000590305397058872,0.817849802698898,"single_mapping_record",1,1,1,TRUE,TRUE,2.27664417024147,2.15143241880767,-0.125211751433792,0.125211751433792,TRUE,0.000712864439428644,0.0177633841128009,TRUE
966,"Higher in IPF","ENSG00000169962","TAS1R3","taste 1 receptor member 3","83756",1.28042790522039,0.143897381116115,3.93642380488211,0.000152002498952555,0.000593616418906285,0.766228411478616,"single_mapping_record",1,1,1,TRUE,TRUE,1.32115649762975,1.21951850549486,-0.101637992134894,0.101637992134894,TRUE,0.000492399789142776,0.0171183320499107,TRUE
967,"Higher in IPF","ENSG00000159251","ACTC1","actin alpha cardiac muscle 1","70",1.70416716620121,-0.15693330810055,3.92965410671874,0.000155868061956888,0.000606032464671536,0.766753348142395,"single_mapping_record",1,1,1,TRUE,TRUE,1.78182543951838,1.26866527073388,-0.513160168784492,0.513160168784492,TRUE,0.000478472460999413,0.0528499986846461,FALSE
968,"Higher in IPF","ENSG00000138379","MSTN","myostatin","2660",1.04159574504839,-1.06026902961601,3.9226409774797,0.000159709558987379,0.000619364479338294,0.767912170383642,"single_mapping_record",1,1,1,TRUE,TRUE,1.09117162863995,1.18354675443344,0.0923751257934857,0.0923751257934857,TRUE,0.000439616096160903,0.0052926957912639,TRUE
969,"Higher in IPF","ENSG00000172927","MYEOV","myeloma overexpressed","26579",1.39897439804711,-1.19586035896673,3.92090607270871,0.000160710276836334,0.000623084368767316,0.762148767908799,"single_mapping_record",1,1,1,TRUE,TRUE,1.43063547938236,1.78460342308769,0.353967943705322,0.353967943705322,TRUE,0.000655555114602487,0.00178314758715276,TRUE
970,"Higher in IPF","ENSG00000148600","CDHR1","cadherin related family member 1","92211",1.40355275685172,0.65033224817601,3.91816057031332,0.00016245419729026,0.000628617916309278,0.649255823818716,"single_mapping_record",1,1,1,TRUE,TRUE,1.44893724978581,1.51454383329744,0.0656065835116291,0.0656065835116291,TRUE,0.000566605867175881,0.00902163002335382,TRUE
971,"Higher in IPF","ENSG00000131969","ABHD12B","abhydrolase domain containing 12B","145447",2.24261051723117,-1.97865442304314,3.91796223794857,0.00016253192485418,0.000628685713968292,0.728801917637186,"single_mapping_record",1,1,1,TRUE,TRUE,2.31178380921507,2.37263036352461,0.0608465543095456,0.0608465543095456,TRUE,0.000545107253110384,0.00767749870355931,TRUE
972,"Higher in IPF","ENSG00000184949","FAM227A","family with sequence similarity 227 member A","646851",1.47685770889946,2.24370971343503,3.91789827569186,0.000162607557598163,0.000628816242829373,0.433321749111925,"single_mapping_record",1,1,1,TRUE,TRUE,1.49957755355175,1.57870577764678,0.0791282240950308,0.0791282240950308,TRUE,0.000703230338765415,0.0091730899440038,TRUE
973,"Higher in IPF","ENSG00000163395","IGFN1","immunoglobulin like and fibronectin type III domain containing 1","91156",1.58773401129222,2.82724729450084,3.91218096253255,0.000165984945798646,0.00063973453307555,0.298600008949836,"single_mapping_record",1,1,1,TRUE,TRUE,1.56001214659294,1.25486404930873,-0.305148097284206,0.305148097284206,TRUE,0.000989614533896978,0.0453287669930968,TRUE
974,"Higher in IPF","ENSG00000111404","RERGL","RERG like","79785",1.56312007292779,0.754500647249521,3.91049793744381,0.000166991850436401,0.000642460701883971,0.632913571103638,"single_mapping_record",1,1,1,TRUE,TRUE,1.4426364836041,1.31482527692253,-0.127811206681573,0.127811206681573,TRUE,0.00127231556062844,0.0256999807976448,TRUE
975,"Higher in IPF","ENSG00000164512","ANKRD55","ankyrin repeat domain 55","79722",1.05830388487099,-0.314181291375726,3.91028511353249,0.000166968354336525,0.000642460701883971,0.709960651182482,"single_mapping_record",1,1,1,TRUE,TRUE,0.934965210709594,0.569841181410753,-0.365124029298841,0.365124029298841,TRUE,0.00180019955773893,0.145553569485141,FALSE
976,"Higher in IPF","ENSG00000164099","PRSS12","serine protease 12","8492",1.0996212365571,4.3344959533466,3.90777493583053,0.000168633302252267,0.000647945516614033,-0.0350989854873172,"single_mapping_record",1,1,1,TRUE,TRUE,1.102342750807,0.879292481232582,-0.223050269574421,0.223050269574421,TRUE,0.000823857009743144,0.0491340657388446,TRUE
977,"Higher in IPF","ENSG00000137699","TRIM29","tripartite motif containing 29","23650",2.53674450734181,2.87869319465642,3.90733947766335,0.000168897224973458,0.000648627562369291,0.267605722296329,"single_mapping_record",1,1,1,TRUE,TRUE,2.58852968800111,2.64731795808893,0.0587882700878217,0.0587882700878217,TRUE,0.000704581486309915,0.011137045239075,TRUE
978,"Higher in IPF","ENSG00000267060","PTGES3L","prostaglandin E synthase 3 like","100885848",1.1451811864686,-0.730509839543519,3.90352877303498,0.00017106966528776,0.000655628750395675,0.70205901814293,"single_mapping_record",1,1,1,TRUE,TRUE,1.1837057448293,1.58697557726544,0.403269832436135,0.403269832436135,TRUE,0.00057465555838669,0.000541965114560767,TRUE
979,"Higher in IPF","ENSG00000158445","KCNB1","potassium voltage-gated channel subfamily B member 1","3745",1.39637525753996,1.97537429410353,3.89952045754067,0.00017370381693039,0.000664706015742802,0.411452499882855,"single_mapping_record",1,1,1,TRUE,TRUE,1.43885563549136,1.33596404102946,-0.102891594461906,0.102891594461906,TRUE,0.000627772496940005,0.0183344400228579,TRUE
980,"Higher in IPF","ENSG00000101204","CHRNA4","cholinergic receptor nicotinic alpha 4 subunit","1137",1.98186872206472,-1.45378386636071,3.89243773482087,0.000178117936523061,0.000678656462711724,0.6667025900416,"single_mapping_record",1,1,1,TRUE,TRUE,2.01187869432322,1.99696944724882,-0.0149092470744001,0.0149092470744001,TRUE,0.000776281613348579,0.0135917598007432,TRUE
981,"Higher in IPF","ENSG00000124875","CXCL6","C-X-C motif chemokine ligand 6","6372",2.44500541504181,0.428618722980032,3.88830495102755,0.000180826809194024,0.000687233432815366,0.604470381171128,"single_mapping_record",1,1,1,TRUE,TRUE,2.49009753535587,2.40510543143614,-0.0849921039197246,0.0849921039197246,TRUE,0.000761029294872185,0.0192853710831744,TRUE
982,"Higher in IPF","ENSG00000109956","B3GAT1","beta-1,3-glucuronyltransferase 1","27087",1.07002204356657,1.03468826065808,3.88583679172524,0.000182335252137032,0.000692090216202559,0.507082941943698,"single_mapping_record",1,1,1,TRUE,TRUE,1.11945809189683,1.06890784358369,-0.0505502483131388,0.0505502483131388,TRUE,0.000567766947434441,0.0159524119378371,TRUE
983,"Higher in IPF","ENSG00000174460","ZCCHC12","zinc finger CCHC-type containing 12","170261",1.65525786434557,-0.733779367860577,3.86877712300295,0.000193815631569955,0.000731596746574846,0.594254454667825,"single_mapping_record",1,1,1,TRUE,TRUE,1.8599173415728,2.28282513026039,0.422907788687582,0.422907788687582,TRUE,0.000188170221479107,0.000721226131180866,TRUE
984,"Higher in IPF","ENSG00000122121","XPNPEP2","X-prolyl aminopeptidase 2","7512",1.23016569376267,2.68583736486759,3.86801885592974,0.000194424130433117,0.000733524766539822,0.184681013794745,"single_mapping_record",1,1,1,TRUE,TRUE,1.28572759393256,1.3416769249118,0.0559493309792334,0.0559493309792334,TRUE,0.000585608394813241,0.00799087173115353,TRUE
985,"Higher in IPF","ENSG00000134343","ANO3","anoctamin 3","63982",1.46851392549649,1.13246005471134,3.85111932742377,0.000206490664254942,0.00077167982369808,0.377911947797009,"single_mapping_record",1,1,1,TRUE,TRUE,1.40267946807178,0.399782418880938,-1.00289704919084,1.00289704919084,TRUE,0.00157166189926639,0.477338737665565,FALSE
986,"Higher in IPF","ENSG00000120262","CCDC170","coiled-coil domain containing 170","80129",1.52465891451463,3.42908246160198,3.85069084551726,0.000206805696725102,0.000772472535266789,-0.0158665916920038,"single_mapping_record",1,1,1,TRUE,TRUE,1.52713717532056,1.32011266927774,-0.207024506042818,0.207024506042818,TRUE,0.000995636320571272,0.0349212879547074,TRUE
987,"Higher in IPF","ENSG00000181617","FDCSP","follicular dendritic cell secreted protein","260436",2.85856391439997,-1.6629052893711,3.8472131537892,0.000209379600047235,0.000780339264128374,0.518040524191579,"single_mapping_record",1,1,1,TRUE,TRUE,2.8575853409555,2.88335545459112,0.0257701136356268,0.0257701136356268,TRUE,0.00107615117463153,0.0127522714426404,TRUE
988,"Higher in IPF","ENSG00000043039","BARX2","BARX homeobox 2","8538",1.99966790008133,-1.41636866508087,3.84326018442619,0.000212305237357833,0.000790457892662647,0.51645167369744,"single_mapping_record",1,1,1,TRUE,TRUE,2.08887470951324,2.02863038550253,-0.0602443240107076,0.0602443240107076,TRUE,0.000634548493852597,0.0145275289999971,TRUE
989,"Higher in IPF","ENSG00000125409","TEKT3","tektin 3","64518",1.29201154667771,0.327614343708654,3.84104284520313,0.00021393211503572,0.0007955285882874,0.438035750539342,"single_mapping_record",1,1,1,TRUE,TRUE,1.29450977319801,1.16294915446656,-0.131560618731451,0.131560618731451,TRUE,0.000991523389127951,0.0299213107139429,TRUE
990,"Higher in IPF","ENSG00000196711","ALKAL1","ALK and LTK ligand 1","389658",1.64016479555892,-1.68813325721728,3.83358652832585,0.00021957631281325,0.000813695287077885,0.478742813842202,"single_mapping_record",1,1,1,TRUE,TRUE,1.62061529562437,1.39410565164244,-0.226509643981925,0.226509643981925,TRUE,0.00121041943141327,0.0389433769120587,TRUE
991,"Higher in IPF","ENSG00000163293","NIPAL1","NIPA like domain containing 1","152519",1.11835251916969,0.125968152831363,3.82750343242707,0.000224364908892999,0.000829597539975789,0.411647392558896,"single_mapping_record",1,1,1,TRUE,TRUE,1.12850869617984,1.36186401128163,0.233355315101787,0.233355315101787,TRUE,0.000989873744229027,0.00359805384437816,TRUE
992,"Higher in IPF","ENSG00000197057","DTHD1","death domain containing 1","401124",2.0818466893425,2.35329643517072,3.82698372581548,0.000224967716666998,0.0008313723578657,0.145242006314512,"single_mapping_record",1,1,1,TRUE,TRUE,2.10227297042835,1.84645328646152,-0.255819683966831,0.255819683966831,TRUE,0.00101435555497579,0.0310340625044442,TRUE
993,"Higher in IPF","ENSG00000127561","SYNGR3","synaptogyrin 3","9143",1.11295273218146,-0.373321981893323,3.82106151567947,0.000229544348788187,0.000846247486249573,0.425724901543348,"single_mapping_record",1,1,1,TRUE,TRUE,1.13956779958952,1.1280726056477,-0.0114951939418195,0.0114951939418195,TRUE,0.000845840792197724,0.0151733507382002,TRUE
994,"Higher in IPF","ENSG00000164675","IQUB","IQ motif and ubiquitin domain containing","154865",1.60313757787765,0.70123039414155,3.82018379329449,0.000230451358154794,0.00084875755363586,0.337176004904506,"single_mapping_record",1,1,1,TRUE,TRUE,1.59638896690503,1.56265953512418,-0.0337294317808583,0.0337294317808583,TRUE,0.00114817752840995,0.021401433997708,TRUE
995,"Higher in IPF","ENSG00000160180","TFF3","trefoil factor 3","7033",1.23423197855134,2.84398316672216,3.81916062638042,0.000231287404678168,0.00085100159780114,-0.0257701558725669,"single_mapping_record",1,1,1,TRUE,TRUE,1.23110605698044,0.894861450581011,-0.336244606399434,0.336244606399434,TRUE,0.00109694632061966,0.0698846319415486,FALSE
996,"Higher in IPF","ENSG00000118729","CASQ2","calsequestrin 2","845",1.20330040954449,3.49336190769976,3.81479939838226,0.000234883542023453,0.00086212022808217,-0.172844190025921,"single_mapping_record",1,1,1,TRUE,TRUE,1.23386895755056,0.961266059634868,-0.27260289791569,0.27260289791569,TRUE,0.000857530659271623,0.0504809212901889,FALSE
997,"Higher in IPF","ENSG00000154645","CHODL","chondrolectin","140578",1.03113947078491,-0.289593939729039,3.80338078671963,0.00024435162363514,0.000893189175958678,0.365063928212262,"single_mapping_record",1,1,1,TRUE,TRUE,1.04351917845452,1.12311044325743,0.0795912648029116,0.0795912648029116,TRUE,0.00101188651538142,0.00917085566316038,TRUE
998,"Higher in IPF","ENSG00000184613","NELL2","neural EGFL like 2","4753",1.32666264778815,3.2724836133349,3.78467497126142,0.000261216670355069,0.000947881231658276,-0.214513219903123,"single_mapping_record",1,1,1,TRUE,TRUE,1.30089589025766,0.880880250439171,-0.420015639818484,0.420015639818484,TRUE,0.00138744389675706,0.0965676813527871,FALSE
999,"Higher in IPF","ENSG00000138587","MNS1","meiosis specific nuclear structural 1","55329",1.12563285858973,2.20714526119467,3.77575148384116,0.000269541463747091,0.000974790762170883,-0.0506245233773885,"single_mapping_record",1,1,1,TRUE,TRUE,1.11477219973455,0.988619546525652,-0.126152653208893,0.126152653208893,TRUE,0.00131914510559901,0.0370293988028834,TRUE
1000,"Higher in IPF","ENSG00000164749","HNF4G","hepatocyte nuclear factor 4 gamma","3174",2.15271996136442,-1.42944988508091,3.77486932574024,0.000270378006829731,0.000976813452783766,0.305127569944429,"single_mapping_record",1,1,1,TRUE,TRUE,2.21815867135436,2.33482523111333,0.116666559758972,0.116666559758972,TRUE,0.000931502180825585,0.0102073215287854,TRUE
1001,"Higher in IPF","ENSG00000162772","ATF3","activating transcription factor 3","467",1.18986635110206,5.64452412227139,3.77456270725137,0.000270669348476719,0.000976986838021763,-0.658736442972709,"single_mapping_record",1,1,1,TRUE,TRUE,1.2198095639588,0.990115434836854,-0.229694129121942,0.229694129121942,TRUE,0.00098213446255377,0.0465153440428198,TRUE
1002,"Higher in IPF","ENSG00000129194","SOX15","SRY-box transcription factor 15","6665",1.13747465966294,-0.497902866320196,3.77112027528255,0.00027374184855098,0.000987364879972924,0.270214704013907,"single_mapping_record",1,1,1,TRUE,TRUE,1.13846244331724,0.934715885573047,-0.203746557744195,0.203746557744195,TRUE,0.00123196733898637,0.0491954039290535,TRUE
1003,"Higher in IPF","ENSG00000163040","CCDC74A","coiled-coil domain containing 74A","90557",1.354144741726,2.11499320786271,3.76361707703953,0.000281267406752952,0.00101135001441325,-0.0679746850740628,"single_mapping_record",1,1,1,TRUE,TRUE,1.39265049882163,1.47118884003105,0.0785383412094114,0.0785383412094114,TRUE,0.000995636320571272,0.0112577883713851,TRUE
1004,"Higher in IPF","ENSG00000187510","PLEKHG7","pleckstrin homology and RhoGEF domain containing G7","440107",2.42932703057165,0.538597452619858,3.76283309639018,0.00028204144651229,0.00101389037237608,0.18380903209861,"single_mapping_record",1,1,1,TRUE,TRUE,2.41994191604319,2.43643978024387,0.0164978642006752,0.0164978642006752,TRUE,0.0012266365398795,0.0166628081581972,TRUE
1005,"Higher in IPF","ENSG00000132744","ACY3","aminoacylase 3","91703",1.20843882963318,-1.36424547088038,3.760709867509,0.000283922957765768,0.00101918972787654,0.26226818251847,"single_mapping_record",1,1,1,TRUE,TRUE,1.33264122288559,1.26908124355877,-0.0635599793268247,0.0635599793268247,TRUE,0.00036819210103113,0.0126664809748572,TRUE
1006,"Higher in IPF","ENSG00000161905","ALOX15","arachidonate 15-lipoxygenase","246",3.04244644842947,1.93671664181955,3.75500680678915,0.000289880340150236,0.00103735009924561,0.0127837027777469,"single_mapping_record",1,1,1,TRUE,TRUE,3.00784810528926,2.72878021960872,-0.279067885680544,0.279067885680544,TRUE,0.00129727944760949,0.0275943563342217,TRUE
1007,"Higher in IPF","ENSG00000104313","EYA1","EYA transcriptional coactivator and phosphatase 1","2138",2.53315152183468,-0.146745188697559,3.74799921034659,0.000297074585599303,0.00105905572999685,0.185549193454993,"single_mapping_record",1,1,1,TRUE,TRUE,2.51203779903117,2.52598377042707,0.0139459713958967,0.0139459713958967,TRUE,0.00137229966171162,0.0173789899365404,TRUE
1008,"Higher in IPF","ENSG00000197410","DCHS2","dachsous cadherin-related 2","54798",1.46122054600977,0.168411912441685,3.74346709335122,0.000301763306965535,0.00107347648439967,0.152271980218101,"single_mapping_record",1,1,1,TRUE,TRUE,1.45234024532041,1.61928024598495,0.166940000664536,0.166940000664536,TRUE,0.00159350655679597,0.00981050817284015,TRUE
1009,"Higher in IPF","ENSG00000177459","ERICH5","glutamate rich 5","203111",2.06202103137975,-0.707479027539393,3.73847502835008,0.000307124893416655,0.00109119648180465,0.186926216274603,"single_mapping_record",1,1,1,TRUE,TRUE,2.06304374285839,2.01757974300456,-0.0454639998538338,0.0454639998538338,TRUE,0.00136827069844028,0.02239004305608,TRUE
1010,"Higher in IPF","ENSG00000188316","ENO4","enolase 4","387712",1.43772260861397,-0.188497889319831,3.73253925274705,0.000313458079059201,0.00111008084048991,0.131683369618379,"single_mapping_record",1,1,1,TRUE,TRUE,1.456943351467,1.31940088185982,-0.137542469607175,0.137542469607175,TRUE,0.00128359751342313,0.0327849734513073,TRUE
1011,"Higher in IPF","ENSG00000205129","CFAP96","cilia and flagella associated protein 96","441054",1.71633728622968,0.556248620301567,3.73196772388452,0.000314176555535897,0.0011121005545166,0.0678839638269659,"single_mapping_record",1,1,1,TRUE,TRUE,1.74470821540318,1.8195756528233,0.074867437420121,0.074867437420121,TRUE,0.00123746107052636,0.0137903638654885,TRUE
1012,"Higher in IPF","ENSG00000117322","CR2","complement C3d receptor 2","1380",2.4593375514229,0.216478746645967,3.72198464480598,0.000325294494136824,0.00114658862314675,0.107215111741031,"single_mapping_record",1,1,1,TRUE,TRUE,2.47740903422756,2.734734247385,0.257325213157448,0.257325213157448,TRUE,0.00140523285203059,0.00842540010591533,TRUE
1013,"Higher in IPF","ENSG00000119636","BBOF1","basal body orientation factor 1","80127",1.05046005768526,3.35660557951333,3.70668163351291,0.000343065288610313,0.00120245064501938,-0.51182910282226,"single_mapping_record",1,1,1,TRUE,TRUE,1.03858430770693,1.07127018830996,0.0326858806030295,0.0326858806030295,TRUE,0.0016760444850867,0.01923680354309,TRUE
1014,"Higher in IPF","ENSG00000111199","TRPV4","transient receptor potential cation channel subfamily V member 4","59341",1.14125972704645,2.691470563481,3.70225358978075,0.000348376929584691,0.00121850756452129,-0.380629245294697,"single_mapping_record",1,1,1,TRUE,TRUE,1.21671926415681,1.36407214358535,0.147352879428541,0.147352879428541,TRUE,0.000801248864274803,0.00628403343514261,TRUE
1015,"Higher in IPF","ENSG00000196104","SPOCK3","SPARC (osteonectin), cwcv and kazal like domains proteoglycan 3","50859",2.62180471086579,-1.36469377490357,3.699287481366,0.000351978470557726,0.00122852843525054,0.0747721896613065,"single_mapping_record",1,1,1,TRUE,TRUE,2.60304681816332,2.17142164020168,-0.431625177961638,0.431625177961638,TRUE,0.0016649002350725,0.0508375209319162,FALSE
1016,"Higher in IPF","ENSG00000197816","CCDC180","coiled-coil domain containing 180","100499483",1.04426529305991,1.64589517683689,3.69822397926111,0.000353260988204205,0.00123214543562303,-0.195703522201021,"single_mapping_record",1,1,1,TRUE,TRUE,1.09840584988034,1.14930404997794,0.0508982000975986,0.0508982000975986,TRUE,0.000930221192431364,0.0116762006611453,TRUE
1017,"Higher in IPF","ENSG00000196344","ADH7","alcohol dehydrogenase 7 (class IV), mu or sigma polypeptide","131",3.51147295789684,-1.17426209350481,3.69574709864513,0.000356323580696189,0.00124167353607502,0.0602536085447323,"single_mapping_record",1,1,1,TRUE,TRUE,3.5201562617459,3.54213077302859,0.0219745112826919,0.0219745112826919,TRUE,0.00153667507149732,0.0175377452750093,TRUE
1018,"Higher in IPF","ENSG00000188257","PLA2G2A","phospholipase A2 group IIA","5320",1.91859254908697,5.08314376283972,3.68472622797035,0.000370177682674647,0.00128339662178102,-0.84756847788788,"single_mapping_record",1,1,1,TRUE,TRUE,2.03352724357865,2.08036353274335,0.0468362891647058,0.0468362891647058,TRUE,0.000916120740834132,0.01297309797031,TRUE
1019,"Higher in IPF","ENSG00000100012","SEC14L3","SEC14 like lipid binding 3","266629",2.1372165554986,-0.743927269457917,3.6832103956678,0.000372122713280354,0.00128865194273695,0.0149105555892053,"single_mapping_record",1,1,1,TRUE,TRUE,2.16594580241358,1.64133987808478,-0.524605924328808,0.524605924328808,TRUE,0.00149975549553686,0.0715926253420122,FALSE
1020,"Higher in IPF","ENSG00000182050","MGAT4C","MGAT4 family member C","25834",1.14940588573629,-0.498791431053178,3.67665555454622,0.000380366787572409,0.00131507743321902,-0.0196407011559838,"single_mapping_record",1,1,1,TRUE,TRUE,1.12890156894689,0.505481658022822,-0.623419910924069,0.623419910924069,TRUE,0.00204161197184239,0.295329314225429,FALSE
1021,"Higher in IPF","ENSG00000177455","CD19","CD19 molecule","930",1.7735847201496,0.718320806662696,3.6589286641001,0.00040463220659103,0.00138525397613331,-0.157353230998226,"single_mapping_record",1,1,1,TRUE,TRUE,1.7917167112377,1.80923509424207,0.0175183830043775,0.0175183830043775,TRUE,0.00160983492323106,0.0190110769887121,TRUE
1022,"Higher in IPF","ENSG00000187922","LCN10","lipocalin 10","414332",1.99604156485373,0.520256745574211,3.65597144142243,0.000408770581534352,0.00139719124999856,-0.145471753049748,"single_mapping_record",1,1,1,TRUE,TRUE,2.03521348769746,1.22618406875996,-0.809029418937509,0.809029418937509,TRUE,0.00151941064117387,0.131762217380288,FALSE
1023,"Higher in IPF","ENSG00000189350","TOGARAM2","TOG array regulator of axonemal microtubules 2","165186",1.51434617719616,2.90264983265743,3.65368851425307,0.000411992746364357,0.00140692336406318,-0.569511216149052,"single_mapping_record",1,1,1,TRUE,TRUE,1.52374123781286,1.45952302311116,-0.0642182147016999,0.0642182147016999,TRUE,0.00165815985485902,0.0275803683595016,TRUE
1024,"Higher in IPF","ENSG00000180532","ZSCAN4","zinc finger and SCAN domain containing 4","201516",1.53106499796076,-1.50017976432237,3.64718110826074,0.000421009782160547,0.00143477839949924,-0.081116392270526,"single_mapping_record",1,1,1,TRUE,TRUE,1.50266175175578,1.57209480859661,0.0694330568408308,0.0694330568408308,TRUE,0.00205393890116629,0.0184523484083882,TRUE
1025,"Higher in IPF","ENSG00000147799","ARHGAP39","Rho GTPase activating protein 39","80728",1.05418180089868,2.57187432099205,3.64717332742693,0.000421321305619726,0.00143518843656985,-0.542577696064356,"single_mapping_record",1,1,1,TRUE,TRUE,1.08555678938023,1.13369621117515,0.0481394217949145,0.0481394217949145,TRUE,0.0013934322530939,0.0157496416919586,TRUE
1026,"Higher in IPF","ENSG00000180914","OXTR","oxytocin receptor","5021",1.58225728622407,0.415752543492914,3.64169727999219,0.000429316482523106,0.00145845192026179,-0.19346648016489,"single_mapping_record",1,1,1,TRUE,TRUE,1.55015723356984,1.23901558139002,-0.311141652179813,0.311141652179813,TRUE,0.00221202786046108,0.065972287471173,FALSE
1027,"Higher in IPF","ENSG00000105641","SLC5A5","solute carrier family 5 member 5","6528",2.94602653334743,-1.20402157902433,3.63851432976874,0.000434029518013459,0.00147179831136617,-0.108862319708518,"single_mapping_record",1,1,1,TRUE,TRUE,3.01679950615187,3.24517519895198,0.228375692800108,0.228375692800108,TRUE,0.00158545660759727,0.0105880872109293,TRUE
1028,"Higher in IPF","ENSG00000124429","POF1B","POF1B actin binding protein","79983",1.03408467951978,2.01275732209055,3.63657310139103,0.000436927939707808,0.00148028937731745,-0.461727909912036,"single_mapping_record",1,1,1,TRUE,TRUE,0.978505171626233,0.456038899506424,-0.522466272119809,0.522466272119809,TRUE,0.00307390517912315,0.309753369966848,FALSE
1029,"Higher in IPF","ENSG00000105825","TFPI2","tissue factor pathway inhibitor 2","7980",1.31521484795897,2.88376796330677,3.62684596754354,0.000451729618512137,0.00152390225463016,-0.64508644772885,"single_mapping_record",1,1,1,TRUE,TRUE,1.27843926509502,1.43480555738308,0.156366292288063,0.156366292288063,TRUE,0.002120825617338,0.0119410899041019,TRUE
1030,"Higher in IPF","ENSG00000226321","CROCC2","ciliary rootlet coiled-coil, rootletin family member 2","728763",1.91887455951528,1.62435436053034,3.6266363007672,0.000452053835124495,0.00152431091035241,-0.412204941962348,"single_mapping_record",1,1,1,TRUE,TRUE,1.94771561080087,1.76807037425608,-0.179645236544784,0.179645236544784,TRUE,0.00167813648736899,0.0372157789048714,TRUE
1031,"Higher in IPF","ENSG00000169752","NRG4","neuregulin 4","145957",1.48384349308059,-0.136559485777285,3.61518087783296,0.000470080831226512,0.0015769106877931,-0.238926393551106,"single_mapping_record",1,1,1,TRUE,TRUE,1.54439151960336,1.53033878328555,-0.0140527363178136,0.0140527363178136,TRUE,0.00138352532508502,0.0208597967397536,TRUE
1032,"Higher in IPF","ENSG00000148735","PLEKHS1","pleckstrin homology domain containing S1","79949",3.69754214359544,2.23601955327498,3.61275452549946,0.000474016940855651,0.0015873170457562,-0.527777932123664,"single_mapping_record",1,1,1,TRUE,TRUE,3.75917160455938,4.15555014857817,0.396378544018782,0.396378544018782,TRUE,0.00185913904740596,0.0130638390990382,TRUE
1033,"Higher in IPF","ENSG00000175592","FOSL1","FOS like 1, AP-1 transcription factor subunit","8061",1.6755222855967,2.25649440916774,3.60763050541287,0.000482376267370224,0.00161171433914129,-0.574840402807399,"single_mapping_record",1,1,1,TRUE,TRUE,1.73124639561048,1.49218716078093,-0.239059234829548,0.239059234829548,TRUE,0.00157452068530509,0.0413981787210722,TRUE
1034,"Higher in IPF","ENSG00000183117","CSMD1","CUB and Sushi multiple domains 1","64478",1.40796074855453,0.18079510748981,3.59749466172064,0.00049930218504786,0.00166419280682471,-0.3189550755026,"single_mapping_record",1,1,1,TRUE,TRUE,1.38866307045715,0.889450202925117,-0.499212867532033,0.499212867532033,TRUE,0.00238894192193696,0.142465482689879,FALSE
1035,"Higher in IPF","ENSG00000154099","DNAAF1","dynein axonemal assembly factor 1","123872",2.42709400480062,3.46667985121733,3.59647858071201,0.000501054292832744,0.00166818075937129,-0.815691682526612,"single_mapping_record",1,1,1,TRUE,TRUE,2.47480637577543,2.71657701370961,0.241770637934176,0.241770637934176,TRUE,0.00181052414949689,0.0134028446158291,TRUE
1036,"Higher in IPF","ENSG00000206073","SERPINB4","serpin family B member 4","6318",2.89983374220406,-2.387800002599,3.59447654934406,0.000504479071048843,0.00167772259959797,-0.243551910248305,"single_mapping_record",1,1,1,TRUE,TRUE,2.95456829706329,3.21562174644764,0.261053449384344,0.261053449384344,TRUE,0.00176891795956304,0.00955454050484675,TRUE
1037,"Higher in IPF","ENSG00000154080","CHST9","carbohydrate sulfotransferase 9","83539",3.72270622879913,1.77075013482083,3.5818801346716,0.000526540431981928,0.00174067935805169,-0.550512096483696,"single_mapping_record",1,1,1,TRUE,TRUE,3.76098288774378,3.98163151985806,0.22064863211428,0.22064863211428,TRUE,0.00196319983503106,0.0138736690897186,TRUE
1038,"Higher in IPF","ENSG00000179300","RTL3","retrotransposon Gag like 3","203430",1.34271268239154,-0.969427565824609,3.5707759712161,0.000546379689537737,0.00179676930982267,-0.319878657301173,"single_mapping_record",1,1,1,TRUE,TRUE,1.35376637781598,1.04035001575415,-0.313416362061826,0.313416362061826,TRUE,0.00212964341586184,0.0776478641761757,FALSE
1039,"Higher in IPF","ENSG00000116031","CD207","CD207 molecule","50489",1.68448561194482,0.847930569272633,3.57038601390898,0.000547464597719242,0.00179915467183915,-0.455117552021225,"single_mapping_record",1,1,1,TRUE,TRUE,1.69953117287718,2.12529158573239,0.425760412855205,0.425760412855205,TRUE,0.00212725590497397,0.00455256695759361,TRUE
1040,"Higher in IPF","ENSG00000078900","TP73","tumor protein p73","7161",1.95652219536643,1.29391292183736,3.56662091899771,0.000554487899640346,0.00181904990152991,-0.55768781236762,"single_mapping_record",1,1,1,TRUE,TRUE,1.99604478022952,1.96232538496261,-0.0337193952669081,0.0337193952669081,TRUE,0.00193999171648767,0.0262553054853539,TRUE
1041,"Higher in IPF","ENSG00000257108","NHLRC4","NHL repeat containing 4","283948",1.13377645584418,1.30554080856303,3.56287633094437,0.00056155736042735,0.00183935100165147,-0.573330421517516,"single_mapping_record",1,1,1,TRUE,TRUE,1.14996926809048,1.00921013573249,-0.140759132357988,0.140759132357988,TRUE,0.00198286373742756,0.0458455361068859,TRUE
1042,"Higher in IPF","ENSG00000186766","FOXI2","forkhead box I2","399823",1.31758647757576,-1.14919076883237,3.54353675455408,0.000599058326374733,0.00194781537698451,-0.394894140552802,"single_mapping_record",1,1,1,TRUE,TRUE,1.36849658019717,1.01837821261696,-0.350118367580214,0.350118367580214,TRUE,0.0016607762808075,0.0807067692869727,FALSE
1043,"Higher in IPF","ENSG00000176153","GPX2","glutathione peroxidase 2","2877",2.11440832533782,-0.20893072042674,3.52414499864351,0.000639850775823636,0.00206657483792264,-0.505678542645232,"single_mapping_record",1,1,1,TRUE,TRUE,2.23727792235528,2.94552989086285,0.708251968507575,0.708251968507575,TRUE,0.00150691069300438,0.00228448948694467,TRUE
1044,"Higher in IPF","ENSG00000153789","CIBAR2","CBY1 interacting BAR domain containing 2","339145",2.60106503744483,1.62924657002646,3.52400768623088,0.000640145845401168,0.00206708312135133,-0.732513674713055,"single_mapping_record",1,1,1,TRUE,TRUE,2.60107222692094,2.66204557242279,0.0609733455018522,0.0609733455018522,TRUE,0.00224681669560702,0.0233449553295359,TRUE
1045,"Higher in IPF","ENSG00000007062","PROM1","prominin 1","8842",2.78922996869077,2.10256371680993,3.52303122341427,0.000642247866075046,0.00207182246650485,-0.794121132813117,"single_mapping_record",1,1,1,TRUE,TRUE,2.8417841267194,3.08252676160239,0.240742634882991,0.240742634882991,TRUE,0.00230980506767445,0.0170071847510853,TRUE
1046,"Higher in IPF","ENSG00000165973","NELL1","neural EGFL like 1","4745",1.76490632775372,-1.78103623418675,3.52234388764123,0.000643493726160802,0.0020747697201731,-0.448382614784259,"single_mapping_record",1,1,1,TRUE,TRUE,1.80196367365201,2.02011118529308,0.218147511641071,0.218147511641071,TRUE,0.00225313223458564,0.0110980127536503,TRUE
1047,"Higher in IPF","ENSG00000144057","ST6GAL2","ST6 beta-galactoside alpha-2,6-sialyltransferase 2","84620",1.02407429728481,1.12687734848576,3.52210806030111,0.000644122336862258,0.00207590999424213,-0.679564811882039,"single_mapping_record",1,1,1,TRUE,TRUE,0.984382875619786,0.549124687500251,-0.435258188119535,0.435258188119535,TRUE,0.00353739848781253,0.228878006340039,FALSE
1048,"Higher in IPF","ENSG00000267206","LCN6","lipocalin 6","158062",1.6608757981453,0.187608483133486,3.50526267927725,0.000681654723892629,0.00218467137384205,-0.591861175498279,"single_mapping_record",1,1,1,TRUE,TRUE,1.76111800837869,0.680431281164275,-1.08068672721442,1.08068672721442,TRUE,0.00160466282318185,0.335137296595835,FALSE
1049,"Higher in IPF","ENSG00000167772","ANGPTL4","angiopoietin like 4","51129",1.27947342241001,3.79709145945327,3.50384579215032,0.000684893367256703,0.00219224290602508,-1.240562824134,"single_mapping_record",1,1,1,TRUE,TRUE,1.30978316702251,1.27803572559925,-0.0317474414232584,0.0317474414232584,TRUE,0.0022539463365995,0.0284108352509143,TRUE
1050,"Higher in IPF","ENSG00000187017","ESPN","espin","83715",2.03809797627462,0.787053236035751,3.5027682010942,0.000687366177457538,0.00219828313932521,-0.679487858065831,"single_mapping_record",1,1,1,TRUE,TRUE,2.08069960399636,2.30701790834747,0.226318304351118,0.226318304351118,TRUE,0.00227447364218642,0.0140621803496329,TRUE
1051,"Higher in IPF","ENSG00000231274","SBK3","SH3 domain binding kinase family member 3","100130827",1.05313391361812,-0.857096963775272,3.49998386214442,0.000693365429891936,0.00221369668939552,-0.536793190804094,"single_mapping_record",1,1,1,TRUE,TRUE,1.07883048595611,0.989849004011961,-0.0889814819441442,0.0889814819441442,TRUE,0.00220765154592128,0.0385456401237607,TRUE
1052,"Higher in IPF","ENSG00000152669","CCNO","cyclin O","10309",2.37502213833995,-0.188970663908585,3.48797815275857,0.000722168089715177,0.00229491688459023,-0.613919557881631,"single_mapping_record",1,1,1,TRUE,TRUE,2.42737856834558,2.47573540253819,0.0483568341926093,0.0483568341926093,TRUE,0.00235090250249543,0.0245791560281653,TRUE
1053,"Higher in IPF","ENSG00000128536","CDHR3","cadherin related family member 3","222256",1.93032854589202,3.96675251011453,3.48595075726297,0.0007270661673067,0.0023091258022975,-1.31556920756247,"single_mapping_record",1,1,1,TRUE,TRUE,1.96010733478206,2.19676712720116,0.236659792419102,0.236659792419102,TRUE,0.00254491366396728,0.0166224951779895,TRUE
1054,"Higher in IPF","ENSG00000163792","TCF23","transcription factor 23","150921",1.97030719445132,-1.72167988738857,3.47997841105687,0.000741642007366376,0.00234689162757543,-0.569217488857285,"single_mapping_record",1,1,1,TRUE,TRUE,1.88446459126659,2.24464609834481,0.360181507078221,0.360181507078221,TRUE,0.00421578044570596,0.0124775336583537,TRUE
1055,"Higher in IPF","ENSG00000115423","DNAH6","dynein axonemal heavy chain 6","1768",1.9813691994949,2.33984622900708,3.47568215131455,0.00075235927201458,0.00237727160418499,-1.0070345291693,"single_mapping_record",1,1,1,TRUE,TRUE,1.98669214772274,1.88060920168617,-0.106082946036574,0.106082946036574,TRUE,0.00277029172575166,0.0386365573386442,TRUE
1056,"Higher in IPF","ENSG00000203952","CCDC160","coiled-coil domain containing 160","347475",1.52085320167374,-1.11866095368541,3.4747057501565,0.000754546653106079,0.00238368147231239,-0.595770996621153,"single_mapping_record",1,1,1,TRUE,TRUE,1.48472293089607,1.26292132058114,-0.221801610314933,0.221801610314933,TRUE,0.00352268488855821,0.0669179464415057,FALSE
1057,"Higher in IPF","ENSG00000160201","LOC102724594;U2AF1","U2 small nuclear RNA auxiliary factor 1;U2 small nuclear RNA auxiliary factor 1 like 5","102724594;7307",1.52397505661131,0.581979065810832,3.47247817499537,0.000760419365038588,0.00240021352143803,-0.734412777813834,"multiple_mapping_records",2,2,2,FALSE,FALSE,1.58497004764792,1.13460668325728,-0.450363364390638,0.450363364390638,TRUE,0.00233615080075785,0.0871247915551672,FALSE
1058,"Higher in IPF","ENSG00000139714","MORN3","MORN repeat containing 3","283385",1.14290015749084,1.54673311466849,3.4717322789207,0.000762307421561693,0.00240516162515429,-0.897311312777347,"single_mapping_record",1,1,1,TRUE,TRUE,1.14155783326288,0.991157209898111,-0.15040062336477,0.15040062336477,TRUE,0.00300994765599978,0.0592585100757006,FALSE
1059,"Higher in IPF","ENSG00000196169","KIF19","kinesin family member 19","124602",1.9683820865192,1.58679448122945,3.46798201977077,0.000771867422105057,0.00243225729232601,-0.896821045799346,"single_mapping_record",1,1,1,TRUE,TRUE,2.00529804232101,2.15629295092894,0.150994908607929,0.150994908607929,TRUE,0.00254623858631882,0.0178858936367594,TRUE
1060,"Higher in IPF","ENSG00000103021","CFAP263","cilia and flagella associated protein 263","29070",1.63792559455445,3.08427275396486,3.44311903737005,0.000838160969857157,0.0026191657950657,-1.27065472625481,"single_mapping_record",1,1,1,TRUE,TRUE,1.64221469811105,1.67127967073891,0.0290649726278616,0.0290649726278616,TRUE,0.00308676515684982,0.0300131014596646,TRUE
1061,"Higher in IPF","ENSG00000214814","FER1L6","fer-1 like family member 6","654463",1.87826450737015,-2.47541249777803,3.43894996801952,0.000849545650829254,0.00265087909171664,-0.687598982995758,"single_mapping_record",1,1,1,TRUE,TRUE,1.92806239774883,2.22752388354285,0.299461485794013,0.299461485794013,TRUE,0.00257011395324738,0.0090029408774629,TRUE
1062,"Higher in IPF","ENSG00000099937","SERPIND1","serpin family D member 1","3053",1.58797402369469,1.3162466762245,3.43824001032946,0.000851784070966998,0.00265675929219958,-0.956719032447249,"single_mapping_record",1,1,1,TRUE,TRUE,1.79797323656282,1.75017595930325,-0.0477972772595709,0.0477972772595709,TRUE,0.000830041721272957,0.0138673967748601,TRUE
1063,"Higher in IPF","ENSG00000140297","GCNT3","glucosaminyl (N-acetyl) transferase 3, mucin type","9245",1.50538744668905,-0.2931764419986,3.43814330040251,0.000852056196675761,0.00265705600841224,-0.756541421535603,"single_mapping_record",1,1,1,TRUE,TRUE,1.63346097788123,2.42326350395835,0.789802526077114,0.789802526077114,TRUE,0.00140523285203059,0.000621995665534277,TRUE
1064,"Higher in IPF","ENSG00000169435","RASSF6","Ras association domain family member 6","166824",1.40872145039828,2.29241151017314,3.42443520344375,0.000891467151429035,0.00276673658822673,-1.17851173048105,"single_mapping_record",1,1,1,TRUE,TRUE,1.4414993500427,1.4036848043324,-0.0378145457102956,0.0378145457102956,TRUE,0.00278776672699313,0.03392329106684,TRUE
1065,"Higher in IPF","ENSG00000104332","SFRP1","secreted frizzled related protein 1","6422",1.5097948005057,4.33158233816544,3.4235634825005,0.000894030482302549,0.0027727288981335,-1.57834302389676,"single_mapping_record",1,1,1,TRUE,TRUE,1.4967490886008,1.25356361310692,-0.243185475493873,0.243185475493873,TRUE,0.00351894728578027,0.0645517859487344,FALSE
1066,"Higher in IPF","ENSG00000234602","MCIDAS","multiciliate differentiation and DNA synthesis associated cell cycle protein","345643",2.03005495470981,-2.52097103985501,3.42281583021173,0.000896129331999628,0.00277661373209049,-0.732029441159876,"single_mapping_record",1,1,1,TRUE,TRUE,2.04565325746628,2.1474632764366,0.101810018970327,0.101810018970327,TRUE,0.00323891541307773,0.0225325356720897,TRUE
1067,"Higher in IPF","ENSG00000126861","LOC101927057;OMG","oligodendrocyte myelin glycoprotein;uncharacterized LOC101927057","101927057;4974",1.21865847910013,2.94347009527128,3.42262851268215,0.00089678750420485,0.00277807965603038,-1.29921541235615,"multiple_mapping_records",2,2,2,FALSE,FALSE,1.21733707091855,1.12146382978786,-0.0958732411306924,0.0958732411306924,TRUE,0.0033425085471422,0.0509646641186587,FALSE
1068,"Higher in IPF","ENSG00000153930","ANKFN1","ankyrin repeat and fibronectin type III domain containing 1","162282",1.82210732858545,0.442388212944731,3.41184820078074,0.000929159352751301,0.00286594210057582,-0.895057761100581,"single_mapping_record",1,1,1,TRUE,TRUE,1.83728828600745,2.08100772482836,0.243719438820917,0.243719438820917,TRUE,0.00330986193554641,0.0158897163869001,TRUE
1069,"Higher in IPF","ENSG00000178531","CTXN1","cortexin 1","404217",1.32763278640987,1.69714937736907,3.41063699272099,0.000932864335847239,0.00287264808404897,-1.10266372613597,"single_mapping_record",1,1,1,TRUE,TRUE,1.35302201720748,1.43145795833457,0.0784359411270854,0.0784359411270854,TRUE,0.00301422656167753,0.0241056248082704,TRUE
1070,"Higher in IPF","ENSG00000203780","FANK1","fibronectin type III and ankyrin repeat domains 1","92565",1.30686438150886,2.28273773109855,3.40904653327484,0.000937750514473383,0.00288634730134547,-1.22980663697084,"single_mapping_record",1,1,1,TRUE,TRUE,1.32953414750065,1.42335146324193,0.0938173157412898,0.0938173157412898,TRUE,0.00307811798718181,0.0226091182412255,TRUE
1071,"Higher in IPF","ENSG00000262406","MMP12","matrix metallopeptidase 12","4321",2.109560176385,0.0963500056876185,3.40566181786085,0.000948229172916507,0.00291398492196983,-0.876305961047355,"single_mapping_record",1,1,1,TRUE,TRUE,2.14140390774348,2.74153388840516,0.600129980661674,0.600129980661674,TRUE,0.00315096806041976,0.0052365496512495,TRUE
1072,"Higher in IPF","ENSG00000138135","CH25H","cholesterol 25-hydroxylase","9023",1.24625232881385,3.40350707323118,3.40540196104381,0.000949038190432139,0.00291587419459011,-1.44735329645054,"single_mapping_record",1,1,1,TRUE,TRUE,1.27685937668877,1.0103916972871,-0.266467679401669,0.266467679401669,TRUE,0.00283080556212867,0.0792103668324789,FALSE
1073,"Higher in IPF","ENSG00000158113","LRRC43","leucine rich repeat containing 43","254050",1.9459061939693,0.628929693930587,3.39861289968899,0.00097040605613816,0.00297300728872368,-0.953659708283223,"single_mapping_record",1,1,1,TRUE,TRUE,2.00685162590393,2.05383273572096,0.0469811098170325,0.0469811098170325,TRUE,0.00287450860107934,0.0261331158375996,TRUE
1074,"Higher in IPF","ENSG00000007314","SCN4A","sodium voltage-gated channel alpha subunit 4","6329",1.09994667416159,-0.709596444339543,3.39541488435085,0.000980080874663864,0.00299897555859232,-0.849235212728567,"single_mapping_record",1,1,1,TRUE,TRUE,1.05551349036746,0.569080357858365,-0.48643313250909,0.48643313250909,TRUE,0.00452322730579735,0.255866195432102,FALSE
1075,"Higher in IPF","ENSG00000129951","PLPPR3","phospholipid phosphatase related 3","79948",1.61403376376355,1.31223054837565,3.39056879199887,0.000996309201863075,0.00304258168366807,-1.07173885475848,"single_mapping_record",1,1,1,TRUE,TRUE,1.57016014618205,1.4957188397876,-0.0744413063944529,0.0744413063944529,TRUE,0.00449199589680901,0.0493020772296934,TRUE
1076,"Higher in IPF","ENSG00000152936","LMNTD1","lamin tail domain containing 1","160492",2.30619302779635,-1.76159708101069,3.3900475696077,0.00099800982497559,0.00304700498119454,-0.823643339564764,"single_mapping_record",1,1,1,TRUE,TRUE,2.33633573656543,2.28401373972454,-0.052321996840897,0.052321996840897,TRUE,0.00342856823569231,0.0351008909791979,TRUE
1077,"Higher in IPF","ENSG00000139194","RBP5","retinol binding protein 5","83758",1.08041031932949,2.48413865328153,3.38950422429503,0.000999785532927169,0.00305118528568869,-1.31704371243217,"single_mapping_record",1,1,1,TRUE,TRUE,1.09696824761507,0.738804414267323,-0.358163833347748,0.358163833347748,TRUE,0.00324378091307047,0.140200367447151,FALSE
1078,"Higher in IPF","ENSG00000187726","DNAJB13","DnaJ heat shock protein family (Hsp40) member B13","374407",1.94243173468968,0.667648769642764,3.38506261585208,0.0010144128683448,0.00309017166793673,-1.00967500773969,"single_mapping_record",1,1,1,TRUE,TRUE,1.9579744717967,2.11487429843538,0.156899826638681,0.156899826638681,TRUE,0.00354861933630587,0.02239004305608,TRUE
1079,"Higher in IPF","ENSG00000128346","C22orf23","chromosome 22 open reading frame 23","84645",1.76153318526909,-0.462319622117186,3.38233504954787,0.00102349480839548,0.0031127844537344,-0.902448853808426,"single_mapping_record",1,1,1,TRUE,TRUE,1.81223534961363,1.81751069330236,0.00527534368872939,0.00527534368872939,TRUE,0.00294720089694086,0.0295015846376337,TRUE
1080,"Higher in IPF","ENSG00000105509","HAS1","hyaluronan synthase 1","3036",3.6992827395241,0.0570560710590749,3.37992061697818,0.00103159777911888,0.00313361915421541,-0.887692918211832,"single_mapping_record",1,1,1,TRUE,TRUE,3.93097661546025,3.34036787284583,-0.590608742614421,0.590608742614421,TRUE,0.00308251477838764,0.0478831698192074,TRUE
1081,"Higher in IPF","ENSG00000206172","HBA1","hemoglobin subunit alpha 1","3039",1.39502373897473,0.797285125245008,3.37953655510829,0.00103289225290792,0.00313501384970759,-1.03547326966668,"single_mapping_record",1,1,1,TRUE,TRUE,1.32710102743092,1.18080289265602,-0.1462981347749,0.1462981347749,TRUE,0.0056621671335342,0.0699937911917724,FALSE
1082,"Higher in IPF","ENSG00000128218","VPREB3","V-set pre-B cell surrogate light chain 3","29802",1.8573175056586,-1.7448621405012,3.37542677538707,0.0010466922933341,0.0031717692183148,-0.863648158180562,"single_mapping_record",1,1,1,TRUE,TRUE,1.92928928416773,2.12550343956821,0.196214155400481,0.196214155400481,TRUE,0.00288702310233985,0.0147188391206118,TRUE
1083,"Higher in IPF","ENSG00000057149","SERPINB3","serpin family B member 3","6317",4.14651320655351,-0.609161910496635,3.37315470248599,0.0010546267053588,0.00319323438903716,-0.901530570491739,"single_mapping_record",1,1,1,TRUE,TRUE,4.21382504924195,4.69317307498158,0.479348025739629,0.479348025739629,TRUE,0.00387849160167561,0.0122723274871289,TRUE
1084,"Higher in IPF","ENSG00000120471","TP53AIP1","tumor protein p53 regulated apoptosis inducing protein 1","63970",2.24270126978286,-1.80899888379817,3.37041904826305,0.00106407429434202,0.00321406102749748,-0.883040850340922,"single_mapping_record",1,1,1,TRUE,TRUE,2.27799464861368,2.1702181653357,-0.107776483277988,0.107776483277988,TRUE,0.00343870823973827,0.0415823660347001,TRUE
1085,"Higher in IPF","ENSG00000179813","FAM216B","family with sequence similarity 216 member B","144809",2.57047203562504,2.7586384482442,3.36255686337345,0.00109167058924101,0.00328947388311642,-1.38953575997944,"single_mapping_record",1,1,1,TRUE,TRUE,2.56971962736636,2.57221225659995,0.00249262923359339,0.00249262923359339,TRUE,0.00378030148233493,0.0335373363057394,TRUE
1086,"Higher in IPF","ENSG00000164746","C7orf57","chromosome 7 open reading frame 57","136288",2.30443344981867,0.116445874604813,3.35979021947981,0.00110154027459662,0.0033166523189043,-1.00564989339857,"single_mapping_record",1,1,1,TRUE,TRUE,2.36190102692894,2.45922275796833,0.0973217310393872,0.0973217310393872,TRUE,0.00347231741219807,0.0265449444991109,TRUE
1087,"Higher in IPF","ENSG00000156738","MS4A1","membrane spanning 4-domains A1","931",1.81721747363443,2.70228725110767,3.35831764412975,0.00110682760507078,0.00333046622716427,-1.3849509638959,"single_mapping_record",1,1,1,TRUE,TRUE,1.82264603193905,1.72177807674729,-0.100867955191762,0.100867955191762,TRUE,0.00397933466156293,0.0425947516188352,TRUE
1088,"Higher in IPF","ENSG00000103599","IQCH","IQ motif containing H","64799",1.03284101827652,1.14508057451179,3.35721501808194,0.00111076296277283,0.00333963020171155,-1.18613777166065,"single_mapping_record",1,1,1,TRUE,TRUE,1.03358512797065,0.937641121706637,-0.0959440062640091,0.0959440062640091,TRUE,0.00394812338491645,0.0565148927877078,FALSE
1089,"Higher in IPF","ENSG00000158488","CD1E","CD1e molecule","913",1.0500647737611,1.18226262415704,3.35283209178684,0.00112669436462721,0.0033821107382091,-1.18463395089547,"single_mapping_record",1,1,1,TRUE,TRUE,1.02607324222921,0.754065023557924,-0.272008218671282,0.272008218671282,TRUE,0.00510225318434432,0.12034869453266,FALSE
1090,"Higher in IPF","ENSG00000153347","FAM81B","family with sequence similarity 81 member B","153643",2.15290221062851,1.14058452919166,3.35123432827658,0.0011325949383989,0.00339733305087696,-1.18676236794079,"single_mapping_record",1,1,1,TRUE,TRUE,2.18082367631701,2.17616134651362,-0.00466232980338877,0.00466232980338877,TRUE,0.00377290933148538,0.0363599028652402,TRUE
1091,"Higher in IPF","ENSG00000117472","TSPAN1","tetraspanin 1","10103",1.90250217625088,4.84254878545092,3.34343729147128,0.00116160879368224,0.00347441147853313,-1.90029534038891,"single_mapping_record",1,1,1,TRUE,TRUE,1.97857873567491,2.74213634477155,0.76355760909664,0.76355760909664,TRUE,0.00304545143192166,0.00507911461209997,TRUE
1092,"Higher in IPF","ENSG00000145113","MUC4","mucin 4, cell surface associated","4585",2.02006124547074,4.35229644033362,3.34170413062495,0.00116815213502605,0.00348911656406906,-1.85021003007784,"single_mapping_record",1,1,1,TRUE,TRUE,2.18345932813551,2.86897657443188,0.685517246296369,0.685517246296369,TRUE,0.00219510119444198,0.00647878298716629,TRUE
1093,"Higher in IPF","ENSG00000196353","CPNE4","copine 4","131034",1.29576620729227,-1.14731060042293,3.33799732717855,0.00118164158702431,0.00352140995142448,-0.988590622658786,"single_mapping_record",1,1,1,TRUE,TRUE,1.34748104515213,1.04574362371482,-0.301737421437312,0.301737421437312,TRUE,0.00309056492587252,0.0866660754858221,FALSE
1094,"Higher in IPF","ENSG00000172724","CCL19","C-C motif chemokine ligand 19","6363",1.66601220329575,3.79447043958059,3.33595162760182,0.00119011862711429,0.00354274456280779,-1.70241863115593,"single_mapping_record",1,1,1,TRUE,TRUE,1.77266290558473,1.63049079807829,-0.142172107506444,0.142172107506444,TRUE,0.0025837245990678,0.0432520257101345,TRUE
1095,"Higher in IPF","ENSG00000269404","SPIB","Spi-B transcription factor","6689",1.51639837993737,-0.58730037993877,3.31354947453857,0.00127923859869883,0.00377658404005248,-1.0750786745264,"single_mapping_record",1,1,1,TRUE,TRUE,1.50701923522238,1.65389863609622,0.146879400873841,0.146879400873841,TRUE,0.00452322730579735,0.0229847750713731,TRUE
1096,"Higher in IPF","ENSG00000154479","CFAP210","cilia and flagella associated protein 210","129881",1.79813099802828,0.325759726617007,3.30933444639733,0.00129689445645148,0.00381819564233176,-1.19009607380002,"single_mapping_record",1,1,1,TRUE,TRUE,1.83144134215895,1.85841704805004,0.0269757058910984,0.0269757058910984,TRUE,0.00406793299394183,0.0344673309339757,TRUE
1097,"Higher in IPF","ENSG00000170345","FOS","Fos proto-oncogene, AP-1 transcription factor subunit","2353",1.03406342712065,8.82797400487135,3.30188268273038,0.00132835767484301,0.00390317193477067,-2.03941053472863,"single_mapping_record",1,1,1,TRUE,TRUE,1.10685051993167,0.963876086917661,-0.14297443301401,0.14297443301401,TRUE,0.00242355991768231,0.0537449064886102,FALSE
1098,"Higher in IPF","ENSG00000176920","FUT2","fucosyltransferase 2 (H blood group)","2524",1.91327582417483,0.10087957895654,3.2989904408963,0.00134076088016318,0.00393192075268797,-1.21428049572372,"single_mapping_record",1,1,1,TRUE,TRUE,2.05423392584736,2.34292649672902,0.288692570881662,0.288692570881662,TRUE,0.00273237663761187,0.0138736690897186,TRUE
1099,"Higher in IPF","ENSG00000129151","BBOX1","gamma-butyrobetaine hydroxylase 1","8424",1.66535624438871,-1.61842493611924,3.29570960847569,0.00135473722812406,0.00396438894124726,-1.09005198752919,"single_mapping_record",1,1,1,TRUE,TRUE,1.65890029526289,1.92847764793559,0.269577352672703,0.269577352672703,TRUE,0.00501038739667023,0.0169855267746271,TRUE
1100,"Higher in IPF","ENSG00000152763","DNAI4","dynein axonemal intermediate chain 4","79819",1.34775925787251,2.97288159742892,3.29322915925531,0.00136579157116298,0.00399023693041745,-1.70848427540075,"single_mapping_record",1,1,1,TRUE,TRUE,1.35248842291628,1.38495304709133,0.0324646241750495,0.0324646241750495,TRUE,0.00474249102571663,0.037406509464809,TRUE
1101,"Higher in IPF","ENSG00000255974","CYP2A6","cytochrome P450 family 2 subfamily A member 6","1548",2.16412831525427,-1.42810503618689,3.28810358361902,0.00138842737220605,0.00404798440698335,-1.11441989810729,"single_mapping_record",1,1,1,TRUE,TRUE,2.21150680080787,2.18289926881447,-0.0286075319934054,0.0286075319934054,TRUE,0.00411226356759332,0.0372257558677186,TRUE
1102,"Higher in IPF","ENSG00000167914","GSDMA","gasdermin A","284110",1.34553570806903,-0.340849832458984,3.28547689858228,0.0013998760531932,0.00407819509228339,-1.17802399754717,"single_mapping_record",1,1,1,TRUE,TRUE,1.44544937789075,1.20842355097506,-0.237025826915685,0.237025826915685,TRUE,0.00278706141862982,0.0709501012628742,FALSE
1103,"Higher in IPF","ENSG00000277893","SRD5A2","steroid 5 alpha-reductase 2","6716",2.56335335687204,0.0934975236121131,3.27653078252478,0.00144083327689115,0.00418371163494971,-1.24499640699315,"single_mapping_record",1,1,1,TRUE,TRUE,2.61461694048381,2.9447394687302,0.33012252824639,0.33012252824639,TRUE,0.00447167157557514,0.0191424217317962,TRUE
1104,"Higher in IPF","ENSG00000156466","GDF6","growth differentiation factor 6","392255",1.3236777708336,-0.156050346589858,3.27651478026497,0.0014407237126094,0.00418371163494971,-1.23202851070378,"single_mapping_record",1,1,1,TRUE,TRUE,1.36078235921799,0.863364785957205,-0.497417573260781,0.497417573260781,TRUE,0.00405187705502235,0.171885389161536,FALSE
1105,"Higher in IPF","ENSG00000163673","DCLK3","doublecortin like kinase 3","85443",1.04580198641967,-0.71457581077376,3.27223386245703,0.00146004117812866,0.00423538901759757,-1.20211325540195,"single_mapping_record",1,1,1,TRUE,TRUE,0.991370435143868,0.659681730518916,-0.331688704624952,0.331688704624952,TRUE,0.00723348165978869,0.184337932575286,FALSE
1106,"Higher in IPF","ENSG00000149201","CCDC81","coiled-coil domain containing 81","60494",1.2764235392996,1.14930184142624,3.27112352307323,0.00146594845962108,0.004249240833333,-1.42967233799761,"single_mapping_record",1,1,1,TRUE,TRUE,1.27521273569433,1.56194883998997,0.286736104295634,0.286736104295634,TRUE,0.00505553176150108,0.0134311823003407,TRUE
1107,"Higher in IPF","ENSG00000069812","HES2","hes family bHLH transcription factor 2","54626",1.14221508631479,1.51006674795607,3.26363600305913,0.00150140237514401,0.00434362159484715,-1.5055984967982,"single_mapping_record",1,1,1,TRUE,TRUE,1.24000192674215,1.40941648268692,0.169414555944766,0.169414555944766,TRUE,0.00243441442867769,0.0133494593353272,TRUE
1108,"Higher in IPF","ENSG00000185055","EFCAB10","EF-hand calcium binding domain 10","100130771",2.21845453232726,-0.0220171720370996,3.25823927676626,0.00152745164640309,0.00441133207306718,-1.2878974517785,"single_mapping_record",1,1,1,TRUE,TRUE,2.23908699942529,2.16795720085306,-0.0711297985722239,0.0711297985722239,TRUE,0.00494780213118614,0.0484632293311133,TRUE
1109,"Higher in IPF","ENSG00000004848","ARX","aristaless related homeobox","170302",1.98472361622139,-1.80883993187563,3.2537056197238,0.00154966088818942,0.00446173940420015,-1.20004510751519,"single_mapping_record",1,1,1,TRUE,TRUE,1.99220769693032,1.97282294689039,-0.01938475003993,0.01938475003993,TRUE,0.00537743290467982,0.0443515849202005,TRUE
1110,"Higher in IPF","ENSG00000135116","HRK","harakiri, BCL2 interacting protein","8739",1.60810318718382,-1.38607935226762,3.23012014126439,0.00166991192153848,0.00477045057395541,-1.27446091765793,"single_mapping_record",1,1,1,TRUE,TRUE,1.6790991233903,1.78352218485352,0.104423061463222,0.104423061463222,TRUE,0.00409570081794441,0.0265103782974104,TRUE
1111,"Higher in IPF","ENSG00000170324","FRMPD2","FERM and PDZ domain containing 2","143162",2.53143643328822,-0.852278959197145,3.22915978335292,0.00167523650160245,0.00478111223613231,-1.30603158716745,"single_mapping_record",1,1,1,TRUE,TRUE,2.55616226796319,2.76825374615649,0.2120914781933,0.2120914781933,TRUE,0.00532910341126466,0.026488901130511,TRUE
1112,"Higher in IPF","ENSG00000112981","NME5","NME/NM23 family member 5","8382",1.10940361607895,2.10115808041451,3.22920497931218,0.0016749967891969,0.00478111223613231,-1.73458799403365,"single_mapping_record",1,1,1,TRUE,TRUE,1.11479300842714,1.12251044595214,0.00771743752499954,0.00771743752499954,TRUE,0.00552709173106693,0.0442521924429886,TRUE
1113,"Higher in IPF","ENSG00000108688","CCL7","C-C motif chemokine ligand 7","6354",1.83704178341519,-1.52618785499123,3.22655061523298,0.00168912954843814,0.00481347862422205,-1.27838938659845,"single_mapping_record",1,1,1,TRUE,TRUE,1.84637009149906,3.69487454588012,1.84850445438106,1.84850445438106,TRUE,0.00559419786556671,2.71374483072137e-05,TRUE
1114,"Higher in IPF","ENSG00000163491","NEK10","NIMA related kinase 10","152110",1.80692228936967,1.32374757509128,3.22654821489106,0.00168914237892364,0.00481347862422205,-1.58190891838578,"single_mapping_record",1,1,1,TRUE,TRUE,1.83542768026317,1.76895665404703,-0.0664710262161365,0.0664710262161365,TRUE,0.00517746554948603,0.0506073679774411,FALSE
1115,"Higher in IPF","ENSG00000152076","CCDC74B","coiled-coil domain containing 74B","91409",1.72015670409692,0.705832229908122,3.21857885707062,0.00173224598141769,0.00492695655040591,-1.50061946598353,"single_mapping_record",1,1,1,TRUE,TRUE,1.75515898371356,2.01086044611039,0.255701462396825,0.255701462396825,TRUE,0.00501985838662918,0.0200162539772767,TRUE
1116,"Higher in IPF","ENSG00000162643","DNAI3","dynein axonemal intermediate chain 3","126820",1.55863891024363,1.48652901612981,3.21799221880452,0.00173545913511724,0.00493516054866073,-1.64392920956141,"single_mapping_record",1,1,1,TRUE,TRUE,1.5749661688277,1.59236790935924,0.0174017405315461,0.0174017405315461,TRUE,0.00547979802915949,0.0427214103265373,TRUE
1117,"Higher in IPF","ENSG00000181449","SOX2","SRY-box transcription factor 2","6657",2.81425223972874,0.206146389265205,3.21345052693006,0.00176052388988928,0.00499508309110146,-1.43848073213707,"single_mapping_record",1,1,1,TRUE,TRUE,2.80711924779386,3.13839525458947,0.331276006795611,0.331276006795611,TRUE,0.00570934357759152,0.0239770009692891,TRUE
1118,"Higher in IPF","ENSG00000124575","H1-3","H1.3 linker histone, cluster member","3007",1.4662692877966,-1.8278837665089,3.21266211428186,0.00176409944387546,0.00500169864392694,-1.30523320349741,"single_mapping_record",1,1,1,TRUE,TRUE,1.44575008650527,1.53869213320615,0.0929420467008839,0.0929420467008839,TRUE,0.00686401139358833,0.0340382331539845,TRUE
1119,"Higher in IPF","ENSG00000138400","MDH1B","malate dehydrogenase 1B","130752",1.57457359523964,1.46257363760332,3.21236604606808,0.00176655868870498,0.0050065280413138,-1.65316322842328,"single_mapping_record",1,1,1,TRUE,TRUE,1.5939292765702,1.62438579804905,0.0304565214788457,0.0304565214788457,TRUE,0.00546852334919451,0.0430799982082734,TRUE
1120,"Higher in IPF","ENSG00000118997","DNAH7","dynein axonemal heavy chain 7","56171",1.67304791901503,2.27465324309932,3.20466251606618,0.0018099850802961,0.00511059678492007,-1.80901118161586,"single_mapping_record",1,1,1,TRUE,TRUE,1.68735802870029,1.74365997767075,0.0563019489704599,0.0563019489704599,TRUE,0.00575599387147683,0.0396611316144863,TRUE
1121,"Higher in IPF","ENSG00000162814","SPATA17","spermatogenesis associated 17","128153",1.70013789578166,0.886922982052678,3.19995201996136,0.00183702753183739,0.00517594919443371,-1.58398674272041,"single_mapping_record",1,1,1,TRUE,TRUE,1.71703692372926,1.79271881402656,0.0756818902972953,0.0756818902972953,TRUE,0.00572696730196926,0.0393988803725363,TRUE
1122,"Higher in IPF","ENSG00000182329","KIAA2012","KIAA2012","100652824",2.53955001653718,-0.125395848072472,3.19621307736058,0.00185876009959354,0.00522737104067034,-1.45194831872345,"single_mapping_record",1,1,1,TRUE,TRUE,2.56240038610511,2.91322301400629,0.350822627901175,0.350822627901175,TRUE,0.00570934357759152,0.02239004305608,TRUE
1123,"Higher in IPF","ENSG00000164185","ZNF474","zinc finger protein 474","133923",1.77764888092107,-0.0792678266852639,3.19488578719711,0.00186653244012367,0.0052462806573931,-1.46500130190167,"single_mapping_record",1,1,1,TRUE,TRUE,1.78190064619852,1.89715948438879,0.115258838190269,0.115258838190269,TRUE,0.00617442929157896,0.0350095978011473,TRUE
1124,"Higher in IPF","ENSG00000115507","OTX1","orthodenticle homeobox 1","5013",1.89634143528603,-1.6572977971953,3.18799606536054,0.00190736635857618,0.00534304604869296,-1.38252551865191,"single_mapping_record",1,1,1,TRUE,TRUE,1.91219756004776,1.80134151722247,-0.110856042825286,0.110856042825286,TRUE,0.00588271943705635,0.0583971341649223,FALSE
1125,"Higher in IPF","ENSG00000163083","INHBB","inhibin subunit beta B","3625",1.22913629260404,3.72752254239211,3.18643796895883,0.00191671557823,0.00536623167855069,-2.20204606424055,"single_mapping_record",1,1,1,TRUE,TRUE,1.27737522619372,0.835802264809247,-0.441572961384476,0.441572961384476,TRUE,0.00482971224768872,0.167372134450156,FALSE
1126,"Higher in IPF","ENSG00000108691","CCL2","C-C motif chemokine ligand 2","6347",1.1165126283088,5.49123432637648,3.18418360797488,0.001930318291439,0.00539827462576048,-2.49158510017094,"single_mapping_record",1,1,1,TRUE,TRUE,1.12862684195874,1.48119375492452,0.352566912965778,0.352566912965778,TRUE,0.00590107373610621,0.0101668006571527,TRUE
1127,"Higher in IPF","ENSG00000100218","RSPH14","radial spoke head 14 homolog","27156",1.97340106654139,-0.919726267861531,3.18320235475249,0.00193626718335878,0.00541188660520983,-1.43029284336439,"single_mapping_record",1,1,1,TRUE,TRUE,2.02598744086036,2.01282451011458,-0.0131629307457772,0.0131629307457772,TRUE,0.00539689836860239,0.045309595021249,TRUE
1128,"Higher in IPF","ENSG00000164627","KIF6","kinesin family member 6","221458",1.07747076064567,1.0987363405052,3.18006696050215,0.0019553903488976,0.00545923747771076,-1.68468707344184,"single_mapping_record",1,1,1,TRUE,TRUE,1.08075657316806,1.03948918005792,-0.0412673931101388,0.0412673931101388,TRUE,0.00641418144151705,0.0588835928831317,FALSE
1129,"Higher in IPF","ENSG00000111218","PRMT8","protein arginine methyltransferase 8","56341",1.35251043479345,-0.100395660353798,3.17543752301136,0.00198394779326901,0.00553176528093506,-1.53444254188664,"single_mapping_record",1,1,1,TRUE,TRUE,1.38176328756754,1.15046866115543,-0.231294626412107,0.231294626412107,TRUE,0.00556053776531389,0.0905356093821656,FALSE
1130,"Higher in IPF","ENSG00000196092","PAX5","paired box 5","5079",1.57704615710645,0.33409827403044,3.17186309056693,0.00200626253162503,0.00558257889244764,-1.5692137482703,"single_mapping_record",1,1,1,TRUE,TRUE,1.5866807789447,1.48202333360629,-0.104657445338409,0.104657445338409,TRUE,0.00636655525208507,0.0610995518014219,FALSE
1131,"Higher in IPF","ENSG00000197632","SERPINB2","serpin family B member 2","5055",1.64285362154301,-0.611945797040874,3.1585055637027,0.00209173732003601,0.00579571071398682,-1.51741706702555,"single_mapping_record",1,1,1,TRUE,TRUE,1.64624710626635,1.84260918334916,0.196362077082808,0.196362077082808,TRUE,0.00645356601281732,0.0271651538831657,TRUE
1132,"Higher in IPF","ENSG00000126562","WNK4","WNK lysine deficient protein kinase 4","65266",1.53452060839667,-1.76329049806027,3.15412365931514,0.00211998324780837,0.00586315190053413,-1.46700052420415,"single_mapping_record",1,1,1,TRUE,TRUE,1.52360488174689,1.4674384055577,-0.0561664761891898,0.0561664761891898,TRUE,0.0074714831522754,0.0613016050889782,FALSE
1133,"Higher in IPF","ENSG00000172361","CFAP53","cilia and flagella associated protein 53","220136",1.76835734736347,1.39990836898566,3.14636418259335,0.00217235892998652,0.00598594938637254,-1.830820210731,"single_mapping_record",1,1,1,TRUE,TRUE,1.80122457496501,1.98121392491894,0.179989349953934,0.179989349953934,TRUE,0.00616800898127236,0.0301405018407086,TRUE
1134,"Higher in IPF","ENSG00000100228","RAB36","RAB36, member RAS oncogene family","9609",1.0062230500725,3.50463662203279,3.1437415899079,0.00219014903120711,0.00602833099678788,-2.28326095010863,"single_mapping_record",1,1,1,TRUE,TRUE,1.03649964024359,1.01715771916299,-0.0193419210806058,0.0193419210806058,TRUE,0.00579551962006973,0.0507810204537908,FALSE
1135,"Higher in IPF","ENSG00000183090","FREM3","FRAS1 related extracellular matrix 3","166752",1.27283562011724,-1.39812939036777,3.1405632188351,0.00221094827601812,0.00607889295230475,-1.51397809710417,"single_mapping_record",1,1,1,TRUE,TRUE,1.18988711553893,1.07942371963689,-0.110463395902048,0.110463395902048,TRUE,0.0112289025204219,0.0982681451429871,FALSE
1136,"Higher in IPF","ENSG00000034239","CLXN","calaxin","79645",2.13137986683915,2.53352049949297,3.13927166346205,0.00222078299511828,0.00609811493007419,-2.03499188587709,"single_mapping_record",1,1,1,TRUE,TRUE,2.14891642651771,2.24947141098229,0.100554984464576,0.100554984464576,TRUE,0.0067886461973894,0.0413882388210374,TRUE
1137,"Higher in IPF","ENSG00000171962","DRC3","dynein regulatory complex subunit 3","83450",1.47756253043426,2.94905811058383,3.139273945891,0.00222076725164729,0.00609811493007419,-2.1625418586456,"single_mapping_record",1,1,1,TRUE,TRUE,1.49489695529083,1.51258815676558,0.0176912014747539,0.0176912014747539,TRUE,0.00655079450722557,0.0485238319484825,TRUE
1138,"Higher in IPF","ENSG00000171462","DLK2","delta like non-canonical Notch ligand 2","65989",1.6617846992779,-0.899392120920944,3.13404414367589,0.0022571143772102,0.00618317537056197,-1.56652362431247,"single_mapping_record",1,1,1,TRUE,TRUE,1.68176437624683,1.53201620928887,-0.149748166957955,0.149748166957955,TRUE,0.00673558516283996,0.0737113714624951,FALSE
1139,"Higher in IPF","ENSG00000128408","RIBC2","RIB43A domain with coiled-coils 2","26150",1.53193214351262,-0.000331205283398988,3.12549356241455,0.00231773448318011,0.00631986012843401,-1.68119472162914,"single_mapping_record",1,1,1,TRUE,TRUE,1.60284514738845,1.59897290731388,-0.00387224007457387,0.00387224007457387,TRUE,0.00545637223141232,0.0458301274209378,TRUE
1140,"Higher in IPF","ENSG00000137691","CFAP300","cilia and flagella associated protein 300","85016",1.28708270371823,1.78020617227753,3.12273047547925,0.00233764489320268,0.00636544987062556,-1.9638630652464,"single_mapping_record",1,1,1,TRUE,TRUE,1.31274744361007,1.35816449978208,0.0454170561720055,0.0454170561720055,TRUE,0.0066533783133728,0.0444277085431669,TRUE
1141,"Higher in IPF","ENSG00000155761","SPAG17","sperm associated antigen 17","200162",2.19678771392469,1.8297213307511,3.11870784959027,0.00236691565128949,0.00642999235562032,-1.95631618623591,"single_mapping_record",1,1,1,TRUE,TRUE,2.23703654370437,2.44508661669542,0.20805007299105,0.20805007299105,TRUE,0.00679240385069856,0.0309084004655226,TRUE
1142,"Higher in IPF","ENSG00000270765","GAS2L2","growth arrest specific 2 like 2","246176",2.04253592178012,0.859189137781233,3.11790213200875,0.00237281926496454,0.00644369804733134,-1.81335081417748,"single_mapping_record",1,1,1,TRUE,TRUE,2.09191030272771,2.12785454597396,0.0359442432462584,0.0359442432462584,TRUE,0.00651553580954794,0.0458572179867057,TRUE
1143,"Higher in IPF","ENSG00000119125","GDA","guanine deaminase","9615",1.54467089911222,-1.56913286947356,3.1043192383307,0.00247397564034242,0.00667493211948606,-1.60414409887786,"single_mapping_record",1,1,1,TRUE,TRUE,1.6476787826309,1.88053689998643,0.232858117355531,0.232858117355531,TRUE,0.00494007097730143,0.0188970720411339,TRUE
1144,"Higher in IPF","ENSG00000153822","KCNJ16","potassium inwardly rectifying channel subfamily J member 16","3773",1.9530506961125,0.214702714300763,3.09912427563113,0.00251434288100579,0.00676019794729522,-1.74956694060378,"single_mapping_record",1,1,1,TRUE,TRUE,1.89963189053191,1.71326007013324,-0.186371820398669,0.186371820398669,TRUE,0.00929771577785301,0.084685972976945,FALSE
1145,"Higher in IPF","ENSG00000205362","MT1A","metallothionein 1A","4489",1.42309023602396,2.63485851567583,3.09706026406086,0.00253036786315161,0.00679411238805794,-2.19931152982623,"single_mapping_record",1,1,1,TRUE,TRUE,1.53446373143354,1.29090087539918,-0.243562856034358,0.243562856034358,TRUE,0.00474713081315915,0.0825471056940548,FALSE
1146,"Higher in IPF","ENSG00000184343","SRPK3","SRSF protein kinase 3","26576",1.02396026856236,-1.06382405076967,3.09555758750543,0.00254106338718539,0.00681795238041591,-1.65898427460463,"single_mapping_record",1,1,1,TRUE,TRUE,0.991593071155393,0.498006586376773,-0.493586484778619,0.493586484778619,TRUE,0.00957102726119129,0.339357657105664,FALSE
1147,"Higher in IPF","ENSG00000166869","CHP2","calcineurin like EF-hand protein 2","63928",2.33683920188172,-2.43044831659982,3.0945023388496,0.00255035913431335,0.00683800523741953,-1.61069075021272,"single_mapping_record",1,1,1,TRUE,TRUE,2.37058025937457,2.98133038673401,0.610750127359443,0.610750127359443,TRUE,0.00735331290993731,0.0109636250548071,TRUE
1148,"Higher in IPF","ENSG00000224383","PRR29","proline rich 29","92340",1.95742947736781,2.41932305276167,3.09135634560498,0.0025751474098749,0.00688970110800963,-2.17794154462692,"single_mapping_record",1,1,1,TRUE,TRUE,1.9811327936098,1.99688486332758,0.0157520697177755,0.0157520697177755,TRUE,0.00745557044917014,0.0516250449546962,FALSE
1149,"Higher in IPF","ENSG00000007908","SELE","selectin E","6401",1.92413986666097,3.25431081801791,3.09077264904199,0.00257977105765083,0.00689961217129062,-2.29302041450466,"single_mapping_record",1,1,1,TRUE,TRUE,1.98923133087478,2.45548386229012,0.46625253141534,0.46625253141534,TRUE,0.00658313467341394,0.0166236875531722,TRUE
1150,"Higher in IPF","ENSG00000188452","CERKL","CERK like autophagy regulator","375298",2.20778174005719,-0.048835033471001,3.0899012722255,0.002586687849315,0.00691564701583557,-1.74645020418603,"single_mapping_record",1,1,1,TRUE,TRUE,2.20476534857803,2.39085324461651,0.186087896038475,0.186087896038475,TRUE,0.00794546385834845,0.0383190258683213,TRUE
1151,"Higher in IPF","ENSG00000007174","DNAH9","dynein axonemal heavy chain 9","1770",2.33531525366004,2.51094304514455,3.08968435869019,0.00258841233281521,0.00691779347342388,-2.18895238699226,"single_mapping_record",1,1,1,TRUE,TRUE,2.34688482657535,2.44341524023111,0.0965304136557532,0.0965304136557532,TRUE,0.00763990421488922,0.0458765413610283,TRUE
1152,"Higher in IPF","ENSG00000176532","PRR15","proline rich 15","222171",1.35461482001263,1.13053484031169,3.08932730533588,0.00259125326481629,0.00692339161606951,-1.93817027370632,"single_mapping_record",1,1,1,TRUE,TRUE,1.39895505738971,1.56300067694087,0.164045619551161,0.164045619551161,TRUE,0.00660449369741993,0.0303883080695273,TRUE
1153,"Higher in IPF","ENSG00000188039","NWD1","NACHT and WD repeat domain containing 1","284434",2.50858809849228,1.27898862310283,3.08203626172471,0.00264990170843286,0.00706326783504867,-1.9824272270917,"single_mapping_record",1,1,1,TRUE,TRUE,2.51590225674556,2.49087590771553,-0.0250263490300284,0.0250263490300284,TRUE,0.00791399314472894,0.0562079073591165,FALSE
1154,"Higher in IPF","ENSG00000102904","TSNAXIP1","translin associated factor X interacting protein 1","55815",1.14918980390834,1.80301032960674,3.07493276597726,0.00270822359288034,0.0071957261197026,-2.11816214230564,"single_mapping_record",1,1,1,TRUE,TRUE,1.18695548826794,1.21459742161103,0.0276419333430884,0.0276419333430884,TRUE,0.00689424332491741,0.0465117625612305,TRUE
1155,"Higher in IPF","ENSG00000215182","MUC5AC","mucin 5AC, oligomeric mucus/gel-forming","4586",3.8306315764689,-0.622285538123056,3.06888915228234,0.00275877829646436,0.00730776632680797,-1.75538618705344,"single_mapping_record",1,1,1,TRUE,TRUE,3.90593048155326,4.90382249983409,0.99789201828083,0.99789201828083,TRUE,0.00876990986185749,0.0138653251316988,TRUE
1156,"Higher in IPF","ENSG00000002726","AOC1","amine oxidase copper containing 1","26",1.03492844904473,-0.12229494107308,3.06874673524349,0.00275915397950623,0.00730776632680797,-1.82147147575373,"single_mapping_record",1,1,1,TRUE,TRUE,1.04124706257914,1.2300181427649,0.188771080185758,0.188771080185758,TRUE,0.00802657202690916,0.025016811587912,TRUE
1157,"Higher in IPF","ENSG00000131044","TTLL9","tubulin tyrosine ligase like 9","164395",1.61829186627408,1.44359690749082,3.06389632958465,0.00280120156461408,0.00740215417848734,-2.06373259352485,"single_mapping_record",1,1,1,TRUE,TRUE,1.65527129193391,1.53535846499156,-0.119912826942346,0.119912826942346,TRUE,0.00761313359939913,0.0695596317457488,FALSE
1158,"Higher in IPF","ENSG00000167768","KRT1","keratin 1","3848",1.59632805375543,-1.46861997494752,3.05489309329645,0.00287894407780154,0.00757957006242664,-1.7338551723045,"single_mapping_record",1,1,1,TRUE,TRUE,1.50026751267426,0.936552054547512,-0.563715458126751,0.563715458126751,TRUE,0.0136742075996225,0.253292031063346,FALSE
1159,"Higher in IPF","ENSG00000263639","MSMB","microseminoprotein beta","4477",3.78753839518089,-0.388262015328396,3.05437983202446,0.00288374090785941,0.00758687671026734,-1.80148770012366,"single_mapping_record",1,1,1,TRUE,TRUE,3.86715004036392,4.45945168931149,0.592301648947569,0.592301648947569,TRUE,0.00885086136115176,0.02239004305608,TRUE
1160,"Higher in IPF","ENSG00000142609","CFAP74","cilia and flagella associated protein 74","85452",2.12206466413901,1.3018187588365,3.05439544730696,0.00288360364547527,0.00758687671026734,-2.04509560185111,"single_mapping_record",1,1,1,TRUE,TRUE,2.12871093991934,2.18680992400998,0.0580989840906465,0.0580989840906465,TRUE,0.00840296909386288,0.0490308403735727,TRUE
1161,"Higher in IPF","ENSG00000133063","CHIT1","chitinase 1","1118",1.59103214322587,4.14659419597096,3.05203363522808,0.00290443349859835,0.00763195443391537,-2.6223865361925,"single_mapping_record",1,1,1,TRUE,TRUE,1.80751012563561,2.67571488124511,0.868204755609502,0.868204755609502,TRUE,0.00310407869004786,0.00223145083048501,TRUE
1162,"Higher in IPF","ENSG00000203734","ECT2L","epithelial cell transforming 2 like","345930",2.33202744294149,0.729442602730013,3.04908686170936,0.00293061780166265,0.00769259216723495,-1.97783533071284,"single_mapping_record",1,1,1,TRUE,TRUE,2.34034807787728,2.40180510518073,0.0614570273034514,0.0614570273034514,TRUE,0.0087444497525335,0.0536186644140289,FALSE
1163,"Higher in IPF","ENSG00000128285","MCHR1","melanin concentrating hormone receptor 1","2847",1.51747878962821,-1.60341992293896,3.04464841859472,0.00296985418316855,0.00778886285774394,-1.75050027184572,"single_mapping_record",1,1,1,TRUE,TRUE,1.49542207350889,2.10910470351222,0.613682630003326,0.613682630003326,TRUE,0.0105103229210252,0.00683721222991399,TRUE
1164,"Higher in IPF","ENSG00000169429","CXCL8","C-X-C motif chemokine ligand 8","3576",1.37364654394833,4.2109037683381,3.0433774378971,0.00298197353467523,0.00781382208108651,-2.6814293326474,"single_mapping_record",1,1,1,TRUE,TRUE,1.44958737570358,1.51517374548352,0.0655863697799401,0.0655863697799401,TRUE,0.00640343079551988,0.0498675694406347,TRUE
1165,"Higher in IPF","ENSG00000180535","BHLHA15","basic helix-loop-helix family member a15","168620",1.22275272665379,-1.03504194856997,3.04062842824826,0.00300610218570494,0.0078646925778673,-1.80629656938465,"single_mapping_record",1,1,1,TRUE,TRUE,1.27042860372782,1.63585034372971,0.365421740001897,0.365421740001897,TRUE,0.00702037966801082,0.0120559122507357,TRUE
1166,"Higher in IPF","ENSG00000197748","CFAP43","cilia and flagella associated protein 43","80217",2.04678952625439,2.90011490051339,3.03909828908486,0.00302100900049224,0.00789543647552046,-2.42557304677743,"single_mapping_record",1,1,1,TRUE,TRUE,2.07526413510098,2.19048438261109,0.115220247510107,0.115220247510107,TRUE,0.00848415020982514,0.0475935054493794,TRUE
1167,"Higher in IPF","ENSG00000170482","SLC23A1","solute carrier family 23 member 1","9963",1.92943212016167,-1.14380473554051,3.03913214102595,0.00302069834695186,0.00789543647552046,-1.79350867600311,"single_mapping_record",1,1,1,TRUE,TRUE,1.94335294070957,2.01416828720462,0.0708153464950538,0.0708153464950538,TRUE,0.00888634741185876,0.048556660336243,TRUE
1168,"Higher in IPF","ENSG00000178752","ERFE","erythroferrone","151176",1.00614076582842,-0.0443607114402225,3.02600400498591,0.00314267986735721,0.00818208639763552,-1.96041797131337,"single_mapping_record",1,1,1,TRUE,TRUE,1.04428038586317,0.949064112514525,-0.095216273348648,0.095216273348648,TRUE,0.00749363819920751,0.0742215209854817,FALSE
1169,"Higher in IPF","ENSG00000175497","DPP10","dipeptidyl peptidase like 10","57628",1.06963321966297,-0.689502339235745,3.02180101041946,0.00318248016213322,0.00827566121495652,-1.88044116668386,"single_mapping_record",1,1,1,TRUE,TRUE,1.09182639590609,1.42232682504772,0.330500429141639,0.330500429141639,TRUE,0.0084405206446705,0.0140753669545509,TRUE
1170,"Higher in IPF","ENSG00000152611","CAPSL","calcyphosine like","133690",2.46837658280428,0.622634280609871,3.01874674828297,0.0032132181374721,0.00833970101655102,-2.08076759983279,"single_mapping_record",1,1,1,TRUE,TRUE,2.5149395989517,2.75078183728651,0.23584223833481,0.23584223833481,TRUE,0.0087517011849499,0.0399723798599747,TRUE
1171,"Higher in IPF","ENSG00000183914","DNAH2","dynein axonemal heavy chain 2","146754",1.74880953413851,2.50030375394116,3.01791640559364,0.00322129533477402,0.00835633066625672,-2.39827725843112,"single_mapping_record",1,1,1,TRUE,TRUE,1.77432261285129,1.92452608131434,0.150203468463056,0.150203468463056,TRUE,0.00884271436605982,0.0419997449209205,TRUE
1172,"Higher in IPF","ENSG00000230062","ANKRD66","ankyrin repeat domain 66","100287718",2.43569004813848,-0.250503997341215,3.01766633291056,0.00322373160488619,0.00835976141864769,-1.94075580632549,"single_mapping_record",1,1,1,TRUE,TRUE,2.46157614783859,2.70773037767723,0.246154229838634,0.246154229838634,TRUE,0.00912903405106267,0.0389766645236385,TRUE
1173,"Higher in IPF","ENSG00000176601","MAP3K19","mitogen-activated protein kinase kinase kinase 19","80122",2.43734523048226,0.328692440513941,3.01017280073906,0.00329753074374233,0.00852903713388351,-2.04913618992945,"single_mapping_record",1,1,1,TRUE,TRUE,2.46687134595062,2.63952882621186,0.172657480261244,0.172657480261244,TRUE,0.00880891812236922,0.0458455361068859,TRUE
1174,"Higher in IPF","ENSG00000121871","SLITRK3","SLIT and NTRK like family member 3","22865",1.30016823717714,0.0109235279411667,3.00852713169317,0.00331394567690888,0.00856465069460815,-2.00446194731456,"single_mapping_record",1,1,1,TRUE,TRUE,1.19783749738664,0.731766701885345,-0.466070795501291,0.466070795501291,TRUE,0.0148992336504245,0.283245502256677,FALSE
1175,"Higher in IPF","ENSG00000145681","HAPLN1","hyaluronan and proteoglycan link protein 1","1404",1.52165420675571,0.276695746543514,3.00413092791908,0.00335816725932478,0.00866944228666957,-2.04397254809898,"single_mapping_record",1,1,1,TRUE,TRUE,1.54429193200931,1.6573800667678,0.113088134758487,0.113088134758487,TRUE,0.00988707037570776,0.0445857573015704,TRUE
1176,"Higher in IPF","ENSG00000180287","PLD5","phospholipase D family member 5","200150",1.00892755080817,-0.353272351027327,2.9919005596644,0.00348302442756019,0.00895634852801191,-2.01447216592015,"single_mapping_record",1,1,1,TRUE,TRUE,1.0878502350146,0.702231789286531,-0.385618445728071,0.385618445728071,TRUE,0.00592659703071861,0.191456295688703,FALSE
1177,"Higher in IPF","ENSG00000158485","CD1B","CD1b molecule","910",1.09613592836312,-0.892821591484697,2.99153478100661,0.00348665206076344,0.00896414124613474,-1.93725144430906,"single_mapping_record",1,1,1,TRUE,TRUE,1.07182084312061,0.868443972079849,-0.203376871040759,0.203376871040759,TRUE,0.0123280331904142,0.137279723452054,FALSE
1178,"Higher in IPF","ENSG00000136928","GABBR2","gamma-aminobutyric acid type B receptor subunit 2","9568",1.30343196186786,-0.0607191639901118,2.99113981146886,0.00349205193063965,0.00897648691485659,-2.06589493980603,"single_mapping_record",1,1,1,TRUE,TRUE,1.43734385039241,0.896016541263376,-0.541327309129038,0.541327309129038,TRUE,0.00553540732211664,0.188873727425603,FALSE
1179,"Higher in IPF","ENSG00000158125","XDH","xanthine dehydrogenase","7498",1.04738608063549,-0.366557636664157,2.99047088421221,0.00349809437681068,0.0089858646106574,-2.00266349317182,"single_mapping_record",1,1,1,TRUE,TRUE,1.0775836182013,1.33601627050246,0.258432652301157,0.258432652301157,TRUE,0.00806097751044699,0.0181751740158454,TRUE
1180,"Higher in IPF","ENSG00000167941","SOST","sclerostin","50964",1.88139601400187,-2.07541169935399,2.98980730453387,0.00350605976849944,0.00900016573952012,-1.87837597998556,"single_mapping_record",1,1,1,TRUE,TRUE,1.87350970887761,2.11935113928393,0.245841430406311,0.245841430406311,TRUE,0.0111211333363824,0.0321354511694741,TRUE
1181,"Higher in IPF","ENSG00000185681","MORN5","MORN repeat containing 5","254956",2.38831288526176,0.145604703260422,2.98911266681997,0.00351338263224272,0.0090169880437715,-2.07839603174937,"single_mapping_record",1,1,1,TRUE,TRUE,2.42737993480674,2.69266459888791,0.26528466408117,0.26528466408117,TRUE,0.00935250378103639,0.0384322917971345,TRUE
1182,"Higher in IPF","ENSG00000141750","STAC2","SH3 and cysteine rich domain 2","342667",1.28951098231266,0.0799955522431416,2.98661558387957,0.00353982365403799,0.00907597484106205,-2.06553174722371,"single_mapping_record",1,1,1,TRUE,TRUE,1.36572124017638,1.61025526597385,0.244534025797469,0.244534025797469,TRUE,0.00719935180260214,0.0223140979365153,TRUE
1183,"Higher in IPF","ENSG00000157423","HYDIN","HYDIN axonemal central pair apparatus protein","54768",2.25436052446115,1.72862609167075,2.98570974522334,0.00354946069319866,0.00909467673956711,-2.31055899933244,"single_mapping_record",1,1,1,TRUE,TRUE,2.28787492512846,2.42384409403555,0.135969168907091,0.135969168907091,TRUE,0.00967074348195601,0.0462999193928392,TRUE
1184,"Higher in IPF","ENSG00000161798","AQP5","aquaporin 5","362",1.57239743128292,3.13616825589371,2.98284815342871,0.00358006396172048,0.00915881393887999,-2.66000697122845,"single_mapping_record",1,1,1,TRUE,TRUE,1.61705464783255,1.42128388118245,-0.195770766650099,0.195770766650099,TRUE,0.008789295267745,0.0884645940971222,FALSE
1185,"Higher in IPF","ENSG00000089101","CFAP61","cilia and flagella associated protein 61","26074",1.82024722972903,0.245131088891359,2.98082309433963,0.00360186791697027,0.00920831763786746,-2.1205885071689,"single_mapping_record",1,1,1,TRUE,TRUE,1.84889011053778,1.82390804973788,-0.0249820607998983,0.0249820607998983,TRUE,0.00962426492830744,0.0664292979346039,FALSE
1186,"Higher in IPF","ENSG00000231738","TSPAN19","tetraspanin 19","144448",2.78861914308808,0.101323729667576,2.9738823227973,0.00367753308673749,0.00938258441504133,-2.07073241385754,"single_mapping_record",1,1,1,TRUE,TRUE,2.80877039140835,2.80479117606691,-0.00397921534143997,0.00397921534143997,TRUE,0.0102713125363682,0.061797148302723,FALSE
1187,"Higher in IPF","ENSG00000162004","CCDC78","coiled-coil domain containing 78","124093",1.80202243031329,2.65743973137789,2.97367116869746,0.00367985781737618,0.00938692023015313,-2.57108108904514,"single_mapping_record",1,1,1,TRUE,TRUE,1.85774374607866,2.00126166585096,0.143517919772304,0.143517919772304,TRUE,0.0092405565619393,0.0486528321526601,TRUE
1188,"Higher in IPF","ENSG00000185860","CCDC190","coiled-coil domain containing 190","339512",2.40663584642908,-0.453514723375829,2.97130122903078,0.00370604317923304,0.00944889949161793,-2.02820853758668,"single_mapping_record",1,1,1,TRUE,TRUE,2.40387435608499,2.43044165729855,0.0265673012135621,0.0265673012135621,TRUE,0.0109536672100457,0.0672460362133192,FALSE
1189,"Higher in IPF","ENSG00000159588","CCDC17","coiled-coil domain containing 17","149483",1.57674649370196,3.52840779406175,2.96997018970445,0.0037208250573248,0.00948014693831635,-2.76268385523988,"single_mapping_record",1,1,1,TRUE,TRUE,1.6168794382381,1.79610469281622,0.179225254578116,0.179225254578116,TRUE,0.00952299601660856,0.0437539864623481,TRUE
1190,"Higher in IPF","ENSG00000197446","CYP2F1","cytochrome P450 family 2 subfamily F member 1","1572",3.00757393901411,-0.694679899059078,2.96654038298481,0.00375916584006175,0.00956541941394675,-2.0102189819449,"single_mapping_record",1,1,1,TRUE,TRUE,2.97122209386898,2.9907019671623,0.0194798732933217,0.0194798732933217,TRUE,0.0115373549297276,0.0599652442435488,FALSE
1191,"Higher in IPF","ENSG00000187492","CDHR4","cadherin related family member 4","389118",2.20469440370268,1.95754538039973,2.96261174505285,0.00380353049679118,0.00966626033821386,-2.4215527631928,"single_mapping_record",1,1,1,TRUE,TRUE,2.2420286895073,2.38265026318404,0.140621573676733,0.140621573676733,TRUE,0.0100701313806354,0.0479436135632623,TRUE
1192,"Higher in IPF","ENSG00000103740","ACSBG1","acyl-CoA synthetase bubblegum family member 1","23205",1.96321653752422,-0.678914323971162,2.96067689996435,0.0038255569891421,0.00970908901453952,-2.04664003040411,"single_mapping_record",1,1,1,TRUE,TRUE,1.97456045023108,2.12105942833361,0.14649897810253,0.14649897810253,TRUE,0.0109014687838999,0.0499908285780821,TRUE
1193,"Higher in IPF","ENSG00000172771","EFCAB12","EF-hand calcium binding domain 12","90288",1.33580005908502,1.53045240835784,2.96061973155805,0.00382620958606911,0.00970910383807801,-2.37672638420057,"single_mapping_record",1,1,1,TRUE,TRUE,1.37543537156165,1.4228700072949,0.0474346357332525,0.0474346357332525,TRUE,0.0094424875351133,0.0551930164615563,FALSE
1194,"Higher in IPF","ENSG00000166959","MS4A8","membrane spanning 4-domains A8","83661",2.71513354771969,2.03834818164525,2.95806771908169,0.00385544646731563,0.00977338101441106,-2.47132760319911,"single_mapping_record",1,1,1,TRUE,TRUE,2.75064512126008,3.06679870459436,0.316153583334277,0.316153583334277,TRUE,0.0103037210851501,0.0396247393432293,TRUE
1195,"Higher in IPF","ENSG00000171401","KRT13","keratin 13","3860",1.50168152472869,1.16214732522095,2.95424824269886,0.00389958891895382,0.00986861578748057,-2.38157005099815,"single_mapping_record",1,1,1,TRUE,TRUE,1.52414923247919,1.6633710556616,0.139221823182413,0.139221823182413,TRUE,0.0100038145715987,0.0451609115602308,TRUE
1196,"Higher in IPF","ENSG00000135960","EDAR","ectodysplasin A receptor","10913",1.4173113211362,-1.16351668791342,2.95410435865428,0.00390089579086047,0.00987025916271658,-2.01701904185272,"single_mapping_record",1,1,1,TRUE,TRUE,1.41411120540333,1.18571301733101,-0.228398188072325,0.228398188072325,TRUE,0.0114120748867876,0.117309104810609,FALSE
1197,"Higher in IPF","ENSG00000101842","VSIG1","V-set and immunoglobulin domain containing 1","340547",1.14619771439536,0.726692593971984,2.95054946084838,0.00394278006481612,0.00995856524543145,-2.24086268256794,"single_mapping_record",1,1,1,TRUE,TRUE,1.23103788499336,1.64147313576896,0.410435250775597,0.410435250775597,TRUE,0.00714432001977807,0.00954570156758235,TRUE
1198,"Higher in IPF","ENSG00000010282","HHATL","hedgehog acyltransferase like","57467",1.53045829609318,-1.9468929730975,2.9464128159522,0.00399099991175895,0.010059249609692,-1.99768014441739,"single_mapping_record",1,1,1,TRUE,TRUE,1.57199575406917,1.72110027387643,0.149104519807259,0.149104519807259,TRUE,0.00966035279325155,0.0386935738657398,TRUE
1199,"Higher in IPF","ENSG00000118307","DNAI7","dynein axonemal intermediate chain 7","55259",1.57726569986836,1.09121766399493,2.94296602572877,0.00403271458885916,0.0101473535715645,-2.33726631847028,"single_mapping_record",1,1,1,TRUE,TRUE,1.58361001033958,1.53470633194415,-0.0489036783954258,0.0489036783954258,TRUE,0.0111235883802089,0.0770851385648475,FALSE
1200,"Higher in IPF","ENSG00000160223","ICOSLG;LOC102723996","ICOS ligand;inducible T cell costimulator ligand","102723996;23308",1.12590311913694,-0.429964688468181,2.93586980701184,0.00411779884769479,0.0103216557524786,-2.12784277067684,"multiple_mapping_records",2,2,2,FALSE,FALSE,1.23919064858711,2.12403367618958,0.884843027602469,0.884843027602469,TRUE,0.00604340031468867,0.000443981163248417,TRUE
1201,"Higher in IPF","ENSG00000171811","CFAP46","cilia and flagella associated protein 46","54777",1.95327110409323,1.47751724390708,2.93470146362865,0.00413287626647553,0.0103559904043283,-2.39924177988416,"single_mapping_record",1,1,1,TRUE,TRUE,2.00676436819537,2.16642923059863,0.159664862403263,0.159664862403263,TRUE,0.0103286171940902,0.0461716164258306,TRUE
1202,"Higher in IPF","ENSG00000133101","CCNA1","cyclin A1","8900",1.538596151332,0.47556427575416,2.93030515032754,0.00418708567509159,0.0104725974932481,-2.28897821316649,"single_mapping_record",1,1,1,TRUE,TRUE,1.57617168878419,1.76284847473569,0.186676785951505,0.186676785951505,TRUE,0.0103461560574864,0.0416189624010344,TRUE
1203,"Higher in IPF","ENSG00000133665","DYDC2","DPY30 domain containing 2","84332",2.33440797036768,0.471870472098947,2.92951794427484,0.00419686126662169,0.0104928242659554,-2.25243061765313,"single_mapping_record",1,1,1,TRUE,TRUE,2.38197499411988,2.84565054435026,0.463675550230374,0.463675550230374,TRUE,0.0109386023778058,0.0275491852717948,TRUE
1204,"Higher in IPF","ENSG00000196090","PTPRT","protein tyrosine phosphatase receptor type T","11122",2.11372036000456,1.67324861755325,2.92947105394964,0.00419744421717292,0.0104928242659554,-2.44199431026411,"single_mapping_record",1,1,1,TRUE,TRUE,2.16545195082171,2.32611675414863,0.160664803326919,0.160664803326919,TRUE,0.0105807001967612,0.0468504766823117,TRUE
1205,"Higher in IPF","ENSG00000168078","PBK","PDZ binding kinase","55872",1.03831576734159,0.142584650506005,2.92386596088468,0.00426694446487085,0.0106421947676759,-2.21734834037552,"single_mapping_record",1,1,1,TRUE,TRUE,1.07165629428615,1.48782484367923,0.416168549393085,0.416168549393085,TRUE,0.00969227229708954,0.00897606592360105,TRUE
1206,"Higher in IPF","ENSG00000150873","CIMIP5","ciliary microtubule inner protein 5","130813",1.54182370359668,-0.497730769301818,2.92168687005276,0.00429525871987695,0.0106996441819581,-2.1638124557713,"single_mapping_record",1,1,1,TRUE,TRUE,1.60153399079427,1.5506158127661,-0.0509181780281707,0.0509181780281707,TRUE,0.00983570788934898,0.0696183397619627,FALSE
1207,"Higher in IPF","ENSG00000172554","SNTG2","syntrophin gamma 2","54221",1.05653080031818,0.207310311751417,2.92162459775605,0.00429568048792043,0.0106996441819581,-2.25941474323602,"single_mapping_record",1,1,1,TRUE,TRUE,1.12204892340276,0.656128030042373,-0.465920893360383,0.465920893360383,TRUE,0.00815240707295317,0.247740833595869,FALSE
1208,"Higher in IPF","ENSG00000165695","AK8","adenylate kinase 8","158067",1.19602455244572,1.05581237510025,2.91969031993627,0.00432068275389188,0.01075299892265,-2.39899441771375,"single_mapping_record",1,1,1,TRUE,TRUE,1.21183237399841,1.11769695175511,-0.0941354222432971,0.0941354222432971,TRUE,0.0114652110167488,0.0932089810926628,FALSE
1209,"Higher in IPF","ENSG00000112837","TBX18","T-box transcription factor 18","9096",1.33339337316823,-1.07193834311257,2.91875868255753,0.00433198196030151,0.0107739750145869,-2.11424653467932,"single_mapping_record",1,1,1,TRUE,TRUE,1.33664635692213,0.811918859247255,-0.524727497674877,0.524727497674877,TRUE,0.0122209952973721,0.257878540761089,FALSE
1210,"Higher in IPF","ENSG00000169064","ZBBX","zinc finger B-box domain containing","79740",2.37649957102739,1.13296129753289,2.91367601959729,0.00439810787707308,0.0109113196910628,-2.40773957297995,"single_mapping_record",1,1,1,TRUE,TRUE,2.37071494999905,2.47936965598011,0.108654705981061,0.108654705981061,TRUE,0.0124609159042537,0.0592016499708919,FALSE
1211,"Higher in IPF","ENSG00000160472","TMEM190","transmembrane protein 190","147744",2.14870931756567,1.05097006266405,2.91041717066987,0.00444059183313941,0.0110094408916744,-2.42734445621297,"single_mapping_record",1,1,1,TRUE,TRUE,2.13202461563927,2.51545073128799,0.383426115648722,0.383426115648722,TRUE,0.0128631106348243,0.0379771230578763,TRUE
1212,"Higher in IPF","ENSG00000135447","PPP1R1A","protein phosphatase 1 regulatory inhibitor subunit 1A","5502",1.26457149822429,-1.21069467421487,2.90834771872329,0.00446699892161358,0.0110712543852176,-2.14833719035984,"single_mapping_record",1,1,1,TRUE,TRUE,1.3321302528539,1.09192852105711,-0.240201731796788,0.240201731796788,TRUE,0.00878482353086995,0.113670611927137,FALSE
1213,"Higher in IPF","ENSG00000137098","SPAG8","sperm associated antigen 8","26206",1.22382395753582,2.42287833673718,2.90723265727314,0.00448247100622377,0.0111059341055341,-2.68662100180003,"single_mapping_record",1,1,1,TRUE,TRUE,1.24280203789187,1.26289662640464,0.020094588512763,0.020094588512763,TRUE,0.0117291441389387,0.0677275187571485,FALSE
1214,"Higher in IPF","ENSG00000118492","ADGB","androglobin","79747",2.09447558987827,0.306199995342059,2.90697510823128,0.00448587382844259,0.0111125310086766,-2.30240253532981,"single_mapping_record",1,1,1,TRUE,TRUE,2.13838965907712,2.33784224144218,0.19945258236506,0.19945258236506,TRUE,0.0114031501873793,0.0479860171473152,TRUE
1215,"Higher in IPF","ENSG00000197168","NEK5","NIMA related kinase 5","341676",1.57853963443342,1.80717438428589,2.90657594044912,0.00449115245753124,0.0111219367687989,-2.54883371873335,"single_mapping_record",1,1,1,TRUE,TRUE,1.49958746180404,1.43719777088036,-0.0623896909236865,0.0623896909236865,TRUE,0.0152068695275557,0.0927422228956759,FALSE
1216,"Higher in IPF","ENSG00000140481","CCDC33","coiled-coil domain containing 33","80125",2.49039707297582,0.089904810009187,2.90521831151276,0.00450914863460549,0.0111628198058538,-2.26500165395007,"single_mapping_record",1,1,1,TRUE,TRUE,2.50804142703793,2.81269189248063,0.304650465442698,0.304650465442698,TRUE,0.0119094262637621,0.0425280604708236,TRUE
1217,"Higher in IPF","ENSG00000165309","ARMC3","armadillo repeat containing 3","219681",2.44773075414984,1.27943924278849,2.90276199792258,0.00454187711498926,0.011229028203264,-2.45527033240604,"single_mapping_record",1,1,1,TRUE,TRUE,2.46927567385155,2.59431302735439,0.125037353502832,0.125037353502832,TRUE,0.0121696088787454,0.0565148927877078,FALSE
1218,"Higher in IPF","ENSG00000133640","LRRIQ1","leucine rich repeats and IQ motif containing 1","84125",1.86897094083808,1.62499084496914,2.89762341854363,0.0046110521074578,0.0113794368300438,-2.55028996524894,"single_mapping_record",1,1,1,TRUE,TRUE,1.86741279591121,1.87385455741879,0.00644176150757381,0.00644176150757381,TRUE,0.0130411796221586,0.0719213772243804,FALSE
1219,"Higher in IPF","ENSG00000158486","DNAH3","dynein axonemal heavy chain 3","55567",2.4298538646627,1.89283474717113,2.89262916265897,0.00467921083845064,0.0115203885216325,-2.61197705783005,"single_mapping_record",1,1,1,TRUE,TRUE,2.47568207427706,2.47462474367651,-0.00105733060055035,0.00105733060055035,TRUE,0.012099874268356,0.0702128896979953,FALSE
1220,"Higher in IPF","ENSG00000204950","LRRC10B","leucine rich repeat containing 10B","390205",1.62894369402087,1.9983807653351,2.89158750004868,0.00469354301034326,0.0115526262782871,-2.63860432058748,"single_mapping_record",1,1,1,TRUE,TRUE,1.68172730360682,1.79656386129282,0.114836557686008,0.114836557686008,TRUE,0.0110820278551262,0.0523461420809014,FALSE
1221,"Higher in IPF","ENSG00000167858","TEKT1","tektin 1","83659",2.44491042319068,1.58389783092312,2.89061827653978,0.0047069147075894,0.0115760490809849,-2.58569560782349,"single_mapping_record",1,1,1,TRUE,TRUE,2.4615949195136,2.66232413748931,0.200729217975706,0.200729217975706,TRUE,0.0123304755737615,0.0511168253381521,FALSE
1222,"Higher in IPF","ENSG00000120051","CFAP58","cilia and flagella associated protein 58","159686",1.16920089334182,1.2082295875255,2.88995239640396,0.00471612166095025,0.0115967925264841,-2.50155170773186,"single_mapping_record",1,1,1,TRUE,TRUE,1.16939261528172,1.26240353023932,0.0930109149576042,0.0930109149576042,TRUE,0.013397011802271,0.0561847855694148,FALSE
1223,"Higher in IPF","ENSG00000172426","RSPH9","radial spoke head component 9","221421",1.58750895903736,1.00003793459026,2.88953243365008,0.00472193688239183,0.0116091903829784,-2.46771638965349,"single_mapping_record",1,1,1,TRUE,TRUE,1.6252031838964,1.83141822309199,0.206215039195589,0.206215039195589,TRUE,0.0115147584205392,0.0440282949498034,TRUE
1224,"Higher in IPF","ENSG00000124237","CIMIP1","ciliary microtubule inner protein 1","128602",2.71276124274917,2.04505485768903,2.88781957805488,0.00474572306609767,0.0116581238206935,-2.66793475524938,"single_mapping_record",1,1,1,TRUE,TRUE,2.75939743668199,3.10565137920028,0.346253942518296,0.346253942518296,TRUE,0.0120898177645644,0.0426746239372502,TRUE
1225,"Higher in IPF","ENSG00000183273","CCDC60","coiled-coil domain containing 60","160777",2.3651271483697,-0.45299140076245,2.88396274785811,0.00479968576959679,0.011771423423164,-2.26774702049921,"single_mapping_record",1,1,1,TRUE,TRUE,2.39309411108554,2.61579420659705,0.222700095511514,0.222700095511514,TRUE,0.0124142114021835,0.0490590917161946,TRUE
1226,"Higher in IPF","ENSG00000243710","CFAP57","cilia and flagella associated protein 57","149465",1.77639570441148,1.44900197118818,2.883607133714,0.00480468960040635,0.011781770709131,-2.54873708696805,"single_mapping_record",1,1,1,TRUE,TRUE,1.77554252410418,1.74059040482084,-0.034952119283346,0.034952119283346,TRUE,0.0131832419146748,0.076938062121258,FALSE
1227,"Higher in IPF","ENSG00000168658","VWA3B","von Willebrand factor A domain containing 3B","200403",2.39545667289328,1.23898579891522,2.8828556422193,0.00481527956605247,0.0118058103618454,-2.51265578546507,"single_mapping_record",1,1,1,TRUE,TRUE,2.43160311740681,2.4358243717104,0.00422125430359088,0.00422125430359088,TRUE,0.0124106676640426,0.0717748435136079,FALSE
1228,"Higher in IPF","ENSG00000077327","SPAG6","sperm associated antigen 6","9576",2.45084949213292,1.94739397566954,2.88224602722743,0.00482388595950259,0.0118230491467841,-2.65557376944746,"single_mapping_record",1,1,1,TRUE,TRUE,2.43285826279048,2.60973676886502,0.176878506074539,0.176878506074539,TRUE,0.0128912419442552,0.0556918049218045,FALSE
1229,"Higher in IPF","ENSG00000128683","GAD1","glutamate decarboxylase 1","2571",1.09727544917822,-1.15508365762977,2.8820244519285,0.00482548585486718,0.0118250397736314,-2.20334103794987,"single_mapping_record",1,1,1,TRUE,TRUE,1.15712056688009,0.881787044363017,-0.275333522517069,0.275333522517069,TRUE,0.00957162196041203,0.149559446869008,FALSE
1230,"Higher in IPF","ENSG00000158023","CFAP251","cilia and flagella associated protein 251","144406",1.39675169199838,2.91215515483288,2.8776366978031,0.00488941788633187,0.011954387835442,-2.87998320129929,"single_mapping_record",1,1,1,TRUE,TRUE,1.41834827793273,1.32562216071949,-0.0927261172132361,0.0927261172132361,TRUE,0.0126583292091727,0.090803417783335,FALSE
1231,"Higher in IPF","ENSG00000080572","DNAAF6","dynein axonemal assembly factor 6","139212",2.25648339163874,-0.992056108095336,2.87693244071737,0.00489950214682772,0.0119751426617026,-2.23618980001944,"single_mapping_record",1,1,1,TRUE,TRUE,2.28799874052989,2.50335074586493,0.215352005335036,0.215352005335036,TRUE,0.0126240472834288,0.0484571456694847,TRUE
1232,"Higher in IPF","ENSG00000173627","APOBEC4","apolipoprotein B mRNA editing enzyme catalytic polypeptide like 4","403314",2.40267691156928,-0.65581683880402,2.86715169052328,0.00504154064172367,0.0122748166442579,-2.28857028402939,"single_mapping_record",1,1,1,TRUE,TRUE,2.41471448486777,2.67516020606675,0.260445721198978,0.260445721198978,TRUE,0.0135484417917654,0.0473515005399815,TRUE
1233,"Higher in IPF","ENSG00000166596","CFAP52","cilia and flagella associated protein 52","146845",2.15407425417157,1.19828569892129,2.86713851010986,0.0050417345742402,0.0122748166442579,-2.56758725439541,"single_mapping_record",1,1,1,TRUE,TRUE,2.17198672921142,2.26353441852534,0.091547689313916,0.091547689313916,TRUE,0.0129906808607103,0.0605431413484976,FALSE
1234,"Higher in IPF","ENSG00000165164","CFAP47","cilia and flagella associated protein 47","286464",2.2945806776864,0.436556609795739,2.86477851381363,0.00507656936428185,0.0123476116812377,-2.41778079423613,"single_mapping_record",1,1,1,TRUE,TRUE,2.3305708522155,2.53330783508417,0.202736982868672,0.202736982868672,TRUE,0.0130846814514856,0.0513444805021499,FALSE
1235,"Higher in IPF","ENSG00000206072","SERPINB11","serpin family B member 11","89778",1.99285148662245,-2.80546713003121,2.86041776562858,0.00514151782543004,0.0124792992070098,-2.18749103505165,"single_mapping_record",1,1,1,TRUE,TRUE,2.02104024574788,2.11822111409967,0.097180868351789,0.097180868351789,TRUE,0.0132736876852321,0.0555891442268769,FALSE
1236,"Higher in IPF","ENSG00000115353","TACR1","tachykinin receptor 1","6869",1.09868140810407,1.83606493345179,2.8600564746425,0.00514693289155528,0.0124863860000045,-2.70240385128193,"single_mapping_record",1,1,1,TRUE,TRUE,1.12791734093549,1.04717617335008,-0.0807411675854068,0.0807411675854068,TRUE,0.0121552964360317,0.0915146781550605,FALSE
1237,"Higher in IPF","ENSG00000230873","STMND1","stathmin domain containing 1","401236",2.25556278447077,-0.0442296085721353,2.85899182763872,0.00516292036038503,0.0125150590101889,-2.38847020293355,"single_mapping_record",1,1,1,TRUE,TRUE,2.25123347078253,2.68958624513036,0.438352774347834,0.438352774347834,TRUE,0.0140083889771274,0.03627922987498,TRUE
1238,"Higher in IPF","ENSG00000213085","CFAP45","cilia and flagella associated protein 45","25790",1.49023977410803,2.06622674798775,2.85735337776105,0.00518761343982022,0.0125667989282848,-2.75575851794468,"single_mapping_record",1,1,1,TRUE,TRUE,1.49231731747262,1.65820607468728,0.165888757214653,0.165888757214653,TRUE,0.0140547843604051,0.0512178070596174,FALSE
1239,"Higher in IPF","ENSG00000165923","AGBL2","AGBL carboxypeptidase 2","79841",1.46598613256975,1.94268605345371,2.85668581941309,0.0051977052272086,0.0125822562108021,-2.72938437427886,"single_mapping_record",1,1,1,TRUE,TRUE,1.50525159419748,1.55573663763341,0.0504850434359239,0.0504850434359239,TRUE,0.0124576646718697,0.0644097245400582,FALSE
1240,"Higher in IPF","ENSG00000124664","SPDEF","SAM pointed domain containing ETS transcription factor","25803",1.15746770087598,1.07960334245658,2.85211890674787,0.00526722961093229,0.012713188062209,-2.6055008852249,"single_mapping_record",1,1,1,TRUE,TRUE,1.20616641411293,1.26844902328425,0.062282609171316,0.062282609171316,TRUE,0.0112538333137515,0.0596183281808198,FALSE
1241,"Higher in IPF","ENSG00000186976","EFCAB6","EF-hand calcium binding domain 6","64800",1.07269427948823,1.62539125308926,2.85039713539588,0.00529366154120016,0.0127660155914051,-2.69063451951803,"single_mapping_record",1,1,1,TRUE,TRUE,1.06069543253666,1.07529751365196,0.0146020811153023,0.0146020811153023,TRUE,0.0155496638102898,0.0785665013940039,FALSE
1242,"Higher in IPF","ENSG00000160401","CFAP157","cilia and flagella associated protein 157","286207",2.13605781080814,3.063431821354,2.84817478004085,0.0053279579739041,0.0128401129625948,-2.9786777715691,"single_mapping_record",1,1,1,TRUE,TRUE,2.18450918534206,2.42486989168902,0.240360706346964,0.240360706346964,TRUE,0.0131234158152194,0.0521128920608217,FALSE
1243,"Higher in IPF","ENSG00000188822","CNR2","cannabinoid receptor 2","1269",1.16455132310243,-0.605477250812702,2.8418827073529,0.00542530715483664,0.013033239079598,-2.34424775581743,"single_mapping_record",1,1,1,TRUE,TRUE,1.1701109325914,1.48826268071404,0.318151748122648,0.318151748122648,TRUE,0.0146555259743632,0.0253105619374411,TRUE
1244,"Higher in IPF","ENSG00000112530","PACRG","parkin coregulated","135138",1.40560044805328,1.07277619537088,2.84165764882558,0.00542971103704611,0.0130417315341018,-2.59205154441125,"single_mapping_record",1,1,1,TRUE,TRUE,1.40684171044563,1.51361257506246,0.106770864616835,0.106770864616835,TRUE,0.0148985566839291,0.0612082945557128,FALSE
1245,"Higher in IPF","ENSG00000142621","FHAD1","forkhead associated phosphopeptide binding domain 1","114827",1.05417081589472,2.97897013131622,2.836416841842,0.00551282481064699,0.0132096609828304,-3.0073090902059,"single_mapping_record",1,1,1,TRUE,TRUE,1.0848062811885,1.10201508598474,0.0172088047962415,0.0172088047962415,TRUE,0.0130944926021041,0.0723252339299342,FALSE
1246,"Higher in IPF","ENSG00000197838","CYP2A13","cytochrome P450 family 2 subfamily A member 13","1553",1.64409664678711,-2.89176803627531,2.83459668621785,0.00554131327399178,0.0132546787767641,-2.24818243345352,"single_mapping_record",1,1,1,TRUE,TRUE,1.66836732332097,1.60895300983933,-0.0594143134816381,0.0594143134816381,TRUE,0.0141612925054949,0.0839751173085142,FALSE
1247,"Higher in IPF","ENSG00000049283","EPN3","epsin 3","55040",1.65603276974289,-0.171221459048872,2.83378814784567,0.00555495053297973,0.0132848952493164,-2.43304856914209,"single_mapping_record",1,1,1,TRUE,TRUE,1.65485846170284,1.48012491410533,-0.17473354759751,0.17473354759751,TRUE,0.0146511213539303,0.106951049341299,FALSE
1248,"Higher in IPF","ENSG00000188659","SAXO2","stabilizer of axonemal microtubules 2","283726",1.77884121256959,2.0425452756815,2.82819896835987,0.0056455004310032,0.0134695251859854,-2.81859333250766,"single_mapping_record",1,1,1,TRUE,TRUE,1.79335189074364,1.90610481768601,0.112752926942369,0.112752926942369,TRUE,0.0146926157459748,0.0637109402145185,FALSE
1249,"Higher in IPF","ENSG00000178796","RIIAD1","regulatory subunit of type II PKA R-subunit domain containing 1","284485",1.41959707468101,-0.759890701727712,2.8250743474343,0.00569670912657354,0.0135722897013366,-2.39170802634165,"single_mapping_record",1,1,1,TRUE,TRUE,1.42424099398631,1.44746861419194,0.0232276202056354,0.0232276202056354,TRUE,0.0147725120007817,0.0760640423656417,FALSE
1250,"Higher in IPF","ENSG00000188523","CFAP77","cilia and flagella associated protein 77","389799",2.20207421325392,-0.128460409415871,2.82231949672178,0.00574221004170275,0.0136626488894151,-2.45715416905731,"single_mapping_record",1,1,1,TRUE,TRUE,2.25887956792443,2.44870147305591,0.189821905131487,0.189821905131487,TRUE,0.0136558710476096,0.0534864579068724,FALSE
1251,"Higher in IPF","ENSG00000167483","NIBAN3","niban apoptosis regulator 3","199786",1.06713276452361,0.6060000702575,2.82222740488332,0.00574373681995061,0.0136626488894151,-2.54961794882593,"single_mapping_record",1,1,1,TRUE,TRUE,1.06346425217474,1.20855125282371,0.145087000648978,0.145087000648978,TRUE,0.0158146270931106,0.0485238319484825,TRUE
1252,"Higher in IPF","ENSG00000092850","TEKT2","tektin 2","27285",2.01575591113171,1.56173505672804,2.81867114518361,0.00580298051492073,0.0137860964535512,-2.74420688334091,"single_mapping_record",1,1,1,TRUE,TRUE,2.06783428212381,2.22937602618874,0.161541744064921,0.161541744064921,TRUE,0.0138720885266019,0.0568529624498295,FALSE
1253,"Higher in IPF","ENSG00000117501","MROH9","maestro heat like repeat family member 9","80133",2.07913405887377,-0.707511661224795,2.81823731157587,0.00581024588234107,0.0137989892715874,-2.39502166221812,"single_mapping_record",1,1,1,TRUE,TRUE,2.07617241220688,2.09888390031402,0.0227114881071389,0.0227114881071389,TRUE,0.0160179048596962,0.0768403965970232,FALSE
1254,"Higher in IPF","ENSG00000166246","DNAAF8","dynein axonemal assembly factor 8","146562",1.43192259759335,0.874090759303637,2.81556235788427,0.00585522722612427,0.0138992206069857,-2.64539138977997,"single_mapping_record",1,1,1,TRUE,TRUE,1.44707577577232,1.35376194692619,-0.0933138288461284,0.0933138288461284,TRUE,0.0149197633617687,0.106039036707897,FALSE
1255,"Higher in IPF","ENSG00000188817","SNTN","sentan, cilia apical structure protein","132203",2.30350381400284,1.89956470645778,2.81455326578392,0.00587227845737006,0.0139286845002432,-2.83339984046786,"single_mapping_record",1,1,1,TRUE,TRUE,2.33933010396394,2.55135262609427,0.21202252213033,0.21202252213033,TRUE,0.0145938706449447,0.0555920027185415,FALSE
1256,"Higher in IPF","ENSG00000206199","ANKUB1","ankyrin repeat and ubiquitin domain containing 1","389161",2.29160859879303,-0.64230529523716,2.81438634866581,0.00587510332975866,0.0139331834417594,-2.4107140892663,"single_mapping_record",1,1,1,TRUE,TRUE,2.34305587597784,2.54595897394776,0.202903097969926,0.202903097969926,TRUE,0.0144475734695132,0.0544992955543564,FALSE
1257,"Higher in IPF","ENSG00000187905","LRRC74B","leucine rich repeat containing 74B","400891",2.26726367618916,0.519277049388572,2.81182917007787,0.00591853619736997,0.0140184703999555,-2.56338956068582,"single_mapping_record",1,1,1,TRUE,TRUE,2.30320997965976,2.39986137755513,0.0966513978953696,0.0966513978953696,TRUE,0.0146350947884939,0.0674345582347834,FALSE
1258,"Higher in IPF","ENSG00000170959","DCDC1","doublecortin domain containing 1","341019",1.81708469621468,-0.0210687734435821,2.81071318769519,0.00593758268977504,0.0140547132353994,-2.50620671387663,"single_mapping_record",1,1,1,TRUE,TRUE,1.80656244533055,1.97669321289325,0.170130767562702,0.170130767562702,TRUE,0.0164735928861344,0.0591511408226182,FALSE
1259,"Higher in IPF","ENSG00000105479","ODAD1","outer dynein arm docking complex subunit 1","93233",1.70601107636847,2.44537171898464,2.80627659860635,0.00601385772307377,0.014210614219862,-2.95277275620314,"single_mapping_record",1,1,1,TRUE,TRUE,1.70321558278981,1.70264741678567,-0.000568166004136339,0.000568166004136339,TRUE,0.0160347898326694,0.0834408040841175,FALSE
1260,"Higher in IPF","ENSG00000168589","DYNLRB2","dynein light chain roadblock-type 2","83657",1.63722289777954,0.76049587288574,2.80422833764001,0.00604937336710286,0.0142765591867549,-2.64736418293275,"single_mapping_record",1,1,1,TRUE,TRUE,1.67544137665557,1.82432052271584,0.148879146060269,0.148879146060269,TRUE,0.014421418810262,0.0599212586991078,FALSE
1261,"Higher in IPF","ENSG00000160188","RSPH1","radial spoke head component 1","89765",1.99415917190998,2.64999865357936,2.80292186181003,0.00607212694340333,0.0143167535219681,-3.02561561590793,"single_mapping_record",1,1,1,TRUE,TRUE,2.00898516914455,2.23707047509389,0.228085305949336,0.228085305949336,TRUE,0.0155383060895665,0.0566594939920903,FALSE
1262,"Higher in IPF","ENSG00000117507",,,,1.27352759999477,-1.16797558260451,2.80073793265018,0.00610955680771204,0.0143937016317284,-2.40726545637088,"unmapped",0,0,0,FALSE,FALSE,1.29716146091566,0.859600459032089,-0.43756100188357,0.43756100188357,TRUE,0.0147797263412774,0.239866372181591,FALSE
1263,"Higher in IPF","ENSG00000203963","C1orf141","chromosome 1 open reading frame 141","400757",2.03167154792928,-1.89519115181327,2.79854610763278,0.00614890605345867,0.0144750474634658,-2.36206058772279,"single_mapping_record",1,1,1,TRUE,TRUE,2.08528091783998,2.35096912203784,0.265688204197859,0.265688204197859,TRUE,0.014536438891555,0.0430464339833129,TRUE
1264,"Higher in IPF","ENSG00000060718","COL11A1","collagen type XI alpha 1 chain","1301",1.691941319794,0.1846552611831,2.79588957153746,0.00619595071981548,0.0145698014106939,-2.55743729122324,"single_mapping_record",1,1,1,TRUE,TRUE,1.68785515594172,2.63629048876457,0.948435332822845,0.948435332822845,TRUE,0.0176388417446437,0.0072350681890257,TRUE
1265,"Higher in IPF","ENSG00000188910","GJB3","gap junction protein beta 3","2707",1.47252513520215,-0.322801948657268,2.78990325654667,0.00630317046349905,0.0147879094419427,-2.52919796850932,"single_mapping_record",1,1,1,TRUE,TRUE,1.49599916715508,1.74006500119049,0.244065834035411,0.244065834035411,TRUE,0.0153968554921287,0.0428861813963303,TRUE
1266,"Higher in IPF","ENSG00000151023","ENKUR","enkurin, TRPC channel interacting protein","219670",2.01090893438038,1.3094165308623,2.78802212617723,0.00633721136879731,0.01485394125228,-2.79301571081627,"single_mapping_record",1,1,1,TRUE,TRUE,2.02253202511226,2.20251189192167,0.179979866809405,0.179979866809405,TRUE,0.0162960165353423,0.0617217325254414,FALSE
1267,"Higher in IPF","ENSG00000181322","NME9","NME/NM23 family member 9","347736",1.80143081981597,-0.0112517497695893,2.78696663352694,0.006356385003923,0.0148864355193279,-2.564167443626,"single_mapping_record",1,1,1,TRUE,TRUE,1.82158684861037,2.01847195976355,0.196885111153187,0.196885111153187,TRUE,0.0161336978281266,0.0569518593340774,FALSE
1268,"Higher in IPF","ENSG00000197826","CFAP299","cilia and flagella associated protein 299","255119",2.01876912494651,-1.52569168087724,2.78337876309716,0.00642195755289807,0.0150142387142354,-2.41443761746695,"single_mapping_record",1,1,1,TRUE,TRUE,2.01561637098019,2.13820380781744,0.122587436837244,0.122587436837244,TRUE,0.0176359739685287,0.0671704196769342,FALSE
1269,"Higher in IPF","ENSG00000139537","CCDC65","coiled-coil domain containing 65","85478",1.52419767430576,1.19371963633123,2.78230888797406,0.00644162999096151,0.0150578868614628,-2.78339599122938,"single_mapping_record",1,1,1,TRUE,TRUE,1.55650566436383,1.73340164288189,0.176895978518057,0.176895978518057,TRUE,0.0154176847517077,0.0549322836632523,FALSE
1270,"Higher in IPF","ENSG00000179869","ABCA13","ATP binding cassette subfamily A member 13","154664",1.93036919639119,1.76658308823847,2.77837300762406,0.00651447584165896,0.0151903248423399,-2.86601951764741,"single_mapping_record",1,1,1,TRUE,TRUE,1.94290586251009,1.93078337980179,-0.012122482708298,0.012122482708298,TRUE,0.0171563174336414,0.0928415063219594,FALSE
1271,"Higher in IPF","ENSG00000134873","CLDN10","claudin 10","9071",1.08442220077804,0.858104817737756,2.77468927614526,0.00658333532798343,0.0153270828076438,-2.73246609867473,"single_mapping_record",1,1,1,TRUE,TRUE,1.15454552631405,1.79446395258516,0.63991842627111,0.63991842627111,TRUE,0.0117291441389387,0.0041487979451179,TRUE
1272,"Higher in IPF","ENSG00000157856","DRC1","dynein regulatory complex subunit 1","92749",2.10459715213076,1.05022378928285,2.76860420748771,0.00669853892538126,0.01554466939988,-2.81459412249294,"single_mapping_record",1,1,1,TRUE,TRUE,2.14265194856636,2.24665631874254,0.104004370176179,0.104004370176179,TRUE,0.0160252593546297,0.0711898829733812,FALSE
1273,"Higher in IPF","ENSG00000165325","DEUP1","deuterosome assembly protein 1","159989",1.56390042712107,-2.04742994483817,2.7674071758841,0.00672105449100721,0.0155896894343326,-2.43144846411499,"single_mapping_record",1,1,1,TRUE,TRUE,1.57682759978599,1.65622117507827,0.0793935752922847,0.0793935752922847,TRUE,0.0173674252011739,0.0704557003776254,FALSE
1274,"Higher in IPF","ENSG00000204815","ODAD4","outer dynein arm docking complex subunit 4","83538",1.24462735063042,2.01922237707657,2.76694190191587,0.00673032825063209,0.0156063774634675,-2.99022387259071,"single_mapping_record",1,1,1,TRUE,TRUE,1.27131032979304,1.39822984809152,0.12691951829848,0.12691951829848,TRUE,0.0157323767065525,0.0580365110681175,FALSE
1275,"Higher in IPF","ENSG00000197653","DNAH10","dynein axonemal heavy chain 10","196385",1.83370369870925,2.31510217040584,2.76410694608142,0.00678486053860252,0.0157206862795958,-3.04881733917061,"single_mapping_record",1,1,1,TRUE,TRUE,1.86996056092449,2.0232177154979,0.153257154573413,0.153257154573413,TRUE,0.0162820917829196,0.063728947486562,FALSE
1276,"Higher in IPF","ENSG00000183644","HOATZ","HOATZ cilia and flagella associated protein","399949",2.33398138249923,0.927098121776719,2.76092194815308,0.00684660659372061,0.0158353208891871,-2.79564382667947,"single_mapping_record",1,1,1,TRUE,TRUE,2.37380908800485,2.63345620804239,0.259647120037542,0.259647120037542,TRUE,0.016430296225543,0.0574897851644091,FALSE
1277,"Higher in IPF","ENSG00000204711","CFAP95","cilia and flagella associated protein 95","138255",2.12925708464932,-0.083739361898635,2.75949131923112,0.00687450793502589,0.015886716921276,-2.61772028018885,"single_mapping_record",1,1,1,TRUE,TRUE,2.19008190328954,2.62838849114484,0.438306587855302,0.438306587855302,TRUE,0.0158340009988528,0.0370293988028834,TRUE
1278,"Higher in IPF","ENSG00000064787","BCAS1","brain enriched myelin associated protein 1","8537",1.18018484551919,1.7481104695255,2.75936467182453,0.00687698290872206,0.0158899903687449,-2.94456489352842,"single_mapping_record",1,1,1,TRUE,TRUE,1.24986716541664,1.22669104046699,-0.02317612494965,0.02317612494965,TRUE,0.0127905527257494,0.0775234116784648,FALSE
1279,"Higher in IPF","ENSG00000186474","KLK12","kallikrein related peptidase 12","43849",1.77048065996214,-2.23770469490034,2.7588351603756,0.00688733954888153,0.0159114714231778,-2.44673439202465,"single_mapping_record",1,1,1,TRUE,TRUE,1.79712064057632,2.03772816541074,0.240607524834417,0.240607524834417,TRUE,0.017016508575452,0.0493434638944448,TRUE
1280,"Higher in IPF","ENSG00000215217","CFAP90","cilia and flagella associated protein 90","134121",1.87694163782783,1.64369717855207,2.75715492704892,0.00692029722132938,0.0159753193736117,-2.93152231329683,"single_mapping_record",1,1,1,TRUE,TRUE,1.89503669376015,2.1443512181418,0.249314524381655,0.249314524381655,TRUE,0.0169998125839159,0.0538384554162709,FALSE
1281,"Higher in IPF","ENSG00000167646","DNAAF3","dynein axonemal assembly factor 3","352909",1.73091734835389,1.00420880314427,2.74569500325871,0.00714894433808317,0.0164122881791259,-2.83702743109422,"single_mapping_record",1,1,1,TRUE,TRUE,1.78691348344706,1.90165302652897,0.114739543081909,0.114739543081909,TRUE,0.0157267444982287,0.0679151810272528,FALSE
1282,"Higher in IPF","ENSG00000159763","PIP","prolactin induced protein","5304",2.09933243336482,-1.39195390677873,2.74419746247753,0.00717932623208349,0.0164593838417895,-2.55372673354243,"single_mapping_record",1,1,1,TRUE,TRUE,2.13703937516633,2.39959044879372,0.262551073627392,0.262551073627392,TRUE,0.0171496415504255,0.0557009502465095,FALSE
1283,"Higher in IPF","ENSG00000169126","ODAD2","outer dynein arm docking complex subunit 2","55130",1.71393405789607,1.26781562135578,2.73860358991167,0.00729385697769496,0.0166862817661013,-2.91157960888571,"single_mapping_record",1,1,1,TRUE,TRUE,1.72383399422857,1.82276237550872,0.0989283812801467,0.0989283812801467,TRUE,0.0181874191068149,0.0745462649931799,FALSE
1284,"Higher in IPF","ENSG00000182585","EPGN","epithelial mitogen","255324",1.645854953769,-1.78628836543941,2.73605148946256,0.00734666013552363,0.0167968416013525,-2.50392445269855,"single_mapping_record",1,1,1,TRUE,TRUE,1.59168357012673,1.46910171116558,-0.122581858961147,0.122581858961147,TRUE,0.0235084854577554,0.130223817553394,FALSE
1285,"Higher in IPF","ENSG00000176029","C11orf16","chromosome 11 open reading frame 16","56673",2.18265569623518,0.650168603538539,2.73457346188284,0.00737739955797293,0.0168568526886286,-2.80564147202973,"single_mapping_record",1,1,1,TRUE,TRUE,2.24516502846964,2.40245482760657,0.157289799136935,0.157289799136935,TRUE,0.0166942122404784,0.067313780050904,FALSE
1286,"Higher in IPF","ENSG00000167653","PSCA","prostate stem cell antigen","8000",2.42047974870082,-0.149416177735203,2.73027149985762,0.00746753758077976,0.0170368805718337,-2.67940571521051,"single_mapping_record",1,1,1,TRUE,TRUE,2.45185667492121,2.85739242003673,0.405535745115523,0.405535745115523,TRUE,0.018411310306571,0.0502757385527039,FALSE
1287,"Higher in IPF","ENSG00000135333","EPHA7","EPH receptor A7","2045",1.0100976237036,-0.240741739294365,2.72896716374863,0.00749418855171232,0.0170769214539019,-2.69205485828167,"single_mapping_record",1,1,1,TRUE,TRUE,0.990327668546739,1.19711864142343,0.206790972876696,0.206790972876696,TRUE,0.0213769051864639,0.0457573329706598,TRUE
1288,"Higher in IPF","ENSG00000109182","CWH43","cell wall biogenesis 43 C-terminal homolog","80157",2.22413289412335,-0.903979398242389,2.72682142585421,0.00754054920196976,0.0171643251887748,-2.60735596494876,"single_mapping_record",1,1,1,TRUE,TRUE,2.24899140241357,2.31573387675404,0.0667424743404652,0.0667424743404652,TRUE,0.0183348630988413,0.0811218933922264,FALSE
1289,"Higher in IPF","ENSG00000173838","MARCHF10","membrane associated ring-CH-type finger 10","162333",1.68327332302432,0.700723111391718,2.72055063485084,0.00767491910046165,0.0174200008370321,-2.84215819379321,"single_mapping_record",1,1,1,TRUE,TRUE,1.70457475684799,1.78250039220063,0.0779256353526445,0.0779256353526445,TRUE,0.0186994716396154,0.076244166372348,FALSE
1290,"Higher in IPF","ENSG00000168350","DEGS2","delta 4-desaturase, sphingolipid 2","123099",1.07875217601799,1.07392544100262,2.71949688533302,0.00769771130661979,0.0174558976034707,-2.91984795816494,"single_mapping_record",1,1,1,TRUE,TRUE,1.08954645251731,0.93786918117232,-0.151677271344986,0.151677271344986,TRUE,0.0189115928791617,0.144927767856974,FALSE
1291,"Higher in IPF","ENSG00000112539","C6orf118","chromosome 6 open reading frame 118","168090",2.2616920845725,0.0784970956881849,2.71868419971322,0.0077153314201078,0.0174905701115461,-2.74829732545361,"single_mapping_record",1,1,1,TRUE,TRUE,2.25359941942294,2.35492486528232,0.101325445859387,0.101325445859387,TRUE,0.0195673241083743,0.0776529997801484,FALSE
1292,"Higher in IPF","ENSG00000175267","VWA3A","von Willebrand factor A domain containing 3A","146177",1.37678133226222,3.19810086746832,2.71828881381579,0.00772391717374975,0.0175021048471443,-3.37058578003347,"single_mapping_record",1,1,1,TRUE,TRUE,1.40286891884341,1.35081019900377,-0.0520587198396432,0.0520587198396432,TRUE,0.0179834280701869,0.102758462188181,FALSE
1293,"Higher in IPF","ENSG00000136918","WDR38","WD repeat domain 38","401551",2.31986609273617,0.936939358082425,2.71775503816723,0.00773552182649186,0.0175178237530994,-2.89464652037388,"single_mapping_record",1,1,1,TRUE,TRUE,2.37801437332596,2.49661074437181,0.118596371045848,0.118596371045848,TRUE,0.0176959727371114,0.0747628535829282,FALSE
1294,"Higher in IPF","ENSG00000167094","TTC16","tetratricopeptide repeat domain 16","158248",1.16711767877781,1.36328924211989,2.70931537222075,0.00792112552646151,0.017865375060583,-2.97837271592499,"single_mapping_record",1,1,1,TRUE,TRUE,1.17140160147756,0.999798265787013,-0.171603335690542,0.171603335690542,TRUE,0.0201193455798568,0.157314750012516,FALSE
1295,"Higher in IPF","ENSG00000237289","CKMT1A;CKMT1B","creatine kinase, mitochondrial 1A;creatine kinase, mitochondrial 1B","1159;548596",1.33527401117136,-1.40115544023453,2.70544207588138,0.00800709917505225,0.0180376009627678,-2.6161244625908,"multiple_mapping_records",2,2,2,FALSE,FALSE,1.45724251267349,1.42309503884263,-0.0341474738308543,0.0341474738308543,TRUE,0.011901962085161,0.076938062121258,FALSE
1296,"Higher in IPF","ENSG00000178965","ERICH3","glutamate rich 3","127254",2.24969136986574,1.99864147907727,2.69989796877008,0.00813300289874312,0.0182855533197442,-3.12536481923843,"single_mapping_record",1,1,1,TRUE,TRUE,2.26487303374086,2.42021991757565,0.155346883834784,0.155346883834784,TRUE,0.0197979956801501,0.0732556266419679,FALSE
1297,"Higher in IPF","ENSG00000165730","STOX1","storkhead box 1","219736",1.20871605193008,1.39071849156945,2.69966073980666,0.0081384060555381,0.018294961321614,-3.02818952702407,"single_mapping_record",1,1,1,TRUE,TRUE,1.21656440369365,1.18167459706575,-0.0348898066279018,0.0348898066279018,TRUE,0.0200327433895102,0.104062211156158,FALSE
1298,"Higher in IPF","ENSG00000276409","CCL14","C-C motif chemokine ligand 14","6358",1.09088413735443,1.22461371565764,2.69874140812694,0.00815937568597966,0.0183338643613122,-2.97767361707453,"single_mapping_record",1,1,1,TRUE,TRUE,1.08212906377033,0.649996321595217,-0.432132742175116,0.432132742175116,TRUE,0.0219121242580798,0.314646218910973,FALSE
1299,"Higher in IPF","ENSG00000178473","UCN3","urocortin 3","114131",1.6815872446893,-1.61387091648249,2.6820067512417,0.00854976408353184,0.0190995622651756,-2.63718607486035,"single_mapping_record",1,1,1,TRUE,TRUE,1.68564230318062,1.65683091608781,-0.0288113870928084,0.0288113870928084,TRUE,0.0218128322923223,0.101107568528727,FALSE
1300,"Higher in IPF","ENSG00000174844","DNAH12","dynein axonemal heavy chain 12","201625",1.93797947765291,2.36001591974444,2.67991475924863,0.00859974007087273,0.0191883617633682,-3.26546437292202,"single_mapping_record",1,1,1,TRUE,TRUE,1.95700582495485,2.17182072283762,0.214814897882774,0.214814897882774,TRUE,0.0204618010329438,0.0685326667723875,FALSE
1301,"Higher in IPF","ENSG00000171595","DNAI2","dynein axonemal intermediate chain 2","64446",1.92885062893618,1.18503031489535,2.67017754206435,0.00883585958748568,0.0196480409016938,-3.05266385363936,"single_mapping_record",1,1,1,TRUE,TRUE,1.96791227821392,2.16657254263998,0.198660264426057,0.198660264426057,TRUE,0.0199749746613258,0.0676667778728631,FALSE
1302,"Higher in IPF","ENSG00000142959","BEST4","bestrophin 4","266675",1.15668424789177,0.261814173437965,2.66886246559245,0.00886819571608449,0.0197111865694197,-2.90650039362349,"single_mapping_record",1,1,1,TRUE,TRUE,1.16802662836252,1.37725454672646,0.209227918363944,0.209227918363944,TRUE,0.0213044043980873,0.0544118535826147,FALSE
1303,"Higher in IPF","ENSG00000159239",,,,1.23617968788386,-1.69110840192072,2.66264856621702,0.00902100030442119,0.0199979066539956,-2.69100022991048,"unmapped",0,0,0,FALSE,FALSE,1.30344309743819,1.70289933702225,0.399456239584061,0.399456239584061,TRUE,0.0166518846261086,0.0229617396811403,TRUE
1304,"Higher in IPF","ENSG00000124143","ARHGAP40","Rho GTPase activating protein 40","343578",1.10686078534866,0.680059189056464,2.66056447958452,0.00907471906056745,0.0201017681182291,-2.98760960600118,"single_mapping_record",1,1,1,TRUE,TRUE,1.22296494754951,1.35065055590521,0.127685608355708,0.127685608355708,TRUE,0.0120471166384246,0.0482600213870022,TRUE
1305,"Higher in IPF","ENSG00000126838","PZP","PZP alpha-2-macroglobulin like","5858",1.36503062740582,1.81108146261977,2.65864765690701,0.00912304100969312,0.020194453663244,-3.20346452429796,"single_mapping_record",1,1,1,TRUE,TRUE,1.34905739330197,1.49245508422125,0.143397690919281,0.143397690919281,TRUE,0.0237409989873527,0.0752105898420285,FALSE
1306,"Higher in IPF","ENSG00000174950","CD164L2","CD164 molecule like 2","388611",1.37454087512618,1.28281815234035,2.65836345748496,0.00913022531630628,0.0202008758214281,-3.13198980253385,"single_mapping_record",1,1,1,TRUE,TRUE,1.45969969680217,1.67682731853883,0.217127621736659,0.217127621736659,TRUE,0.0165222134754486,0.0522390701180787,FALSE
1307,"Higher in IPF","ENSG00000141294","LRRC46","leucine rich repeat containing 46","90506",1.77133597362712,2.32272377211625,2.65771862102707,0.00914654521523747,0.0202310205939509,-3.32639657671316,"single_mapping_record",1,1,1,TRUE,TRUE,1.80607865854363,2.07575291322933,0.269674254685706,0.269674254685706,TRUE,0.0209701826867352,0.0620422451257374,FALSE
1308,"Higher in IPF","ENSG00000111834","RSPH4A","radial spoke head component 4A","345895",1.56505961946913,2.21887733389052,2.6569559370286,0.00916588177743951,0.0202678181238654,-3.29077756837809,"single_mapping_record",1,1,1,TRUE,TRUE,1.55804557427882,1.73527835574346,0.17723278146464,0.17723278146464,TRUE,0.0229334775890358,0.071416141341165,FALSE
1309,"Higher in IPF","ENSG00000204052","LRRC73","leucine rich repeat containing 73","221424",1.22544868389071,-0.498419690111079,2.65045530755558,0.00933220311370648,0.020575011209753,-2.85038431588527,"single_mapping_record",1,1,1,TRUE,TRUE,1.26370506201953,1.28625778567837,0.0225527236588359,0.0225527236588359,TRUE,0.0197122114292604,0.0889017716173082,FALSE
1310,"Higher in IPF","ENSG00000163873","GRIK3","glutamate ionotropic receptor kainate type subunit 3","2899",1.19489148376071,-0.957983785121087,2.65037319694887,0.00933358821865293,0.020575011209753,-2.78217525374571,"single_mapping_record",1,1,1,TRUE,TRUE,1.12166485109468,0.133389943315817,-0.988274907778858,0.988274907778858,TRUE,0.032375512950473,0.864781748552693,FALSE
1311,"Higher in IPF","ENSG00000187957","DNER","delta/notch like EGF repeat containing","92737",1.44810543290766,0.267020943158808,2.64730557521118,0.00941376907106904,0.0207395804659361,-2.9709342497795,"single_mapping_record",1,1,1,TRUE,TRUE,1.4347983567373,1.4605854388927,0.0257870821553976,0.0257870821553976,TRUE,0.0242440407986231,0.10201659713595,FALSE
1312,"Higher in IPF","ENSG00000184956","MUC6","mucin 6, oligomeric mucus/gel-forming (gene/pseudogene)","4588",1.91111282311983,-2.63822718733621,2.6457623052289,0.00945396893340233,0.0208135618855714,-2.68792742677032,"single_mapping_record",1,1,1,TRUE,TRUE,1.92908653167213,2.39358962327305,0.464503091600923,0.464503091600923,TRUE,0.0228716877431952,0.035913955678919,TRUE
1313,"Higher in IPF","ENSG00000130433","CACNG6","calcium voltage-gated channel auxiliary subunit gamma 6","59285",1.95153992986781,-0.214399875368824,2.64459387483884,0.00948450807665323,0.0208678638790442,-2.89187462652222,"single_mapping_record",1,1,1,TRUE,TRUE,1.94999268684525,2.1441280510752,0.194135364229958,0.194135364229958,TRUE,0.0230139856701808,0.0737021752903393,FALSE
1314,"Higher in IPF","ENSG00000197177","ADGRA1","adhesion G protein-coupled receptor A1","84435",1.45926798106075,-1.73405899257392,2.64005509950084,0.00960383756763543,0.0210922448710248,-2.74464374507369,"single_mapping_record",1,1,1,TRUE,TRUE,1.48768582745844,1.36785070911799,-0.119835118340448,0.119835118340448,TRUE,0.0215677108995377,0.128682795821736,FALSE
1315,"Higher in IPF","ENSG00000186329","TMEM212","transmembrane protein 212","389177",2.24382564688321,-0.492911275340182,2.63943087174867,0.00962052468127676,0.0211206956003695,-2.86580099611945,"single_mapping_record",1,1,1,TRUE,TRUE,2.25359629175432,2.43335203405782,0.179755742303506,0.179755742303506,TRUE,0.0230684247940787,0.077777442085571,FALSE
1316,"Higher in IPF","ENSG00000160683","CXCR5","C-X-C motif chemokine receptor 5","643",1.27648425525689,-1.1350005063301,2.6387948531726,0.0096368168775391,0.0211533696396574,-2.78481304610417,"single_mapping_record",1,1,1,TRUE,TRUE,1.28375135522787,1.20248611611527,-0.0812652391126016,0.0812652391126016,TRUE,0.0229354217757813,0.121886921188354,FALSE
1317,"Higher in IPF","ENSG00000008226","DLEC1","DLEC1 cilia and flagella associated protein","9940",1.34056974288397,3.72368673840407,2.63508234387613,0.00973645090905866,0.0213097537610131,-3.68434264045852,"single_mapping_record",1,1,1,TRUE,TRUE,1.37117280419478,1.46527308148723,0.09410027729245,0.09410027729245,TRUE,0.0216165636071841,0.08062750381057,FALSE
1318,"Higher in IPF","ENSG00000150628","SPATA4","spermatogenesis associated 4","132851",1.71815842455169,-1.17385631917614,2.63464444749296,0.00974819441732061,0.0213261286203464,-2.79526831060258,"single_mapping_record",1,1,1,TRUE,TRUE,1.73610731485245,1.69251723165656,-0.0435900831958889,0.0435900831958889,TRUE,0.0228754559465452,0.11177374708651,FALSE
1319,"Higher in IPF","ENSG00000133115","STOML3","stomatin like 3","161003",2.14336509750554,0.134200972026513,2.63418006102977,0.00976066233281847,0.0213471828292935,-2.95753096946891,"single_mapping_record",1,1,1,TRUE,TRUE,2.19932646277902,2.38218273334365,0.182856270564633,0.182856270564633,TRUE,0.0212450935645947,0.0750866532482948,FALSE
1320,"Higher in IPF","ENSG00000146166","LGSN","lengsin, lens protein with glutamine synthetase domain","51557",1.48321112956225,-1.23948031056302,2.6322499388965,0.00981263722639606,0.0214452336646757,-2.7946971348168,"single_mapping_record",1,1,1,TRUE,TRUE,1.49167058041112,2.05097173538872,0.5593011549776,0.5593011549776,TRUE,0.0235991817389686,0.0230892870857662,TRUE
1321,"Higher in IPF","ENSG00000122735","DNAI1","dynein axonemal intermediate chain 1","27019",2.18679281113401,1.48830276678844,2.62437623580969,0.0100272654787576,0.0218411650271488,-3.2260435464648,"single_mapping_record",1,1,1,TRUE,TRUE,2.23150064039618,2.39894411010159,0.167443469705412,0.167443469705412,TRUE,0.0224404085956662,0.0767739091992155,FALSE
1322,"Higher in IPF","ENSG00000164972","SPMIP6","sperm microtubule inner protein 6","84688",1.99929490088038,1.69432763772709,2.6188079144965,0.0101816034989551,0.0221195704379615,-3.28662656930449,"single_mapping_record",1,1,1,TRUE,TRUE,2.03364546743823,2.2355992650708,0.201953797632575,0.201953797632575,TRUE,0.0229465754617116,0.0738437906654378,FALSE
1323,"Higher in IPF","ENSG00000101222","SPEF1","sperm flagellar 1","25876",1.85998581847357,0.475054006375376,2.61619823923633,0.0102546722881304,0.0222461000338759,-3.07061969288816,"single_mapping_record",1,1,1,TRUE,TRUE,1.90679622994074,2.0304797530472,0.12368352310646,0.12368352310646,TRUE,0.0222636446573823,0.0846934884538432,FALSE
1324,"Higher in IPF","ENSG00000132259","CNGA4","cyclic nucleotide gated channel subunit alpha 4","1262",1.66269678004345,-0.189445232931974,2.61620716604905,0.0102544215392746,0.0222461000338759,-2.94809221773293,"single_mapping_record",1,1,1,TRUE,TRUE,1.6834825268526,1.88631307930107,0.202830552448477,0.202830552448477,TRUE,0.0235850489406976,0.0725656958869292,FALSE
1325,"Higher in IPF","ENSG00000169314","C22orf15","chromosome 22 open reading frame 15","150248",1.53552615480359,0.782302003863791,2.61614579102227,0.0102561456391191,0.0222461000338759,-3.11280568308568,"single_mapping_record",1,1,1,TRUE,TRUE,1.58920731668447,1.81871805122038,0.229510734535908,0.229510734535908,TRUE,0.0212015403865851,0.061645634107975,FALSE
1326,"Higher in IPF","ENSG00000146221","TCTE1","t-complex-associated-testis-expressed 1","202500",1.75124075311393,0.302415171668571,2.61568570902298,0.0102690782483866,0.0222633130315451,-3.0356780188361,"single_mapping_record",1,1,1,TRUE,TRUE,1.82197395912293,1.91910959113564,0.0971356320127117,0.0971356320127117,TRUE,0.0209058252570825,0.0812961884863589,FALSE
1327,"Higher in IPF","ENSG00000179902","CFAP276","cilia and flagella associated protein 276","127003",2.04562178906814,0.923693381083648,2.61481709429112,0.0102935346158031,0.0222982022586488,-3.16067995219009,"single_mapping_record",1,1,1,TRUE,TRUE,2.08067299832972,2.21905816561488,0.138385167285159,0.138385167285159,TRUE,0.0228630365276018,0.0864387226839158,FALSE
1328,"Higher in IPF","ENSG00000260220","CCDC187","coiled-coil domain containing 187","399693",2.08035845887159,1.77911170031448,2.61241536447496,0.0103614308340683,0.0224129394353074,-3.32620038687592,"single_mapping_record",1,1,1,TRUE,TRUE,2.13354892336258,2.33968093127845,0.206132007915866,0.206132007915866,TRUE,0.0224832516983295,0.0732556266419679,FALSE
1329,"Higher in IPF","ENSG00000004838","ZMYND10","zinc finger MYND-type containing 10","51364",1.55809553838213,2.9686258602735,2.61244770686774,0.0103605138436273,0.0224129394353074,-3.57978721229535,"single_mapping_record",1,1,1,TRUE,TRUE,1.5925106786126,1.81009465772309,0.217583979110495,0.217583979110495,TRUE,0.0228111734267559,0.0685677410275232,FALSE
1330,"Higher in IPF","ENSG00000101448","EPPIN","epididymal peptidase inhibitor","57119",1.68981316183893,-2.2669702288137,2.60735766369753,0.0105057349203516,0.022689122805973,-2.78474347956582,"single_mapping_record",1,1,1,TRUE,TRUE,1.6667329656727,1.13429496279428,-0.532438002878421,0.532438002878421,TRUE,0.0284756834552388,0.287830777612109,FALSE
1331,"Higher in IPF","ENSG00000183346","CABCOCO1","ciliary associated calcium binding coiled-coil 1","219621",1.19498001464845,1.76030841786826,2.60667804849623,0.0105252630659191,0.0227247589739073,-3.3152366157147,"single_mapping_record",1,1,1,TRUE,TRUE,1.19056997870835,1.14961781946121,-0.0409521592471367,0.0409521592471367,TRUE,0.0263490942287202,0.123556523335399,FALSE
1332,"Higher in IPF","ENSG00000176563","CNTD1","cyclin N-terminal domain containing 1","124817",1.3593257117031,-1.19242285181514,2.59902888078333,0.0107473259719927,0.0231542562416124,-2.88073255167616,"single_mapping_record",1,1,1,TRUE,TRUE,1.36699893684395,1.53361285474972,0.166613917905767,0.166613917905767,TRUE,0.0251652115089438,0.0745462649931799,FALSE
1333,"Higher in IPF","ENSG00000156206","CFAP161","cilia and flagella associated protein 161","161502",1.10293460138146,0.876638682971489,2.59488737117682,0.0108693140786393,0.0234002786388258,-3.17092789912419,"single_mapping_record",1,1,1,TRUE,TRUE,1.13367810456156,1.40051954089887,0.266841436337317,0.266841436337317,TRUE,0.0234772560430731,0.0475377941189488,TRUE
1334,"Higher in IPF","ENSG00000198003","ODAD3","outer dynein arm docking complex subunit 3","115948",1.27973824802411,0.933775354368045,2.58945086265867,0.0110313417985119,0.0236845685182009,-3.21052747419234,"single_mapping_record",1,1,1,TRUE,TRUE,1.32191294552475,1.47156728342054,0.149654337895792,0.149654337895792,TRUE,0.0229408316203381,0.0720812464578167,FALSE
1335,"Higher in IPF","ENSG00000222046","DCDC2B","doublecortin domain containing 2B","149069",2.02292337907826,0.0967250850905904,2.58403345361645,0.0111949634409126,0.0239809918914068,-3.0988348084793,"single_mapping_record",1,1,1,TRUE,TRUE,2.06057615451956,2.21816340029284,0.157587245773281,0.157587245773281,TRUE,0.0245435492419602,0.0859423205326698,FALSE
1336,"Higher in IPF","ENSG00000163885","CFAP100","cilia and flagella associated protein 100","348807",2.11601846524537,1.42937600142486,2.58014188443179,0.0113138468592274,0.0241873353817604,-3.30979017873875,"single_mapping_record",1,1,1,TRUE,TRUE,2.15791058860254,2.19604602789325,0.0381354392907132,0.0381354392907132,TRUE,0.0247934677101505,0.0975217502627089,FALSE
1337,"Higher in IPF","ENSG00000240204","SMKR1","small lysine rich protein 1","100287482",1.02168922163565,-1.59304103467955,2.58015190586747,0.0113110770979776,0.0241873353817604,-2.89531306907708,"single_mapping_record",1,1,1,TRUE,TRUE,1.00043306487391,1.3128680231224,0.312434958248488,0.312434958248488,TRUE,0.0308530568902016,0.0420397856646424,TRUE
1338,"Higher in IPF","ENSG00000140527","WDR93","WD repeat domain 93","56964",1.47998379074499,-0.220289652013174,2.57941915083719,0.0113360504656568,0.0242279028460194,-3.04490527650737,"single_mapping_record",1,1,1,TRUE,TRUE,1.47041554525127,1.42168662682861,-0.0487289184226589,0.0487289184226589,TRUE,0.0280995230701935,0.130495617630505,FALSE
1339,"Higher in IPF","ENSG00000186710","CFAP73","cilia and flagella associated protein 73","387885",1.95828773979431,1.35993976830338,2.57696044141923,0.0114118804853571,0.0243691536054312,-3.34389656061549,"single_mapping_record",1,1,1,TRUE,TRUE,1.99586229469896,2.18946634707211,0.193604052373151,0.193604052373151,TRUE,0.0247162208564684,0.077696746119016,FALSE
1340,"Higher in IPF","ENSG00000188931","CFAP126","cilia and flagella associated protein 126","257177",1.98103471277778,0.754228122646426,2.5702171530266,0.0116222036336756,0.0247689552738128,-3.22401770963294,"single_mapping_record",1,1,1,TRUE,TRUE,2.03583610507729,2.28224763668398,0.246411531606687,0.246411531606687,TRUE,0.0245705349655593,0.0737113714624951,FALSE
1341,"Higher in IPF","ENSG00000196890","H2BC26","H2B clustered histone 26","128312",1.18553278728215,-1.65617445112453,2.56014909938222,0.0119409929319628,0.0253691177320445,-2.92351178610957,"single_mapping_record",1,1,1,TRUE,TRUE,1.27520524061239,1.41087115456524,0.13566591395285,0.13566591395285,TRUE,0.0191931048654545,0.0624150531922454,FALSE
1342,"Higher in IPF","ENSG00000181085","MAPK15","mitogen-activated protein kinase 15","225689",1.2315554517104,3.40866041385762,2.55889170860791,0.0119833087784842,0.0254355005877903,-3.81266335963299,"single_mapping_record",1,1,1,TRUE,TRUE,1.27375515069466,1.33451674251555,0.0607615918208919,0.0607615918208919,TRUE,0.0243489452850085,0.0954471568826748,FALSE
1343,"Higher in IPF","ENSG00000156042","CFAP70","cilia and flagella associated protein 70","118491",1.05133664438228,3.36431014695096,2.55772861545357,0.0120209590814834,0.0254925460395996,-3.80581702544243,"single_mapping_record",1,1,1,TRUE,TRUE,1.07188594174465,0.961632571811481,-0.110253369933173,0.110253369933173,TRUE,0.0264448189192747,0.154884014081075,FALSE
1344,"Higher in IPF","ENSG00000116147","TNR","tenascin R","7143",1.24043730412918,1.09940799780173,2.55598049566571,0.0120777473785876,0.0255944584482435,-3.31911942367976,"single_mapping_record",1,1,1,TRUE,TRUE,1.26579941140641,1.72943678723736,0.463637375830948,0.463637375830948,TRUE,0.0267184826455576,0.0392413817971417,TRUE
1345,"Higher in IPF","ENSG00000137473","TTC29","tetratricopeptide repeat domain 29","83894",1.91451794401489,0.131623159699652,2.55324614325475,0.0121670578244255,0.0257728054268767,-3.1505489799239,"single_mapping_record",1,1,1,TRUE,TRUE,1.93438534539935,2.03011574290034,0.0957303975009911,0.0957303975009911,TRUE,0.0275039884265337,0.0969062190885225,FALSE
1346,"Higher in IPF","ENSG00000160345","PIERCE1","piercer of microtubule wall 1","138162",1.15394717200492,1.67998143438291,2.55224126564474,0.0122000284664923,0.0258103257707702,-3.46111206088824,"single_mapping_record",1,1,1,TRUE,TRUE,1.17382589698881,1.32197870189634,0.148152804907537,0.148152804907537,TRUE,0.026396230747325,0.0771672744412821,FALSE
1347,"Higher in IPF","ENSG00000141665","FBXO15","F-box protein 15","201456",1.22965882372944,0.70208058150256,2.55091816478072,0.0122435627367767,0.0258910218065209,-3.270154343938,"single_mapping_record",1,1,1,TRUE,TRUE,1.25429261235163,1.36307107323218,0.10877846088055,0.10877846088055,TRUE,0.0263966884534189,0.0898613532428429,FALSE
1348,"Higher in IPF","ENSG00000117477","CCDC181","coiled-coil domain containing 181","57821",1.2150083290996,0.656565224166511,2.54073762888458,0.0125832344667477,0.0264824780337608,-3.26821747334052,"single_mapping_record",1,1,1,TRUE,TRUE,1.2161252461596,1.23846376848764,0.0223385223280379,0.0223385223280379,TRUE,0.0298913562744474,0.112732809087537,FALSE
1349,"Higher in IPF","ENSG00000162571","TTLL10","tubulin tyrosine ligase like 10","254173",1.47394400533404,1.08871517837106,2.54018407094812,0.0126019442505226,0.0265144200544983,-3.35925619970122,"single_mapping_record",1,1,1,TRUE,TRUE,1.43961729241944,1.54807759944787,0.108460307028428,0.108460307028428,TRUE,0.0308064760185566,0.0999153916754525,FALSE
1350,"Higher in IPF","ENSG00000167080","B4GALNT2","beta-1,4-N-acetyl-galactosaminyltransferase 2 (SID blood group)","124872",1.45796532977391,-1.58596975096816,2.53831963520862,0.0126651445799087,0.0266324625905013,-2.98579087549569,"single_mapping_record",1,1,1,TRUE,TRUE,1.5285617324243,1.51064438403513,-0.0179173483891695,0.0179173483891695,TRUE,0.0234036022653821,0.108124822598352,FALSE
1351,"Higher in IPF","ENSG00000159625","DRC7","dynein regulatory complex subunit 7","84229",1.83402942318568,0.28425968217527,2.53334780390526,0.0128350731873492,0.0269219112321485,-3.23845023889821,"single_mapping_record",1,1,1,TRUE,TRUE,1.86793352517114,1.90554654082611,0.0376130156549739,0.0376130156549739,TRUE,0.0276959239528884,0.109498933164199,FALSE
1352,"Higher in IPF","ENSG00000203985","LDLRAD1","low density lipoprotein receptor class A domain containing 1","388633",2.07433622396567,1.79051912888019,2.52715923131593,0.013049446678857,0.0273178943121249,-3.53445410433157,"single_mapping_record",1,1,1,TRUE,TRUE,2.10268227982517,2.07468977453992,-0.0279925052852565,0.0279925052852565,TRUE,0.0286197167358227,0.119442805906494,FALSE
1353,"Higher in IPF","ENSG00000129654","FOXJ1","forkhead box J1","2302",1.56626629090511,3.24067316277582,2.51419168649793,0.0135090985480708,0.0281586486258871,-3.8764337629071,"single_mapping_record",1,1,1,TRUE,TRUE,1.57687167141272,1.76983175275954,0.192960081346816,0.192960081346816,TRUE,0.0300615580937238,0.0869458355004046,FALSE
1354,"Higher in IPF","ENSG00000174898","CATSPERD","cation channel sperm associated auxiliary subunit delta","257062",1.87260780756806,-0.914769046563594,2.50296673967784,0.0139186484875326,0.0288959688970875,-3.13782039768379,"single_mapping_record",1,1,1,TRUE,TRUE,1.91448519315801,2.19035323750925,0.275868044351236,0.275868044351236,TRUE,0.0291846235051024,0.0749150677624891,FALSE
1355,"Higher in IPF","ENSG00000149972","CNTN5","contactin 5","53942",1.59000742088816,-1.35438930825323,2.49674287319926,0.014150493338838,0.0293205253281762,-3.09060705269609,"single_mapping_record",1,1,1,TRUE,TRUE,1.59786138985156,1.55542884332207,-0.0424325465294864,0.0424325465294864,TRUE,0.0321642972297026,0.133333516925198,FALSE
1356,"Higher in IPF","ENSG00000181378","CFAP65","cilia and flagella associated protein 65","255101",1.93349066857543,1.70558321339335,2.49128106330653,0.0143567936057961,0.029679294377972,-3.59973595179938,"single_mapping_record",1,1,1,TRUE,TRUE,1.9681412797333,2.03059135493097,0.0624500751976698,0.0624500751976698,TRUE,0.0303547950699754,0.110474811055784,FALSE
1357,"Higher in IPF","ENSG00000137968","SLC44A5","solute carrier family 44 member 5","204962",1.28414191307431,-0.224816799902717,2.49126906049724,0.0143572499182542,0.029679294377972,-3.23513863140286,"single_mapping_record",1,1,1,TRUE,TRUE,1.44327749768423,1.01999034706083,-0.423287150623398,0.423287150623398,TRUE,0.0177631840658174,0.230207956379596,FALSE
1358,"Higher in IPF","ENSG00000177994","CIMIP6","ciliary microtubule inner protein 6","129852",1.50994657040881,-0.770782195691163,2.48988480436824,0.0144099625404213,0.0297800602501109,-3.18013728779395,"single_mapping_record",1,1,1,TRUE,TRUE,1.56742590482056,1.50586758792165,-0.0615583168989071,0.0615583168989071,TRUE,0.0281291410470463,0.128761950342896,FALSE
1359,"Higher in IPF","ENSG00000156284","CLDN8","claudin 8","9073",1.94420830772171,-0.984173807106636,2.48929685559129,0.0144324040571432,0.029818228696096,-3.15288333519142,"single_mapping_record",1,1,1,TRUE,TRUE,1.95262273858007,2.02714173457448,0.074518995994409,0.074518995994409,TRUE,0.0325159217789009,0.111354626222869,FALSE
1360,"Higher in IPF","ENSG00000173557","CIMIP2C","ciliary microtubule inner protein 2C","339778",1.4037154772213,-2.06423205280764,2.48817367874669,0.0144748978188496,0.0298936808442111,-3.06700908593359,"single_mapping_record",1,1,1,TRUE,TRUE,1.44886076178043,1.64054850915356,0.191687747373134,0.191687747373134,TRUE,0.0288486126234683,0.0736483569056563,FALSE
1361,"Higher in IPF","ENSG00000157330","CFAP107","cilia and flagella associated protein 107","93190",2.04199144912749,-0.415260098906278,2.48405605801438,0.0146338271237258,0.030172093501081,-3.23841699322584,"single_mapping_record",1,1,1,TRUE,TRUE,2.05176042811197,2.37302667679264,0.321266248680665,0.321266248680665,TRUE,0.0323411573517992,0.0769991248273716,FALSE
1362,"Higher in IPF","ENSG00000186952","TMEM232","transmembrane protein 232","642987",1.18026998203307,1.41039238281273,2.47411566340326,0.015022793578116,0.0308807582082263,-3.58101540574232,"single_mapping_record",1,1,1,TRUE,TRUE,1.20304911176574,1.1850697371023,-0.0179793746634396,0.0179793746634396,TRUE,0.0318366286374035,0.132948555439258,FALSE
1363,"Higher in IPF","ENSG00000133636","NTS","neurotensin","4922",1.24072569996854,0.191957801229698,2.47188116142722,0.015111491585007,0.0310206087343259,-3.32963328239757,"single_mapping_record",1,1,1,TRUE,TRUE,1.27475841587454,1.16008417061595,-0.11467424525859,0.11467424525859,TRUE,0.0309902633195937,0.155360710898037,FALSE
1364,"Higher in IPF","ENSG00000244067","GSTA2","glutathione S-transferase alpha 2","2939",2.3173328958382,-0.0391902566654509,2.47124984553231,0.0151366361750069,0.0310637296321535,-3.30162117285693,"single_mapping_record",1,1,1,TRUE,TRUE,2.33945524601698,2.60120731301553,0.261752066998545,0.261752066998545,TRUE,0.033211082058891,0.0901309611402573,FALSE
1365,"Higher in IPF","ENSG00000116032","GRIN3B","glutamate ionotropic receptor NMDA type subunit 3B","116444",1.54006072222235,0.0517784073841414,2.46934454905113,0.0152127488267277,0.0311997216182897,-3.35175395947289,"single_mapping_record",1,1,1,TRUE,TRUE,1.53050036611602,1.62074716217118,0.0902467960551594,0.0902467960551594,TRUE,0.0354803268273679,0.112436544408762,FALSE
1366,"Higher in IPF","ENSG00000163263","CFAP141","cilia and flagella associated protein 141","388701",1.73017296226311,-0.856766497584338,2.4673730428065,0.0152918662849136,0.0313480126545299,-3.22367956684555,"single_mapping_record",1,1,1,TRUE,TRUE,1.74381094948072,1.94611695621277,0.202306006732049,0.202306006732049,TRUE,0.0332910519295126,0.0929584665955802,FALSE
1367,"Higher in IPF","ENSG00000178125","PPP1R42","protein phosphatase 1 regulatory subunit 42","286187",1.67980538524356,-1.16104852890402,2.46622190489747,0.0153382317929486,0.0314216069426506,-3.19043220199606,"single_mapping_record",1,1,1,TRUE,TRUE,1.70771970129806,1.84991491374731,0.142195212449249,0.142195212449249,TRUE,0.0327921594310065,0.0992941772313602,FALSE
1368,"Higher in IPF","ENSG00000186471","AKAP14","A-kinase anchoring protein 14","158798",1.87086407814436,-0.528284008091969,2.46334378038446,0.0154547068522441,0.0316127618566411,-3.28103734272998,"single_mapping_record",1,1,1,TRUE,TRUE,1.88403130050574,2.12301783553357,0.238986535027829,0.238986535027829,TRUE,0.0333616229326402,0.0886934350125084,FALSE
1369,"Higher in IPF","ENSG00000172955","ADH6","alcohol dehydrogenase 6 (class V)","130",1.51938583572233,-1.72632097544142,2.46220429555509,0.0155010386338826,0.0317032141651015,-3.13949653301082,"single_mapping_record",1,1,1,TRUE,TRUE,1.5073635137937,1.23953458983157,-0.267828923962139,0.267828923962139,TRUE,0.0372354705791866,0.220811272229548,FALSE
1370,"Higher in IPF","ENSG00000164287","CDC20B","cell division cycle 20B","166979",1.76350576450303,-2.11233719116129,2.42470677821855,0.0170965729511976,0.0344872014436144,-3.20463209446182,"single_mapping_record",1,1,1,TRUE,TRUE,1.75001391111684,1.97671270756356,0.226698796446718,0.226698796446718,TRUE,0.0403052724808295,0.0952181273489092,FALSE
1371,"Higher in IPF","ENSG00000189366",,,,1.03940309476782,-1.28949682081507,2.42076518703473,0.0172706136106665,0.0348075142829375,-3.27370321586532,"unmapped",0,0,0,FALSE,FALSE,1.01305833295077,1.35984419140738,0.346785858456609,0.346785858456609,TRUE,0.0435007556371622,0.0521503967731379,FALSE
1372,"Higher in IPF","ENSG00000105877","DNAH11","dynein axonemal heavy chain 11","8701",1.02713462660778,2.90739052430492,2.41114539790898,0.017708667851676,0.0355451961210537,-4.04908506023019,"single_mapping_record",1,1,1,TRUE,TRUE,1.07039427043757,0.986887712317315,-0.0835065581202584,0.0835065581202584,TRUE,0.0331483731134736,0.161455882471522,FALSE
1373,"Higher in IPF","ENSG00000166578","IQCD","IQ motif containing D","115811",1.00623085830817,1.35148997336943,2.40963091437439,0.0177782200431526,0.0356357696746287,-3.70839039841675,"single_mapping_record",1,1,1,TRUE,TRUE,1.03803320712997,1.09106745067645,0.0530342435464826,0.0530342435464826,TRUE,0.034553042640308,0.11480892114855,FALSE
1374,"Higher in IPF","ENSG00000155026","RSPH10B;RSPH10B2","radial spoke head 10 homolog B;radial spoke head 10 homolog B2","222967;728194",1.47893376358628,-2.19760523924214,2.40661487995729,0.0179174544971733,0.0358731430930335,-3.22602484346805,"multiple_mapping_records",2,2,2,FALSE,FALSE,1.48543773942691,1.83895472408794,0.353516984661034,0.353516984661034,TRUE,0.0395697451623948,0.0628399633981854,FALSE
1375,"Higher in IPF","ENSG00000186973","CFAP144","cilia and flagella associated protein 144","440585",1.91725067010998,1.13630094545595,2.40042912103387,0.0182060552495548,0.0363975631117747,-3.70341938788764,"single_mapping_record",1,1,1,TRUE,TRUE,1.94975577685283,2.18608727756248,0.236331500709642,0.236331500709642,TRUE,0.0370374165141798,0.0935733323999035,FALSE
1376,"Higher in IPF","ENSG00000164530","PI16","peptidase inhibitor 16","221476",1.27182661580015,2.88019186360166,2.39728512880786,0.0183543177191791,0.03665004224532,-4.02615988042381,"single_mapping_record",1,1,1,TRUE,TRUE,1.34207783380952,0.504494501333663,-0.837583332475862,0.837583332475862,TRUE,0.0331955828242896,0.527650892920717,FALSE
1377,"Higher in IPF","ENSG00000173947","CIMAP3","ciliary microtubule associated protein 3","128344",1.11803862006155,3.80327372456642,2.38746923477219,0.0188241350181715,0.037443741207472,-4.30880688390455,"single_mapping_record",1,1,1,TRUE,TRUE,1.14660929026455,1.23756143622214,0.0909521459575926,0.0909521459575926,TRUE,0.0370232174898186,0.11482967464711,FALSE
1378,"Higher in IPF","ENSG00000158423","RIBC1","RIB43A domain with coiled-coils 1","158787",1.01700250332494,1.29576905392418,2.36912910821001,0.0197306254463061,0.0390142451527854,-3.79360002961022,"single_mapping_record",1,1,1,TRUE,TRUE,1.01281408330886,1.1075973545063,0.0947832711974399,0.0947832711974399,TRUE,0.0436715421565437,0.11810179005567,FALSE
1379,"Higher in IPF","ENSG00000197614","MFAP5","microfibril associated protein 5","8076",1.16387335949446,3.30419001812644,2.35053708718955,0.0206888455460408,0.040689237434451,-4.25976437381467,"single_mapping_record",1,1,1,TRUE,TRUE,1.18374279008958,0.385324203269158,-0.79841858682042,0.79841858682042,TRUE,0.0433686605016403,0.631397817932828,FALSE
1380,"Higher in IPF","ENSG00000104237","RP1","RP1 axonemal microtubule associated","6101",1.44701199180706,2.12509376528906,2.32194000696653,0.02224315087493,0.0433767447303779,-4.07983197244887,"single_mapping_record",1,1,1,TRUE,TRUE,1.43981686002674,1.37363906889028,-0.0661777911364645,0.0661777911364645,TRUE,0.0482340632435358,0.177967552371523,FALSE
1381,"Higher in IPF","ENSG00000170231","FABP6","fatty acid binding protein 6","2172",1.59693882676589,0.0469181616360711,2.31665826613876,0.0225412400892573,0.0438555075453514,-3.6790426797938,"single_mapping_record",1,1,1,TRUE,TRUE,1.64056542024545,1.70443581382862,0.063870393583167,0.063870393583167,TRUE,0.0428520286851592,0.130674697979052,FALSE
1382,"Higher in IPF","ENSG00000215187","CIMIP2B","ciliary microtubule inner protein 2B","730112",1.54331153114396,1.38145166543361,2.31497892438754,0.0226367537908155,0.0440128154264631,-3.93076794525648,"single_mapping_record",1,1,1,TRUE,TRUE,1.5611118754704,1.86254790866201,0.301436033191605,0.301436033191605,TRUE,0.0456352920455027,0.090803417783335,FALSE
1383,"Higher in IPF","ENSG00000205838","TTC23L","tetratricopeptide repeat domain 23 like","153657",1.00160075697409,-0.781674187585592,2.31381684007837,0.0227020181294845,0.0441282786688879,-3.55446612428499,"single_mapping_record",1,1,1,TRUE,TRUE,1.07249350247582,1.0433115453419,-0.0291819571339158,0.0291819571339158,TRUE,0.035834985685397,0.144309726443791,FALSE
1384,"Higher in IPF","ENSG00000158428","CATIP","ciliogenesis associated TTC17 interacting protein","375307",1.35204984059653,0.234446881703554,2.31373810649832,0.0227075552809331,0.0441333272756821,-3.71486686287269,"single_mapping_record",1,1,1,TRUE,TRUE,1.37918090337231,1.47206824198676,0.0928873386144506,0.0928873386144506,TRUE,0.0444919528849457,0.130012383363184,FALSE
1385,"Higher in IPF","ENSG00000162949","CAPN13","calpain 13","92291",1.06141498106449,3.81196021916065,2.30779231596857,0.0230495408751064,0.0446880676245766,-4.49416141576627,"single_mapping_record",1,1,1,TRUE,TRUE,1.10140148672364,1.15577944782747,0.0543779611038373,0.0543779611038373,TRUE,0.0420534650151678,0.129200409551563,FALSE
1386,"Higher in IPF","ENSG00000163576","EFHB","EF-hand domain family member B","151651",1.18014435256726,1.41193301343397,2.29465384824063,0.0238213700134127,0.0459530206426821,-3.96838995530392,"single_mapping_record",1,1,1,TRUE,TRUE,1.13757790687316,1.2261362300144,0.0885583231412344,0.0885583231412344,TRUE,0.0569764813765859,0.146317951858614,FALSE
1387,"Higher in IPF","ENSG00000149927","DOC2A","double C2 domain alpha","8448",1.04809143547381,1.62648235772938,2.26580901769235,0.0255961316402485,0.0488570175854328,-4.0842002459579,"single_mapping_record",1,1,1,TRUE,TRUE,1.09883030669107,1.1096337293423,0.0108034226512332,0.0108034226512332,TRUE,0.043690109993373,0.145798052321501,FALSE
