"rank_direction","direction","gene_id","SYMBOL","GENENAME","ENTREZID","logFC","AveExpr","t","P.Value","adj.P.Val","B","mapping_status","n_mapping_records","n_symbol","n_entrezid","annotation_clean","enrichment_eligible","age_logFC_reduced","age_logFC_adjusted","age_delta_logFC","age_abs_delta_logFC","age_direction_concordant","age_FDR_reduced","age_FDR_adjusted","strong_age_robust"
1,"Lower in IPF","ENSG00000131069","ACSS2","acyl-CoA synthetase short chain family member 2","55902",-1.26363814216823,6.25338855101434,-13.0099737915475,2.49973880477677e-23,2.68043420980778e-20,42.523099450618,"single_mapping_record",1,1,1,TRUE,TRUE,-1.22235604137956,-1.12037886686292,0.101977174516632,0.101977174516632,TRUE,6.07263973076876e-19,7.20331957444615e-12,TRUE
2,"Lower in IPF","ENSG00000165175","MID1IP1","MID1 interacting protein 1","58526",-1.17886892951023,5.70276590710074,-12.5782398367614,2.08088084360109e-22,1.73545462356331e-19,40.4145778691161,"single_mapping_record",1,1,1,TRUE,TRUE,-1.15347176947606,-1.14579803050431,0.00767373897174473,0.00767373897174473,TRUE,2.41643781213941e-18,1.509620112009e-12,TRUE
3,"Lower in IPF","ENSG00000123119","NECAB1","N-terminal EF-hand calcium binding protein 1","64168",-3.27332094658616,1.31353017471795,-12.5402040509003,2.55610897276655e-22,2.01959515258797e-19,39.7778852786843,"single_mapping_record",1,1,1,TRUE,TRUE,-3.31096284728971,-3.0000625691843,0.310900278105412,0.310900278105412,TRUE,1.99907075588475e-19,5.67721353517842e-14,TRUE
4,"Lower in IPF","ENSG00000245848","CEBPA","CCAAT enhancer binding protein alpha","1050",-1.70229652445554,4.73945500412126,-12.4288907794849,4.46265395081822e-22,3.19016005284205e-19,39.6866097746033,"single_mapping_record",1,1,1,TRUE,TRUE,-1.69697962299702,-1.63361835048102,0.0633612725159916,0.0633612725159916,TRUE,1.26824723478466e-18,1.70016552476695e-12,TRUE
5,"Lower in IPF","ENSG00000109084","TMEM97","transmembrane protein 97","27346",-1.73011792946115,3.90591823321171,-12.3397397759762,6.88908163587845e-22,4.70085879626397e-19,39.2852055788839,"single_mapping_record",1,1,1,TRUE,TRUE,-1.71569083693222,-1.67144207882953,0.0442487581026849,0.0442487581026849,TRUE,2.81277743714128e-18,1.23259300863952e-12,TRUE
6,"Lower in IPF","ENSG00000112137","PHACTR1","phosphatase and actin regulator 1","221692",-1.27090113368299,4.70601967767165,-12.2561117203486,1.02836016721383e-21,6.05117840241337e-19,38.8538856678728,"single_mapping_record",1,1,1,TRUE,TRUE,-1.27826607602164,-1.31115639224952,-0.0328903162278784,0.0328903162278784,TRUE,9.42638834166119e-19,1.49876042905855e-13,TRUE
7,"Lower in IPF","ENSG00000101255","TRIB3","tribbles pseudokinase 3","57761",-1.64042461715828,3.51168220576229,-11.7632474579727,1.20616533903434e-20,5.17341544845241e-18,36.463298038961,"single_mapping_record",1,1,1,TRUE,TRUE,-1.61022082903174,-1.36717400247597,0.243046826555762,0.243046826555762,TRUE,3.91408961167065e-17,5.97047234373972e-10,TRUE
8,"Lower in IPF","ENSG00000120437","ACAT2","acetyl-CoA acetyltransferase 2","39",-1.24132826589143,4.65029075296864,-11.738201054359,1.36021573208988e-20,5.67209960281478e-18,36.2947745950415,"single_mapping_record",1,1,1,TRUE,TRUE,-1.20700360107718,-1.05595189470972,0.151051706367467,0.151051706367467,TRUE,7.5453027667824e-17,5.87785183758229e-10,TRUE
9,"Lower in IPF","ENSG00000164161","HHIP","hedgehog interacting protein","64399",-2.78930917018016,4.02246437456056,-11.6318500050626,2.35938185579544e-20,9.3208001103161e-18,35.7944986744932,"single_mapping_record",1,1,1,TRUE,TRUE,-2.76132709614215,-2.47508397919351,0.286243116948643,0.286243116948643,TRUE,4.68530188331629e-17,4.34485893861531e-11,TRUE
10,"Lower in IPF","ENSG00000154146","NRGN","neurogranin","4900",-1.67452791683348,4.4926683150057,-11.4641043251275,5.47098094969406e-20,2.05325915042018e-17,34.9265391926701,"single_mapping_record",1,1,1,TRUE,TRUE,-1.64332298690927,-1.47992673141321,0.163396255496056,0.163396255496056,TRUE,1.52303936676626e-16,2.82295724216542e-10,TRUE
11,"Lower in IPF","ENSG00000176046","NUPR1","nuclear protein 1, transcriptional regulator","26471",-1.19074715024023,6.61342152955714,-11.138270442742,2.787016908817e-19,8.90185060322572e-17,33.2667681654798,"single_mapping_record",1,1,1,TRUE,TRUE,-1.16772741950859,-1.23093382245434,-0.0632064029457513,0.0632064029457513,TRUE,1.0704694232762e-15,1.99060159328949e-11,TRUE
12,"Lower in IPF","ENSG00000115756","HPCAL1","hippocalcin like 1","3241",-1.35442537280051,6.09383756328169,-11.1121020674418,3.21365614905174e-19,9.84375609373002e-17,33.1206681928161,"single_mapping_record",1,1,1,TRUE,TRUE,-1.34208610714572,-1.44049997459432,-0.0984138674486035,0.0984138674486035,TRUE,5.16375983434998e-16,5.10579472157925e-12,TRUE
13,"Lower in IPF","ENSG00000160285","LSS","lanosterol synthase","4047",-1.01256159479187,6.3659783186125,-11.0123021392453,5.20680699702407e-19,1.42117430253319e-16,32.6388862368779,"single_mapping_record",1,1,1,TRUE,TRUE,-0.977899256982027,-0.934629387402086,0.0432698695799408,0.0432698695799408,TRUE,1.33803403637073e-15,5.01036671598162e-10,TRUE
14,"Lower in IPF","ENSG00000138821","SLC39A8","solute carrier family 39 member 8","64116",-2.31284527884065,6.92464294302457,-10.9551499313876,7.09248355177198e-19,1.86793619437195e-16,32.362653268621,"single_mapping_record",1,1,1,TRUE,TRUE,-2.3442947854471,-2.29247311641616,0.0518216690309381,0.0518216690309381,TRUE,4.01358775019463e-16,9.95587287596473e-11,TRUE
15,"Lower in IPF","ENSG00000071242","RPS6KA2","ribosomal protein S6 kinase A2","6196",-1.04762560325418,7.46596727381803,-10.9465018943074,7.25763119642184e-19,1.87847516414974e-16,32.341621801831,"single_mapping_record",1,1,1,TRUE,TRUE,-1.04484056863141,-1.01464264446223,0.0301979241691763,0.0301979241691763,TRUE,8.73583085914676e-16,2.49013580716755e-10,TRUE
16,"Lower in IPF","ENSG00000144331","ZNF385B","zinc finger protein 385B","151126",-2.17635602278504,4.07830723434881,-10.801965149003,1.53754579381033e-18,3.6637519772509e-16,31.652069786671,"single_mapping_record",1,1,1,TRUE,TRUE,-2.13929041544957,-2.10443050571225,0.0348599097373117,0.0348599097373117,TRUE,1.750300347242e-15,8.23467086335412e-11,TRUE
17,"Lower in IPF","ENSG00000151364","KCTD14","potassium channel tetramerization domain containing 14","65987",-1.69167807596528,2.50058565449023,-10.7304897687289,2.16499499467587e-18,5.00013920924217e-16,31.3372989393131,"single_mapping_record",1,1,1,TRUE,TRUE,-1.68358920284283,-1.58892937669573,0.0946598261471061,0.0946598261471061,TRUE,1.78397946775613e-15,4.25921717583876e-10,TRUE
18,"Lower in IPF","ENSG00000163251","FZD5","frizzled class receptor 5","7855",-1.5928488171514,4.27098824556932,-10.6549589148029,3.23369881745456e-18,7.2454159175564e-16,30.8952339853318,"single_mapping_record",1,1,1,TRUE,TRUE,-1.59613050702067,-1.59532760853989,0.000802898480779746,0.000802898480779746,TRUE,1.78397946775613e-15,8.27262787293361e-11,TRUE
19,"Lower in IPF","ENSG00000137460","FHDC1","FH2 domain containing 1","85462",-1.54441979077154,4.42719217705396,-10.5002677216368,7.07633530454867e-18,1.41639927455846e-15,30.1097789621181,"single_mapping_record",1,1,1,TRUE,TRUE,-1.51093042118781,-1.25092656186366,0.260003859324148,0.260003859324148,TRUE,8.66231513850025e-15,4.37398113440968e-08,TRUE
20,"Lower in IPF","ENSG00000111412","SPRING1","SREBF pathway regulator in golgi 1","79794",-1.15426965689018,6.15950519018607,-10.4479483961588,9.17250438169522e-18,1.74300804782289e-15,29.788945705888,"single_mapping_record",1,1,1,TRUE,TRUE,-1.15485940615838,-1.2194381407604,-0.0645787346020144,0.0645787346020144,TRUE,6.12275918110359e-15,6.91764352717406e-11,TRUE
21,"Lower in IPF","ENSG00000143674","MAP3K21","mitogen-activated protein kinase kinase kinase 21","84451",-1.33342798887976,2.47091196734742,-10.4167020551519,1.06105435059777e-17,1.94250584282607e-15,29.7805370166766,"single_mapping_record",1,1,1,TRUE,TRUE,-1.34090000577387,-1.23976581205402,0.101134193719848,0.101134193719848,TRUE,3.39516333680365e-15,1.58443185778755e-09,TRUE
22,"Lower in IPF","ENSG00000134020","PEBP4","phosphatidylethanolamine binding protein 4","157310",-2.67787129362419,4.26005614530426,-10.3419061623969,1.57870636190693e-17,2.70730385309874e-15,29.34649353316,"single_mapping_record",1,1,1,TRUE,TRUE,-2.65187053332088,-2.7027958731996,-0.0509253398787184,0.0509253398787184,TRUE,1.03454659113764e-14,8.45952857071768e-11,TRUE
23,"Lower in IPF","ENSG00000176834","VSIG10","V-set and immunoglobulin domain containing 10","54621",-1.2939524143491,4.8685588796865,-10.335177180464,1.63156006524228e-17,2.75202019094575e-15,29.2467411494305,"single_mapping_record",1,1,1,TRUE,TRUE,-1.32514181054447,-1.37769692667923,-0.0525551161347604,0.0525551161347604,TRUE,1.26968338008017e-15,2.50053593316874e-11,TRUE
24,"Lower in IPF","ENSG00000164400","CSF2","colony stimulating factor 2","1437",-3.40693349369828,-1.25877628491309,-10.1990553080697,3.20149094984021e-17,4.75849328108923e-15,27.2263511557677,"single_mapping_record",1,1,1,TRUE,TRUE,-3.41196753704546,-3.07113676354158,0.340830773503888,0.340830773503888,TRUE,8.95517281822469e-15,1.93830865249822e-09,TRUE
25,"Lower in IPF","ENSG00000206557","TRIM71","tripartite motif containing 71","131405",-2.29157963631878,0.486217263857054,-10.1651987711387,3.80184255114349e-17,5.59541768409471e-15,28.1077749565241,"single_mapping_record",1,1,1,TRUE,TRUE,-2.31111925381041,-2.22064898313596,0.0904702706744502,0.0904702706744502,TRUE,6.61833490536957e-15,3.4586930339953e-10,TRUE
26,"Lower in IPF","ENSG00000144285","SCN1A","sodium voltage-gated channel alpha subunit 1","6323",-2.9713344202029,2.15397677323773,-9.99943341162677,8.96787208649431e-17,1.20201514073618e-14,27.6725410957101,"single_mapping_record",1,1,1,TRUE,TRUE,-2.96199323596574,-2.75831493373187,0.203678302233867,0.203678302233867,TRUE,2.24596116446427e-14,8.11774056683219e-10,TRUE
27,"Lower in IPF","ENSG00000197415","VEPH1","ventricular zone expressed PH domain containing 1","79674",-2.27172249179414,4.62162573238737,-9.9864198493599,9.58004051660223e-17,1.27270414367463e-14,27.5279945459201,"single_mapping_record",1,1,1,TRUE,TRUE,-2.28662146171919,-2.3815681827625,-0.0949467210433084,0.0949467210433084,TRUE,2.09422956695403e-14,1.11384983550109e-10,TRUE
28,"Lower in IPF","ENSG00000095713","CRTAC1","cartilage acidic protein 1","55118",-2.77597085721956,4.24746374938204,-9.97690862218925,1.00537364381032e-16,1.31240601225048e-14,27.5157475942011,"single_mapping_record",1,1,1,TRUE,TRUE,-2.73534008983544,-2.48253369171923,0.252806398116206,0.252806398116206,TRUE,5.31936924517512e-14,6.04247566982128e-09,TRUE
29,"Lower in IPF","ENSG00000177191","B3GNT8","UDP-GlcNAc:betaGal beta-1,3-N-acetylglucosaminyltransferase 8","374907",-1.55333374837249,2.80858009617018,-9.97138534748511,1.02108911872159e-16,1.32143015950418e-14,27.5697188015714,"single_mapping_record",1,1,1,TRUE,TRUE,-1.52103325373161,-1.33033556147883,0.190697692252775,0.190697692252775,TRUE,5.6856496881606e-14,4.15569653761149e-08,TRUE
30,"Lower in IPF","ENSG00000169738","DCXR","dicarbonyl and L-xylulose reductase","51181",-1.30671498885582,4.93677152995302,-9.88442486005452,1.60747983183526e-16,1.96190953134235e-14,26.9747170689704,"single_mapping_record",1,1,1,TRUE,TRUE,-1.28619775284163,-1.25634403208199,0.0298537207596379,0.0298537207596379,TRUE,1.4851237134109e-13,6.04247566982128e-09,TRUE
31,"Lower in IPF","ENSG00000123405","NFE2","nuclear factor, erythroid 2","4778",-2.33130822772044,1.81504885872979,-9.8147544984239,2.28502411150252e-16,2.65913038464154e-14,26.7364599052736,"single_mapping_record",1,1,1,TRUE,TRUE,-2.33638512376721,-1.89035418986246,0.446030933904756,0.446030933904756,TRUE,3.95455224140945e-14,7.56747891727222e-08,TRUE
32,"Lower in IPF","ENSG00000181409","AATK","apoptosis associated tyrosine kinase","9625",-1.68048343496819,4.16352350685342,-9.72330644020529,3.64101806492188e-16,3.93229951011563e-14,26.2285258476673,"single_mapping_record",1,1,1,TRUE,TRUE,-1.66733498809103,-1.80747539193615,-0.140140403845116,0.140140403845116,TRUE,1.05516916591721e-13,8.27262787293361e-11,TRUE
33,"Lower in IPF","ENSG00000196260","SFTA2","surfactant associated 2","389376",-2.25194492607648,5.39870638018915,-9.7078889584912,3.93729225404254e-16,4.1624388251892e-14,26.085808887493,"single_mapping_record",1,1,1,TRUE,TRUE,-2.21177836680134,-2.30930402144743,-0.0975256546460948,0.0975256546460948,TRUE,2.38308547745721e-13,1.3167315240061e-09,TRUE
34,"Lower in IPF","ENSG00000078081","LAMP3","lysosomal associated membrane protein 3","27074",-2.60269049541217,6.80885576853303,-9.67089381322756,4.75027504352947e-16,4.91800889334237e-14,25.9096589046907,"single_mapping_record",1,1,1,TRUE,TRUE,-2.60355907357704,-2.39006040463275,0.213498668944295,0.213498668944295,TRUE,1.85224417284363e-13,3.40656969780913e-08,TRUE
35,"Lower in IPF","ENSG00000185813","PCYT2","phosphate cytidylyltransferase 2, ethanolamine","5833",-1.05695950569674,4.82172721547469,-9.54128299683285,9.09809372883458e-16,8.92683549393887e-14,25.2609794964783,"single_mapping_record",1,1,1,TRUE,TRUE,-1.02525169053929,-1.00169763844696,0.0235540520923339,0.0235540520923339,TRUE,8.25353560439459e-13,2.20200562134095e-08,TRUE
36,"Lower in IPF","ENSG00000090530","P3H2","prolyl 3-hydroxylase 2","55214",-1.44943896854244,4.99692843809633,-9.45048167786422,1.45294621123174e-15,1.33813671920312e-13,24.7871838660994,"single_mapping_record",1,1,1,TRUE,TRUE,-1.4215647163162,-1.47323379312401,-0.0516690768078079,0.0516690768078079,TRUE,7.81047880328438e-13,3.50265925571478e-09,TRUE
37,"Lower in IPF","ENSG00000140961","OSGIN1","oxidative stress induced growth inhibitor 1","29948",-1.08595489754307,2.49655433315461,-9.42940045932823,1.59414352523096e-15,1.41929282598184e-13,24.8786756964873,"single_mapping_record",1,1,1,TRUE,TRUE,-1.06901827898258,-1.0135999558335,0.0554183231490724,0.0554183231490724,TRUE,6.97296364125658e-13,3.60445635518535e-08,TRUE
38,"Lower in IPF","ENSG00000172840","PDP2","pyruvate dehydrogenase phosphatase catalytic subunit 2","57546",-1.01571878644308,3.62719094537822,-9.41215424950614,1.73991421260921e-15,1.50980301501095e-13,24.7305005583473,"single_mapping_record",1,1,1,TRUE,TRUE,-0.996444797545893,-0.806282724754623,0.19016207279127,0.19016207279127,TRUE,7.17482171599446e-13,1.3839254160504e-06,TRUE
39,"Lower in IPF","ENSG00000078070","MCCC1","methylcrotonyl-CoA carboxylase subunit 1","56922",-1.01208853027331,5.27156511328297,-9.34757429682045,2.43295026081916e-15,2.06347171273543e-13,24.2580081214134,"single_mapping_record",1,1,1,TRUE,TRUE,-0.975475582608311,-0.873639476945794,0.101836105662517,0.101836105662517,TRUE,1.79090365731665e-12,3.00994755783553e-07,TRUE
40,"Lower in IPF","ENSG00000153093","ACOXL","acyl-CoA oxidase like","55289",-1.99349699043608,2.31178249928379,-9.30943344622495,2.96714106568082e-15,2.47260214335984e-13,24.2707829322224,"single_mapping_record",1,1,1,TRUE,TRUE,-1.97268069387568,-1.81406459099818,0.158616102877496,0.158616102877496,TRUE,6.53600782209307e-13,3.69131391251649e-08,TRUE
41,"Lower in IPF","ENSG00000169710","FASN","fatty acid synthase","2194",-1.79645142683744,7.38267234200416,-9.29139063720792,3.25408034082815e-15,2.66941279106624e-13,24.0084630360614,"single_mapping_record",1,1,1,TRUE,TRUE,-1.68889578183487,-1.43377160437821,0.255124177456663,0.255124177456663,TRUE,3.07387373643218e-12,1.1334285679343e-06,TRUE
42,"Lower in IPF","ENSG00000186205","MTARC1","mitochondrial amidoxime reducing component 1","64757",-1.1995610648006,3.22665871189181,-9.2221607624896,4.55955850669956e-15,3.64085597354116e-13,23.8159593303848,"single_mapping_record",1,1,1,TRUE,TRUE,-1.22248701232909,-1.11044478525361,0.112042227075472,0.112042227075472,TRUE,2.36460120166406e-13,4.45375809058641e-08,TRUE
43,"Lower in IPF","ENSG00000128311","TST","thiosulfate sulfurtransferase","7263",-1.08154356375165,4.21779639473171,-9.14824205441894,6.66790611793204e-15,5.18645630271481e-13,23.343260664387,"single_mapping_record",1,1,1,TRUE,TRUE,-1.05139686291836,-0.94895569843043,0.102441164487932,0.102441164487932,TRUE,3.87478024083758e-12,3.7686085133485e-07,TRUE
44,"Lower in IPF","ENSG00000136014","USP44","ubiquitin specific peptidase 44","84101",-1.7970171565804,2.10857219776125,-9.14490202672914,6.78580411467188e-15,5.22402519843355e-13,23.4600608894576,"single_mapping_record",1,1,1,TRUE,TRUE,-1.79901898676,-1.57593969434511,0.223079292414887,0.223079292414887,TRUE,8.76388026169728e-13,2.33420202133608e-07,TRUE
45,"Lower in IPF","ENSG00000137486","ARRB1","arrestin beta 1","408",-1.06818530876671,6.23117711709098,-9.13589886811815,7.13934265570383e-15,5.46815367078704e-13,23.1823930687878,"single_mapping_record",1,1,1,TRUE,TRUE,-1.0856738800832,-1.24681961372216,-0.161145733638959,0.161145733638959,TRUE,5.79414047896407e-13,9.98898758955708e-11,TRUE
46,"Lower in IPF","ENSG00000153395","LPCAT1","lysophosphatidylcholine acyltransferase 1","79888",-1.57738770548929,7.98668323139822,-9.11668269837222,7.88105169554543e-15,5.9452436207803e-13,23.1569100625332,"single_mapping_record",1,1,1,TRUE,TRUE,-1.53854674970138,-1.43199804441546,0.106548705285924,0.106548705285924,TRUE,4.17327830361947e-12,2.38246107313452e-07,TRUE
47,"Lower in IPF","ENSG00000181577","LINC03040","long intergenic non-protein coding RNA 3040","221416",-3.08062818677283,1.91144459697787,-9.11427798491244,7.97752636070011e-15,5.9879312863415e-13,23.2905490899184,"single_mapping_record",1,1,1,TRUE,TRUE,-3.01697676419417,-2.82972674661739,0.187250017576775,0.187250017576775,TRUE,1.4731344569346e-12,8.81577232007456e-09,TRUE
48,"Lower in IPF","ENSG00000101417","PXMP4","peroxisomal membrane protein 4","11264",-1.14213242269079,4.8324152463747,-9.10884186332774,8.19302546960946e-15,6.11908947013817e-13,23.0821405047254,"single_mapping_record",1,1,1,TRUE,TRUE,-1.12761614190206,-1.08059650148983,0.0470196404122352,0.0470196404122352,TRUE,2.7399900214277e-12,7.87269863019726e-08,TRUE
49,"Lower in IPF","ENSG00000014257","ACP3","acid phosphatase 3","55",-1.5214615545897,2.04161852663615,-8.95990446211258,1.71986341152899e-14,1.21785799688081e-12,22.5515476252938,"single_mapping_record",1,1,1,TRUE,TRUE,-1.512248126527,-1.32024251043009,0.19200561609691,0.19200561609691,TRUE,2.80390915570404e-12,6.8309839851807e-07,TRUE
50,"Lower in IPF","ENSG00000101224","CDC25B","cell division cycle 25B","994",-1.03945136005963,6.53712346811416,-8.93033017681699,2.01672165277588e-14,1.41472081548932e-12,22.1583744583253,"single_mapping_record",1,1,1,TRUE,TRUE,-1.03072476014109,-0.889996883321993,0.140727876819097,0.140727876819097,TRUE,5.17154220683769e-12,1.21180398668208e-06,TRUE
51,"Lower in IPF","ENSG00000177181","RIMKLA","ribosomal modification protein rimK like family member A","284716",-1.98720612642369,2.3672370901016,-8.88472435616251,2.54534713992898e-14,1.76086411357667e-12,22.1710167031149,"single_mapping_record",1,1,1,TRUE,TRUE,-2.00688391602779,-2.23299798792033,-0.226114071892535,0.226114071892535,TRUE,1.66398961380903e-12,7.23637649043034e-11,TRUE
52,"Lower in IPF","ENSG00000099194","SCD","stearoyl-CoA desaturase","6319",-2.09473826335818,7.87910011864325,-8.87509272357808,2.67216308422929e-14,1.83171288677854e-12,21.951670253644,"single_mapping_record",1,1,1,TRUE,TRUE,-2.05459835431587,-1.91362273800262,0.140975616313255,0.140975616313255,TRUE,1.06673071310413e-11,3.8230542145929e-07,TRUE
53,"Lower in IPF","ENSG00000185303","SFTPA2","surfactant protein A2","729238",-2.79378888360951,11.4979531745823,-8.85753314549652,2.91980480747806e-14,1.95032274542938e-12,22.01073093016,"single_mapping_record",1,1,1,TRUE,TRUE,-2.73651174286692,-2.46998410204438,0.266527640822533,0.266527640822533,TRUE,1.33821597866664e-11,8.19202580960449e-07,TRUE
54,"Lower in IPF","ENSG00000167972","ABCA3","ATP binding cassette subfamily A member 3","21",-2.51285788010074,7.46928668437027,-8.83802987593532,3.2217818602411e-14,2.13063388924843e-12,21.7542699593147,"single_mapping_record",1,1,1,TRUE,TRUE,-2.47359097240428,-2.24300490511341,0.230586067290867,0.230586067290867,TRUE,1.15366152229899e-11,6.7899853657824e-07,TRUE
55,"Lower in IPF","ENSG00000005187","ACSM3","acyl-CoA synthetase medium chain family member 3","6296",-1.30953239386642,3.25906190547055,-8.82731263814003,3.37908165752057e-14,2.21514296256327e-12,21.8424317386098,"single_mapping_record",1,1,1,TRUE,TRUE,-1.281037918458,-1.16196913533436,0.119068783123634,0.119068783123634,TRUE,1.08162177890446e-11,5.87208078418963e-07,TRUE
56,"Lower in IPF","ENSG00000025423","HSD17B6","hydroxysteroid 17-beta dehydrogenase 6","8630",-2.17545236812718,3.88979781848387,-8.79836504854853,3.93543603617563e-14,2.50261323143559e-12,21.6360609093058,"single_mapping_record",1,1,1,TRUE,TRUE,-2.20290882662339,-2.21505447306394,-0.0121456464405507,0.0121456464405507,TRUE,2.55575676992118e-12,7.60808801233021e-09,TRUE
57,"Lower in IPF","ENSG00000133019","CHRM3","cholinergic receptor muscarinic 3","1131",-1.57470223328061,1.7462844313979,-8.76077685868377,4.70179777049476e-14,2.91666893101931e-12,21.5642551280005,"single_mapping_record",1,1,1,TRUE,TRUE,-1.56703428951747,-1.54491901817149,0.022115271345976,0.022115271345976,TRUE,6.85885099135922e-12,4.16418560222763e-08,TRUE
58,"Lower in IPF","ENSG00000170786","SDR16C5","short chain dehydrogenase/reductase family 16C member 5","195814",-2.17142325774137,4.75442147986635,-8.63870677967162,8.79669764716013e-14,5.093815808002e-12,20.7583470390264,"single_mapping_record",1,1,1,TRUE,TRUE,-2.11783694062245,-1.87996410819778,0.237872832424674,0.237872832424674,TRUE,2.62908522830385e-11,1.17027743122809e-06,TRUE
59,"Lower in IPF","ENSG00000115361","ACADL","acyl-CoA dehydrogenase long chain","33",-1.8920788866398,3.56697799151902,-8.63670140403009,8.88592133015911e-14,5.11093682024324e-12,20.8614886100738,"single_mapping_record",1,1,1,TRUE,TRUE,-1.87299992668645,-1.95004461210683,-0.0770446854203877,0.0770446854203877,TRUE,1.45260837294932e-11,8.65382594928944e-09,TRUE
60,"Lower in IPF","ENSG00000204175","GPRIN2","G protein regulated inducer of neurite outgrowth 2","9721",-1.98112461051746,2.82542208906004,-8.58987922257024,1.12459617923427e-13,6.2067786186268e-12,20.6966617593547,"single_mapping_record",1,1,1,TRUE,TRUE,-1.95961139079609,-2.28755738203102,-0.327945991234925,0.327945991234925,TRUE,1.58005678796977e-11,6.22401817133777e-11,TRUE
61,"Lower in IPF","ENSG00000122852","SFTPA1","surfactant protein A1","653509",-2.7762092444846,11.1885444477231,-8.57987012725109,1.18264523267941e-13,6.50324916959095e-12,20.6287010233866,"single_mapping_record",1,1,1,TRUE,TRUE,-2.73112567510854,-2.51060537826956,0.220520296838983,0.220520296838983,TRUE,3.6201471599451e-11,1.16558211885349e-06,TRUE
62,"Lower in IPF","ENSG00000136048","DRAM1","DNA damage regulated autophagy modulator 1","55332",-1.12670864516741,6.78153825492827,-8.5747501511959,1.21348440764673e-13,6.62430106457917e-12,20.3902557921014,"single_mapping_record",1,1,1,TRUE,TRUE,-1.11614387055328,-1.0090252190144,0.107118651538886,0.107118651538886,TRUE,2.54619277256693e-11,1.371173654772e-06,TRUE
63,"Lower in IPF","ENSG00000138769","CDKL2","cyclin dependent kinase like 2","8999",-1.76551457717323,2.71969400113868,-8.55347367652722,1.35046361558803e-13,7.18906375787503e-12,20.5244440990411,"single_mapping_record",1,1,1,TRUE,TRUE,-1.78390656528432,-1.64379395354141,0.140112611742917,0.140112611742917,TRUE,8.59919474881992e-12,2.2970610983537e-07,TRUE
64,"Lower in IPF","ENSG00000164690","SHH","sonic hedgehog signaling molecule","6469",-1.78827448384899,1.37129985535098,-8.54875270898858,1.36925918371539e-13,7.26336355686764e-12,20.5029130465705,"single_mapping_record",1,1,1,TRUE,TRUE,-1.78594266746087,-1.6894822200257,0.0964604474351707,0.0964604474351707,TRUE,1.48188240276385e-11,2.22857482825912e-07,TRUE
65,"Lower in IPF","ENSG00000105707","HPN","hepsin","3249",-2.0088479080795,3.31178324087056,-8.54058882089611,1.44080190269754e-13,7.58923444326158e-12,20.4148377752054,"single_mapping_record",1,1,1,TRUE,TRUE,-1.95562147337514,-1.79906452563445,0.15655694774069,0.15655694774069,TRUE,2.95524400573804e-11,3.91546965471357e-07,TRUE
66,"Lower in IPF","ENSG00000007402","CACNA2D2","calcium voltage-gated channel auxiliary subunit alpha2delta 2","9254",-2.23196580489124,5.83039218063539,-8.52721032959968,1.54097967441922e-13,7.97696099047634e-12,20.1627474721623,"single_mapping_record",1,1,1,TRUE,TRUE,-2.20518229901427,-2.14706381136725,0.0581184876470138,0.0581184876470138,TRUE,3.04291665871489e-11,2.76779976548176e-07,TRUE
67,"Lower in IPF","ENSG00000174567","GOLT1A","golgi transport 1A","127845",-1.86514956948875,1.22559215287415,-8.49216321386334,1.82037712800866e-13,9.17035944880088e-12,20.2135709300056,"single_mapping_record",1,1,1,TRUE,TRUE,-1.82267569165721,-1.67147721524757,0.151198476409645,0.151198476409645,TRUE,3.6201471599451e-11,7.58794584863919e-07,TRUE
68,"Lower in IPF","ENSG00000187808","SOWAHD","sosondowah ankyrin repeat domain family member D","347454",-1.65984825477125,0.691309925179613,-8.43653143767017,2.40411914013061e-13,1.17177391336496e-11,19.8624142155456,"single_mapping_record",1,1,1,TRUE,TRUE,-1.62892159150011,-1.40791704915274,0.221004542347369,0.221004542347369,TRUE,3.85319031444156e-11,4.08432816801786e-06,TRUE
69,"Lower in IPF","ENSG00000119535","CSF3R","colony stimulating factor 3 receptor","1441",-1.82938561514825,6.96368920689552,-8.42068013002059,2.63039338634265e-13,1.25357033383415e-11,19.6428748725606,"single_mapping_record",1,1,1,TRUE,TRUE,-1.79479484456527,-1.50553099919883,0.289263845366447,0.289263845366447,TRUE,5.91179479480361e-11,7.82672120119104e-06,TRUE
70,"Lower in IPF","ENSG00000102104","RS1","retinoschisin 1","6247",-2.99018988701628,-0.254502167383302,-8.37851723299507,3.24087743676767e-13,1.52037662752363e-11,19.3919418344446,"single_mapping_record",1,1,1,TRUE,TRUE,-2.99997044953953,-3.33019323304515,-0.330222783505613,0.330222783505613,TRUE,2.11799030373599e-11,1.10485168463762e-10,TRUE
71,"Lower in IPF","ENSG00000088926","F11","coagulation factor XI","2160",-2.99211073881805,0.528719368961124,-8.36318493818493,3.50892540492593e-13,1.62016338112899e-11,19.4746780265124,"single_mapping_record",1,1,1,TRUE,TRUE,-2.93428408477602,-2.94133716497024,-0.00705308019422413,0.00705308019422413,TRUE,4.06243082655989e-11,2.19012842048799e-08,TRUE
72,"Lower in IPF","ENSG00000112972","HMGCS1","3-hydroxy-3-methylglutaryl-CoA synthase 1","3157",-1.19003798089887,6.25252634410593,-8.31731627401268,4.41492904118582e-13,1.97629407725075e-11,19.0980756115736,"single_mapping_record",1,1,1,TRUE,TRUE,-1.15373281017206,-1.18457854152197,-0.0308457313499153,0.0308457313499153,TRUE,1.48920863884251e-10,2.78103008079679e-07,TRUE
73,"Lower in IPF","ENSG00000177283","FZD8","frizzled class receptor 8","8325",-1.04446252997693,3.26337864449558,-8.27275285750641,5.46330941489819e-13,2.39810529053952e-11,19.1001690924003,"single_mapping_record",1,1,1,TRUE,TRUE,-1.10295018563179,-1.24097071181689,-0.138020526185101,0.138020526185101,TRUE,6.01562321041519e-13,6.91764352717406e-11,TRUE
74,"Lower in IPF","ENSG00000179178","TMEM125","transmembrane protein 125","128218",-1.67377550349845,5.56643517572676,-8.24660619070844,6.28812662984971e-13,2.69837238305022e-11,18.7590366430709,"single_mapping_record",1,1,1,TRUE,TRUE,-1.67833288131371,-1.68013762611095,-0.00180474479723647,0.00180474479723647,TRUE,6.30621913764431e-11,2.52431865021189e-07,TRUE
75,"Lower in IPF","ENSG00000173930","SLCO4C1","solute carrier organic anion transporter family member 4C1","353189",-2.52020391587867,2.92229914469567,-8.22187090125448,7.11541019521826e-13,3.00046454636563e-11,18.8832436347705,"single_mapping_record",1,1,1,TRUE,TRUE,-2.52681351029624,-2.21006071779823,0.316752792498012,0.316752792498012,TRUE,4.73108917534038e-11,1.22703056567092e-06,TRUE
76,"Lower in IPF","ENSG00000149435","GGTLC1","gamma-glutamyltransferase light chain 1","92086",-2.80908690182486,2.6241447026794,-8.18620176587211,8.50271517644147e-13,3.54563222857609e-11,18.7312287327182,"single_mapping_record",1,1,1,TRUE,TRUE,-2.7798930409901,-3.20589789968853,-0.426004858698431,0.426004858698431,TRUE,8.12780036938468e-11,2.41096200082576e-10,TRUE
77,"Lower in IPF","ENSG00000156414","TDRD9","tudor domain containing 9","122402",-1.75055300450954,1.44624998740861,-8.18272783927516,8.58698919661701e-13,3.56099121048659e-11,18.7365491378269,"single_mapping_record",1,1,1,TRUE,TRUE,-1.71514335114559,-1.48878795593544,0.226355395210151,0.226355395210151,TRUE,9.9009068821613e-11,5.58963833089706e-06,TRUE
78,"Lower in IPF","ENSG00000186493",,,,-1.68660858122182,2.48592627499301,-8.17240216262077,9.10545191677333e-13,3.71740924607469e-11,18.6714258533744,"unmapped",0,0,0,FALSE,FALSE,-1.6862763261375,-1.80637491919808,-0.120098593060578,0.120098593060578,TRUE,6.65753894202592e-11,1.36076240567202e-08,TRUE
79,"Lower in IPF","ENSG00000102934","PLLP","plasmolipin","51090",-1.71622774420061,4.79561414279031,-8.15208492753452,1.0080767248037e-12,4.07904253173937e-11,18.3331631886922,"single_mapping_record",1,1,1,TRUE,TRUE,-1.6951703340724,-1.85377351127003,-0.158603177197632,0.158603177197632,TRUE,1.2619336331398e-10,3.07556591459018e-08,TRUE
80,"Lower in IPF","ENSG00000135604","STX11","syntaxin 11","8676",-1.04912677194066,4.17280648726102,-8.11843641757092,1.1892073817121e-12,4.72285217308521e-11,18.2196437746047,"single_mapping_record",1,1,1,TRUE,TRUE,-1.03278838425383,-1.16722029929076,-0.134431915036932,0.134431915036932,TRUE,1.20705386035539e-10,9.62624897512503e-09,TRUE
81,"Lower in IPF","ENSG00000144218","AFF3","ALF transcription elongation factor 3","3899",-1.55732170308835,4.26420031013165,-8.11552152887386,1.20967895004547e-12,4.729088645334e-11,18.202044599774,"single_mapping_record",1,1,1,TRUE,TRUE,-1.61497137731912,-1.63704380620656,-0.0220724288874423,0.0220724288874423,TRUE,1.36863704109671e-11,3.57880202104195e-08,TRUE
82,"Lower in IPF","ENSG00000172893","DHCR7","7-dehydrocholesterol reductase","1717",-1.36360839024787,4.60396089065821,-8.11767191652282,1.19678279285105e-12,4.729088645334e-11,18.1727805293302,"single_mapping_record",1,1,1,TRUE,TRUE,-1.3139372322503,-1.2051156750124,0.108821557237905,0.108821557237905,TRUE,2.66886839888995e-10,3.82474263766776e-06,TRUE
83,"Lower in IPF","ENSG00000152128","TMEM163","transmembrane protein 163","81615",-1.42394244996559,3.65109387725428,-8.11361749883107,1.22121308744344e-12,4.76177944641583e-11,18.267054723839,"single_mapping_record",1,1,1,TRUE,TRUE,-1.41028818150141,-1.24344574475231,0.166842436749099,0.166842436749099,TRUE,1.33218231629164e-10,4.91859978683605e-06,TRUE
84,"Lower in IPF","ENSG00000168703","WFDC12","WAP four-disulfide core domain 12","128488",-3.17751547562366,-2.15266938506456,-8.0994123678226,1.29864045434348e-12,5.03751692522076e-11,17.3541371336695,"single_mapping_record",1,1,1,TRUE,TRUE,-3.12027502158495,-3.05142175137098,0.0688532702139621,0.0688532702139621,TRUE,1.23079224173381e-10,2.4337028975767e-07,TRUE
85,"Lower in IPF","ENSG00000058335","RASGRF1","Ras protein specific guanine nucleotide releasing factor 1","5923",-1.64003292546375,4.14441761904034,-8.08552830031417,1.40465800563274e-12,5.39302454745746e-11,18.0696870655262,"single_mapping_record",1,1,1,TRUE,TRUE,-1.60859173291153,-1.50620883800459,0.102382894906936,0.102382894906936,TRUE,2.07554100397887e-10,1.67611879397782e-06,TRUE
86,"Lower in IPF","ENSG00000143416","SELENBP1","selenium binding protein 1","8991",-1.05693589561964,7.13624370688975,-8.06734418356128,1.53778742215174e-12,5.84437083071947e-11,17.891795896649,"single_mapping_record",1,1,1,TRUE,TRUE,-1.0290935606047,-1.06674768784088,-0.0376541272361774,0.0376541272361774,TRUE,3.78679309977543e-10,4.46413894689381e-07,TRUE
87,"Lower in IPF","ENSG00000166816","LDHD","lactate dehydrogenase D","197257",-1.09393618391958,2.53626457055934,-8.0369964199205,1.77228798075002e-12,6.65139679175484e-11,18.018931346396,"single_mapping_record",1,1,1,TRUE,TRUE,-1.05178722447979,-1.17314143740802,-0.121354212928229,0.121354212928229,TRUE,2.66886839888995e-10,1.98797971829279e-08,TRUE
88,"Lower in IPF","ENSG00000109205","ODAM","odontogenic, ameloblast associated","54959",-2.50943648400166,-0.81183056048723,-8.00663451275987,2.06136068088748e-12,7.65968973799081e-11,17.4478222839669,"single_mapping_record",1,1,1,TRUE,TRUE,-2.54150098470699,-2.42013860944337,0.121362375263618,0.121362375263618,TRUE,7.63150890979036e-11,2.29891831324317e-07,TRUE
89,"Lower in IPF","ENSG00000131781","FMO5","flavin containing dimethylaniline monoxygenase 5","2330",-1.90944245791742,4.56470352280265,-8.00663422118757,2.08002263566129e-12,7.70995056951784e-11,17.6416461828908,"single_mapping_record",1,1,1,TRUE,TRUE,-1.84250846129546,-1.59886624987169,0.243642211423768,0.243642211423768,TRUE,3.9327615149892e-10,1.03608558308265e-05,TRUE
90,"Lower in IPF","ENSG00000123836","PFKFB2","6-phosphofructo-2-kinase/fructose-2,6-biphosphatase 2","5208",-1.09606815687184,5.19045466133736,-7.97719932895445,2.40766831947294e-12,8.6676059501026e-11,17.4323174894289,"single_mapping_record",1,1,1,TRUE,TRUE,-1.07137009266734,-0.930252685363653,0.14111740730369,0.14111740730369,TRUE,3.702773028405e-10,1.36555907344079e-05,TRUE
91,"Lower in IPF","ENSG00000183607","GKN2","gastrokine 2","200504",-2.03360996083992,3.99938925139754,-7.97539840603218,2.4293050082922e-12,8.72457578576136e-11,17.5546120592881,"single_mapping_record",1,1,1,TRUE,TRUE,-2.01955024744836,-2.0939771522869,-0.0744269048385457,0.0744269048385457,TRUE,1.95849319589079e-10,1.01137655298872e-07,TRUE
92,"Lower in IPF","ENSG00000104267","CA2","carbonic anhydrase 2","760",-1.58201127440256,4.40593683492554,-7.96753382568304,2.52608162070911e-12,9.05048622675063e-11,17.4578805803741,"single_mapping_record",1,1,1,TRUE,TRUE,-1.59064995922103,-1.5071270590606,0.0835229001604314,0.0835229001604314,TRUE,1.48610051520417e-10,1.1006376582144e-06,TRUE
93,"Lower in IPF","ENSG00000162722","TRIM58","tripartite motif containing 58","25893",-2.16370272428962,1.44835818599227,-7.96075469762668,2.61257348065887e-12,9.31590334718549e-11,17.6630531104035,"single_mapping_record",1,1,1,TRUE,TRUE,-2.15415929848566,-2.12790856464524,0.0262507338404188,0.0262507338404188,TRUE,1.67889066821753e-10,2.9079560856094e-07,TRUE
94,"Lower in IPF","ENSG00000169860","P2RY1","purinergic receptor P2Y1","5028",-1.31498362601866,4.54481389852573,-7.95806039550888,2.64776147091495e-12,9.39673645422581e-11,17.393383847376,"single_mapping_record",1,1,1,TRUE,TRUE,-1.36217536961,-1.18697264114947,0.175202728460521,0.175202728460521,TRUE,2.98403381541268e-11,2.46766125019359e-06,TRUE
95,"Lower in IPF","ENSG00000115648","MLPH","melanophilin","79083",-1.58748170329037,6.51283955762084,-7.91841544819187,3.2235054305558e-12,1.12800148073435e-10,17.1438365047792,"single_mapping_record",1,1,1,TRUE,TRUE,-1.49231541187922,-1.33037188774811,0.161943524131113,0.161943524131113,TRUE,1.08821439263668e-09,1.66944635684682e-05,TRUE
96,"Lower in IPF","ENSG00000138111","MFSD13A","major facilitator superfamily domain containing 13A","79847",-1.07138215820973,3.56347924145412,-7.88814982048404,3.72700902544503e-12,1.29513563634215e-10,17.1809031318723,"single_mapping_record",1,1,1,TRUE,TRUE,-1.04357371841164,-0.846272497478733,0.197301220932909,0.197301220932909,TRUE,5.32373936288973e-10,5.31977572439994e-05,TRUE
97,"Lower in IPF","ENSG00000242265","PEG10","paternally expressed 10","23089",-1.51765918042555,5.38455177914592,-7.86617061860398,4.17639073791489e-12,1.43798114122886e-10,16.8878518041536,"single_mapping_record",1,1,1,TRUE,TRUE,-1.51892443113377,-1.43605068577278,0.0828737453609945,0.0828737453609945,TRUE,3.03668446390724e-10,2.36497039490034e-06,TRUE
98,"Lower in IPF","ENSG00000253313","C1orf210","chromosome 1 open reading frame 210","149466",-1.78337613994696,2.42130514090153,-7.86553162253205,4.18963116454428e-12,1.43923897121599e-10,17.1842800736673,"single_mapping_record",1,1,1,TRUE,TRUE,-1.77001638419677,-1.67967027071894,0.0903461134778261,0.0903461134778261,TRUE,3.24405914482864e-10,1.55778651721678e-06,TRUE
99,"Lower in IPF","ENSG00000211445","GPX3","glutathione peroxidase 3","2878",-1.46792730558907,9.98775371064292,-7.8320956252915,4.94394127927961e-12,1.66783025807967e-10,16.8966929116104,"single_mapping_record",1,1,1,TRUE,TRUE,-1.49941904398699,-1.82807107197078,-0.32865202798379,0.32865202798379,TRUE,2.05205775327096e-10,2.83668189168233e-09,TRUE
100,"Lower in IPF","ENSG00000168389","MFSD2A","MFSD2 lysolipid transporter A, lysophospholipid","84879",-1.97622701091041,5.5035033924897,-7.82964959855355,5.00415130199533e-12,1.68435693599896e-10,16.7175668088991,"single_mapping_record",1,1,1,TRUE,TRUE,-1.90341988066946,-1.81407752147508,0.0893423591943825,0.0893423591943825,TRUE,9.81254896905049e-10,4.13841775609365e-06,TRUE
101,"Lower in IPF","ENSG00000119457","SLC46A2","solute carrier family 46 member 2","57864",-2.15469224546686,2.5358689862052,-7.81920891835202,5.26945997714952e-12,1.75789184837708e-10,16.949181875229,"single_mapping_record",1,1,1,TRUE,TRUE,-2.10470525149838,-1.99496836746939,0.109736884028988,0.109736884028988,TRUE,5.53674727385685e-10,1.51462641644753e-06,TRUE
102,"Lower in IPF","ENSG00000214456","PLIN5","perilipin 5","440503",-1.63989175146993,2.82648117192101,-7.74307112968484,7.67675960535327e-12,2.44678376211387e-10,16.5554198650671,"single_mapping_record",1,1,1,TRUE,TRUE,-1.60983385256852,-1.49268985056831,0.117144002000203,0.117144002000203,TRUE,6.64508432126617e-10,4.59974250420538e-06,TRUE
103,"Lower in IPF","ENSG00000169385","RNASE2","ribonuclease A family member 2","6036",-2.18593401844067,1.62506168542377,-7.72554149219314,8.37048604885975e-12,2.6566117667121e-10,16.5396681033715,"single_mapping_record",1,1,1,TRUE,TRUE,-2.14710986582118,-1.44982449819969,0.697285367621489,0.697285367621489,TRUE,5.39143268452732e-10,0.000372230469620927,TRUE
104,"Lower in IPF","ENSG00000170549","IRX1","iroquois homeobox 1","79192",-1.56711415022378,1.16409311459384,-7.70471876578164,9.20140640557481e-12,2.87773985334352e-10,16.4351776307825,"single_mapping_record",1,1,1,TRUE,TRUE,-1.59285099478916,-1.24961101875752,0.343239976031631,0.343239976031631,TRUE,2.11164818209999e-10,5.75976762994651e-05,TRUE
105,"Lower in IPF","ENSG00000134463","ECHDC3","enoyl-CoA hydratase domain containing 3","79746",-1.02466712748549,4.14740360421658,-7.70437652558482,9.2722748773843e-12,2.89387506152377e-10,16.1991034102504,"single_mapping_record",1,1,1,TRUE,TRUE,-1.00559592505885,-1.13297004330723,-0.127374118248377,0.127374118248377,TRUE,1.12181541475288e-09,6.80357338787177e-08,TRUE
106,"Lower in IPF","ENSG00000161640","SIGLEC11","sialic acid binding Ig like lectin 11","114132",-1.71459814973898,0.623414116006659,-7.66420102537671,1.12363251155949e-11,3.40767096232952e-10,16.1963818053162,"single_mapping_record",1,1,1,TRUE,TRUE,-1.67586264871856,-1.76810275619258,-0.0922401074740171,0.0922401074740171,TRUE,8.90691316435888e-10,1.82269883141536e-07,TRUE
107,"Lower in IPF","ENSG00000204305","AGER","advanced glycosylation end-product specific receptor","177",-3.00385235939921,7.34877353650299,-7.66518390880159,1.12712215073026e-11,3.41136244491182e-10,15.9739276510932,"single_mapping_record",1,1,1,TRUE,TRUE,-2.99915016183568,-3.36141310930693,-0.362262947471248,0.362262947471248,TRUE,9.06541219231563e-10,1.82269883141536e-07,TRUE
108,"Lower in IPF","ENSG00000114854","TNNC1","troponin C1, slow skeletal and cardiac type","7134",-2.09433114780891,3.56082130457404,-7.65335846343511,1.19470495205187e-11,3.60863395175105e-10,16.0415436285659,"single_mapping_record",1,1,1,TRUE,TRUE,-2.06440137360199,-2.5398809776534,-0.475479604051403,0.475479604051403,TRUE,9.17298404786409e-10,5.73108175624989e-10,TRUE
109,"Lower in IPF","ENSG00000188906","LRRK2","leucine rich repeat kinase 2","120892",-1.5852174035201,7.31811684791793,-7.65183674033692,1.20368909869934e-11,3.62847003005511e-10,15.8771747239201,"single_mapping_record",1,1,1,TRUE,TRUE,-1.53659493578947,-1.36858123293466,0.168013702854813,0.168013702854813,TRUE,1.87794607226537e-09,2.49755752833922e-05,TRUE
110,"Lower in IPF","ENSG00000100078","PLA2G3","phospholipase A2 group III","50487",-2.05066048735997,1.15207762509233,-7.64083152790068,1.26811178031228e-11,3.78467078450258e-10,16.1268773074541,"single_mapping_record",1,1,1,TRUE,TRUE,-1.99388886894049,-1.70578861369189,0.288100255248596,0.288100255248596,TRUE,1.060744924022e-09,2.52078396606633e-05,TRUE
111,"Lower in IPF","ENSG00000163221","S100A12","S100 calcium binding protein A12","6283",-3.1764167604565,2.88350997445474,-7.63639967928256,1.29871054018002e-11,3.8606421047886e-10,16.0534690149817,"single_mapping_record",1,1,1,TRUE,TRUE,-3.18568013772662,-2.25064281818302,0.935037319543604,0.935037319543604,TRUE,5.66260023984232e-10,5.95602629907561e-05,TRUE
112,"Lower in IPF","ENSG00000143546","S100A8","S100 calcium binding protein A8","6279",-2.36586603521549,6.36765272050083,-7.62658930721997,1.36293351564434e-11,4.02717343107816e-10,15.7368978696359,"single_mapping_record",1,1,1,TRUE,TRUE,-2.3958504626969,-1.81828402498013,0.577566437716769,0.577566437716769,TRUE,5.96967689282261e-10,9.17154811288843e-05,TRUE
113,"Lower in IPF","ENSG00000164687","FABP5","fatty acid binding protein 5","2171",-1.11645578378307,5.04840503325093,-7.61697803966247,1.42891145260329e-11,4.19781188385139e-10,15.6840663349208,"single_mapping_record",1,1,1,TRUE,TRUE,-1.08419724394902,-0.792738176733995,0.291459067215029,0.291459067215029,TRUE,1.91351463245488e-09,0.000353541762581483,TRUE
114,"Lower in IPF","ENSG00000147155","EBP","EBP cholestenol delta-isomerase","10682",-1.16120139121148,3.53154843182319,-7.57620446027762,1.74249880181911e-11,4.94487561680689e-10,15.6682914421216,"single_mapping_record",1,1,1,TRUE,TRUE,-1.11836254250006,-0.955681677297507,0.162680865202557,0.162680865202557,TRUE,2.30688202889048e-09,4.2094380668934e-05,TRUE
115,"Lower in IPF","ENSG00000157734","SNX22","sorting nexin 22","79856",-2.12371948525371,3.06004097164049,-7.571688848859,1.78510471751112e-11,5.03721654497687e-10,15.7046438140153,"single_mapping_record",1,1,1,TRUE,TRUE,-2.08086684961013,-2.40266844951055,-0.321801599900418,0.321801599900418,TRUE,1.41635976630706e-09,6.86069908609718e-09,TRUE
116,"Lower in IPF","ENSG00000008853","RHOBTB2","Rho related BTB domain containing 2","23221",-1.31891065745218,6.96408402462131,-7.55800553305621,1.90914841421229e-11,5.355558872632e-10,15.4000331703032,"single_mapping_record",1,1,1,TRUE,TRUE,-1.24953253362424,-1.11047126057639,0.139061273047849,0.139061273047849,TRUE,4.37268999902459e-09,4.11267909752034e-05,TRUE
117,"Lower in IPF","ENSG00000159723","AGRP","agouti related neuropeptide","181",-2.64004662229242,0.0571021435708044,-7.5220207147124,2.2747085100832e-11,6.2255692536263e-10,15.4446032882975,"single_mapping_record",1,1,1,TRUE,TRUE,-2.57348867649329,-2.29615539403658,0.277333282456711,0.277333282456711,TRUE,1.48627299366287e-09,8.72665504657559e-06,TRUE
118,"Lower in IPF","ENSG00000158764","ITLN2","intelectin 2","142683",-3.41963210974153,0.885060490348814,-7.48903303012198,2.67735067705035e-11,7.21586864701614e-10,15.4020737574105,"single_mapping_record",1,1,1,TRUE,TRUE,-3.47711644275293,-3.91715975029276,-0.44004330753983,0.44004330753983,TRUE,5.71278229745565e-10,4.7344596204892e-10,TRUE
119,"Lower in IPF","ENSG00000125798","FOXA2","forkhead box A2","3170",-1.56619636717257,3.22014303650218,-7.47767532461129,2.83046041995698e-11,7.53384252205572e-10,15.2299739629043,"single_mapping_record",1,1,1,TRUE,TRUE,-1.55890131897957,-1.60130637889011,-0.0424050599105494,0.0424050599105494,TRUE,1.47737883912191e-09,5.85529738466964e-07,TRUE
120,"Lower in IPF","ENSG00000239998","LILRA2","leukocyte immunoglobulin like receptor A2","11027",-1.39758992264894,3.57589153578524,-7.46658965736765,2.98828084407144e-11,7.93983575773459e-10,15.1332823591908,"single_mapping_record",1,1,1,TRUE,TRUE,-1.36673213876107,-0.967126100078792,0.39960603868228,0.39960603868228,TRUE,1.79306718261476e-09,0.000450141652825803,TRUE
121,"Lower in IPF","ENSG00000115363","EVA1A","eva-1 homolog A, regulator of programmed cell death","84141",-1.24692089069595,3.18690347999543,-7.46303553326608,3.03635292887845e-11,8.05330921701824e-10,15.1632329081656,"single_mapping_record",1,1,1,TRUE,TRUE,-1.24618736710837,-1.30946752220533,-0.0632801550969642,0.0632801550969642,TRUE,1.45898496232918e-09,4.48577569376398e-07,TRUE
122,"Lower in IPF","ENSG00000124839","RAB17","RAB17, member RAS oncogene family","64284",-1.45004377473641,4.23703306842759,-7.41446471273347,3.85567167173499e-11,9.81039714170943e-10,14.7933117262113,"single_mapping_record",1,1,1,TRUE,TRUE,-1.4392587748409,-1.32870592988693,0.110552844953966,0.110552844953966,TRUE,2.36099439685066e-09,1.21011405014599e-05,TRUE
123,"Lower in IPF","ENSG00000120907","ADRA1A","adrenoceptor alpha 1A","148",-2.11233389531896,1.49591301941439,-7.39337834685013,4.27381591823186e-11,1.08010984115314e-09,14.9637870628687,"single_mapping_record",1,1,1,TRUE,TRUE,-2.15740639195125,-2.32315083298727,-0.165744441036016,0.165744441036016,TRUE,6.19988792080642e-10,2.06571210428177e-08,TRUE
124,"Lower in IPF","ENSG00000121797","CCRL2","C-C motif chemokine receptor like 2","9034",-1.20356748224502,3.71828206418226,-7.38049141931256,4.55121392593083e-11,1.14061474884931e-09,14.6971164320459,"single_mapping_record",1,1,1,TRUE,TRUE,-1.18816658388823,-1.07002314381254,0.118143440075698,0.118143440075698,TRUE,2.65506912330739e-09,2.32001085811083e-05,TRUE
125,"Lower in IPF","ENSG00000169174","PCSK9","proprotein convertase subtilisin/kexin type 9","255738",-2.14258930718222,3.27388955902408,-7.36289913626633,4.95895651674958e-11,1.23251415942789e-09,14.6857246221526,"single_mapping_record",1,1,1,TRUE,TRUE,-2.0833429931119,-2.07599683433941,0.0073461587724899,0.0073461587724899,TRUE,3.63073080199744e-09,1.50816416854364e-06,TRUE
126,"Lower in IPF","ENSG00000146094","DOK3","docking protein 3","79930",-1.22850469969558,4.74510482264278,-7.35279024386402,5.20944716029905e-11,1.28414155616436e-09,14.4354854123174,"single_mapping_record",1,1,1,TRUE,TRUE,-1.19390203989425,-0.940067029670205,0.253835010224043,0.253835010224043,TRUE,4.12653428331858e-09,0.000210431959134107,TRUE
127,"Lower in IPF","ENSG00000168062","BATF2","basic leucine zipper ATF-like transcription factor 2","116071",-1.28062227366898,2.84825275081959,-7.34900937870441,5.29407599891941e-11,1.30286342452095e-09,14.6689277448443,"single_mapping_record",1,1,1,TRUE,TRUE,-1.27305128065029,-1.38151317885144,-0.108461898201149,0.108461898201149,TRUE,2.55715271646846e-09,2.68070558244931e-07,TRUE
128,"Lower in IPF","ENSG00000177494","ZBED2","zinc finger BED-type containing 2","79413",-2.33518999318862,1.75524915079974,-7.31986495916045,6.11564036377052e-11,1.48316628660619e-09,14.6112365460508,"single_mapping_record",1,1,1,TRUE,TRUE,-2.33001975290128,-2.86291517062207,-0.532895417720792,0.532895417720792,TRUE,2.37559837994737e-09,6.97290528454677e-10,TRUE
129,"Lower in IPF","ENSG00000105501",,,,-2.16768006353265,-1.57496976341463,-7.30898179630205,6.40392861426307e-11,1.54559125976394e-09,14.0033893419897,"unmapped",0,0,0,FALSE,FALSE,-2.09033938886983,-1.65136407777895,0.438975311090873,0.438975311090873,TRUE,4.06176691586577e-09,0.000175607752055503,TRUE
130,"Lower in IPF","ENSG00000175489","LRRC25","leucine rich repeat containing 25","126364",-1.20869287816123,4.2394883868969,-7.30403244864983,6.60547018015125e-11,1.58404661892062e-09,14.2597566068307,"single_mapping_record",1,1,1,TRUE,TRUE,-1.19189705128095,-0.932537851777476,0.259359199503476,0.259359199503476,TRUE,3.76898359250183e-09,0.0002117555585832,TRUE
131,"Lower in IPF","ENSG00000133661","SFTPD","surfactant protein D","6441",-2.231732590518,7.00728949811639,-7.29110661732909,7.03408360685781e-11,1.67463559478421e-09,14.1325716226994,"single_mapping_record",1,1,1,TRUE,TRUE,-2.22869976671277,-2.16618410568274,0.0625156610300284,0.0625156610300284,TRUE,4.15750991912613e-09,8.87188291227309e-06,TRUE
132,"Lower in IPF","ENSG00000128645","HOXD1","homeobox D1","3231",-1.52054310061534,0.304055826443393,-7.25464805025961,8.340940674112e-11,1.9564718968714e-09,14.2505388664619,"single_mapping_record",1,1,1,TRUE,TRUE,-1.51461001079496,-1.14369944054667,0.370910570248288,0.370910570248288,TRUE,4.14293844710862e-09,0.000390638825748823,TRUE
133,"Lower in IPF","ENSG00000214491","SEC14L6","SEC14 like lipid binding 6","730005",-1.38147897705028,3.08107675866218,-7.24909470881678,8.62696801806374e-11,2.00476848122559e-09,14.1581993207574,"single_mapping_record",1,1,1,TRUE,TRUE,-1.41467457652151,-1.44593673365236,-0.0312621571308496,0.0312621571308496,TRUE,1.31785489361574e-09,7.42144662962825e-07,TRUE
134,"Lower in IPF","ENSG00000178826","TMEM139","transmembrane protein 139","135932",-1.79870247999684,2.62657340505022,-7.24747715875228,8.69497952291316e-11,2.01433692280821e-09,14.2031584956337,"single_mapping_record",1,1,1,TRUE,TRUE,-1.77499880850577,-2.15542739872346,-0.380428590217687,0.380428590217687,TRUE,4.36162056760867e-09,4.72033455907315e-09,TRUE
135,"Lower in IPF","ENSG00000168631","MUCL3","mucin like 3","135656",-2.88437322588593,1.76857149751828,-7.2326231525253,9.34493084199674e-11,2.13525269102062e-09,14.2025597689128,"single_mapping_record",1,1,1,TRUE,TRUE,-2.79763623726363,-2.62650208641343,0.171134150850208,0.171134150850208,TRUE,4.05367838978052e-09,3.88708095344842e-06,TRUE
136,"Lower in IPF","ENSG00000157765","SLC34A2","solute carrier family 34 member 2","10568",-1.86993488549015,9.34887516367497,-7.21751361282782,1.00554965144244e-10,2.27339026618282e-09,13.9037514452385,"single_mapping_record",1,1,1,TRUE,TRUE,-1.82763404471542,-1.64658754261441,0.18104650210101,0.18104650210101,TRUE,1.11623218431146e-08,5.42685679817257e-05,TRUE
137,"Lower in IPF","ENSG00000163421","PROK2","prokineticin 2","60675",-2.57253739702362,0.442345158028354,-7.19958044666086,1.09686735810155e-10,2.45032333033042e-09,14.0121262569745,"single_mapping_record",1,1,1,TRUE,TRUE,-2.62352262081572,-2.18976382166735,0.433758799148364,0.433758799148364,TRUE,1.64681904959261e-09,2.99183369688013e-05,TRUE
138,"Lower in IPF","ENSG00000166961","MS4A15","membrane spanning 4-domains A15","219995",-2.83858340677465,3.34467187702072,-7.15836042381964,1.33912922667343e-10,2.90926308984392e-09,13.7167597281276,"single_mapping_record",1,1,1,TRUE,TRUE,-2.81291078753435,-2.83097018710988,-0.0180593995755323,0.0180593995755323,TRUE,5.68481640008536e-09,1.23268042726727e-06,TRUE
139,"Lower in IPF","ENSG00000168481","LGI3","leucine rich repeat LGI family member 3","203190",-2.63999111138452,3.2516646736815,-7.1334770972954,1.51032843919463e-10,3.22841906948869e-09,13.5999835719796,"single_mapping_record",1,1,1,TRUE,TRUE,-2.579007484247,-2.72446804956734,-0.145460565320339,0.145460565320339,TRUE,9.12752604322008e-09,5.97859917460622e-07,TRUE
140,"Lower in IPF","ENSG00000171790","SLFNL1","schlafen like 1","200172",-1.56554425261423,0.0300573191973317,-7.12185451366267,1.58738527085368e-10,3.3705555425821e-09,13.6072633755092,"single_mapping_record",1,1,1,TRUE,TRUE,-1.58260855291619,-1.76964015679037,-0.187031603874182,0.187031603874182,TRUE,3.47918602130681e-09,1.29753886593331e-07,TRUE
141,"Lower in IPF","ENSG00000145569","OTULINL","OTU deubiquitinase with linear linkage specificity like","54491",-1.2275198017185,5.57667918888036,-7.09388477336234,1.82849872196608e-10,3.82837138272731e-09,13.1472553712283,"single_mapping_record",1,1,1,TRUE,TRUE,-1.2248090666392,-1.40831952683357,-0.18351046019437,0.18351046019437,TRUE,8.22150963498114e-09,3.33429045546364e-07,TRUE
142,"Lower in IPF","ENSG00000052802","MSMO1","methylsterol monooxygenase 1","6307",-1.33806498589435,5.67870938380844,-7.08743384644855,1.88629187701426e-10,3.92746375280695e-09,13.1149834854692,"single_mapping_record",1,1,1,TRUE,TRUE,-1.32609497644613,-1.2933083658094,0.0327866106367283,0.0327866106367283,TRUE,1.33126937061437e-08,1.66013658769092e-05,TRUE
143,"Lower in IPF","ENSG00000171476","HOPX","HOP homeobox","84525",-1.32822999949869,7.22673562593222,-7.07748841701546,1.97895822649435e-10,4.10900703957582e-09,13.109043639423,"single_mapping_record",1,1,1,TRUE,TRUE,-1.32616364239192,-1.36239167010413,-0.0362280277122107,0.0362280277122107,TRUE,1.01290076869836e-08,6.03351703346725e-06,TRUE
144,"Lower in IPF","ENSG00000099849","RASSF7","Ras association domain family member 7","8045",-1.14865538181705,5.06099671926966,-7.05170086490979,2.24078293944777e-10,4.59544173319534e-09,12.9692128606538,"single_mapping_record",1,1,1,TRUE,TRUE,-1.11295622778649,-1.18196059822511,-0.0690043704386212,0.0690043704386212,TRUE,2.19009952635486e-08,4.34750069179266e-06,TRUE
145,"Lower in IPF","ENSG00000149809","TM7SF2","transmembrane 7 superfamily member 2","7108",-1.01658893695194,3.49174181797355,-7.03772697828935,2.39016928943279e-10,4.87516594741374e-09,13.1020224120631,"single_mapping_record",1,1,1,TRUE,TRUE,-0.988724603041691,-0.962965896755826,0.0257587062858647,0.0257587062858647,TRUE,1.84876220696921e-08,1.87460571806635e-05,TRUE
146,"Lower in IPF","ENSG00000215910","C1orf167","chromosome 1 open reading frame 167","284498",-1.30860366542553,1.37266855937046,-7.00576341714046,2.77803943165935e-10,5.61291089476046e-09,13.1600686547074,"single_mapping_record",1,1,1,TRUE,TRUE,-1.28743028038973,-1.2160794116496,0.0713508687401307,0.0713508687401307,TRUE,1.31851715763598e-08,2.25036896938713e-05,TRUE
147,"Lower in IPF","ENSG00000163220","S100A9","S100 calcium binding protein A9","6280",-1.86302644347472,7.42358048676574,-7.00591224794237,2.79298717510504e-10,5.62041869606929e-09,12.7867351019683,"single_mapping_record",1,1,1,TRUE,TRUE,-1.87174657056369,-1.39430594542414,0.477440625139548,0.477440625139548,TRUE,1.10426386633158e-08,0.000558061679406525,TRUE
148,"Lower in IPF","ENSG00000067606","PRKCZ","protein kinase C zeta","5590",-1.22697505964512,5.16167555541963,-7.00603442456733,2.79134762425942e-10,5.62041869606929e-09,12.7448440984187,"single_mapping_record",1,1,1,TRUE,TRUE,-1.20620314653362,-1.27901593439259,-0.0728127878589682,0.0728127878589682,TRUE,1.81821873540478e-08,3.92612904632183e-06,TRUE
149,"Lower in IPF","ENSG00000114378","HYAL1","hyaluronidase 1","3373",-1.12109289014619,5.1967155669105,-6.99856954772754,2.89329451999665e-10,5.77581613486566e-09,12.7082215709678,"single_mapping_record",1,1,1,TRUE,TRUE,-1.10556407278683,-1.28936339520198,-0.183799322415158,0.183799322415158,TRUE,1.56430116457045e-08,3.16874404534673e-07,TRUE
150,"Lower in IPF","ENSG00000144278","GALNT13","polypeptide N-acetylgalactosaminyltransferase 13","114805",-2.40660398814542,-0.0552937383185994,-6.9859639845858,3.06911020832164e-10,6.0782958373779e-09,12.9921307743485,"single_mapping_record",1,1,1,TRUE,TRUE,-2.41548210806484,-2.90729197999432,-0.491809871929476,0.491809871929476,TRUE,8.52967137542314e-09,9.24135395549004e-09,TRUE
151,"Lower in IPF","ENSG00000104974","LILRA1","leukocyte immunoglobulin like receptor A1","11024",-1.73416713079728,2.4355327740716,-6.97111470233982,3.30099330310016e-10,6.48619260028004e-09,12.9277213116808,"single_mapping_record",1,1,1,TRUE,TRUE,-1.73767676196333,-1.2763645894497,0.461312172513633,0.461312172513633,TRUE,8.18688253645297e-09,0.000588272332620675,TRUE
152,"Lower in IPF","ENSG00000154319","FAM167A","family with sequence similarity 167 member A","83648",-1.86318459774562,3.16331792894405,-6.95159032112981,3.62506822327344e-10,7.05830404251373e-09,12.7376198618455,"single_mapping_record",1,1,1,TRUE,TRUE,-1.88318991699899,-2.16626024539961,-0.283070328400622,0.283070328400622,TRUE,8.59673214796871e-09,8.50907952987062e-08,TRUE
153,"Lower in IPF","ENSG00000163958","ZDHHC19","zinc finger DHHC-type palmitoyltransferase 19","131540",-2.31788740694206,-1.00033524142204,-6.93722387765963,3.86061433716566e-10,7.46849773576429e-09,12.5525784026538,"single_mapping_record",1,1,1,TRUE,TRUE,-2.30682821540177,-1.6069198447593,0.699908370642466,0.699908370642466,TRUE,1.36168353078764e-08,0.00119028532250671,TRUE
154,"Lower in IPF","ENSG00000197822","OCLN","occludin","100506658",-1.34558355091701,3.56141631440084,-6.93455123602174,3.93351768175135e-10,7.58997010777009e-09,12.6001899441212,"single_mapping_record",1,1,1,TRUE,TRUE,-1.37735309250835,-1.40738988472769,-0.0300367922193423,0.0300367922193423,TRUE,5.02535131228944e-09,2.2485875833159e-06,TRUE
155,"Lower in IPF","ENSG00000154764","WNT7A","Wnt family member 7A","7476",-1.79268015120901,1.20658722434758,-6.92294217435181,4.15209551155503e-10,7.9707490817729e-09,12.7748127235652,"single_mapping_record",1,1,1,TRUE,TRUE,-1.79365873847021,-2.14066776824321,-0.347009029772993,0.347009029772993,TRUE,1.30304163580743e-08,3.21597692854978e-08,TRUE
156,"Lower in IPF","ENSG00000056736","IL17RB","interleukin 17 receptor B","55540",-1.27415106468529,2.66819420695613,-6.92088833813668,4.19285033718771e-10,8.02675433280158e-09,12.6678320216459,"single_mapping_record",1,1,1,TRUE,TRUE,-1.18966776926046,-1.41222688596187,-0.222559116701404,0.222559116701404,TRUE,2.73044478538236e-08,1.54753883258436e-07,TRUE
157,"Lower in IPF","ENSG00000103811","CTSH","cathepsin H","1512",-1.23465935505625,8.74552618902317,-6.90622204312438,4.50488509844667e-10,8.49589636908058e-09,12.3838808531393,"single_mapping_record",1,1,1,TRUE,TRUE,-1.14967919875391,-1.11798901160429,0.0316901871496227,0.0316901871496227,TRUE,6.84219994112298e-08,5.44328022244713e-05,TRUE
158,"Lower in IPF","ENSG00000171509","RXFP1","relaxin family peptide receptor 1","59350",-1.79076364676036,2.62559578842991,-6.89614167141028,4.7274220007126e-10,8.89324048555107e-09,12.5469256050022,"single_mapping_record",1,1,1,TRUE,TRUE,-1.85433549526218,-1.83361753953015,0.0207179557320223,0.0207179557320223,TRUE,2.70962380161295e-09,2.28280589860892e-06,TRUE
159,"Lower in IPF","ENSG00000081479","LRP2","LDL receptor related protein 2","4036",-2.18192229411366,2.91740229836177,-6.89268740623607,4.80615628910344e-10,8.98505830784817e-09,12.505500043467,"single_mapping_record",1,1,1,TRUE,TRUE,-2.15363858252278,-1.5830360950528,0.570602487469975,0.570602487469975,TRUE,1.68409785159338e-08,0.000609132205455308,TRUE
160,"Lower in IPF","ENSG00000174837","ADGRE1","adhesion G protein-coupled receptor E1","2015",-2.06282078229459,2.15510283558354,-6.8780562966976,5.1542991332126e-10,9.57627952819153e-09,12.5203739096725,"single_mapping_record",1,1,1,TRUE,TRUE,-2.06063241441752,-1.80959409161966,0.251038322797862,0.251038322797862,TRUE,1.35015198499008e-08,4.47564012270333e-05,TRUE
161,"Lower in IPF","ENSG00000135917","SLC19A3","solute carrier family 19 member 3","80704",-1.59454118579952,3.27156364116594,-6.85392892660438,5.78373205478543e-10,1.0640365883142e-08,12.2610349333136,"single_mapping_record",1,1,1,TRUE,TRUE,-1.58218050756859,-1.91682220690289,-0.3346416993343,0.3346416993343,TRUE,2.12180167912027e-08,5.50044575414411e-08,TRUE
162,"Lower in IPF","ENSG00000213853","EMP2","epithelial membrane protein 2","2013",-1.3418745971688,8.2573987814142,-6.85232395511643,5.82820382606188e-10,1.06999274060248e-08,12.1047935655377,"single_mapping_record",1,1,1,TRUE,TRUE,-1.34558486557411,-1.70519604274757,-0.359611177173455,0.359611177173455,TRUE,2.2049941911473e-08,6.09937744487371e-08,TRUE
163,"Lower in IPF","ENSG00000204334","ERICH2","glutamate rich 2","285141",-1.73853563054733,0.759314220715322,-6.84446377673196,6.02614793759215e-10,1.10322601023333e-08,12.4111810021443,"single_mapping_record",1,1,1,TRUE,TRUE,-1.75385884519326,-1.57739534220525,0.176463502988008,0.176463502988008,TRUE,1.40450525480811e-08,4.91005475793021e-05,TRUE
164,"Lower in IPF","ENSG00000229314","ORM1","orosomucoid 1","5004",-3.25235146333883,0.689188060696612,-6.84378335786593,6.07060849686777e-10,1.10889589350154e-08,12.3983353305594,"single_mapping_record",1,1,1,TRUE,TRUE,-3.2017034724333,-2.62472893737706,0.576974535056247,0.576974535056247,TRUE,2.04061975035137e-08,0.00018035346419568,TRUE
165,"Lower in IPF","ENSG00000204335","SP5","Sp5 transcription factor","389058",-1.51159105135913,-0.705340610321508,-6.84255218110172,6.07189198280218e-10,1.10889589350154e-08,12.203904647371,"single_mapping_record",1,1,1,TRUE,TRUE,-1.52922019650108,-1.31322653695979,0.215993659541295,0.215993659541295,TRUE,1.20806188196568e-08,0.000110146010186273,TRUE
166,"Lower in IPF","ENSG00000109762","SNX25","sorting nexin 25","83891",-1.01365316955202,5.33829993581381,-6.81020805883266,7.12418360733146e-10,1.27928521905813e-08,11.8092624519308,"single_mapping_record",1,1,1,TRUE,TRUE,-0.994036292966208,-0.864856800016649,0.129179492949559,0.129179492949559,TRUE,3.78236904938066e-08,0.00017906080704211,TRUE
167,"Lower in IPF","ENSG00000114646","CSPG5","chondroitin sulfate proteoglycan 5","10675",-1.75484983726476,1.44012558797594,-6.80908485926504,7.15530535234058e-10,1.28333863738754e-08,12.2470309013664,"single_mapping_record",1,1,1,TRUE,TRUE,-1.72103863388396,-1.60469284237887,0.116345791505083,0.116345791505083,TRUE,3.27142913459584e-08,3.6272998114526e-05,TRUE
168,"Lower in IPF","ENSG00000157551","KCNJ15","potassium inwardly rectifying channel subfamily J member 15","3772",-1.12310795714871,5.25025966909226,-6.74995026489929,9.4882447251864e-10,1.65432671096978e-08,11.5360167810517,"single_mapping_record",1,1,1,TRUE,TRUE,-1.10991614881124,-0.929976328670173,0.179939820141065,0.179939820141065,TRUE,4.07210304939517e-08,0.000317233860322633,TRUE
169,"Lower in IPF","ENSG00000064886","CHI3L2","chitinase 3 like 2","1117",-2.08306701193956,5.13314363343963,-6.74755968834852,9.59655711853045e-10,1.66933389876453e-08,11.554646916856,"single_mapping_record",1,1,1,TRUE,TRUE,-2.04878846927523,-2.07035866305877,-0.0215701937835351,0.0215701937835351,TRUE,5.12390916970739e-08,2.00808429079422e-05,TRUE
170,"Lower in IPF","ENSG00000113303","BTNL8","butyrophilin like 8","79908",-2.06432236117349,0.43554274641085,-6.72436251519541,1.06962892761516e-09,1.84991583656207e-08,11.85052900946,"single_mapping_record",1,1,1,TRUE,TRUE,-2.09590861255033,-2.3496282501567,-0.253719637606374,0.253719637606374,TRUE,1.84716087515922e-08,1.4959362007193e-07,TRUE
171,"Lower in IPF","ENSG00000126262","FFAR2","free fatty acid receptor 2","2867",-2.49051369505327,0.950679418849244,-6.72229831439464,1.08185788946695e-09,1.86891261641863e-08,11.8566781328994,"single_mapping_record",1,1,1,TRUE,TRUE,-2.51574747176554,-2.01600855758254,0.499738914183003,0.499738914183003,TRUE,1.91320686290353e-08,0.000290975626464052,TRUE
172,"Lower in IPF","ENSG00000160200","CBS;LOC102724560","cystathionine beta-synthase;cystathionine beta-synthase like","102724560;875",-1.88267052326868,-0.549419651877189,-6.71413589851419,1.11855011322394e-09,1.92124419905237e-08,11.6865424560846,"multiple_mapping_records",2,2,2,FALSE,FALSE,-1.8511106950847,-1.77443096950139,0.0766797255833105,0.0766797255833105,TRUE,4.77612572663517e-08,3.84275954506905e-05,TRUE
173,"Lower in IPF","ENSG00000170890","PLA2G1B","phospholipase A2 group IB","5319",-2.72850259061508,1.52851336179216,-6.68414889605472,1.29615078448991e-09,2.19119544783362e-08,11.6665578558044,"single_mapping_record",1,1,1,TRUE,TRUE,-2.73290210490154,-2.69618332160557,0.0367187832959712,0.0367187832959712,TRUE,3.09202177443968e-08,3.93881380312619e-06,TRUE
174,"Lower in IPF","ENSG00000196549","MME","membrane metalloendopeptidase","4311",-1.54908282433279,5.71456298807205,-6.68378623802828,1.2983772202687e-09,2.19141042755153e-08,11.221200903123,"single_mapping_record",1,1,1,TRUE,TRUE,-1.56696462436701,-1.64973666863124,-0.0827720442642217,0.0827720442642217,TRUE,2.93676846102599e-08,7.21596713844992e-06,TRUE
175,"Lower in IPF","ENSG00000277758","SYT15B","synaptotagmin 15B","102724488",-1.49446720605265,0.915616935285943,-6.68253999488893,1.29919749568403e-09,2.19141042755153e-08,11.6809373254782,"single_mapping_record",1,1,1,TRUE,TRUE,-1.48783078945808,-1.24739974615254,0.240431043305547,0.240431043305547,TRUE,3.97369423079482e-08,0.000321124129053212,TRUE
176,"Lower in IPF","ENSG00000133246","PRAM1","PML-RARA regulated adaptor molecule 1","84106",-1.25613821814704,3.70153347237553,-6.67545262095393,1.35059410964169e-09,2.26284807744878e-08,11.3771031323148,"single_mapping_record",1,1,1,TRUE,TRUE,-1.20459371768942,-0.9496681571827,0.254925560506721,0.254925560506721,TRUE,7.16546629392649e-08,0.0008226607677965,TRUE
177,"Lower in IPF","ENSG00000062282","DGAT2","diacylglycerol O-acyltransferase 2","84649",-1.26812279876369,2.80581449800184,-6.66005529221272,1.45254082550589e-09,2.42014904245221e-08,11.4328773247162,"single_mapping_record",1,1,1,TRUE,TRUE,-1.25599668367088,-1.06520504989532,0.190791633775559,0.190791633775559,TRUE,4.36924316128208e-08,0.00028522125076266,TRUE
178,"Lower in IPF","ENSG00000163283","ALPP","alkaline phosphatase, placental","250",-3.14211688287318,0.178099770263448,-6.65771919346217,1.46871934182047e-09,2.44439188020054e-08,11.5288500560361,"single_mapping_record",1,1,1,TRUE,TRUE,-3.19033025616328,-3.56708143295676,-0.376751176793482,0.376751176793482,TRUE,2.25318192968563e-08,9.80951842384992e-08,TRUE
179,"Lower in IPF","ENSG00000168878","SFTPB","surfactant protein B","6439",-1.6385731844905,12.0262209281603,-6.6484146371113,1.53472761443814e-09,2.53457986226021e-08,11.3706904998134,"single_mapping_record",1,1,1,TRUE,TRUE,-1.5825340674374,-1.4393478949898,0.143186172447599,0.143186172447599,TRUE,1.29765086232016e-07,0.000199636001894809,TRUE
180,"Lower in IPF","ENSG00000116133","DHCR24","24-dehydrocholesterol reductase","1718",-1.49922220096268,8.25483382640819,-6.63171148174152,1.66066412990657e-09,2.73054654087156e-08,11.0775060879598,"single_mapping_record",1,1,1,TRUE,TRUE,-1.4397871575858,-1.40373866480306,0.0360484927827422,0.0360484927827422,TRUE,1.52829880996283e-07,8.46119838593425e-05,TRUE
181,"Lower in IPF","ENSG00000174669","SLC29A2","solute carrier family 29 member 2","3177",-1.17025466745805,2.97448429659957,-6.63154960733266,1.65996823245077e-09,2.73054654087156e-08,11.2848479980473,"single_mapping_record",1,1,1,TRUE,TRUE,-1.1150701169161,-0.840787049200537,0.274283067715566,0.274283067715566,TRUE,1.08072539155465e-07,0.00180080834996514,TRUE
182,"Lower in IPF","ENSG00000124134","KCNS1","potassium voltage-gated channel modifier subfamily S member 1","3787",-2.12467628370511,-0.602377916572029,-6.62338573435338,1.7191755274686e-09,2.81442344802166e-08,11.2847381872413,"single_mapping_record",1,1,1,TRUE,TRUE,-2.07473159258193,-2.15599349793572,-0.0812619053537911,0.0812619053537911,TRUE,6.88196250939021e-08,8.55026783523988e-06,TRUE
183,"Lower in IPF","ENSG00000142405","NLRP12","NLR family pyrin domain containing 12","91662",-1.4477005808331,1.50287259692451,-6.61175220289627,1.81866434602545e-09,2.95473908685433e-08,11.3475430229905,"single_mapping_record",1,1,1,TRUE,TRUE,-1.47451166758353,-1.16075638399315,0.313755283590373,0.313755283590373,TRUE,2.17837349238322e-08,0.000502403637604272,TRUE
184,"Lower in IPF","ENSG00000169397","RNASE3","ribonuclease A family member 3","6037",-2.35135560922364,-1.7781536738007,-6.60534119791122,1.87105481616008e-09,3.03001886733497e-08,10.8854833961377,"single_mapping_record",1,1,1,TRUE,TRUE,-2.31487311314102,-1.53582963795122,0.779043475189797,0.779043475189797,TRUE,6.33970365530015e-08,0.00396695929838127,TRUE
185,"Lower in IPF","ENSG00000113645","WWC1","WW and C2 domain containing 1","23286",-1.14050760914356,5.10320085540242,-6.60068174658435,1.92233271912364e-09,3.10343044975339e-08,10.8481735694356,"single_mapping_record",1,1,1,TRUE,TRUE,-1.13377099173801,-1.11474598094916,0.0190250107888468,0.0190250107888468,TRUE,6.883646786512e-08,4.13946240072061e-05,TRUE
186,"Lower in IPF","ENSG00000125910","S1PR4","sphingosine-1-phosphate receptor 4","8698",-1.00212178491855,3.39811903166997,-6.58739598260656,2.04303823548237e-09,3.26973240842871e-08,11.0187833339129,"single_mapping_record",1,1,1,TRUE,TRUE,-0.996216621343989,-0.959407546910327,0.0368090744336622,0.0368090744336622,TRUE,5.50018160125563e-08,4.50862179354232e-05,TRUE
187,"Lower in IPF","ENSG00000182795","C1orf116","chromosome 1 open reading frame 116","79098",-1.69680552530268,6.33767163278439,-6.57063741734926,2.21439878791354e-09,3.51401211460445e-08,10.7030083316396,"single_mapping_record",1,1,1,TRUE,TRUE,-1.66257919258509,-1.7871503666992,-0.124571174114109,0.124571174114109,TRUE,1.19154584700103e-07,1.44603275336009e-05,TRUE
188,"Lower in IPF","ENSG00000085831","TTC39A","tetratricopeptide repeat domain 39A","22996",-1.3323746438648,3.42714400378682,-6.53863863205822,2.57375920729301e-09,4.01217790445303e-08,10.7833562280804,"single_mapping_record",1,1,1,TRUE,TRUE,-1.30374059507016,-0.925316900030119,0.378423695040039,0.378423695040039,TRUE,1.11310356001115e-07,0.00297108429429506,TRUE
189,"Lower in IPF","ENSG00000168907","PLA2G4F","phospholipase A2 group IVF","255189",-2.27102754236519,4.66489300286246,-6.52751652854519,2.71170148427574e-09,4.19238544613259e-08,10.5841825708503,"single_mapping_record",1,1,1,TRUE,TRUE,-2.18589722670705,-1.98379909413303,0.20209813257402,0.20209813257402,TRUE,1.67857272856004e-07,0.000151133790595874,TRUE
190,"Lower in IPF","ENSG00000165810","BTNL9","butyrophilin like 9","153579",-1.81539162486166,6.36823139999573,-6.50552145350612,3.0063554685839e-09,4.58652523316886e-08,10.4068281664191,"single_mapping_record",1,1,1,TRUE,TRUE,-1.86811757187668,-2.08132206363845,-0.213204491761768,0.213204491761768,TRUE,3.8275290840923e-08,3.24724899953501e-06,TRUE
191,"Lower in IPF","ENSG00000170561","IRX2","iroquois homeobox 2","153572",-1.37213021542133,4.34336861306298,-6.50051439612427,3.07773121745185e-09,4.68589260003927e-08,10.468194355101,"single_mapping_record",1,1,1,TRUE,TRUE,-1.38961601771029,-1.47918361002936,-0.0895675923190742,0.0895675923190742,TRUE,5.23555899843216e-08,6.16575540271383e-06,TRUE
192,"Lower in IPF","ENSG00000091583","APOH","apolipoprotein H","350",-2.10636790990703,0.170692040502601,-6.49712162088771,3.12314700866642e-09,4.75022116454917e-08,10.825795067959,"single_mapping_record",1,1,1,TRUE,TRUE,-2.04912420969017,-2.00377903984445,0.045345169845719,0.045345169845719,TRUE,1.24634137039015e-07,4.09476565255917e-05,TRUE
193,"Lower in IPF","ENSG00000162551","ALPL","alkaline phosphatase, biomineralization associated","249",-1.30619385673265,6.433885254089,-6.47195026552577,3.51810603957542e-09,5.25510526030908e-08,10.2411188777349,"single_mapping_record",1,1,1,TRUE,TRUE,-1.24378616973325,-1.04303002556243,0.200756144170817,0.200756144170817,TRUE,2.73895702533082e-07,0.000801613258635638,TRUE
194,"Lower in IPF","ENSG00000035664","DAPK2","death associated protein kinase 2","23604",-1.32300725662216,4.93347632591686,-6.46074727078314,3.70733279827715e-09,5.51580574506804e-08,10.2211875475512,"single_mapping_record",1,1,1,TRUE,TRUE,-1.31408330951896,-1.39910503755745,-0.0850217280384871,0.0850217280384871,TRUE,1.1136611346058e-07,1.23370920964213e-05,TRUE
195,"Lower in IPF","ENSG00000156675","RAB11FIP1","RAB11 family interacting protein 1","80223",-1.17890858628246,7.42592378090719,-6.460095274551,3.71864986351092e-09,5.52716551990356e-08,10.2327994912756,"single_mapping_record",1,1,1,TRUE,TRUE,-1.14180983995695,-1.33565197426384,-0.193842134306897,0.193842134306897,TRUE,2.32810872498047e-07,4.40921006676075e-06,TRUE
196,"Lower in IPF","ENSG00000214212","C19orf38","chromosome 19 open reading frame 38","255809",-1.26727400171704,2.20774508843079,-6.45771577992107,3.75121540788347e-09,5.5590568315051e-08,10.5941127733668,"single_mapping_record",1,1,1,TRUE,TRUE,-1.26687230801315,-1.08378913981616,0.183083168196995,0.183083168196995,TRUE,7.35288074134357e-08,0.000334809422887954,TRUE
197,"Lower in IPF","ENSG00000105852","PON3","paraoxonase 3","5446",-1.11738774129655,3.40284443602117,-6.45575214782952,3.79491145989033e-09,5.61826536842935e-08,10.408014906995,"single_mapping_record",1,1,1,TRUE,TRUE,-1.08324315468604,-1.05579275420017,0.0274504004858682,0.0274504004858682,TRUE,1.60879274387394e-07,7.563148902396e-05,TRUE
198,"Lower in IPF","ENSG00000113389","NPR3","natriuretic peptide receptor 3","4883",-1.41695304889501,5.53712170449385,-6.42663932313332,4.34752446828156e-09,6.29363908561647e-08,10.0395307169431,"single_mapping_record",1,1,1,TRUE,TRUE,-1.47467073917091,-1.50906989001744,-0.0343991508465358,0.0343991508465358,TRUE,3.04663499060188e-08,1.15873813445559e-05,TRUE
199,"Lower in IPF","ENSG00000107295","SH3GL2","SH3 domain containing GRB2 like 2, endophilin A1","6456",-1.9609083150621,0.00695289828465598,-6.42528561575846,4.3632273368463e-09,6.30421258717389e-08,10.4951718811014,"single_mapping_record",1,1,1,TRUE,TRUE,-2.01548078439689,-2.07913090786577,-0.0636501234688822,0.0636501234688822,TRUE,4.02049215974127e-08,4.85619276034062e-06,TRUE
200,"Lower in IPF","ENSG00000133488","SEC14L4","SEC14 like lipid binding 4","284904",-1.87449757771982,1.38259162076855,-6.41160382353093,4.663311677243e-09,6.66278688389678e-08,10.4449939718002,"single_mapping_record",1,1,1,TRUE,TRUE,-1.87328411443176,-1.9213363900513,-0.0480522756195354,0.0480522756195354,TRUE,1.02682995486781e-07,1.2118176386307e-05,TRUE
201,"Lower in IPF","ENSG00000189334","S100A14","S100 calcium binding protein A14","57402",-1.47288352508188,5.23487879669013,-6.39995002543805,4.92355822112522e-09,6.96630122672308e-08,9.93004337055694,"single_mapping_record",1,1,1,TRUE,TRUE,-1.42829848771487,-1.3471679094743,0.0811305782405654,0.0811305782405654,TRUE,2.4693339393003e-07,0.000173128162347577,TRUE
202,"Lower in IPF","ENSG00000119698","PPP4R4","protein phosphatase 4 regulatory subunit 4","57718",-1.58667626091991,0.94183970738831,-6.38139538321961,5.35213116894331e-09,7.47406447517926e-08,10.3280967129457,"single_mapping_record",1,1,1,TRUE,TRUE,-1.57893049592284,-1.30548317405071,0.273447321872131,0.273447321872131,TRUE,1.38446505895248e-07,0.000661899194303258,TRUE
203,"Lower in IPF","ENSG00000133401","PDZD2","PDZ domain containing 2","23037",-1.05021496075331,5.86640515799916,-6.37660081617447,5.48887570311768e-09,7.62953722733358e-08,9.79241929999939,"single_mapping_record",1,1,1,TRUE,TRUE,-1.07336255198696,-1.16883846387619,-0.0954759118892257,0.0954759118892257,TRUE,6.84219994112298e-08,6.76896515620345e-06,TRUE
204,"Lower in IPF","ENSG00000110203","FOLR3","folate receptor gamma","2352",-2.20726244209217,0.0440802285030068,-6.34264898362545,6.42105365289916e-09,8.81910864019416e-08,10.1313752861221,"single_mapping_record",1,1,1,TRUE,TRUE,-2.19093106969367,-2.37571609911074,-0.184785029417068,0.184785029417068,TRUE,1.45813128957846e-07,4.15319634614436e-06,TRUE
205,"Lower in IPF","ENSG00000180815","MAP3K15","mitogen-activated protein kinase kinase kinase 15","389840",-2.23329671960023,-1.4546032745546,-6.33869289001732,6.51685600996895e-09,8.92619000197571e-08,9.87810842475938,"single_mapping_record",1,1,1,TRUE,TRUE,-2.22864448876058,-2.39894459654965,-0.17030010778907,0.17030010778907,TRUE,1.41401265297632e-07,4.39690185568575e-06,TRUE
206,"Lower in IPF","ENSG00000124920","MYRF","myelin regulatory factor","745",-1.9774794103046,4.50753510967667,-6.31858854109553,7.1858373991249e-09,9.71835955276244e-08,9.63682963086335,"single_mapping_record",1,1,1,TRUE,TRUE,-1.97299345080077,-2.2612380785133,-0.288244627712521,0.288244627712521,TRUE,1.78365523319093e-07,3.00839174687285e-06,TRUE
207,"Lower in IPF","ENSG00000235169","SMIM1","small integral membrane protein 1 (Vel blood group)","388588",-1.23039371632156,-0.0551135288889699,-6.2751527512237,8.74824354670425e-09,1.16014692688272e-07,9.8246410813106,"single_mapping_record",1,1,1,TRUE,TRUE,-1.22614353500655,-1.13633467905234,0.089808855954213,0.089808855954213,TRUE,1.92954434527735e-07,0.00020431790104376,TRUE
208,"Lower in IPF","ENSG00000228278","ORM2","orosomucoid 2","5005",-2.82182415175618,-0.944090367333387,-6.27368768767879,8.84592447813254e-09,1.16897023121237e-07,9.71254812432408,"single_mapping_record",1,1,1,TRUE,TRUE,-2.7428013002518,-2.21845295015081,0.524348350100987,0.524348350100987,TRUE,2.52451513100786e-07,0.00101917596389169,TRUE
209,"Lower in IPF","ENSG00000137880","GCHFR","GTP cyclohydrolase I feedback regulator","2644",-1.15155093095292,4.44611516021689,-6.26988220331174,9.00288891196476e-09,1.18793128062499e-07,9.40460892262812,"single_mapping_record",1,1,1,TRUE,TRUE,-1.08334988309152,-0.858728917364098,0.224620965727419,0.224620965727419,TRUE,5.61419800072921e-07,0.00210126325887016,TRUE
210,"Lower in IPF","ENSG00000146477","SLC22A3","solute carrier family 22 member 3","6581",-1.2001216379994,4.37521324683959,-6.26944916568539,9.02092354626395e-09,1.18830726323594e-07,9.40855802444426,"single_mapping_record",1,1,1,TRUE,TRUE,-1.19128411699071,-1.04221725968661,0.149066857304096,0.149066857304096,TRUE,2.32680385177454e-07,0.000449883026986855,TRUE
211,"Lower in IPF","ENSG00000099994","SUSD2","sushi domain containing 2","56241",-1.49674364423863,6.5339262568742,-6.23960153566509,1.03537602804611e-08,1.33531485678937e-07,9.18927020283815,"single_mapping_record",1,1,1,TRUE,TRUE,-1.4698160861325,-1.72735476047524,-0.257538674342739,0.257538674342739,TRUE,3.88444989683525e-07,6.71118527350936e-06,TRUE
212,"Lower in IPF","ENSG00000158220","ESYT3","extended synaptotagmin 3","83850",-1.39456579560362,4.16207942797969,-6.2301198636058,1.08164784024468e-08,1.3887757080963e-07,9.26257558600294,"single_mapping_record",1,1,1,TRUE,TRUE,-1.36785057814503,-1.23222541824312,0.135625159901917,0.135625159901917,TRUE,3.28195704653605e-07,0.000337522711062166,TRUE
213,"Lower in IPF","ENSG00000155657","TTN","titin","7273",-1.6644270178078,4.10294361904679,-6.21803274504205,1.14360100751241e-08,1.46357530475502e-07,9.22211959683986,"single_mapping_record",1,1,1,TRUE,TRUE,-1.66441580750751,-1.4665309580443,0.197884849463203,0.197884849463203,TRUE,2.35716744853612e-07,0.000328827601391473,TRUE
214,"Lower in IPF","ENSG00000130545","CRB3","crumbs cell polarity complex component 3","92359",-1.15421825808997,2.95501177935191,-6.2116970675045,1.17745931434217e-08,1.50306285943066e-07,9.3742957752747,"single_mapping_record",1,1,1,TRUE,TRUE,-1.13358211059619,-1.16327675703998,-0.0296946464437902,0.0296946464437902,TRUE,3.56175108969716e-07,4.79614072403814e-05,TRUE
215,"Lower in IPF","ENSG00000125872","LRRN4","leucine rich repeat neuronal 4","164312",-1.90141217635798,2.51904620073146,-6.16830358882464,1.43745019807853e-08,1.78782124055964e-07,9.24075705766719,"single_mapping_record",1,1,1,TRUE,TRUE,-1.88238370114813,-1.92854746595605,-0.0461637648079181,0.0461637648079181,TRUE,3.03571752789433e-07,2.69079566508949e-05,TRUE
216,"Lower in IPF","ENSG00000205002","AARD","alanine and arginine rich domain containing protein","441376",-1.67365446583442,0.837881600992356,-6.16611924520638,1.44911099232204e-08,1.79934278054082e-07,9.37952553870207,"single_mapping_record",1,1,1,TRUE,TRUE,-1.6622674715932,-1.88223220277216,-0.219964731178958,0.219964731178958,TRUE,3.00228634084176e-07,3.40269748418213e-06,TRUE
217,"Lower in IPF","ENSG00000157445","CACNA2D3","calcium voltage-gated channel auxiliary subunit alpha2delta 3","55799",-1.21990337455682,1.61997730044658,-6.14625969099719,1.5845765776558e-08,1.94639110110002e-07,9.25313374164972,"single_mapping_record",1,1,1,TRUE,TRUE,-1.26529124604574,-1.73684730759968,-0.471556061553942,0.471556061553942,TRUE,8.23667852322236e-08,2.14848833060808e-09,TRUE
218,"Lower in IPF","ENSG00000186074","CD300LF","CD300 molecule like family member f","146722",-1.25323356870927,4.16261070505632,-6.13783721122122,1.6530252793378e-08,2.00608047642838e-07,8.84884315750432,"single_mapping_record",1,1,1,TRUE,TRUE,-1.18398325305088,-1.09198133313634,0.0920019199145408,0.0920019199145408,TRUE,7.90587971259836e-07,0.00043832183036387,TRUE
219,"Lower in IPF","ENSG00000134115","CNTN6","contactin 6","27255",-1.60714650515446,2.07348790355302,-6.13447427530871,1.67869061930536e-08,2.02902605289952e-07,9.1481627859036,"single_mapping_record",1,1,1,TRUE,TRUE,-1.60479835117549,-1.95343539661486,-0.348637045439362,0.348637045439362,TRUE,3.26887892397366e-07,3.98129771378494e-07,TRUE
220,"Lower in IPF","ENSG00000084710","EFR3B","EFR3 homolog B","22979",-1.04808488234538,2.31860359145691,-6.13213834520346,1.69091071114451e-08,2.04215217986335e-07,9.11515343256905,"single_mapping_record",1,1,1,TRUE,TRUE,-1.05480395787312,-1.28849113282946,-0.233687174956339,0.233687174956339,TRUE,2.30349173371979e-07,7.59348539077705e-07,TRUE
221,"Lower in IPF","ENSG00000167434","CA4","carbonic anhydrase 4","762",-2.58453554663917,4.12394783271561,-6.12501655671498,1.75299396269395e-08,2.1120341386807e-07,8.83650942799803,"single_mapping_record",1,1,1,TRUE,TRUE,-2.54517429201842,-2.81373268843087,-0.268558396412445,0.268558396412445,TRUE,4.56384585783807e-07,9.49031784308227e-06,TRUE
222,"Lower in IPF","ENSG00000154342","WNT3A","Wnt family member 3A","89780",-1.77933799133384,1.26075559452098,-6.11770915038934,1.81261426485077e-08,2.17687722751519e-07,9.14544210667863,"single_mapping_record",1,1,1,TRUE,TRUE,-1.77427235640303,-2.07231513437294,-0.298042777969911,0.298042777969911,TRUE,3.58864941650913e-07,1.40363096134536e-06,TRUE
223,"Lower in IPF","ENSG00000123700","KCNJ2","potassium inwardly rectifying channel subfamily J member 2","3759",-1.00121929176752,3.10809974564636,-6.10421505572867,1.92568744629035e-08,2.30012240327554e-07,8.87316144881173,"single_mapping_record",1,1,1,TRUE,TRUE,-1.02561529073809,-0.910293641086424,0.115321649651666,0.115321649651666,TRUE,1.82962118629793e-07,0.000347579463444122,TRUE
224,"Lower in IPF","ENSG00000163154","TNFAIP8L2","TNF alpha induced protein 8 like 2","79626",-1.06324008899831,2.99152403856572,-6.10291061754117,1.93755232257342e-08,2.30845519575176e-07,8.89274425126408,"single_mapping_record",1,1,1,TRUE,TRUE,-1.03354301172671,-0.930772767876131,0.102770243850576,0.102770243850576,TRUE,5.87257411618549e-07,0.00054825863694239,TRUE
225,"Lower in IPF","ENSG00000136352","NKX2-1","NK2 homeobox 1","7080",-1.22709644882247,6.18861989240422,-6.09142319653979,2.04406548645268e-08,2.41618197501005e-07,8.50802327299636,"single_mapping_record",1,1,1,TRUE,TRUE,-1.18853671490567,-1.17813544931974,0.0104012655859291,0.0104012655859291,TRUE,9.0769465104374e-07,0.000207485214575109,TRUE
226,"Lower in IPF","ENSG00000119915","ELOVL3","ELOVL fatty acid elongase 3","83401",-1.15141714456979,-0.304994898694153,-6.07097291453745,2.23531316440159e-08,2.59323966182355e-07,8.92245664924905,"single_mapping_record",1,1,1,TRUE,TRUE,-1.15827489906563,-1.07001404106233,0.088260858003294,0.088260858003294,TRUE,3.28195704653605e-07,0.000283052211145891,TRUE
227,"Lower in IPF","ENSG00000117834","SLC5A9","solute carrier family 5 member 9","200010",-2.11842256407835,1.07490897497735,-6.06322826328018,2.324718628365e-08,2.67833277429128e-07,8.92065459380013,"single_mapping_record",1,1,1,TRUE,TRUE,-2.13068909760783,-2.04118191336087,0.0895071842469615,0.0895071842469615,TRUE,3.36327791500075e-07,7.65687809891819e-05,TRUE
228,"Lower in IPF","ENSG00000131400","NAPSA","napsin A aspartic peptidase","9476",-1.69635613467122,8.79524086752962,-6.04808414424944,2.49079268750584e-08,2.85651488348646e-07,8.46122398099831,"single_mapping_record",1,1,1,TRUE,TRUE,-1.63995617328576,-1.31668755699385,0.323268616291909,0.323268616291909,TRUE,1.11785151263748e-06,0.00242500863954732,TRUE
229,"Lower in IPF","ENSG00000182010","RTKN2","rhotekin 2","219790",-2.41445230370672,4.65373653647541,-6.02522241224748,2.76386329544526e-08,3.14564941555908e-07,8.33013729202663,"single_mapping_record",1,1,1,TRUE,TRUE,-2.54043017543265,-3.14475822861405,-0.604328053181397,0.604328053181397,TRUE,1.30405534199385e-07,3.95029647157649e-07,TRUE
230,"Lower in IPF","ENSG00000163464","CXCR1","C-X-C motif chemokine receptor 1","3577",-1.94266520059115,2.54197342558496,-6.0240934402078,2.77808634907464e-08,3.15944183881125e-07,8.59357295393615,"single_mapping_record",1,1,1,TRUE,TRUE,-1.95622815288539,-1.62620911084301,0.330019042042377,0.330019042042377,TRUE,3.33714968806001e-07,0.000879097052451386,TRUE
231,"Lower in IPF","ENSG00000275410","HNF1B","HNF1 homeobox B","6928",-1.20618176125301,2.9769919701517,-6.00219792518145,3.06862542585382e-08,3.44291516389518e-07,8.43856585541858,"single_mapping_record",1,1,1,TRUE,TRUE,-1.18455827024768,-1.0574120865984,0.127146183649283,0.127146183649283,TRUE,7.48231989794789e-07,0.000680761369675647,TRUE
232,"Lower in IPF","ENSG00000133135","RNF128","ring finger protein 128","79589",-1.36502252701882,2.89047065650306,-5.97455687585707,3.47841707987642e-08,3.81710505870649e-07,8.32968854006135,"single_mapping_record",1,1,1,TRUE,TRUE,-1.38723040977615,-1.51956500441591,-0.132334594639764,0.132334594639764,TRUE,3.56057214616214e-07,1.00213615409017e-05,TRUE
233,"Lower in IPF","ENSG00000148123","PLPPR1","phospholipid phosphatase related 1","54886",-1.54442977050843,0.165955446160575,-5.97319185986132,3.48704555433307e-08,3.82377851436436e-07,8.54145302452893,"single_mapping_record",1,1,1,TRUE,TRUE,-1.66189328933363,-1.55365279767172,0.108240491661906,0.108240491661906,TRUE,1.61462632045068e-09,6.76896515620345e-06,TRUE
234,"Lower in IPF","ENSG00000173110","HSPA6","heat shock protein family A (Hsp70) member 6","3310",-1.12676836513108,3.00016343285448,-5.96198871446522,3.68212413991627e-08,4.01423729763421e-07,8.26369866975747,"single_mapping_record",1,1,1,TRUE,TRUE,-1.1200438678822,-1.00489175091526,0.115152116966935,0.115152116966935,TRUE,6.44989314685391e-07,0.000567834998563454,TRUE
235,"Lower in IPF","ENSG00000164821","DEFA4","defensin alpha 4","1669",-3.18594597982768,-2.00318579853337,-5.92947850228103,4.2651009373421e-08,4.57667585928375e-07,8.08699167460539,"single_mapping_record",1,1,1,TRUE,TRUE,-3.10288555071404,-2.47834597826586,0.624539572448175,0.624539572448175,TRUE,8.0903220525778e-07,0.00279936357210003,TRUE
236,"Lower in IPF","ENSG00000138669","PRKG2","protein kinase cGMP-dependent 2","5593",-1.4477309823981,1.44328535266348,-5.9264298409786,4.31947686434684e-08,4.62510604048322e-07,8.30302972474659,"single_mapping_record",1,1,1,TRUE,TRUE,-1.49214998537326,-2.01291908718124,-0.520769101807984,0.520769101807984,TRUE,2.90458811361714e-07,4.52684374168477e-09,TRUE
237,"Lower in IPF","ENSG00000177453","NIM1K","NIM1 serine/threonine protein kinase","167359",-1.19642076069387,0.819090694270965,-5.90109502679573,4.83042346867531e-08,5.1066420501235e-07,8.23301480907,"single_mapping_record",1,1,1,TRUE,TRUE,-1.16480351905864,-1.1629305870508,0.00187293200784144,0.00187293200784144,TRUE,1.34907179839036e-06,0.000206303197438674,TRUE
238,"Lower in IPF","ENSG00000172264","MACROD2","mono-ADP ribosylhydrolase 2","140733",-1.31312887011598,4.21100762321639,-5.88538290142757,5.20312342124235e-08,5.44695179914157e-07,7.71711623482796,"single_mapping_record",1,1,1,TRUE,TRUE,-1.29737024893297,-1.21058346543137,0.0867867835015985,0.0867867835015985,TRUE,1.22352857640466e-06,0.000486512157720098,TRUE
239,"Lower in IPF","ENSG00000133134","BEX2","brain expressed X-linked 2","84707",-1.06020956277525,2.70756118694538,-5.87937343209679,5.34002976041167e-08,5.57860311505219e-07,7.94668019945557,"single_mapping_record",1,1,1,TRUE,TRUE,-1.02618646598825,-1.0766292793069,-0.0504428133186563,0.0504428133186563,TRUE,1.5942737374599e-06,9.49299330968698e-05,TRUE
240,"Lower in IPF","ENSG00000180537","RNF182","ring finger protein 182","221687",-1.15584001691713,2.38959963165374,-5.87395120224471,5.47251277440728e-08,5.70905919175831e-07,7.96754204989255,"single_mapping_record",1,1,1,TRUE,TRUE,-1.20039512872442,-1.37662801488789,-0.176232886163476,0.176232886163476,TRUE,2.35629423343246e-07,2.95916205539417e-06,TRUE
241,"Lower in IPF","ENSG00000076826","CAMSAP3","calmodulin regulated spectrin associated protein family member 3","57662",-1.29182968423776,3.51964429220496,-5.87060905810695,5.5606634776249e-08,5.78093352673857e-07,7.76749541293676,"single_mapping_record",1,1,1,TRUE,TRUE,-1.24600962788113,-1.13446868925249,0.111540938628636,0.111540938628636,TRUE,1.71680493648544e-06,0.000801613258635638,TRUE
242,"Lower in IPF","ENSG00000187116","LILRA5","leukocyte immunoglobulin like receptor A5","353514",-1.40467055631879,3.49906210229579,-5.86278323542524,5.75973286022929e-08,5.96722634215059e-07,7.74051680626721,"single_mapping_record",1,1,1,TRUE,TRUE,-1.40354431457256,-0.999256700734181,0.404287613838374,0.404287613838374,TRUE,8.10916634832977e-07,0.00601511334412517,TRUE
243,"Lower in IPF","ENSG00000112053","SLC26A8","solute carrier family 26 member 8","116369",-1.71747233254175,-0.951833495521483,-5.85887895579754,5.84126195867957e-08,6.0475189326688e-07,7.95955515408751,"single_mapping_record",1,1,1,TRUE,TRUE,-1.72922201310886,-1.42073862451384,0.308483388595023,0.308483388595023,TRUE,6.62217663928333e-07,0.00153326508478298,TRUE
244,"Lower in IPF","ENSG00000138308","PLA2G12B","phospholipase A2 group XIIB","84647",-2.17200303480444,-1.71516921866402,-5.85338409252778,5.98726466819522e-08,6.16043983543157e-07,7.80080199676148,"single_mapping_record",1,1,1,TRUE,TRUE,-2.28649402922691,-2.48653025848566,-0.200036229258746,0.200036229258746,TRUE,5.59615418418095e-08,2.46029289658433e-06,TRUE
245,"Lower in IPF","ENSG00000066405","CLDN18","claudin 18","51208",-2.92116302414212,6.33102531472717,-5.83858297371881,6.42071335886322e-08,6.5626283306347e-07,7.45811567068241,"single_mapping_record",1,1,1,TRUE,TRUE,-2.92841054879466,-3.12684139465102,-0.198430845856365,0.198430845856365,TRUE,1.11234601246545e-06,8.34115313209418e-05,TRUE
246,"Lower in IPF","ENSG00000112782","CLIC5","chloride intracellular channel 5","53405",-1.32770340421866,6.37839223315916,-5.83744453488954,6.45357934115047e-08,6.58640471620784e-07,7.38963641736302,"single_mapping_record",1,1,1,TRUE,TRUE,-1.3241011948793,-1.47234011362979,-0.148238918750484,0.148238918750484,TRUE,1.21211930101403e-06,4.54524715090898e-05,TRUE
247,"Lower in IPF","ENSG00000169583","CLIC3","chloride intracellular channel 3","9022",-1.32475609625852,3.55195950913336,-5.83602657290605,6.49474631260043e-08,6.62358231282321e-07,7.60832964299826,"single_mapping_record",1,1,1,TRUE,TRUE,-1.30544541226196,-1.59370920311938,-0.288263790857422,0.288263790857422,TRUE,1.28529425757352e-06,2.46029289658433e-06,TRUE
248,"Lower in IPF","ENSG00000167103","PIP5KL1","phosphatidylinositol-4-phosphate 5-kinase like 1","138429",-1.04078271982028,0.956921770656192,-5.82336973986882,6.85037771296719e-08,6.93444843068533e-07,7.89593100878398,"single_mapping_record",1,1,1,TRUE,TRUE,-0.991440416474241,-0.950476274252039,0.0409641422222016,0.0409641422222016,TRUE,2.20894194831113e-06,0.000555607334549561,TRUE
249,"Lower in IPF","ENSG00000102837","OLFM4","olfactomedin 4","10562",-3.47520362677317,-1.35439984191816,-5.79758237080977,7.7147092904709e-08,7.67992147669424e-07,7.64147159019199,"single_mapping_record",1,1,1,TRUE,TRUE,-3.36373701865448,-2.23760410916879,1.12613290948569,1.12613290948569,TRUE,1.20761668112566e-06,0.0132627147651051,TRUE
250,"Lower in IPF","ENSG00000171885","AQP4","aquaporin 4","361",-1.72651463394044,6.57100645002055,-5.79391936988168,7.84207446155357e-08,7.79637230575114e-07,7.21371202421454,"single_mapping_record",1,1,1,TRUE,TRUE,-1.73410282317163,-1.86369065312654,-0.129587829954912,0.129587829954912,TRUE,1.33819833287925e-06,8.71449468559027e-05,TRUE
251,"Lower in IPF","ENSG00000008394","MGST1","microsomal glutathione S-transferase 1","4257",-1.07686340870195,6.42189496908313,-5.79207593701768,7.90695124511283e-08,7.84010251595996e-07,7.18684810458215,"single_mapping_record",1,1,1,TRUE,TRUE,-1.02547245198389,-0.777308751129081,0.248163700854808,0.248163700854808,TRUE,3.64284853480106e-06,0.00681367808500181,TRUE
252,"Lower in IPF","ENSG00000099954","CECR2","CECR2 histone acetyl-lysine reader","27443",-1.03984427486028,3.45012705807251,-5.79132347093265,7.93358444511422e-08,7.85613256530704e-07,7.43405116516718,"single_mapping_record",1,1,1,TRUE,TRUE,-1.01875981092376,-0.860224398256391,0.158535412667367,0.158535412667367,TRUE,1.63649714010605e-06,0.00198361593841963,TRUE
253,"Lower in IPF","ENSG00000277494","GPIHBP1","glycosylphosphatidylinositol anchored high density lipoprotein binding protein 1","338328",-1.95428388694674,4.56525590668648,-5.7897860678828,7.98827447008753e-08,7.89466598715958e-07,7.26475615839871,"single_mapping_record",1,1,1,TRUE,TRUE,-2.03253000260737,-2.77414540007111,-0.741615397463738,0.741615397463738,TRUE,3.77341181208637e-07,7.1215599478454e-08,TRUE
254,"Lower in IPF","ENSG00000103067","ESRP2","epithelial splicing regulatory protein 2","80004",-1.07317890393538,4.61271177220772,-5.78188106952027,8.27538133708525e-08,8.11689836410949e-07,7.21009808025713,"single_mapping_record",1,1,1,TRUE,TRUE,-1.03239007387623,-1.00541871179549,0.0269713620807368,0.0269713620807368,TRUE,2.71164547079979e-06,0.000497052953103567,TRUE
255,"Lower in IPF","ENSG00000135643","KCNMB4","potassium calcium-activated channel subfamily M regulatory beta subunit 4","27345",-1.12657478587111,3.61605696101563,-5.76626670764923,8.87259720715272e-08,8.63579115208269e-07,7.28690169205635,"single_mapping_record",1,1,1,TRUE,TRUE,-1.16754344676677,-1.28629647649816,-0.118753029731391,0.118753029731391,TRUE,4.80984031721754e-07,1.37629772907251e-05,TRUE
256,"Lower in IPF","ENSG00000204176","SYT15","synaptotagmin 15","83849",-1.10285920777626,0.578439628596179,-5.76543238709049,8.87624949884332e-08,8.63579115208269e-07,7.6610321645714,"single_mapping_record",1,1,1,TRUE,TRUE,-1.08816317697637,-1.40464118562041,-0.316478008644035,0.316478008644035,TRUE,1.71858546395276e-06,5.24930866888105e-07,TRUE
257,"Lower in IPF","ENSG00000114113","RBP2","retinol binding protein 2","5948",-2.10427514863399,-1.17550731632921,-5.74594787284817,9.68817170361189e-08,9.34696874129959e-07,7.48983565950663,"single_mapping_record",1,1,1,TRUE,TRUE,-2.07137981561659,-2.26365433756637,-0.192274521949777,0.192274521949777,TRUE,1.7442872839824e-06,2.5851241423481e-05,TRUE
258,"Lower in IPF","ENSG00000005381","MPO","myeloperoxidase","4353",-1.76027982253232,0.993281234188646,-5.72492408028001,1.06659302362516e-07,1.01726140220209e-06,7.47522353293427,"single_mapping_record",1,1,1,TRUE,TRUE,-1.70548495520728,-1.12720676943428,0.578278185772997,0.578278185772997,TRUE,2.20894194831113e-06,0.0166832234041355,TRUE
259,"Lower in IPF","ENSG00000124171","PARD6B","par-6 family cell polarity regulator beta","84612",-1.26182724312301,2.66710352095462,-5.72410848998983,1.07046698819322e-07,1.02030796360359e-06,7.27810175449587,"single_mapping_record",1,1,1,TRUE,TRUE,-1.30899706174344,-1.20057770987156,0.108419351871874,0.108419351871874,TRUE,5.06093634085862e-07,0.000342344620245393,TRUE
260,"Lower in IPF","ENSG00000197165","SULT1A2","sulfotransferase family 1A member 2","6799",-1.12905148028815,2.44279764760798,-5.72234403142104,1.07799532001084e-07,1.02553014854263e-06,7.30596242658806,"single_mapping_record",1,1,1,TRUE,TRUE,-1.12287920815452,-1.1592364044211,-0.0363571962665865,0.0363571962665865,TRUE,1.60110938901422e-06,0.000114431070808668,TRUE
261,"Lower in IPF","ENSG00000221887","HMSD","histocompatibility minor serpin domain containing","284293",-1.44540445247897,-0.573021844172773,-5.70692946402984,1.15165806380358e-07,1.08870849205412e-06,7.38215194060706,"single_mapping_record",1,1,1,TRUE,TRUE,-1.3955814534671,-1.42423075610902,-0.0286493026419161,0.0286493026419161,TRUE,2.82515279223657e-06,0.000218410350117571,TRUE
262,"Lower in IPF","ENSG00000188883","KLRG2","killer cell lectin like receptor G2","346689",-2.10361975459661,-0.435750759780336,-5.67085535717642,1.3545786302813e-07,1.26064058530316e-06,7.24803075789867,"single_mapping_record",1,1,1,TRUE,TRUE,-2.10000977304767,-2.39554839370306,-0.295538620655386,0.295538620655386,TRUE,1.85195175540065e-06,1.43285284398926e-05,TRUE
263,"Lower in IPF","ENSG00000174951","FUT1","fucosyltransferase 1 (H blood group)","2523",-1.02009011790435,3.6871040595538,-5.66436591839272,1.39517401068235e-07,1.28967686258396e-06,6.83693396023861,"single_mapping_record",1,1,1,TRUE,TRUE,-1.02645042823026,-1.04780245423801,-0.0213520260077467,0.0213520260077467,TRUE,1.52298665232203e-06,0.000155731159531646,TRUE
264,"Lower in IPF","ENSG00000137757","CASP5","caspase 5","838",-1.82108367967952,0.0245588441516649,-5.6611235706887,1.41301321828235e-07,1.30308743571625e-06,7.22266344242981,"single_mapping_record",1,1,1,TRUE,TRUE,-1.78461838151401,-1.65408515122293,0.130533230291085,0.130533230291085,TRUE,2.44272322549773e-06,0.000701204334913828,TRUE
265,"Lower in IPF","ENSG00000138798","EGF","epidermal growth factor","1950",-1.33134481804719,0.499763245109841,-5.65670249634565,1.43878129795378e-07,1.32184729772841e-06,7.20712804183911,"single_mapping_record",1,1,1,TRUE,TRUE,-1.29760290459597,-0.777848513616757,0.519754390979208,0.519754390979208,TRUE,3.15089294657795e-06,0.0324823492120319,TRUE
266,"Lower in IPF","ENSG00000170439","TMT1B","thiol methyltransferase 1B","196410",-1.45442813665072,1.04497274457511,-5.65271837887279,1.46651866330057e-07,1.34404018153041e-06,7.16815000393164,"single_mapping_record",1,1,1,TRUE,TRUE,-1.39525815800229,-0.76449876689535,0.630759391106943,0.630759391106943,TRUE,3.82883125790566e-06,0.0533110644495969,FALSE
267,"Lower in IPF","ENSG00000180772","AGTR2","angiotensin II receptor type 2","186",-2.80473443289045,1.28153689236212,-5.6416831868266,1.54228713761356e-07,1.40161434115509e-06,7.08341528288428,"single_mapping_record",1,1,1,TRUE,TRUE,-2.73146405497092,-2.94843130064116,-0.216967245670238,0.216967245670238,TRUE,2.85137541043418e-06,2.57305912129931e-05,TRUE
268,"Lower in IPF","ENSG00000131771","PPP1R1B","protein phosphatase 1 regulatory inhibitor subunit 1B","84152",-1.1879463614697,3.54744043406727,-5.63062238422918,1.61944266995031e-07,1.46276013004176e-06,6.72253521391839,"single_mapping_record",1,1,1,TRUE,TRUE,-1.12789428850647,-0.909263261194618,0.218631027311856,0.218631027311856,TRUE,4.81280170633691e-06,0.00470074601025606,TRUE
269,"Lower in IPF","ENSG00000013588","GPRC5A","G protein-coupled receptor class C group 5 member A","9052",-1.41925719951588,8.04110597935802,-5.6237046411195,1.66960977206099e-07,1.50174846603833e-06,6.55263004662503,"single_mapping_record",1,1,1,TRUE,TRUE,-1.38264683127547,-1.61017577817987,-0.227528946904393,0.227528946904393,TRUE,4.68226253247898e-06,6.28802993627597e-05,TRUE
270,"Lower in IPF","ENSG00000084453","SLCO1A2","solute carrier organic anion transporter family member 1A2","6579",-3.36248410197196,-1.76608411135434,-5.61989022296405,1.69792061519278e-07,1.52538505537248e-06,6.93219685230339,"single_mapping_record",1,1,1,TRUE,TRUE,-3.47658314599173,-4.90977676206574,-1.43319361607401,1.43319361607401,TRUE,1.05515543189196e-06,4.2977343498416e-11,TRUE
271,"Lower in IPF","ENSG00000139874","SSTR1","somatostatin receptor 1","6751",-1.52091472246165,3.0001430933197,-5.59801638559771,1.86959748516669e-07,1.66863242849717e-06,6.67581679481635,"single_mapping_record",1,1,1,TRUE,TRUE,-1.59138865892425,-1.57684032443765,0.0145483344866022,0.0145483344866022,TRUE,5.80259628180112e-07,0.000104566966865574,TRUE
272,"Lower in IPF","ENSG00000127249","ATP13A4","ATPase 13A4","84239",-1.29730039186402,6.19403412212526,-5.59021360249211,1.93486762872449e-07,1.72176839611216e-06,6.31168433220258,"single_mapping_record",1,1,1,TRUE,TRUE,-1.26225777272346,-1.34437555391313,-0.0821177811896663,0.0821177811896663,TRUE,4.98766661224025e-06,0.00024473021129767,TRUE
273,"Lower in IPF","ENSG00000100024","UPB1","beta-ureidopropionase 1","51733",-1.55473855253528,0.360409443923752,-5.58522559438062,1.97315488429733e-07,1.75168545967307e-06,6.9110827227362,"single_mapping_record",1,1,1,TRUE,TRUE,-1.56881619003891,-1.50231149868031,0.0665046913585967,0.0665046913585967,TRUE,1.93518270152451e-06,0.000417456682715809,TRUE
274,"Lower in IPF","ENSG00000136155","SCEL","sciellin","8796",-1.69571319500067,5.27131138324272,-5.56275063049747,2.18286347613457e-07,1.91520435439697e-06,6.22280354891105,"single_mapping_record",1,1,1,TRUE,TRUE,-1.6948213007215,-1.84609441766623,-0.151273116944732,0.151273116944732,TRUE,2.99706378672027e-06,0.000107401997506606,TRUE
275,"Lower in IPF","ENSG00000189120","SP6","Sp6 transcription factor","80320",-1.27848797019945,2.89110281173579,-5.56052878491563,2.20423834499512e-07,1.92832319551671e-06,6.53090046653359,"single_mapping_record",1,1,1,TRUE,TRUE,-1.24288814215322,-1.08748127509028,0.155406867062943,0.155406867062943,TRUE,4.51457879636472e-06,0.00210079916632732,TRUE
276,"Lower in IPF","ENSG00000076864","RAP1GAP","RAP1 GTPase activating protein","5909",-1.1835807523782,4.63213875871391,-5.55086467754877,2.29962242569711e-07,1.99909035166218e-06,6.21079606165815,"single_mapping_record",1,1,1,TRUE,TRUE,-1.13177951100734,-1.08202416774493,0.0497553432624016,0.0497553432624016,TRUE,6.58847276553861e-06,0.0010325670361041,TRUE
277,"Lower in IPF","ENSG00000107242","PIP5K1B","phosphatidylinositol-4-phosphate 5-kinase type 1 beta","8395",-1.05690753054629,4.02263942350404,-5.55035586666851,2.30475495713236e-07,1.99994112233936e-06,6.28975684807747,"single_mapping_record",1,1,1,TRUE,TRUE,-1.03956557363977,-0.992508823979576,0.0470567496601969,0.0470567496601969,TRUE,3.76850728447944e-06,0.000706167622955223,TRUE
278,"Lower in IPF","ENSG00000268104","SLC6A14","solute carrier family 6 member 14","11254",-1.62148404022943,4.06105571646973,-5.54962453069462,2.31215184469726e-07,2.00404292682421e-06,6.28790687907842,"single_mapping_record",1,1,1,TRUE,TRUE,-1.64794136377568,-1.20638194565641,0.441559418119273,0.441559418119273,TRUE,1.9499215972653e-06,0.00649088318750641,TRUE
279,"Lower in IPF","ENSG00000114790","ARHGEF26","Rho guanine nucleotide exchange factor 26","26084",-1.00086972720261,5.48111287504506,-5.54518707047199,2.35753485712165e-07,2.038670119534e-06,6.11865726616367,"single_mapping_record",1,1,1,TRUE,TRUE,-1.00509404542198,-1.23063051335614,-0.225536467934156,0.225536467934156,TRUE,3.10348629227877e-06,1.35369290113791e-05,TRUE
280,"Lower in IPF","ENSG00000124713","CNPY3-GNMT;GNMT","CNPY3-GNMT readthrough;glycine N-methyltransferase","107080644;27232",-1.05595955644238,-0.00474301281869386,-5.54403044495813,2.3626068452177e-07,2.04070506101313e-06,6.73961231360355,"multiple_mapping_records",2,2,2,FALSE,FALSE,-0.988023028590169,-0.954113506509568,0.0339095220806013,0.0339095220806013,TRUE,8.44897977145456e-06,0.00109149134524369,TRUE
281,"Lower in IPF","ENSG00000233493","TMEM238","transmembrane protein 238","388564",-1.09983364063619,0.9944268673299,-5.53527421296283,2.454960778302e-07,2.1095518720017e-06,6.67867481133647,"single_mapping_record",1,1,1,TRUE,TRUE,-1.0840980632376,-0.916409120495537,0.167688942742061,0.167688942742061,TRUE,3.86037697374164e-06,0.00315191902253591,TRUE
282,"Lower in IPF","ENSG00000186188","FFAR4","free fatty acid receptor 4","338557",-1.64281234069121,1.63248024420438,-5.51716991910844,2.66491229732345e-07,2.26200935909836e-06,6.53848579285307,"single_mapping_record",1,1,1,TRUE,TRUE,-1.60906698642463,-1.55399024864091,0.0550767377837145,0.0550767377837145,TRUE,4.21754540830868e-06,0.000556137989313429,TRUE
283,"Lower in IPF","ENSG00000180730","SHISA2","shisa family member 2","387914",-1.34590388431574,1.8495575737505,-5.51578478463146,2.68077504001661e-07,2.27237690009765e-06,6.51420466969576,"single_mapping_record",1,1,1,TRUE,TRUE,-1.40813719635447,-1.0311513681287,0.376985828225767,0.376985828225767,TRUE,1.00887263178303e-06,0.00567668422421311,TRUE
284,"Lower in IPF","ENSG00000008516","MMP25","matrix metallopeptidase 25","64386",-1.55604179433943,3.72180706157349,-5.47454079862692,3.20934929583102e-07,2.65887150270503e-06,6.02621354909951,"single_mapping_record",1,1,1,TRUE,TRUE,-1.57136237254054,-1.36680811082078,0.204554261719756,0.204554261719756,TRUE,2.82111225298263e-06,0.00157575639103457,TRUE
285,"Lower in IPF","ENSG00000167105","TMEM92","transmembrane protein 92","162461",-1.1959578122904,1.46133301432737,-5.4316671609958,3.85906075168554e-07,3.12977957883865e-06,6.20921337954296,"single_mapping_record",1,1,1,TRUE,TRUE,-1.13425215977903,-1.02240974086074,0.111842418918292,0.111842418918292,TRUE,1.06617961333378e-05,0.00274186661265516,TRUE
286,"Lower in IPF","ENSG00000120217","CD274","CD274 molecule","29126",-1.07128845557687,4.58962098353452,-5.4289860453634,3.91160451189178e-07,3.16214361510605e-06,5.69508190135937,"single_mapping_record",1,1,1,TRUE,TRUE,-1.09603780970622,-1.4058343900816,-0.30979658037538,0.30979658037538,TRUE,2.60558823040217e-06,2.46766125019359e-06,TRUE
287,"Lower in IPF","ENSG00000163898","LIPH","lipase H","200879",-1.26659069284779,4.17850762033152,-5.42712635240042,3.94326295292599e-07,3.18259480910349e-06,5.74812056737563,"single_mapping_record",1,1,1,TRUE,TRUE,-1.25545140502319,-1.32586024497929,-0.0704088399561054,0.0704088399561054,TRUE,5.51726317162342e-06,0.000223797051987779,TRUE
288,"Lower in IPF","ENSG00000184454","NCMAP","non-compact myelin associated protein","400746",-1.29418862260644,2.26959017713048,-5.40071582572525,4.42088093444892e-07,3.50958564716802e-06,5.96856471612515,"single_mapping_record",1,1,1,TRUE,TRUE,-1.24445267300528,-1.14013804915384,0.104314623851446,0.104314623851446,TRUE,9.05201982773611e-06,0.00201038854748321,TRUE
289,"Lower in IPF","ENSG00000131910","NR0B2","nuclear receptor subfamily 0 group B member 2","8431",-1.76556441580124,-0.524111803608476,-5.40003941397941,4.42458089576944e-07,3.51066640630501e-06,6.14345885794481,"single_mapping_record",1,1,1,TRUE,TRUE,-1.74590055750026,-1.72605580049782,0.0198447570024423,0.0198447570024423,TRUE,6.15917176962372e-06,0.000553900537256015,TRUE
290,"Lower in IPF","ENSG00000162366","PDZK1IP1","PDZK1 interacting protein 1","10158",-1.18568736334187,3.39715739374647,-5.36392686751458,5.18172154757449e-07,4.0409352660877e-06,5.61175163050348,"single_mapping_record",1,1,1,TRUE,TRUE,-1.15082975871628,-1.15482291745136,-0.00399315873508588,0.00399315873508588,TRUE,9.67345518557919e-06,0.000712548744483658,TRUE
291,"Lower in IPF","ENSG00000136153","LMO7","LIM domain 7","4008",-1.08588565244198,7.17622195181697,-5.35526221014407,5.37876906252284e-07,4.17724165372959e-06,5.35208753374361,"single_mapping_record",1,1,1,TRUE,TRUE,-1.06971935273058,-1.18567977874182,-0.115960426011244,0.115960426011244,TRUE,9.4822550244518e-06,0.000225528133218649,TRUE
292,"Lower in IPF","ENSG00000239839","DEFA3","defensin alpha 3","1668",-3.01786701506979,-0.81119857233686,-5.35454205714259,5.39547256059914e-07,4.18372076858028e-06,5.93030199782733,"single_mapping_record",1,1,1,TRUE,TRUE,-2.95197011954794,-2.37513530151875,0.576834818029186,0.576834818029186,TRUE,6.7123013622024e-06,0.00474290058619265,TRUE
293,"Lower in IPF","ENSG00000167183","PRR15L","proline rich 15 like","79170",-1.19703615263456,4.63149821654983,-5.34130707282272,5.71164275554329e-07,4.40612441141911e-06,5.32393029117643,"single_mapping_record",1,1,1,TRUE,TRUE,-1.15885867760119,-1.19054636340122,-0.0316876858000337,0.0316876858000337,TRUE,1.23487966428526e-05,0.000625681773504654,TRUE
294,"Lower in IPF","ENSG00000005961","ITGA2B","integrin subunit alpha 2b","3674",-1.46189549388003,1.5911772625624,-5.34028776041282,5.73673124676246e-07,4.41866646877363e-06,5.81663748763468,"single_mapping_record",1,1,1,TRUE,TRUE,-1.47106501527976,-1.06605741818599,0.405007597093775,0.405007597093775,TRUE,5.28052315083724e-06,0.0134731820690904,TRUE
295,"Lower in IPF","ENSG00000138772","ANXA3","annexin A3","306",-1.3287032460136,5.96328372942009,-5.33824745325065,5.78727390448934e-07,4.45074568925174e-06,5.24461164302872,"single_mapping_record",1,1,1,TRUE,TRUE,-1.33916074030878,-1.44848551028362,-0.109324769974842,0.109324769974842,TRUE,6.04801358628094e-06,0.000222785532032292,TRUE
296,"Lower in IPF","ENSG00000140749","IGSF6","immunoglobulin superfamily member 6","10261",-1.03937896309757,4.86670240165844,-5.32874724992466,6.02840766760129e-07,4.61962511005771e-06,5.24780563059344,"single_mapping_record",1,1,1,TRUE,TRUE,-1.0185251518459,-0.925829121909481,0.092696029936419,0.092696029936419,TRUE,9.80049026705901e-06,0.00235625548588097,TRUE
297,"Lower in IPF","ENSG00000151948","GLT1D1","glycosyltransferase 1 domain containing 1","144423",-1.40534407196356,2.09980117075557,-5.31696941197881,6.3410260272694e-07,4.8400648489389e-06,5.64702483799286,"single_mapping_record",1,1,1,TRUE,TRUE,-1.40888082374304,-1.14024166817749,0.268639155565548,0.268639155565548,TRUE,5.58922632918651e-06,0.00502897684197824,TRUE
298,"Lower in IPF","ENSG00000080618","CPB2","carboxypeptidase B2","1361",-2.39552134441214,1.75317767357469,-5.29087316687339,7.09124411811446e-07,5.35212451991625e-06,5.53428494165355,"single_mapping_record",1,1,1,TRUE,TRUE,-2.40519284714413,-2.43801552228494,-0.0328226751408098,0.0328226751408098,TRUE,6.8860688467512e-06,0.000191091782493762,TRUE
299,"Lower in IPF","ENSG00000177508","IRX3","iroquois homeobox 3","79191",-1.26997912925851,4.61124634526313,-5.28725036371059,7.20202499450932e-07,5.42482685487074e-06,5.11076719358119,"single_mapping_record",1,1,1,TRUE,TRUE,-1.25461177108076,-1.22679882108732,0.027812949993435,0.027812949993435,TRUE,1.02113864360093e-05,0.0010412124863141,TRUE
300,"Lower in IPF","ENSG00000048540","LMO3","LIM domain only 3","55885",-1.02546152250212,5.95458815856044,-5.28601065261207,7.24032098929348e-07,5.44547588633636e-06,5.01712673847041,"single_mapping_record",1,1,1,TRUE,TRUE,-1.01787099369215,-1.0149078178181,0.0029631758740547,0.0029631758740547,TRUE,1.15120474361002e-05,0.000966375609716021,TRUE
301,"Lower in IPF","ENSG00000132698","RAB25","RAB25, member RAS oncogene family","57111",-1.06302793436584,4.4538106473208,-5.28278668664507,7.34084716719766e-07,5.51003988369857e-06,5.10388396729914,"single_mapping_record",1,1,1,TRUE,TRUE,-1.01914695410463,-1.00235790942154,0.0167890446830932,0.0167890446830932,TRUE,1.72257963713434e-05,0.00136787030670625,TRUE
302,"Lower in IPF","ENSG00000107742","SPOCK2","SPARC (osteonectin), cwcv and kazal like domains proteoglycan 2","9806",-1.34601846270921,6.92987181685116,-5.25385114997474,8.30633548112197e-07,6.16124854507218e-06,4.92157706709811,"single_mapping_record",1,1,1,TRUE,TRUE,-1.36722344790233,-1.81512123616086,-0.44789778825853,0.44789778825853,TRUE,7.17927348557212e-06,7.58498614820104e-06,TRUE
303,"Lower in IPF","ENSG00000166183","ASPG","asparaginase","374569",-1.98679249765502,0.488138408674426,-5.24586333373869,8.59403415180357e-07,6.35848401611016e-06,5.51985061965498,"single_mapping_record",1,1,1,TRUE,TRUE,-1.98453990252188,-2.03851428695683,-0.0539743844349483,0.0539743844349483,TRUE,8.7062978252731e-06,0.000284248217142802,TRUE
304,"Lower in IPF","ENSG00000168329","CX3CR1","C-X3-C motif chemokine receptor 1","1524",-1.6938490840053,2.06609309389371,-5.23778742179766,8.8947979610172e-07,6.5487350167136e-06,5.33150587002081,"single_mapping_record",1,1,1,TRUE,TRUE,-1.75448155343758,-1.68935350249619,0.0651280509413914,0.0651280509413914,TRUE,3.77859002619205e-06,0.000507941796132846,TRUE
305,"Lower in IPF","ENSG00000185499","MUC1","mucin 1, cell surface associated","4582",-1.22800900111056,7.66386543224258,-5.22693845307225,9.31507217954899e-07,6.84138275730868e-06,4.8470803643643,"single_mapping_record",1,1,1,TRUE,TRUE,-1.14978457742064,-1.02959747650302,0.120187100917617,0.120187100917617,TRUE,3.27543418404261e-05,0.00517092777245077,TRUE
306,"Lower in IPF","ENSG00000155511","GRIA1","glutamate ionotropic receptor AMPA type subunit 1","2890",-1.8053606244814,3.83268196637573,-5.22635653755973,9.33815480069619e-07,6.8549819006382e-06,4.98121909476125,"single_mapping_record",1,1,1,TRUE,TRUE,-1.90888017450734,-2.4872511096549,-0.578370935147567,0.578370935147567,TRUE,2.22645780121988e-06,2.76779976548176e-07,TRUE
307,"Lower in IPF","ENSG00000171433","GLOD5","glyoxalase domain containing 5","392465",-1.29897493593177,-0.950900373007132,-5.22364391049326,9.42384448848995e-07,6.90438035437829e-06,5.41628371022485,"single_mapping_record",1,1,1,TRUE,TRUE,-1.26322812003509,-1.50878402879191,-0.245555908756815,0.245555908756815,TRUE,1.55613057663283e-05,4.05940772387833e-05,TRUE
308,"Lower in IPF","ENSG00000137709","POU2F3","POU class 2 homeobox 3","25833",-1.27183607254919,0.749272372855219,-5.21547020665895,9.760033741702e-07,7.11941819875756e-06,5.382053925486,"single_mapping_record",1,1,1,TRUE,TRUE,-1.25098741635683,-0.9937320272808,0.257255389076031,0.257255389076031,TRUE,1.32090840888941e-05,0.00962463739808017,TRUE
309,"Lower in IPF","ENSG00000183379","SYNDIG1L","synapse differentiation inducing 1 like","646658",-1.20719086710494,0.134442361432784,-5.21154891086768,9.92102629952432e-07,7.21581622134007e-06,5.39779851507113,"single_mapping_record",1,1,1,TRUE,TRUE,-1.14796912233177,-1.14753439861441,0.000434723717357643,0.000434723717357643,TRUE,2.29897966875365e-05,0.00134233254950191,TRUE
310,"Lower in IPF","ENSG00000183019","MCEMP1","mast cell expressed membrane protein 1","199675",-1.56553734140855,4.95343300685677,-5.18556612962456,1.11032650357813e-06,7.98390098263525e-06,4.65562034989546,"single_mapping_record",1,1,1,TRUE,TRUE,-1.49013891909986,-1.15189213579873,0.33824678330113,0.33824678330113,TRUE,2.47250319457352e-05,0.0129502002180743,TRUE
311,"Lower in IPF","ENSG00000123838","C4BPA","complement component 4 binding protein alpha","722",-1.60136391116494,5.87693685025944,-5.18423335163441,1.11661204792318e-06,8.01270557524987e-06,4.61596510223271,"single_mapping_record",1,1,1,TRUE,TRUE,-1.55349613250638,-1.55613715205934,-0.00264101955295248,0.00264101955295248,TRUE,2.04642268120423e-05,0.00127460872149229,TRUE
312,"Lower in IPF","ENSG00000229415","SFTA3","surfactant associated 3","253970",-1.19251422012487,4.67386499091123,-5.18430419896468,1.11627705062326e-06,8.01270557524987e-06,4.66800162706829,"single_mapping_record",1,1,1,TRUE,TRUE,-1.15732657729946,-1.18170796686829,-0.0243813895688276,0.0243813895688276,TRUE,1.89924894148512e-05,0.000916526563193915,TRUE
313,"Lower in IPF","ENSG00000102683","SGCG","sarcoglycan gamma","6445",-1.29686878182021,1.53216926082173,-5.18387574706383,1.11776853930504e-06,8.01717215100203e-06,5.17930574014901,"single_mapping_record",1,1,1,TRUE,TRUE,-1.35955113893064,-1.63490958407945,-0.275358445148815,0.275358445148815,TRUE,3.05900485780275e-06,4.17621852766268e-06,TRUE
314,"Lower in IPF","ENSG00000259803","SLC22A31","solute carrier family 22 member 31","146429",-1.26297869778877,5.70990267266264,-5.17394239729723,1.16632935911404e-06,8.34553686321257e-06,4.56013572295418,"single_mapping_record",1,1,1,TRUE,TRUE,-1.2003671768261,-0.960792496657332,0.239574680168771,0.239574680168771,TRUE,2.96241789337245e-05,0.011262986044738,TRUE
315,"Lower in IPF","ENSG00000118898","PPL","periplakin","5493",-1.03043768342765,5.87672508236832,-5.17119309726234,1.17997342372211e-06,8.41754099867038e-06,4.54297387840981,"single_mapping_record",1,1,1,TRUE,TRUE,-1.00909656927652,-1.11607258763432,-0.106976018357798,0.106976018357798,TRUE,2.01479735206097e-05,0.000388152979786993,TRUE
316,"Lower in IPF","ENSG00000142748","FCN3","ficolin 3","8547",-2.51433219892693,6.80965730674893,-5.16448196431552,1.21393680289515e-06,8.63269506634866e-06,4.57411754475377,"single_mapping_record",1,1,1,TRUE,TRUE,-2.50717088170468,-1.94095841967263,0.566212462032045,0.566212462032045,TRUE,1.46277649923059e-05,0.00941078285173616,TRUE
317,"Lower in IPF","ENSG00000146469","VIP","vasoactive intestinal peptide","7432",-1.18359966579865,0.784185065682345,-5.16308291400951,1.21831851469454e-06,8.65975262433447e-06,5.17680854055889,"single_mapping_record",1,1,1,TRUE,TRUE,-1.25648057514409,-1.32459295906121,-0.0681123839171229,0.0681123839171229,TRUE,1.07697648946261e-06,6.47287251199284e-05,TRUE
318,"Lower in IPF","ENSG00000165197","VEGFD","vascular endothelial growth factor D","2277",-1.40063406610825,4.89132475171791,-5.14741917228122,1.30464245614272e-06,9.16498773471649e-06,4.50482871379741,"single_mapping_record",1,1,1,TRUE,TRUE,-1.47359414306482,-1.7570998914781,-0.283505748413286,0.283505748413286,TRUE,4.04973905639757e-06,2.51832588134461e-05,TRUE
319,"Lower in IPF","ENSG00000180440","SERTM1","serine rich and transmembrane domain containing 1","400120",-2.19305986144443,0.241084928731836,-5.14392869228193,1.32399658554629e-06,9.28343612434416e-06,5.11428725224916,"single_mapping_record",1,1,1,TRUE,TRUE,-2.27929102941542,-3.17544660932314,-0.89615557990772,0.89615557990772,TRUE,4.71499253897887e-06,2.61134954504461e-08,TRUE
320,"Lower in IPF","ENSG00000170909","OSCAR","osteoclast associated Ig-like receptor","126014",-1.06320746966486,4.48984536196115,-5.14117387185016,1.33946918993294e-06,9.37441094604814e-06,4.51604864010418,"single_mapping_record",1,1,1,TRUE,TRUE,-1.0381910425827,-0.938871546577833,0.0993194960048632,0.0993194960048632,TRUE,2.0227527076853e-05,0.00356958291584947,TRUE
321,"Lower in IPF","ENSG00000181631","P2RY13","purinergic receptor P2Y13","53829",-1.06977840304498,3.40285169680137,-5.14030585609599,1.34438090806501e-06,9.40440176694874e-06,4.70199431459089,"single_mapping_record",1,1,1,TRUE,TRUE,-1.10365704432806,-1.01877382399286,0.0848832203352023,0.0848832203352023,TRUE,5.37866450365115e-06,0.00137636372231453,TRUE
322,"Lower in IPF","ENSG00000168484","SFTPC","surfactant protein C","6440",-2.59610400457978,11.1923123795125,-5.13399376600784,1.38063070386314e-06,9.60872884858297e-06,4.72600371378259,"single_mapping_record",1,1,1,TRUE,TRUE,-2.5709083575517,-2.38263688319065,0.188271474361053,0.188271474361053,TRUE,1.9585275568909e-05,0.00301846718803623,TRUE
323,"Lower in IPF","ENSG00000150893","FREM2","FRAS1 related extracellular matrix 2","341640",-1.30447004735612,3.26924027742173,-5.11675289933452,1.48457299280529e-06,1.02607779778974e-05,4.6211488723972,"single_mapping_record",1,1,1,TRUE,TRUE,-1.31924396616876,-1.14491313014864,0.174330836020123,0.174330836020123,TRUE,1.04752894912719e-05,0.00349786256600292,TRUE
324,"Lower in IPF","ENSG00000055813","CCDC85A","coiled-coil domain containing 85A","114800",-1.0251440521963,2.05662194973004,-5.11442772622699,1.49767411312008e-06,1.03228116557202e-05,4.81920224467246,"single_mapping_record",1,1,1,TRUE,TRUE,-1.04215485004123,-1.09709562248064,-0.0549407724394153,0.0549407724394153,TRUE,8.44991248008853e-06,0.000286111873203617,TRUE
325,"Lower in IPF","ENSG00000073754","CD5L","CD5 molecule like","922",-2.04812506459231,-0.530242041911638,-5.10681751945068,1.54753414383162e-06,1.06225800490171e-05,4.98395048452335,"single_mapping_record",1,1,1,TRUE,TRUE,-1.97820399565198,-1.49468080746225,0.483523188189736,0.483523188189736,TRUE,2.04295141332554e-05,0.0108955874605125,TRUE
326,"Lower in IPF","ENSG00000139567","ACVRL1","activin A receptor like type 1","94",-1.01215188663865,7.39417820522937,-5.08381223416764,1.7048134074981e-06,1.16066480151299e-05,4.24165868635751,"single_mapping_record",1,1,1,TRUE,TRUE,-1.00153354157809,-0.929541102466365,0.0719924391117245,0.0719924391117245,TRUE,2.07163486245043e-05,0.0029853875766032,TRUE
327,"Lower in IPF","ENSG00000197249","SERPINA1","serpin family A member 1","5265",-1.23954948511978,8.96939547945834,-5.07786005905023,1.74787456042065e-06,1.18728927154004e-05,4.32681549989455,"single_mapping_record",1,1,1,TRUE,TRUE,-1.15999261992591,-0.753246368481804,0.406746251444111,0.406746251444111,TRUE,5.0952437609259e-05,0.0448213137716404,TRUE
328,"Lower in IPF","ENSG00000158246","TENT5B","terminal nucleotidyltransferase 5B","115572",-1.00788516140965,3.5754994707343,-5.06688553105292,1.83006760316101e-06,1.23807908331019e-05,4.35530877125825,"single_mapping_record",1,1,1,TRUE,TRUE,-0.965330057177148,-1.13629044206175,-0.170960384884602,0.170960384884602,TRUE,3.45370164459825e-05,0.000162922803195985,TRUE
329,"Lower in IPF","ENSG00000198019",,,,-1.17833246449374,0.805123502193812,-5.06589718407895,1.83366940243518e-06,1.23995698510617e-05,4.78973511974,"unmapped",0,0,0,FALSE,FALSE,-1.10827801324541,-1.09758083148198,0.0106971817634307,0.0106971817634307,TRUE,3.21309581865132e-05,0.00175230735808264,TRUE
330,"Lower in IPF","ENSG00000257335","MGAM","maltase-glucoamylase","8972",-1.72925198856845,2.74449569702152,-5.06373619812903,1.85434220944089e-06,1.2516809913726e-05,4.5047509252914,"single_mapping_record",1,1,1,TRUE,TRUE,-1.76643992543943,-1.31083048552873,0.455609439910702,0.455609439910702,TRUE,1.00087090202231e-05,0.0116243620143576,TRUE
331,"Lower in IPF","ENSG00000137857","DUOX1","dual oxidase 1","53905",-1.37784269715173,6.92991662583316,-5.05238453971019,1.94447189933269e-06,1.30430796035667e-05,4.09363273035382,"single_mapping_record",1,1,1,TRUE,TRUE,-1.28172507896568,-1.29111666579026,-0.00939158682458263,0.00939158682458263,TRUE,6.28913962782731e-05,0.0026121825341517,TRUE
332,"Lower in IPF","ENSG00000174788","PCP2","Purkinje cell protein 2","126006",-1.22282584472522,-0.233609039144633,-5.03889561495436,2.0527520949319e-06,1.36474377542594e-05,4.72444743548236,"single_mapping_record",1,1,1,TRUE,TRUE,-1.16498425464105,-0.973451839902355,0.191532414738692,0.191532414738692,TRUE,3.82467386245729e-05,0.0102099343495983,TRUE
333,"Lower in IPF","ENSG00000169862","CTNND2","catenin delta 2","1501",-1.42961410515846,-0.109991532935652,-5.03625118380207,2.07569133202732e-06,1.37816356817312e-05,4.71061830540735,"single_mapping_record",1,1,1,TRUE,TRUE,-1.44799423117742,-2.00394301659156,-0.555948785414138,0.555948785414138,TRUE,1.52534539148873e-05,1.42673888482191e-06,TRUE
334,"Lower in IPF","ENSG00000166292","TMEM100","transmembrane protein 100","55273",-1.9133185820543,6.67464055763033,-4.99051421702782,2.51598735719005e-06,1.6357731574767e-05,3.85049323304603,"single_mapping_record",1,1,1,TRUE,TRUE,-1.93926510349404,-1.55897764953991,0.380287453954125,0.380287453954125,TRUE,1.97737389773036e-05,0.00876427248699853,TRUE
335,"Lower in IPF","ENSG00000150337","FCGR1A","Fc gamma receptor Ia","2209",-1.03287222778916,2.98235245008958,-4.98946004845328,2.52702045241082e-06,1.64223510959269e-05,4.1751958537101,"single_mapping_record",1,1,1,TRUE,TRUE,-0.981442956304351,-0.928665986658687,0.0527769696456643,0.0527769696456643,TRUE,4.52016108874079e-05,0.00359161683324786,TRUE
336,"Lower in IPF","ENSG00000147676","MAL2","mal, T cell differentiation protein 2","114569",-1.06151207026725,6.25499506639391,-4.98841408309776,2.53801426270321e-06,1.64866595031158e-05,3.80396148647105,"single_mapping_record",1,1,1,TRUE,TRUE,-1.10182351069924,-1.11201963966725,-0.0101961289680157,0.0101961289680157,TRUE,1.32283321249391e-05,0.000930467153343735,TRUE
337,"Lower in IPF","ENSG00000185736","ADARB2","adenosine deaminase RNA specific B2 (inactive)","105",-1.39609522869245,1.26045194567113,-4.98766241813062,2.54594352882689e-06,1.65310139510161e-05,4.42107006138549,"single_mapping_record",1,1,1,TRUE,TRUE,-1.42307215032666,-1.35211489948913,0.0709572508375351,0.0709572508375351,TRUE,1.55738032240139e-05,0.00174982100315504,TRUE
338,"Lower in IPF","ENSG00000115607","IL18RAP","interleukin 18 receptor accessory protein","8807",-1.24646479786095,3.28659202896509,-4.98018337515581,2.62616544089242e-06,1.69931015511539e-05,4.07508908110859,"single_mapping_record",1,1,1,TRUE,TRUE,-1.2579072975677,-0.976953760033599,0.280953537534096,0.280953537534096,TRUE,1.86816816912791e-05,0.0119995752936503,TRUE
339,"Lower in IPF","ENSG00000047936","ROS1","ROS proto-oncogene 1, receptor tyrosine kinase","6098",-1.27682493083518,5.72750152945429,-4.97416406718313,2.69251298464343e-06,1.73550901354518e-05,3.7475130136596,"single_mapping_record",1,1,1,TRUE,TRUE,-1.21375606580711,-1.01965573025867,0.194100335548434,0.194100335548434,TRUE,5.31893901162973e-05,0.0104438679116838,TRUE
340,"Lower in IPF","ENSG00000159387","IRX6","iroquois homeobox 6","79190",-1.57278686302573,1.0514875668284,-4.89858128988239,3.67801215599786e-06,2.28915084933001e-05,4.09848456804644,"single_mapping_record",1,1,1,TRUE,TRUE,-1.50790219774423,-1.57318370557267,-0.0652815078284379,0.0652815078284379,TRUE,6.04914054749e-05,0.00115618762924615,TRUE
341,"Lower in IPF","ENSG00000111863","ADTRP","androgen dependent TFPI regulating protein","84830",-1.12098856446723,3.0737298772468,-4.893313089791,3.75848101446982e-06,2.33536080253398e-05,3.77334909175212,"single_mapping_record",1,1,1,TRUE,TRUE,-1.02238401394646,-0.835739963754129,0.186644050192334,0.186644050192334,TRUE,7.86655932951699e-05,0.0166879734475024,TRUE
342,"Lower in IPF","ENSG00000263155","MYZAP","myocardial zonula adherens protein","100820829",-1.28404642048051,3.19854239479726,-4.88580128649599,3.87618837629437e-06,2.39956040845076e-05,3.69887559991695,"single_mapping_record",1,1,1,TRUE,TRUE,-1.33180044097532,-1.47520092108598,-0.143400480110663,0.143400480110663,TRUE,1.40754905441158e-05,0.000155089990394228,TRUE
343,"Lower in IPF","ENSG00000104369","JPH1","junctophilin 1","56704",-1.04465273088535,2.42819198683498,-4.87706520938539,4.01759263339963e-06,2.47383513587347e-05,3.82648850095971,"single_mapping_record",1,1,1,TRUE,TRUE,-1.05541595031412,-1.1224396563805,-0.0670237060663752,0.0670237060663752,TRUE,2.66038466886709e-05,0.000618703866472843,TRUE
344,"Lower in IPF","ENSG00000161944","ASGR2","asialoglycoprotein receptor 2","433",-1.23320166771218,0.678411765953486,-4.86657706281462,4.18718319497871e-06,2.56249466461559e-05,4.01930299153623,"single_mapping_record",1,1,1,TRUE,TRUE,-1.28300524867848,-1.28871320582017,-0.00570795714168448,0.00570795714168448,TRUE,1.03808284673693e-05,0.000627359649541719,TRUE
345,"Lower in IPF","ENSG00000184226","PCDH9","protocadherin 9","5101",-1.00956144618592,2.03070676085057,-4.8653479742788,4.2116035390432e-06,2.57533980969925e-05,3.85018454896322,"single_mapping_record",1,1,1,TRUE,TRUE,-1.01727744035795,-0.907449448604892,0.109827991753061,0.109827991753061,TRUE,2.8808546505443e-05,0.00514841026141014,TRUE
346,"Lower in IPF","ENSG00000204420","MPIG6B","megakaryocyte and platelet inhibitory receptor G6b","80739",-1.39548165623632,0.555540357094213,-4.84756306170658,4.52872714342077e-06,2.75021245457252e-05,3.95672983254058,"single_mapping_record",1,1,1,TRUE,TRUE,-1.40908497639977,-1.24075307108859,0.168331905311174,0.168331905311174,TRUE,3.08319592627279e-05,0.00549412392188819,TRUE
347,"Lower in IPF","ENSG00000168539","CHRM1","cholinergic receptor muscarinic 1","1128",-1.91796927869465,0.578765037147686,-4.84495105868791,4.58180882368023e-06,2.7790753155995e-05,3.91789641039098,"single_mapping_record",1,1,1,TRUE,TRUE,-1.95277703611776,-2.01414364109871,-0.061366604980948,0.061366604980948,TRUE,2.2345227465627e-05,0.000536231608421354,TRUE
348,"Lower in IPF","ENSG00000118137","APOA1","apolipoprotein A1","335",-1.24895744988774,-0.930516200501847,-4.83655960091913,4.7326850518678e-06,2.86133983079498e-05,3.94361821523536,"single_mapping_record",1,1,1,TRUE,TRUE,-1.2960048101451,-1.29339242442904,0.00261238571606381,0.00261238571606381,TRUE,1.06354111426524e-05,0.000773897364008508,TRUE
349,"Lower in IPF","ENSG00000180871","CXCR2","C-X-C motif chemokine receptor 2","3579",-1.49127317838586,3.18120550499751,-4.82681021752175,4.93382219439924e-06,2.967409406343e-05,3.47908168055397,"single_mapping_record",1,1,1,TRUE,TRUE,-1.51480312676278,-1.28865000690966,0.226153119853125,0.226153119853125,TRUE,2.62212624727086e-05,0.00670555316219893,TRUE
350,"Lower in IPF","ENSG00000188959","C9orf152","chromosome 9 open reading frame 152","401546",-1.15966891105087,3.58173213907215,-4.81446824562566,5.18819013099232e-06,3.10299244009788e-05,3.35567199884208,"single_mapping_record",1,1,1,TRUE,TRUE,-1.1168763891023,-0.885836522612265,0.231039866490038,0.231039866490038,TRUE,7.1950209705106e-05,0.0196574507680156,TRUE
351,"Lower in IPF","ENSG00000137878","GCOM1","GCOM1, MYZAP-POLR2M combined locus","145781",-1.27541201532007,2.95479786002807,-4.80597833353092,5.37051721398231e-06,3.19675671753776e-05,3.42290327899665,"single_mapping_record",1,1,1,TRUE,TRUE,-1.37633265267067,-1.55492601318299,-0.178593360512311,0.178593360512311,TRUE,5.40397281070495e-06,4.06902193754572e-05,TRUE
352,"Lower in IPF","ENSG00000101098","RIMS4","regulating synaptic membrane exocytosis 4","140730",-1.53171073159279,1.00533785207274,-4.80231207832293,5.45116346877539e-06,3.23577959641187e-05,3.73679738344315,"single_mapping_record",1,1,1,TRUE,TRUE,-1.53258550641669,-1.55261064928215,-0.0200251428654556,0.0200251428654556,TRUE,4.20253879361167e-05,0.0008685899549652,TRUE
353,"Lower in IPF","ENSG00000088827","SIGLEC1","sialic acid binding Ig like lectin 1","6614",-1.05871940754006,5.91255450801214,-4.80131916203028,5.4732062279262e-06,3.24629679548116e-05,3.05461952354652,"single_mapping_record",1,1,1,TRUE,TRUE,-0.998494194204107,-1.04553988483147,-0.0470456906273662,0.0470456906273662,TRUE,0.000104079282131045,0.00237326062758736,TRUE
354,"Lower in IPF","ENSG00000052344","PRSS8","serine protease 8","5652",-1.167147397807,5.20992105287195,-4.77332684048134,6.13151863911356e-06,3.57762276526747e-05,2.96723698026902,"single_mapping_record",1,1,1,TRUE,TRUE,-1.13002482385776,-1.16647939797229,-0.036454574114537,0.036454574114537,TRUE,8.65378772203007e-05,0.00234301821929389,TRUE
355,"Lower in IPF","ENSG00000111319","SCNN1A","sodium channel epithelial 1 subunit alpha","6337",-1.20130129198389,6.60930350376974,-4.76250386596833,6.40613829003299e-06,3.72603440565576e-05,2.92167675122594,"single_mapping_record",1,1,1,TRUE,TRUE,-1.15639481632557,-1.14772521241411,0.00866960391146843,0.00866960391146843,TRUE,0.0001060610006347,0.00412526283110643,TRUE
356,"Lower in IPF","ENSG00000103313","MEFV","MEFV innate immunity regulator, pyrin","4210",-1.18849182584382,2.54914399042227,-4.76160689459447,6.42942626329487e-06,3.73523788949623e-05,3.35431070798345,"single_mapping_record",1,1,1,TRUE,TRUE,-1.17903819991457,-0.976933583860162,0.202104616054409,0.202104616054409,TRUE,5.04970380968154e-05,0.0119044057012435,TRUE
357,"Lower in IPF","ENSG00000187486","KCNJ11","potassium inwardly rectifying channel subfamily J member 11","3767",-1.13591800020481,1.47223013910907,-4.74241991334393,6.94308471743105e-06,3.9996004519599e-05,3.4484047808493,"single_mapping_record",1,1,1,TRUE,TRUE,-1.051232762274,-0.955004939927268,0.0962278223467316,0.0962278223467316,TRUE,0.000133570962301849,0.00962463739808017,TRUE
358,"Lower in IPF","ENSG00000173369","C1QB","complement C1q B chain","713",-1.11938378438571,8.18480366808924,-4.73279825571593,7.22267365256273e-06,4.1463394597427e-05,2.89659982920712,"single_mapping_record",1,1,1,TRUE,TRUE,-1.01647298879406,-1.03750816644879,-0.0210351776547306,0.0210351776547306,TRUE,0.000195040186056342,0.00479479687507074,TRUE
359,"Lower in IPF","ENSG00000165702","GFI1B","growth factor independent 1B transcriptional repressor","8328",-1.57761772970331,-1.06479745515099,-4.72832891796483,7.3412858218846e-06,4.20799475976066e-05,3.53967726425088,"single_mapping_record",1,1,1,TRUE,TRUE,-1.61749954989541,-1.45315337632976,0.164346173565657,0.164346173565657,TRUE,3.25501840848467e-05,0.00492688895655057,TRUE
360,"Lower in IPF","ENSG00000180061","TMEM150B","transmembrane protein 150B","284417",-1.09280209623048,2.02173334343,-4.722731087897,7.52080454728059e-06,4.29279537048399e-05,3.29779235972915,"single_mapping_record",1,1,1,TRUE,TRUE,-1.04564470337472,-0.833436398348467,0.212208305026249,0.212208305026249,TRUE,0.000104992125644867,0.0230971058104394,TRUE
361,"Lower in IPF","ENSG00000114812","VIPR1","vasoactive intestinal peptide receptor 1","7433",-1.95931244892839,6.73436065200534,-4.70056621100919,8.2228536103272e-06,4.63891313033566e-05,2.7106911919418,"single_mapping_record",1,1,1,TRUE,TRUE,-1.96683272773877,-1.8919225301403,0.0749101975984654,0.0749101975984654,TRUE,6.56646786300411e-05,0.00403165438562339,TRUE
362,"Lower in IPF","ENSG00000175707","KDF1","keratinocyte differentiation factor 1","126695",-1.0097353425624,2.02029787164006,-4.68883705734188,8.61524225493789e-06,4.8312296126682e-05,3.16218275155262,"single_mapping_record",1,1,1,TRUE,TRUE,-0.974551956189575,-0.891441865019656,0.0831100911699191,0.0831100911699191,TRUE,0.000109721266307451,0.00865421760310874,TRUE
363,"Lower in IPF","ENSG00000163737","PF4","platelet factor 4","5196",-2.27091860082584,-0.841316133644279,-4.6657506674756,9.45400938183594e-06,5.23703279852845e-05,3.31617632853012,"single_mapping_record",1,1,1,TRUE,TRUE,-2.31394729885127,-1.777641179566,0.53630611928527,0.53630611928527,TRUE,4.92199961545975e-05,0.0176548728100171,TRUE
364,"Lower in IPF","ENSG00000166866","MYO1A","myosin IA","4640",-1.16836115750986,-0.799784957780579,-4.65607684688018,9.81060283729613e-06,5.41458712476064e-05,3.2814160422172,"single_mapping_record",1,1,1,TRUE,TRUE,-1.06779141995212,-1.10443069296565,-0.0366392730135261,0.0366392730135261,TRUE,0.000164759803994508,0.00286804317395553,TRUE
365,"Lower in IPF","ENSG00000171611","PTCRA","pre T cell antigen receptor alpha","171558",-1.4656456636318,-0.263066608400923,-4.64396041037119,1.03005242882629e-05,5.65380148502384e-05,3.23095642491837,"single_mapping_record",1,1,1,TRUE,TRUE,-1.41093741350921,-1.33609492051019,0.0748424929990232,0.0748424929990232,TRUE,0.000120538428564542,0.00622092090785994,TRUE
366,"Lower in IPF","ENSG00000196415","PRTN3","proteinase 3","5657",-2.18179900522877,-1.40164059478754,-4.62108703566375,1.12925769267451e-05,6.12000595033565e-05,3.13367615346249,"single_mapping_record",1,1,1,TRUE,TRUE,-2.11494517520394,-1.48371144359117,0.63123373161277,0.63123373161277,TRUE,0.000111107238597077,0.0448566895819516,TRUE
367,"Lower in IPF","ENSG00000156510","HKDC1","hexokinase domain containing 1","80201",-1.09559971497234,1.70053076406415,-4.61013139030239,1.17951574495425e-05,6.35110845166901e-05,2.92222781604326,"single_mapping_record",1,1,1,TRUE,TRUE,-1.07023119663549,-0.733332646508808,0.336898550126685,0.336898550126685,TRUE,0.000123161051196058,0.0555436260303393,FALSE
368,"Lower in IPF","ENSG00000159496","RGL4","ral guanine nucleotide dissociation stimulator like 4","266747",-1.34067680611616,0.231972370464615,-4.60913678987429,1.18331092969819e-05,6.36925911675481e-05,3.08145485052149,"single_mapping_record",1,1,1,TRUE,TRUE,-1.40489360151126,-1.07541142410404,0.329482177407218,0.329482177407218,TRUE,2.54854755904445e-05,0.0152684361722344,TRUE
369,"Lower in IPF","ENSG00000155897","ADCY8","adenylate cyclase 8","114",-1.99608947391067,-1.71423698148247,-4.60059217905791,1.22447196378648e-05,6.55555389456582e-05,3.05558261533001,"single_mapping_record",1,1,1,TRUE,TRUE,-2.23157175538286,-2.37837981571744,-0.146808060334583,0.146808060334583,TRUE,3.2041984724295e-06,6.25242449850591e-05,TRUE
370,"Lower in IPF","ENSG00000140932","CMTM2","CKLF like MARVEL transmembrane domain containing 2","146225",-1.36573168833161,0.221237805207762,-4.59692612169202,1.24234870608582e-05,6.64652130283687e-05,3.03216744021103,"single_mapping_record",1,1,1,TRUE,TRUE,-1.38575008016603,-1.18816207832042,0.197588001845608,0.197588001845608,TRUE,6.07248028605183e-05,0.0102627250315295,TRUE
371,"Lower in IPF","ENSG00000121807","CCR2","C-C motif chemokine receptor 2","729230",-1.1679472112892,3.57030598909065,-4.57680850435068,1.34659713402362e-05,7.10177378618327e-05,2.44864383176274,"single_mapping_record",1,1,1,TRUE,TRUE,-1.17512288880686,-1.09364862978724,0.0814742590196187,0.0814742590196187,TRUE,8.17143372414629e-05,0.00590559434456436,TRUE
372,"Lower in IPF","ENSG00000122223","CD244","CD244 molecule","51744",-1.00528193177058,1.49530049476315,-4.57497037675945,1.35496359113892e-05,7.13959755358986e-05,2.82169117155711,"single_mapping_record",1,1,1,TRUE,TRUE,-1.00195713942115,-0.993607083723215,0.00835005569793468,0.00835005569793468,TRUE,9.01778892774957e-05,0.00321123630816735,TRUE
373,"Lower in IPF","ENSG00000143171","RXRG","retinoid X receptor gamma","6258",-1.061558941454,1.57799175664172,-4.56924204611239,1.38657520308855e-05,7.28217086744013e-05,2.77935655554407,"single_mapping_record",1,1,1,TRUE,TRUE,-1.0600114630551,-1.13222134521659,-0.0722098821614929,0.0722098821614929,TRUE,9.43503104681692e-05,0.00147328145936356,TRUE
374,"Lower in IPF","ENSG00000112232","KHDRBS2","KH RNA binding domain containing, signal transduction associated 2","202559",-1.06065666642148,1.24291258110028,-4.52852515541672,1.62743805251501e-05,8.37254970677017e-05,2.67892467163531,"single_mapping_record",1,1,1,TRUE,TRUE,-1.05222656192436,-1.04517137917332,0.00705518275103811,0.00705518275103811,TRUE,0.000121733954049411,0.00399143557851559,TRUE
375,"Lower in IPF","ENSG00000162654","GBP4","guanylate binding protein 4","115361",-1.01629483872796,6.46946460914208,-4.51539629133362,1.71517374013603e-05,8.7549092781102e-05,1.96352487915628,"single_mapping_record",1,1,1,TRUE,TRUE,-1.07556588677387,-1.28968741151224,-0.214121524738374,0.214121524738374,TRUE,4.33123684707523e-05,0.000238414568244742,TRUE
376,"Lower in IPF","ENSG00000115604","IL18R1","interleukin 18 receptor 1","8809",-1.0006381153478,4.99737397718613,-4.50893637093181,1.75918794370229e-05,8.94877206675883e-05,1.96600648279769,"single_mapping_record",1,1,1,TRUE,TRUE,-1.00606026825123,-0.806326032539078,0.199734235712153,0.199734235712153,TRUE,0.000113754155758378,0.0203528283274446,TRUE
377,"Lower in IPF","ENSG00000140254","DUOXA1","dual oxidase maturation factor 1","90527",-1.24580812425144,5.45885234672299,-4.50588519322437,1.78035474270769e-05,9.0323370725001e-05,1.92954573285864,"single_mapping_record",1,1,1,TRUE,TRUE,-1.13320151447349,-1.21999626399458,-0.0867947495210886,0.0867947495210886,TRUE,0.000401340082022794,0.0045222842474581,TRUE
378,"Lower in IPF","ENSG00000008438","PGLYRP1","peptidoglycan recognition protein 1","8993",-1.89838870235306,-1.46506781585128,-4.49878606122299,1.82900931082877e-05,9.25415833305072e-05,2.70042875042944,"single_mapping_record",1,1,1,TRUE,TRUE,-1.9379371299034,-1.33252127750298,0.60541585240042,0.60541585240042,TRUE,8.2050348347369e-05,0.0415823660347001,TRUE
379,"Lower in IPF","ENSG00000101162","TUBB1","tubulin beta 1 class VI","81027",-1.97534151815891,0.908250874155304,-4.49048348148876,1.89101439448377e-05,9.52294803421348e-05,2.57600506780169,"single_mapping_record",1,1,1,TRUE,TRUE,-2.01652025044136,-1.5488217522692,0.467698498172158,0.467698498172158,TRUE,8.9687045948715e-05,0.0230863564779757,TRUE
380,"Lower in IPF","ENSG00000007038","PRSS21","serine protease 21","10942",-1.30908397955778,1.34215811716064,-4.48050309833146,1.96624140624956e-05,9.86208352509802e-05,2.48537048482629,"single_mapping_record",1,1,1,TRUE,TRUE,-1.14240834925708,-1.11906367926886,0.0233446699882283,0.0233446699882283,TRUE,0.00034819348510855,0.00858922079294527,TRUE
381,"Lower in IPF","ENSG00000009950","MLXIPL","MLX interacting protein like","51085",-1.01951170400613,2.00494267406333,-4.46568851699269,2.08301539228344e-05,0.000103721905209869,2.32427189803158,"single_mapping_record",1,1,1,TRUE,TRUE,-0.953931766950471,-0.753370613965623,0.200561152984848,0.200561152984848,TRUE,0.000281634402448313,0.0342990733415915,TRUE
382,"Lower in IPF","ENSG00000232040","SCAND3","SCAN domain containing 3","114821",-1.03708622051859,-0.120989726143541,-4.45886042485422,2.13641160092871e-05,0.000106127766224824,2.55172879086702,"single_mapping_record",1,1,1,TRUE,TRUE,-1.05770499674673,-1.03119144320311,0.0265135535436167,0.0265135535436167,TRUE,0.000100322012016337,0.00440324129838144,TRUE
383,"Lower in IPF","ENSG00000148734","NPFFR1","neuropeptide FF receptor 1","64106",-1.28176964362648,-0.565286551711929,-4.44550065041597,2.25045488000388e-05,0.000111057950883032,2.52172309635981,"single_mapping_record",1,1,1,TRUE,TRUE,-1.20701297571573,-1.11646738339779,0.0905455923179401,0.0905455923179401,TRUE,0.000299437868824711,0.0124671616101495,TRUE
384,"Lower in IPF","ENSG00000179593","ALOX15B","arachidonate 15-lipoxygenase type B","247",-1.43438781391458,5.39039101239842,-4.43732608924479,2.32634835235479e-05,0.000114277295371565,1.67987016870814,"single_mapping_record",1,1,1,TRUE,TRUE,-1.2829883187882,-1.20848873174599,0.0744995870422149,0.0744995870422149,TRUE,0.00054204856016826,0.0152279730801194,TRUE
385,"Lower in IPF","ENSG00000112303","VNN2","vanin 2","8875",-1.12252083974236,4.26580436125013,-4.42386945271633,2.45105070162797e-05,0.000119464847833893,1.74366950553528,"single_mapping_record",1,1,1,TRUE,TRUE,-1.12809047943057,-0.800975021139086,0.327115458291482,0.327115458291482,TRUE,0.000133811557559691,0.0413180558023635,TRUE
386,"Lower in IPF","ENSG00000274736","CCL23","C-C motif chemokine ligand 23","6368",-1.04969029606412,2.56193937236206,-4.42167874404769,2.47195338771305e-05,0.000120405464816185,2.05200945629454,"single_mapping_record",1,1,1,TRUE,TRUE,-1.02415377521752,-1.28045606674276,-0.256302291525238,0.256302291525238,TRUE,0.000233685130381521,0.000321065578582881,TRUE
387,"Lower in IPF","ENSG00000166415","WDR72","WD repeat domain 72","256764",-1.44578762879048,-0.691179254699946,-4.39060075465952,2.7839459005307e-05,0.000133993574410923,2.33055822070677,"single_mapping_record",1,1,1,TRUE,TRUE,-1.3855720351509,-1.47938804844457,-0.0938160132936672,0.0938160132936672,TRUE,0.000299437868824711,0.00345279152764665,TRUE
388,"Lower in IPF","ENSG00000124102","PI3","peptidase inhibitor 3","5266",-2.31911001317254,0.97505879833953,-4.36586462186808,3.0664356463269e-05,0.000145721215329723,2.09241948340322,"single_mapping_record",1,1,1,TRUE,TRUE,-2.28801048639835,-1.83713339618784,0.450877090210509,0.450877090210509,TRUE,0.00020793232192096,0.0292847550568768,TRUE
389,"Lower in IPF","ENSG00000124440","HIF3A","hypoxia inducible factor 3 subunit alpha","64344",-1.23748620507498,5.41693194525386,-4.35810887897311,3.15924295987484e-05,0.000149657795246579,1.37693770823473,"single_mapping_record",1,1,1,TRUE,TRUE,-1.24839374934071,-1.55352511210538,-0.305131362764664,0.305131362764664,TRUE,0.000195896972343413,0.000522939661806189,TRUE
390,"Lower in IPF","ENSG00000167633","KIR3DL1","killer cell immunoglobulin like receptor, three Ig domains and long cytoplasmic tail 1","3811",-1.34406845267856,-1.46306356709809,-4.35111258186821,3.24105577418248e-05,0.000152906125964888,2.18873397871145,"single_mapping_record",1,1,1,TRUE,TRUE,-1.39703662048148,-1.10224332696771,0.294793293513764,0.294793293513764,TRUE,9.70445649888605e-05,0.0224585592631234,TRUE
391,"Lower in IPF","ENSG00000174502","SLC26A9","solute carrier family 26 member 9","115019",-1.24282159010638,4.1541463800429,-4.3405630528598,3.37930152109675e-05,0.000158185451932349,1.44985787376847,"single_mapping_record",1,1,1,TRUE,TRUE,-1.18077705680404,-1.02230885581379,0.158468200990251,0.158468200990251,TRUE,0.000396512371994882,0.0226516951599316,TRUE
392,"Lower in IPF","ENSG00000163492","CCDC141","coiled-coil domain containing 141","285025",-1.07298917374361,1.89330384368406,-4.33597770503409,3.43920236246976e-05,0.000160538886397376,1.86708708859888,"single_mapping_record",1,1,1,TRUE,TRUE,-1.0306512045468,-1.01532393161199,0.0153272729348102,0.0153272729348102,TRUE,0.000338065437339228,0.00786205879718798,TRUE
393,"Lower in IPF","ENSG00000142512","SIGLEC10","sialic acid binding Ig like lectin 10","89790",-1.11798515508321,4.23527531763519,-4.33414490172132,3.46343039977934e-05,0.000161519158625311,1.42051756039029,"single_mapping_record",1,1,1,TRUE,TRUE,-1.04539423864608,-0.592693757622677,0.452700481023408,0.452700481023408,TRUE,0.000398511256288771,0.146408273945569,FALSE
394,"Lower in IPF","ENSG00000133169","BEX1","brain expressed X-linked 1","55859",-1.12321530449396,-0.357634480683677,-4.32873828473468,3.53133894171417e-05,0.0001644817256997,2.10053368357128,"single_mapping_record",1,1,1,TRUE,TRUE,-1.15422870461714,-0.928710171818659,0.225518532798478,0.225518532798478,TRUE,0.00013242908892023,0.024160699180794,TRUE
395,"Lower in IPF","ENSG00000188897","LOC400499","putative uncharacterized protein LOC400499","400499",-1.03327026491644,2.45438707949781,-4.32179460177933,3.6310316950366e-05,0.00016834171650985,1.71764453612359,"single_mapping_record",1,1,1,TRUE,TRUE,-1.00510817257771,-0.787323437016018,0.21778473556169,0.21778473556169,TRUE,0.000290747598914146,0.0391549064272441,TRUE
396,"Lower in IPF","ENSG00000164199","ADGRV1","adhesion G protein-coupled receptor V1","84059",-1.17026179404351,3.2718777702338,-4.31025470769996,3.79467830332253e-05,0.000174848712981823,1.50499955259653,"single_mapping_record",1,1,1,TRUE,TRUE,-1.15067820403671,-1.0627598566578,0.0879183473789091,0.0879183473789091,TRUE,0.000277626972510951,0.0120476433963733,TRUE
397,"Lower in IPF","ENSG00000137834","SMAD6","SMAD family member 6","4091",-1.35929660292595,6.18550986027949,-4.30145623285438,3.92419914022915e-05,0.000180208251737901,1.17533755743838,"single_mapping_record",1,1,1,TRUE,TRUE,-1.38695451483337,-1.08644614295164,0.300508371881727,0.300508371881727,TRUE,0.00018217661480136,0.0276779328483631,TRUE
398,"Lower in IPF","ENSG00000159339","PADI4","peptidyl arginine deiminase 4","23569",-1.49545341358992,1.38319589283792,-4.2856062898539,4.16834346455349e-05,0.000190313783728336,1.77525757005269,"single_mapping_record",1,1,1,TRUE,TRUE,-1.51449142603456,-0.989479498451134,0.525011927583423,0.525011927583423,TRUE,0.000191507876180731,0.0684236019425093,FALSE
399,"Lower in IPF","ENSG00000167588","GPD1","glycerol-3-phosphate dehydrogenase 1","2819",-1.43691186836636,4.03544465696944,-4.27916538746369,4.27167918550624e-05,0.000194617444409165,1.24742138444296,"single_mapping_record",1,1,1,TRUE,TRUE,-1.36157068637778,-1.25860453157569,0.102966154802083,0.102966154802083,TRUE,0.000469409892742705,0.0151142489063228,TRUE
400,"Lower in IPF","ENSG00000183145","RIPPLY3","ripply transcriptional repressor 3","53820",-1.32208120708135,-0.983078327196766,-4.26656618315511,4.47553312623758e-05,0.000203349586232078,1.90369397568039,"single_mapping_record",1,1,1,TRUE,TRUE,-1.33640002682623,-1.13535295552322,0.201047071303006,0.201047071303006,TRUE,0.000213968622998348,0.019043322455107,TRUE
401,"Lower in IPF","ENSG00000167664","TMIGD2","transmembrane and immunoglobulin domain containing 2","126259",-1.12980046634573,-0.984248387442398,-4.26524383111935,4.49804376990793e-05,0.000204186976334617,1.89946842675953,"single_mapping_record",1,1,1,TRUE,TRUE,-1.14162018309491,-1.01979468191327,0.121825501181642,0.121825501181642,TRUE,0.000218610396432271,0.014252831594236,TRUE
402,"Lower in IPF","ENSG00000168952","STXBP6","syntaxin binding protein 6","29091",-1.23766041134283,4.75318762572115,-4.26345850779955,4.53411869091347e-05,0.000205575928082129,1.09340218293085,"single_mapping_record",1,1,1,TRUE,TRUE,-1.28414791376286,-1.42608804408799,-0.141940130325128,0.141940130325128,TRUE,0.00015214053657139,0.00140391190115704,TRUE
403,"Lower in IPF","ENSG00000006071","ABCC8","ATP binding cassette subfamily C member 8","6833",-1.42968594796758,1.62626472764201,-4.2492743733638,4.78439431940752e-05,0.000215685668237074,1.5736042719366,"single_mapping_record",1,1,1,TRUE,TRUE,-1.32988322752996,-1.06620273348004,0.263680494049917,0.263680494049917,TRUE,0.00064797284423662,0.0457573329706598,TRUE
404,"Lower in IPF","ENSG00000105227","PRX","periaxin","57716",-1.41175060086001,5.73586628427991,-4.24744657796177,4.81759620762101e-05,0.000216856834389225,0.978328123193348,"single_mapping_record",1,1,1,TRUE,TRUE,-1.42550780852533,-1.47331410391314,-0.0478062953878156,0.0478062953878156,TRUE,0.000264587269810261,0.00489895295878247,TRUE
405,"Lower in IPF","ENSG00000176697","BDNF","brain derived neurotrophic factor","627",-1.17149210592581,1.20442995369202,-4.2294607997004,5.15594972293525e-05,0.000229949843258182,1.58662848423755,"single_mapping_record",1,1,1,TRUE,TRUE,-1.2275367711664,-1.64289690907313,-0.41536013790673,0.41536013790673,TRUE,0.000128878750421853,5.3586054854908e-05,TRUE
406,"Lower in IPF","ENSG00000099769","IGFALS","insulin like growth factor binding protein acid labile subunit","3483",-1.15771917643962,-0.650667567131376,-4.22461283410678,5.24532435432029e-05,0.000233381177258613,1.75233228939569,"single_mapping_record",1,1,1,TRUE,TRUE,-1.15323479014914,-1.32307327306875,-0.169838482919607,0.169838482919607,TRUE,0.000311976742186608,0.00132794936943353,TRUE
407,"Lower in IPF","ENSG00000131355","ADGRE3","adhesion G protein-coupled receptor E3","84658",-1.07879328715046,1.22804517625532,-4.22277153359106,5.28566413854465e-05,0.000234897543066407,1.57232071800102,"single_mapping_record",1,1,1,TRUE,TRUE,-1.1184230068402,-0.864889707941948,0.253533298898252,0.253533298898252,TRUE,0.000158010826489972,0.0300423808564817,TRUE
408,"Lower in IPF","ENSG00000117281","CD160","CD160 molecule","11126",-1.15317593058699,-0.619859692304634,-4.21352832144108,5.46907850005582e-05,0.000242259682628616,1.71544408187356,"single_mapping_record",1,1,1,TRUE,TRUE,-1.18619785844598,-1.09288115414992,0.0933167042960628,0.0933167042960628,TRUE,0.000180522287813586,0.0100871213763568,TRUE
409,"Lower in IPF","ENSG00000100344","PNPLA3","patatin like domain 3, 1-acylglycerol-3-phosphate O-acyltransferase","80339",-1.148106698398,-0.198305686928223,-4.2092742314931,5.55736584037938e-05,0.000245374047046398,1.67578698549622,"single_mapping_record",1,1,1,TRUE,TRUE,-1.10190247200093,-0.888121418245831,0.213781053755103,0.213781053755103,TRUE,0.000481633046446845,0.0385140490554875,TRUE
410,"Lower in IPF","ENSG00000163501","IHH","Indian hedgehog signaling molecule","3549",-1.35357253533884,-0.936579511547838,-4.16408298269006,6.5839020331339e-05,0.000284998665863339,1.55346737783775,"single_mapping_record",1,1,1,TRUE,TRUE,-1.34666390904435,-1.41151884957186,-0.0648549405275054,0.0648549405275054,TRUE,0.000405370979042359,0.00450061251833308,TRUE
411,"Lower in IPF","ENSG00000001626","CFTR","CF transmembrane conductance regulator","1080",-1.29498346258939,3.73345175989447,-4.16081054979423,6.67238448381502e-05,0.000288329982357602,0.876263302764057,"single_mapping_record",1,1,1,TRUE,TRUE,-1.29312702377729,-1.02863351932709,0.264493504450205,0.264493504450205,TRUE,0.000360151275113634,0.0355458496337757,TRUE
412,"Lower in IPF","ENSG00000152463","OLAH","oleoyl-ACP hydrolase","55301",-1.54471369685964,-1.15215609616002,-4.13158322967839,7.43403846210984e-05,0.000317948106533313,1.44724008741737,"single_mapping_record",1,1,1,TRUE,TRUE,-1.55695595413197,-1.41651638389336,0.140439570238612,0.140439570238612,TRUE,0.000335364731812069,0.0154684677873959,TRUE
413,"Lower in IPF","ENSG00000140600","SH3GL3","SH3 domain containing GRB2 like 3, endophilin A3","6457",-1.23530795500555,0.377828637430856,-4.12937419627589,7.4981213117697e-05,0.000320232708768952,1.33974987183982,"single_mapping_record",1,1,1,TRUE,TRUE,-1.23978191042971,-1.69489301833475,-0.455111107905044,0.455111107905044,TRUE,0.000390023371160384,9.06396386780575e-05,TRUE
414,"Lower in IPF","ENSG00000171124","FUT3","fucosyltransferase 3 (Lewis blood group)","2525",-1.04516879020666,2.23728169504107,-4.11758328077446,7.83763899881104e-05,0.00033312184782036,1.01741196480679,"single_mapping_record",1,1,1,TRUE,TRUE,-0.995871842814798,-0.602662004478045,0.393209838336753,0.393209838336753,TRUE,0.000725265294298985,0.147795313461335,FALSE
415,"Lower in IPF","ENSG00000159708","LRRC36","leucine rich repeat containing 36","55282",-1.2153883019095,2.8601449207214,-4.086165088666,8.80456662296187e-05,0.000368378356030947,0.798933878696652,"single_mapping_record",1,1,1,TRUE,TRUE,-1.22853165714672,-1.28962986657575,-0.0610982094290369,0.0610982094290369,TRUE,0.000395991802060586,0.00459298408145304,TRUE
416,"Lower in IPF","ENSG00000143355","LHX9","LIM homeobox 9","56956",-1.80206824465215,-1.86964849085603,-4.05968926906067,9.69970983124551e-05,0.000401135107401261,1.20210480586071,"single_mapping_record",1,1,1,TRUE,TRUE,-1.70723409116899,-1.34623788180191,0.360996209367082,0.360996209367082,TRUE,0.000888749088925974,0.0588948896397265,FALSE
417,"Lower in IPF","ENSG00000080293","SCTR","secretin receptor","6344",-1.11360246640079,3.00264872607321,-4.04713053834069,0.000101658041287023,0.000417192595899615,0.624042532024847,"single_mapping_record",1,1,1,TRUE,TRUE,-1.01003144320629,-0.73985852448334,0.270172918722953,0.270172918722953,TRUE,0.00128858863580869,0.085349003978008,FALSE
418,"Lower in IPF","ENSG00000096088","PGC","progastricsin","5225",-1.69481440229999,7.04901962562829,-4.03551831931203,0.000106082184192283,0.000432628565361193,0.259805383604664,"single_mapping_record",1,1,1,TRUE,TRUE,-1.5427979148451,-0.987349662567319,0.555448252277781,0.555448252277781,TRUE,0.00151009853641635,0.130040219790269,FALSE
419,"Lower in IPF","ENSG00000180549","FUT7","fucosyltransferase 7","2529",-1.08583197867653,-0.404487290306554,-4.0296500897027,0.000108278770347344,0.000440509729120415,1.08544215454064,"single_mapping_record",1,1,1,TRUE,TRUE,-1.14620254319492,-0.898570221367957,0.24763232182696,0.24763232182696,TRUE,0.000192761750406908,0.0307529951032563,TRUE
420,"Lower in IPF","ENSG00000050555","LAMC3","laminin subunit gamma 3","10319",-1.26034851022028,5.76768080698391,-4.02195948530359,0.000111481372074182,0.000451946626404975,0.176341095683457,"single_mapping_record",1,1,1,TRUE,TRUE,-1.23348408339401,-1.31242598837472,-0.0789419049807116,0.0789419049807116,TRUE,0.00079107875769266,0.007941427657566,TRUE
421,"Lower in IPF","ENSG00000101916","TLR8","toll like receptor 8","51311",-1.01886930390627,3.8183010777293,-4.01104804765593,0.000116016407878069,0.000467303009140213,0.340229276159599,"single_mapping_record",1,1,1,TRUE,TRUE,-0.991843330422465,-0.796427524879216,0.195415805543249,0.195415805543249,TRUE,0.000741743769240754,0.0461925980455761,TRUE
422,"Lower in IPF","ENSG00000101425","BPI","bactericidal permeability increasing protein","671",-1.43797677137423,-0.484832144594349,-3.9986073359001,0.00012134025916348,0.000486138236072101,0.981817913251327,"single_mapping_record",1,1,1,TRUE,TRUE,-1.38010439751734,-0.638636213262142,0.741468184255199,0.741468184255199,TRUE,0.000904860582715025,0.284294269211185,FALSE
423,"Lower in IPF","ENSG00000104918","RETN","resistin","56729",-1.42978338758426,2.23904637346307,-3.96808492205191,0.00013564877993043,0.000536025134065706,0.510312114904121,"single_mapping_record",1,1,1,TRUE,TRUE,-1.39115531012899,-1.0804901531007,0.310665157028297,0.310665157028297,TRUE,0.000912080334489242,0.0561120530895669,FALSE
424,"Lower in IPF","ENSG00000134216","CHIA","chitinase acidic","27159",-1.85200218421272,1.27673858495277,-3.95607336040269,0.000141682285351462,0.000558543715256342,0.640134914127133,"single_mapping_record",1,1,1,TRUE,TRUE,-1.79536449571009,-2.31014312852068,-0.51477863281059,0.51477863281059,TRUE,0.000944680839087205,9.81850782595459e-05,TRUE
425,"Lower in IPF","ENSG00000115008","IL1A","interleukin 1 alpha","3552",-1.36028185435266,0.73054469101836,-3.92081654361295,0.000160909043487198,0.000623532927421224,0.586712001433811,"single_mapping_record",1,1,1,TRUE,TRUE,-1.25034839902635,-0.752216697678696,0.498131701347656,0.498131701347656,TRUE,0.00150211773935613,0.169667766734359,FALSE
426,"Lower in IPF","ENSG00000169562","GJB1","gap junction protein beta 1","2705",-1.35165240129945,-0.362703921074375,-3.89821690331168,0.000174431640946281,0.00066706952823323,0.644248366389609,"single_mapping_record",1,1,1,TRUE,TRUE,-1.28925605830903,-1.42026327918563,-0.131007220876606,0.131007220876606,TRUE,0.00138123002434185,0.00730781275350318,TRUE
427,"Lower in IPF","ENSG00000162747","FCGR3B;LOC124905743","Fc gamma receptor IIIb;low affinity immunoglobulin gamma Fc region receptor III-B","124905743;2215",-1.37737624374712,4.05694504431411,-3.89090980018713,0.000179148031727825,0.000681370725183205,-0.119004484378355,"multiple_mapping_records",2,2,2,FALSE,FALSE,-1.42594721016501,-1.25967272448854,0.166274485676475,0.166274485676475,TRUE,0.00046893923737934,0.0220732922466829,TRUE
428,"Lower in IPF","ENSG00000179399","GPC5","glypican 5","2262",-1.1528238348669,0.105111747784461,-3.88539038221773,0.000182606752258457,0.000692945542190079,0.558321523824712,"single_mapping_record",1,1,1,TRUE,TRUE,-1.13788509196298,-1.19655552057657,-0.0586704286135926,0.0586704286135926,TRUE,0.000994242026838029,0.00969678134924986,TRUE
429,"Lower in IPF","ENSG00000135773","CAPN9","calpain 9","10753",-1.12216989862774,2.11776877614814,-3.84811184095416,0.000208711555057181,0.000778816272562367,0.128820347375959,"single_mapping_record",1,1,1,TRUE,TRUE,-1.0696196824972,-1.32844646417274,-0.258826781675542,0.258826781675542,TRUE,0.00154455736684676,0.00235977121651133,TRUE
430,"Lower in IPF","ENSG00000064270","ATP2C2","ATPase secretory pathway Ca2+ transporting 2","9914",-1.05868746635263,4.20954959891182,-3.82692937396154,0.000225011050493495,0.0008313723578657,-0.363770344295933,"single_mapping_record",1,1,1,TRUE,TRUE,-1.04246889273243,-1.07386033179659,-0.0313914390641576,0.0313914390641576,TRUE,0.0012381311658785,0.0130231262543074,TRUE
431,"Lower in IPF","ENSG00000160862","AZGP1","alpha-2-glycoprotein 1, zinc-binding","563",-1.85806072981301,3.13578832442236,-3.81283367526334,0.000236521768718886,0.000867332249266862,-0.193836053381767,"single_mapping_record",1,1,1,TRUE,TRUE,-1.7432290017879,-1.87094097092293,-0.127711969135026,0.127711969135026,TRUE,0.00176578706577645,0.00887630090945781,TRUE
432,"Lower in IPF","ENSG00000105048","TNNT1","troponin T1, slow skeletal type","7138",-1.34428298148487,-0.741665470295374,-3.78465075033018,0.000261079068817077,0.000947610972215174,0.305221164932218,"single_mapping_record",1,1,1,TRUE,TRUE,-1.3095298164303,-1.4238200375292,-0.114290221098902,0.114290221098902,TRUE,0.0015529899683014,0.00990592146581215,TRUE
433,"Lower in IPF","ENSG00000138207","RBP4","retinol binding protein 4","5950",-1.00790374740544,3.07824497096864,-3.7828637162919,0.000262886363606889,0.000953018616388944,-0.27677244884082,"single_mapping_record",1,1,1,TRUE,TRUE,-0.998800827746631,-1.08572285337256,-0.0869220256259303,0.0869220256259303,TRUE,0.00127709761022372,0.00816257536307168,TRUE
434,"Lower in IPF","ENSG00000086696","HSD17B2","hydroxysteroid 17-beta dehydrogenase 2","3294",-1.27478879628237,0.412290472386064,-3.78177096813663,0.000263884574146596,0.000956175531520323,0.185663839150894,"single_mapping_record",1,1,1,TRUE,TRUE,-1.29056174770327,-1.2275746604222,0.0629870872810796,0.0629870872810796,TRUE,0.000993799050080516,0.0194693671485008,TRUE
435,"Lower in IPF","ENSG00000130720","FIBCD1","fibrinogen C domain containing 1","84929",-1.10169228832643,1.28637764845905,-3.75978354296357,0.000285071637642147,0.00102257955180022,-0.0117368940317446,"single_mapping_record",1,1,1,TRUE,TRUE,-1.07274524371986,-0.980368314816782,0.0923769289030799,0.0923769289030799,TRUE,0.00164021715114236,0.0324574651114019,TRUE
436,"Lower in IPF","ENSG00000075461","CACNG4","calcium voltage-gated channel auxiliary subunit gamma 4","27092",-1.1317582738797,2.62220286484766,-3.7534784464621,0.000291435143443157,0.00104167246984968,-0.292953815612623,"single_mapping_record",1,1,1,TRUE,TRUE,-1.12031999022426,-1.47028408801002,-0.349964097785762,0.349964097785762,TRUE,0.00146417616403073,0.00107533541760361,TRUE
437,"Lower in IPF","ENSG00000267385",,,,-1.36290844656185,-1.33010267147927,-3.74983366217181,0.000294943646117518,0.0010533002518723,0.220733689941334,"unmapped",0,0,0,FALSE,FALSE,-1.29914783520717,-1.00333542542884,0.29581240977832,0.29581240977832,TRUE,0.00195618477093516,0.0841310283430678,FALSE
438,"Lower in IPF","ENSG00000162896","PIGR","polymeric immunoglobulin receptor","5284",-1.59655084104211,7.25026091282414,-3.70464962641397,0.000345493157621748,0.00120954834006942,-0.854886388666333,"single_mapping_record",1,1,1,TRUE,TRUE,-1.52689726936715,-1.37224668633067,0.154650583036483,0.154650583036483,TRUE,0.00256785004995241,0.0461716164258306,TRUE
439,"Lower in IPF","ENSG00000148677","ANKRD1","ankyrin repeat domain 1","27063",-1.89755967300184,3.07392505372187,-3.6754137893312,0.000382281007209371,0.0013198717755812,-0.716939023417427,"single_mapping_record",1,1,1,TRUE,TRUE,-1.84019027553147,-2.73118291226428,-0.890992636732811,0.890992636732811,TRUE,0.00230303040795696,0.00030405472534519,TRUE
440,"Lower in IPF","ENSG00000134962","KLB","klotho beta","152831",-1.61510245497575,-0.195531598670575,-3.67055556493176,0.000388743265112614,0.00133848942565839,-0.109308465844117,"single_mapping_record",1,1,1,TRUE,TRUE,-1.64388180851694,-1.83734649878955,-0.193464690272612,0.193464690272612,TRUE,0.00134423539594263,0.00583193097516788,TRUE
441,"Lower in IPF","ENSG00000186198","SLC51B","SLC51 subunit beta","123264",-1.11982199015773,0.303940798541548,-3.66368191381051,0.00039792193537506,0.00136477132598821,-0.176642029047132,"single_mapping_record",1,1,1,TRUE,TRUE,-1.13057634250387,-1.08296804802158,0.047608294482292,0.047608294482292,TRUE,0.00139814702268782,0.0221354664357561,TRUE
442,"Lower in IPF","ENSG00000139304","PTPRQ","protein tyrosine phosphatase receptor type Q","374462",-1.02573168492575,1.89660719302973,-3.63727176907516,0.000435882662769721,0.00147741488676881,-0.520343392699185,"single_mapping_record",1,1,1,TRUE,TRUE,-1.07333638062965,-1.49952586928879,-0.426189488659139,0.426189488659139,TRUE,0.000980902367656907,0.000258746093447288,TRUE
443,"Lower in IPF","ENSG00000198574","SH2D1B","SH2 domain containing 1B","117157",-1.13250243994855,0.0966495308051882,-3.59186651315401,0.000508791030713578,0.00169093888710919,-0.375073095285131,"single_mapping_record",1,1,1,TRUE,TRUE,-1.17140575114054,-1.01392917831396,0.157476572826581,0.157476572826581,TRUE,0.00134015133238778,0.0401485381663774,TRUE
444,"Lower in IPF","ENSG00000152785","BMP3","bone morphogenetic protein 3","651",-1.02045538957482,2.08447211343,-3.59108048587468,0.00051033925228302,0.00169495859629927,-0.703853632403249,"single_mapping_record",1,1,1,TRUE,TRUE,-1.06077212913928,-1.0501509213638,0.0106212077754808,0.0106212077754808,TRUE,0.00121654226014585,0.0173228189491877,TRUE
445,"Lower in IPF","ENSG00000118520","ARG1","arginase 1","383",-1.76253917471714,-0.555021099996268,-3.57113744519913,0.000546073003170582,0.00179649863342612,-0.376923204510858,"single_mapping_record",1,1,1,TRUE,TRUE,-1.73695101482314,-1.49521278218588,0.241738232637259,0.241738232637259,TRUE,0.00244387509815285,0.0539068720795437,FALSE
446,"Lower in IPF","ENSG00000147206","NXF3","nuclear RNA export factor 3","56000",-1.04876639657976,1.87363192315287,-3.54803719791698,0.00059041877668128,0.00192347367090698,-0.804641627651327,"single_mapping_record",1,1,1,TRUE,TRUE,-1.04721759944,-0.93948340724004,0.10773419219996,0.10773419219996,TRUE,0.00233615080075785,0.0446245343490034,TRUE
447,"Lower in IPF","ENSG00000187045","TMPRSS6","transmembrane serine protease 6","164656",-1.09841271010743,-1.22826049010968,-3.5435741711915,0.000598982780635604,0.00194781537698451,-0.41264609117569,"single_mapping_record",1,1,1,TRUE,TRUE,-1.14042210320621,-1.76208785680343,-0.62166575359722,0.62166575359722,TRUE,0.00142053135005237,7.42992640282899e-05,TRUE
448,"Lower in IPF","ENSG00000182264","IZUMO1","izumo sperm-oocyte fusion 1","284359",-1.09357211386188,0.166000279798989,-3.52558657012081,0.000636555501835113,0.00205770266872281,-0.594108302375042,"single_mapping_record",1,1,1,TRUE,TRUE,-1.13325727676143,-1.41713930296858,-0.28388202620715,0.28388202620715,TRUE,0.00165871956745478,0.00186553694958125,TRUE
449,"Lower in IPF","ENSG00000170956","CEACAM3","CEA cell adhesion molecule 3","1084",-1.02242786242042,0.345818730712963,-3.49444638100263,0.000706495586555296,0.00225035258760197,-0.703214649951198,"single_mapping_record",1,1,1,TRUE,TRUE,-1.02950065156136,-0.743670653906919,0.285829997654436,0.285829997654436,TRUE,0.00221026731666823,0.115834657022734,FALSE
450,"Lower in IPF","ENSG00000171560","FGA","fibrinogen alpha chain","2243",-1.89760727858352,0.363692486587817,-3.46845318356326,0.000770660177335095,0.00242896296077146,-0.816385866534067,"single_mapping_record",1,1,1,TRUE,TRUE,-1.76176255567977,-1.3253902535615,0.43637230211827,0.43637230211827,TRUE,0.00491976293839171,0.129577602345322,FALSE
451,"Lower in IPF","ENSG00000149516","MS4A3","membrane spanning 4-domains A3","932",-1.51521132515344,-1.35137553571234,-3.46111259300835,0.000789463676459103,0.00248249449329787,-0.644902742147359,"single_mapping_record",1,1,1,TRUE,TRUE,-1.46743777061647,-0.949151921007327,0.518285849609147,0.518285849609147,TRUE,0.00383257006362717,0.190090141536509,FALSE
452,"Lower in IPF","ENSG00000124107","SLPI","secretory leukocyte peptidase inhibitor","6590",-1.36039396351862,8.23940751094813,-3.45974473197122,0.000793263519413571,0.00249287669111085,-1.57690803283493,"single_mapping_record",1,1,1,TRUE,TRUE,-1.29375164371694,-1.15681438124354,0.136937262473396,0.136937262473396,TRUE,0.00519511051211531,0.0666348043534808,FALSE
453,"Lower in IPF","ENSG00000181072","CHRM2","cholinergic receptor muscarinic 2","1129",-1.61802450524428,0.838991079842571,-3.42947131081434,0.000876793102128723,0.00272457421841366,-1.00857589304988,"single_mapping_record",1,1,1,TRUE,TRUE,-1.59462519791919,-1.53787421037455,0.0567509875446424,0.0567509875446424,TRUE,0.00352472544190195,0.0324676030902636,TRUE
454,"Lower in IPF","ENSG00000204632","HLA-G","major histocompatibility complex, class I, G","3135",-1.00279670743892,3.17331063854857,-3.36658798860675,0.00107743848271111,0.00324919777068283,-1.61771376102008,"single_mapping_record",1,1,1,TRUE,TRUE,-0.961891999935153,-0.506717789311789,0.455174210623365,0.455174210623365,TRUE,0.00556913802909603,0.289689901411386,FALSE
455,"Lower in IPF","ENSG00000175161","CADM2","cell adhesion molecule 2","253559",-1.58355299260449,-1.01052925055313,-3.34414207426592,0.00115895781477862,0.00346924720148688,-1.01560635793421,"single_mapping_record",1,1,1,TRUE,TRUE,-1.64424472273805,-1.78786908347374,-0.14362436073569,0.14362436073569,TRUE,0.00266925554056544,0.0130391516764091,TRUE
456,"Lower in IPF","ENSG00000105695","MAG","myelin associated glycoprotein","4099",-1.6115988126995,-2.31190099632858,-3.29741390756023,0.00134717263198545,0.00394890242501661,-1.07955493762143,"single_mapping_record",1,1,1,TRUE,TRUE,-1.76190718324931,-1.75574874579432,0.00615843745498945,0.00615843745498945,TRUE,0.00172969566590452,0.0186134963330481,TRUE
457,"Lower in IPF","ENSG00000115602","IL1RL1","interleukin 1 receptor like 1","9173",-1.26353527417442,6.3908301016665,-3.29068799693077,0.00137697044189765,0.00401848372351624,-2.18954163458932,"single_mapping_record",1,1,1,TRUE,TRUE,-1.22797626573306,-1.0528202567419,0.175156008991163,0.175156008991163,TRUE,0.00649501532139892,0.0869142989687692,FALSE
458,"Lower in IPF","ENSG00000185737","NRG3","neuregulin 3","10718",-1.01939147178016,-0.0370353889631059,-3.23487714037769,0.00164480962559661,0.00470769916100217,-1.44948056113858,"single_mapping_record",1,1,1,TRUE,TRUE,-1.11144972584406,-1.18134825969726,-0.0698985338531999,0.0698985338531999,TRUE,0.00185145306461148,0.0124565621085503,TRUE
459,"Lower in IPF","ENSG00000100292","HMOX1","heme oxygenase 1","3162",-1.10590466169738,6.08910758242215,-3.1845058228578,0.0019283685666431,0.00539382689071105,-2.52359529417722,"single_mapping_record",1,1,1,TRUE,TRUE,-1.09518164512181,-0.71269742486995,0.382484220251856,0.382484220251856,TRUE,0.00725540566361619,0.202741718522355,FALSE
460,"Lower in IPF","ENSG00000237541","HLA-DQA1;HLA-DQA2","major histocompatibility complex, class II, DQ alpha 1;major histocompatibility complex, class II, DQ alpha 2","3117;3118",-1.05279889537138,4.97462435645422,-2.99258622599636,0.00347690516555225,0.00894520999918943,-3.02917640589793,"multiple_mapping_records",2,2,2,FALSE,FALSE,-1.01939589989423,-1.20320657107654,-0.18381067118231,0.18381067118231,TRUE,0.0137521371980556,0.0309394514841491,TRUE
461,"Lower in IPF","ENSG00000185245","GP1BA","glycoprotein Ib platelet subunit alpha","2811",-1.12054519670821,-0.727070262398172,-2.992126361433,0.00348102208658993,0.00895273317866851,-1.99671906534912,"single_mapping_record",1,1,1,TRUE,TRUE,-1.1204489623146,-0.944444886524507,0.176004075790088,0.176004075790088,TRUE,0.0101924966106166,0.115998888052763,FALSE
462,"Lower in IPF","ENSG00000101197","BIRC7","baculoviral IAP repeat containing 7","79444",-1.01499346457218,0.272847687656492,-2.9704323322357,0.00371538565968138,0.00946950246572783,-2.17907029134074,"single_mapping_record",1,1,1,TRUE,TRUE,-1.01463042620305,-0.874860664349847,0.139769761853199,0.139769761853199,TRUE,0.0113098945140636,0.109930049963139,FALSE
463,"Lower in IPF","ENSG00000164047","CAMP","cathelicidin antimicrobial peptide","820",-1.11828631596124,-0.470817929203498,-2.91764179995977,0.00434653912029136,0.0107994447656097,-2.2280220487936,"single_mapping_record",1,1,1,TRUE,TRUE,-1.02969001648078,-0.711706290553237,0.317983725927546,0.317983725927546,TRUE,0.019638079418549,0.257850682249811,FALSE
464,"Lower in IPF","ENSG00000204936","CD177","CD177 molecule","57126",-1.32855324900505,1.53045872685116,-2.88828725976258,0.00473921753690128,0.0116459541109776,-2.63934324386787,"single_mapping_record",1,1,1,TRUE,TRUE,-1.29368221561875,-0.35668985189485,0.936992363723904,0.936992363723904,TRUE,0.0153857254382286,0.657908320532611,FALSE
465,"Lower in IPF","ENSG00000205086","LINC02898","long intergenic non-protein coding RNA 2898","400950",-1.09687447370072,-1.41328734100667,-2.80301983263536,0.00606891913685543,0.0143136864230124,-2.41374439176428,"single_mapping_record",1,1,1,TRUE,TRUE,-1.08244297919081,-1.18552854151817,-0.103085562327356,0.103085562327356,TRUE,0.0178427183542862,0.0498203938032891,TRUE
466,"Lower in IPF","ENSG00000108576","SLC6A4","solute carrier family 6 member 4","6532",-1.78307203827163,4.97110990905188,-2.78794821227626,0.00633855233560523,0.01485394125228,-3.48105788603771,"single_mapping_record",1,1,1,TRUE,TRUE,-1.85132196837946,-1.80795007156168,0.0433718968177794,0.0433718968177794,TRUE,0.0140816459603354,0.0722358353182158,FALSE
467,"Lower in IPF","ENSG00000100033","PRODH","proline dehydrogenase 1","5625",-1.13485119601421,-1.22362599237164,-2.7346163864749,0.00737554363287177,0.0168551775029184,-2.60445596734661,"single_mapping_record",1,1,1,TRUE,TRUE,-1.24634876940024,-1.85300685195884,-0.606658082558593,0.606658082558593,TRUE,0.00812711954102946,0.00143646516799689,TRUE
468,"Lower in IPF","ENSG00000115590","IL1R2","interleukin 1 receptor type 2","7850",-1.02792478328745,3.99416922624073,-2.69478026134462,0.00825029047180729,0.0185215134683372,-3.676806000386,"single_mapping_record",1,1,1,TRUE,TRUE,-0.978939111872985,-0.470403064206992,0.508536047665994,0.508536047665994,TRUE,0.0276834933678427,0.481693966139717,FALSE
469,"Lower in IPF","ENSG00000078725","BRINP1","BMP/retinoic acid inducible neural specific 1","1620",-1.00039291459289,0.304919797084779,-2.64254031294411,0.00953839824934789,0.0209679945115259,-3.03423661766465,"single_mapping_record",1,1,1,TRUE,TRUE,-0.964189752387251,-0.589540219949281,0.37464953243797,0.37464953243797,TRUE,0.0283830390451792,0.378736747656596,FALSE
470,"Lower in IPF","ENSG00000188089","PLA2G4E","phospholipase A2 group IVE","123745",-1.16789696353373,0.298710397226522,-2.61914576116222,0.0101721785374209,0.0221118946139246,-3.08540700256532,"single_mapping_record",1,1,1,TRUE,TRUE,-1.00354350681876,-0.566280535350573,0.437262971468189,0.437262971468189,TRUE,0.0465588959619241,0.463874637810077,FALSE
471,"Lower in IPF","ENSG00000133475",,,,-1.07131167159621,-1.50875633421043,-2.6103973980513,0.0104169504056396,0.0225168120215207,-2.8570900752116,"unmapped",0,0,0,FALSE,FALSE,-1.03981877088829,-1.76581243695184,-0.725993666063553,0.725993666063553,TRUE,0.0302288755299678,0.0020057475409804,TRUE
472,"Lower in IPF","ENSG00000118113","MMP8","matrix metallopeptidase 8","4317",-1.22587473449554,0.370966448261917,-2.45309329186622,0.0158759781906415,0.0323994269437072,-3.49895039560422,"single_mapping_record",1,1,1,TRUE,TRUE,-1.20730778499576,0.514134940398296,1.72144272539405,1.72144272539405,FALSE,0.0383491466278883,0.571671414564236,FALSE
473,"Lower in IPF","ENSG00000160221","GATD3","glutamine amidotransferase class 1 domain containing 3","8209",-1.4777750953322,-1.2519334169533,-2.44227811831296,0.0163315392147673,0.033193753952354,-3.27873823841492,"single_mapping_record",1,1,1,TRUE,TRUE,-1.33625800207621,-2.88642143837076,-1.55016343629455,1.55016343629455,TRUE,0.0569204340055779,0.000149108474695508,FALSE
474,"Lower in IPF","ENSG00000134184","GSTM1","glutathione S-transferase mu 1","2944",-1.60747356877807,1.93673533502238,-2.37364629090992,0.0195038363529969,0.0386319555787293,-3.982817375754,"single_mapping_record",1,1,1,TRUE,TRUE,-1.90541019621282,-2.35812871691546,-0.452718520702642,0.452718520702642,TRUE,0.0117154123218448,0.013880688234163,TRUE
