"ID","Description","GeneRatio","BgRatio","RichFactor","FoldEnrichment","zScore","pvalue","p.adjust","qvalue","geneID","Count","BH_significant"
"R-HSA-500792","GPCR ligand binding","33/309","266/9062",0.12406015037594,3.63829476604132,8.20560041637565,8.78004023778126e-11,5.84750679836232e-08,5.48983568551797e-08,"89780/1131/6344/7855/3579/3577/3549/7476/1524/7433/729230/9034/60675/53829/5028/5196/59350/7432/1129/6469/148/54886/8325/64106/338557/1128/6751/6368/8698/2015/84658/2867/186",33,TRUE
"R-HSA-6803157","Antimicrobial peptides","11/309","35/9062",0.314285714285714,9.21701340730467,9.15092797695586,1.21880106858617e-08,3.81955699570043e-06,3.58592833166754e-06,"6280/6279/729230/820/1669/1668/6037/5657/8993/671/5266",11,TRUE
"R-HSA-6798695","Neutrophil degranulation","40/309","448/9062",0.0892857142857143,2.61846971798428,6.60130793505526,1.72052116923443e-08,3.81955699570043e-06,3.58592833166754e-06,"6280/6283/6279/3310/5284/3579/3577/820/55/4311/79888/353189/79930/383/8972/1669/2171/5004/5005/932/2352/4317/4257/10562/6037/6036/5265/1512/64386/4353/5657/56729/199675/84658/1084/57126/8993/126014/671/6590",40,TRUE
"R-HSA-5683826","Surfactant metabolism","9/309","23/9062",0.391304347826087,11.4757281553398,9.45097872369301,2.97686595985438e-08,4.95648182315755e-06,4.65331152671974e-06,"6439/10568/6440/729238/653509/6441/1512/21/9476",9,TRUE
"R-HSA-372790","Signaling by GPCR","39/309","480/9062",0.08125,2.3828074433657,5.84893658712619,3.27672042666948e-07,4.36459160832375e-05,4.0976251230351e-05,"89780/1131/6344/7855/3579/3577/3549/7476/1524/7433/729230/9034/60675/53829/5028/26084/5196/59350/7432/6196/1129/6469/148/114/54886/8325/64106/338557/1128/408/6751/6368/84152/8698/2015/126006/84658/2867/186",39,TRUE
"R-HSA-373076","Class A/1 (Rhodopsin-like receptors)","22/309","191/9062",0.115183246073298,3.37796302885511,6.24057106140704,5.17881884820693e-07,5.7484889215097e-05,5.39687437865775e-05,"1131/3579/3577/1524/729230/9034/60675/53829/5028/5196/59350/1129/148/54886/64106/338557/1128/6751/6368/8698/2867/186",22,TRUE
"R-HSA-191273","Cholesterol biosynthesis","8/309","26/9062",0.307692307692308,9.02364948966891,7.69767111776048,1.52545557431025e-06,0.000145136201784375,0.000136258738517336,"1718/6307/3157/39/7108/1717/4047/10682",8,TRUE
"R-HSA-373080","Class B/2 (Secretin family receptors)","11/309","67/9062",0.164179104477612,4.81485775008453,5.88849087834301,1.41559452901818e-05,0.00117848244540763,0.00110639888189052,"89780/6344/7855/3549/7476/7433/7432/6469/8325/2015/84658",11,TRUE
"R-HSA-198933","Immunoregulatory interactions between a Lymphoid and a non-Lymphoid cell","14/309","112/9062",0.125,3.66585760517799,5.3336348834797,2.52299921851466e-05,0.00186701942170085,0.00175282050970492,"11126/2209/117157/3135/6441/146722/114132/89790/126014/353514/11027/11024/3811/6614",14,TRUE
"R-HSA-5686938","Regulation of TLR by endogenous ligand","6/309","20/9062",0.3,8.79805825242718,6.55930857501745,3.87261602704215e-05,0.00257916227401007,0.00242140412638215,"6280/6279/2243/729238/653509/6441",6,TRUE
"R-HSA-9734767","Developmental Cell Lineages","11/309","80/9062",0.1375,4.03244336569579,5.1184681769017,7.77836189127886e-05,0.0047094445632652,0.00442138465399009,"84525/306/1950/1080/6469/2171/760/10319/5319/6928/3170",11,TRUE
"R-HSA-8957322","Metabolism of steroids","14/309","126/9062",0.111111111111111,3.25854009349155,4.79656503973126,9.41938234723944e-05,0.00522775720271789,0.00490799395987739,"1718/4036/6307/3157/39/6319/7108/1717/6579/123264/3294/2194/4047/10682",14,TRUE
"R-HSA-9820448","Developmental Cell Lineages of the Exocrine Pancreas","9/309","58/9062",0.155172413793103,4.5507197857382,5.09684579808527,0.000135504469572483,0.00694199821040569,0.00651738096567249,"306/1950/1080/6469/760/10319/5319/6928/3170",9,TRUE
"R-HSA-140877","Formation of Fibrin Clot (Clotting Cascade)","6/309","27/9062",0.222222222222222,6.5170801869831,5.39406208085468,0.000241716163856267,0.0107814489912389,0.0101219862506653,"5196/2243/2160/2811/5657/57126",6,TRUE
"R-HSA-388396","GPCR downstream signalling","29/309","422/9062",0.0687203791469194,2.0153529962116,4.01333349447413,0.000242825427730606,0.0107814489912389,0.0101219862506653,"1131/6344/3579/3577/1524/7433/729230/60675/53829/5028/26084/5196/59350/7432/6196/1129/148/114/64106/338557/1128/408/6751/6368/84152/8698/126006/2867/186",29,TRUE
"R-HSA-375276","Peptide ligand-binding receptors","12/309","109/9062",0.110091743119266,3.22864523024851,4.39803557181705,0.000323072715629797,0.0134479017880903,0.0126253416502697,"3579/3577/1524/729230/9034/60675/5196/59350/64106/6751/6368/186",12,TRUE
"R-HSA-9937080","Developmental Lineage of Multipotent Pancreatic Progenitor Cells","4/309","12/9062",0.333333333333333,9.77562028047465,5.71522058657607,0.000528267440209339,0.0206956538340835,0.0194297745810741,"1950/6469/6928/3170",4,TRUE
"R-HSA-975634","Retinoid metabolism and transport","6/309","35/9062",0.171428571428571,5.02746185852982,4.48520789373183,0.00105361348909022,0.0389674623114921,0.0365839617718133,"4036/5948/338328/5950/335/2262",6,TRUE
"R-HSA-1482788","Acyl chain remodelling of PC","5/309","24/9062",0.208333333333333,6.10976267529666,4.70932890013463,0.00111168436023776,0.0389674623114921,0.0365839617718133,"79888/5319/123745/255189/50487",5,TRUE
"R-HSA-1482925","Acyl chain remodelling of PG","4/309","15/9062",0.266666666666667,7.82049622437972,4.96704560962811,0.00134325315436675,0.0447303300404126,0.0419943354575709,"79888/5319/255189/50487",4,TRUE
"R-HSA-6806667","Metabolism of fat-soluble vitamins","6/309","38/9062",0.157894736842105,4.63055697496168,4.21361015746826,0.00164470500554335,0.0521606444615178,0.0489701640748247,"4036/5948/338328/5950/335/2262",6,FALSE
"R-HSA-140875","Common Pathway of Fibrin Clot Formation","4/309","16/9062",0.25,7.33171521035599,4.7625759343558,0.00174334226764491,0.0527757250114322,0.0495476223435921,"5196/2243/5657/57126",4,FALSE
"R-HSA-114608","Platelet degranulation","11/309","117/9062",0.094017094017094,2.75722623295439,3.59434100269824,0.00210745603163277,0.0610245963942358,0.0572919397157833,"7273/5196/1950/2243/5004/5005/335/5265/3674/350/2277",11,FALSE
"R-HSA-1483206","Glycerophospholipid biosynthesis","11/309","118/9062",0.0932203389830508,2.7338599089463,3.56186909095454,0.00225529510060471,0.0625844390417808,0.0587563723578596,"84879/200879/79888/84649/2819/5319/123745/255189/5833/50487/80339",11,FALSE
"R-HSA-76005","Response to elevated platelet cytosolic Ca2+","11/309","121/9062",0.0909090909090909,2.66607825831127,3.46644150033074,0.00275001278722592,0.0714223886264778,0.0670537361215865,"7273/5196/1950/2243/5004/5005/335/5265/3674/350/2277",11,FALSE
"R-HSA-2426168","Activation of gene expression by SREBF (SREBP)","6/309","42/9062",0.142857142857143,4.18955154877485,3.89260057639191,0.00278826141785048,0.0714223886264778,0.0670537361215865,"3157/6319/7108/1717/2194/4047",6,FALSE
"R-HSA-9925563","Developmental Lineage of Pancreatic Ductal Cells","6/309","43/9062",0.13953488372093,4.09212011740799,3.81856538429726,0.00314944464310083,0.0776863011964871,0.0729345075244403,"306/1080/760/10319/6928/3170",6,FALSE
"R-HSA-112308","Presynaptic depolarization and calcium channel opening","3/309","10/9062",0.3,8.79805825242718,4.63556892788002,0.00394171817978828,0.0875061435912997,0.0821537052208504,"9254/55799/27092",3,FALSE
"R-HSA-8851680","Butyrophilin (BTN) family interactions","3/309","10/9062",0.3,8.79805825242718,4.63556892788002,0.00394171817978828,0.0875061435912997,0.0821537052208504,"79908/153579/5493",3,FALSE
"R-HSA-9831926","Nephron development","3/309","10/9062",0.3,8.79805825242718,4.63556892788002,0.00394171817978828,0.0875061435912997,0.0821537052208504,"153572/79192/6928",3,FALSE
"R-HSA-375280","Amine ligand-binding receptors","4/309","20/9062",0.2,5.86537216828479,4.09249025219175,0.0041676157635853,0.0895365193079938,0.0840598901042332,"1131/1129/148/1128",4,FALSE
"R-HSA-76002","Platelet activation, signaling and aggregation","16/309","233/9062",0.0686695278969957,2.01386168868147,2.9457084139185,0.00604962563929085,0.125907833617741,0.118206500978249,"5590/7273/5028/5196/1950/2243/80739/5004/5005/408/335/5265/2811/3674/350/2277",16,FALSE
"R-HSA-380108","Chemokine receptors bind chemokines","6/309","50/9062",0.12,3.51922330097087,3.35606154001261,0.00672941384776591,0.135811806745821,0.127504683431354,"3579/3577/1524/729230/9034/5196",6,FALSE
"R-HSA-2187338","Visual phototransduction","7/309","67/9062",0.104477611940299,3.06400038641743,3.1859241535405,0.00755234439725998,0.14793709907574,0.138888314921747,"4036/5948/338328/5950/335/8630/2262",7,FALSE
"R-HSA-1296065","Inwardly rectifying K+ channels","4/309","24/9062",0.166666666666667,4.88781014023732,3.58313640282582,0.00821243908778259,0.156270983784663,0.146712445658432,"3767/6833/3759/3772",4,FALSE
"R-HSA-1482922","Acyl chain remodelling of PI","3/309","13/9062",0.230769230769231,6.76773711725168,3.9099002752739,0.00870750569777953,0.161088855408921,0.151235625277223,"5319/123745/255189",3,FALSE
"R-HSA-1482839","Acyl chain remodelling of PE","4/309","25/9062",0.16,4.69229773462783,3.47330896830078,0.00951932095241021,0.171347777143384,0.160867045397771,"5319/123745/255189/50487",4,FALSE
"R-HSA-1655829","Regulation of cholesterol biosynthesis by SREBP (SREBF)","6/309","55/9062",0.109090909090909,3.19929390997352,3.07371343705919,0.010658216861793,0.186799274472476,0.175373429803463,"3157/6319/7108/1717/2194/4047",6,FALSE
"R-HSA-418594","G alpha (i) signalling events","14/309","208/9062",0.0673076923076923,1.97392332586507,2.66978025514743,0.0117003880902166,0.199806627386776,0.18758516938161,"3579/3577/1524/729230/53829/5196/1129/114/6751/6368/84152/8698/126006/186",14,FALSE
"R-HSA-5602498","MyD88 deficiency (TLR2/4)","3/309","15/9062",0.2,5.86537216828479,3.54322100220553,0.0131720316113195,0.213965196418019,0.200877709297144,"6280/6279/2243",3,FALSE
"R-HSA-9033658","Blood group systems biosynthesis","3/309","15/9062",0.2,5.86537216828479,3.54322100220553,0.0131720316113195,0.213965196418019,0.200877709297144,"2529/2525/2523",3,FALSE
"R-HSA-168179","Toll Like Receptor TLR1:TLR2 Cascade","9/309","113/9062",0.079646017699115,2.33576767763554,2.68455149346068,0.0148981208068474,0.230747638543264,0.216633629357829,"6280/6283/6279/2243/177/6196/729238/653509/6441",9,FALSE
"R-HSA-181438","Toll Like Receptor 2 (TLR2) Cascade","9/309","113/9062",0.079646017699115,2.33576767763554,2.68455149346068,0.0148981208068474,0.230747638543264,0.216633629357829,"6280/6283/6279/2243/177/6196/729238/653509/6441",9,FALSE
"R-HSA-391160","Signal regulatory protein family interactions","3/309","16/9062",0.1875,5.49878640776699,3.38388748824245,0.0158094214598598,0.233979437605924,0.219667750810683,"729238/653509/6441",3,FALSE
"R-HSA-5603041","IRAK4 deficiency (TLR2/4)","3/309","16/9062",0.1875,5.49878640776699,3.38388748824245,0.0158094214598598,0.233979437605924,0.219667750810683,"6280/6279/2243",3,FALSE
"R-HSA-9709957","Sensory Perception","11/309","155/9062",0.0709677419354839,2.08126109197202,2.55105333931527,0.0168582995202262,0.244078858271101,0.229149425972869,"4036/9254/5948/53405/338328/5950/335/6337/8630/2262/3759",11,FALSE
"R-HSA-1483257","Phospholipid metabolism","13/309","197/9062",0.065989847715736,1.93527508090615,2.49357219789201,0.0172281279918357,0.244126239203459,0.229193908782763,"84879/79626/200879/79888/8395/84649/2819/5319/123745/255189/5833/50487/80339",13,FALSE
"R-HSA-196854","Metabolism of vitamins and cofactors","12/309","179/9062",0.0670391061452514,1.96604653685524,2.45263867965091,0.0193774669341523,0.268862353711363,0.252417003484352,"4036/80704/5948/56922/5593/8875/338328/5950/335/2262/2644/2194",12,FALSE
"R-HSA-5635838","Activation of SMO","3/309","18/9062",0.166666666666667,4.88781014023732,3.10205764919206,0.0219104553134341,0.296060426382151,0.277951467158208,"3549/6469/408",3,FALSE
"R-HSA-166016","Toll Like Receptor 4 (TLR4) Cascade","10/309","141/9062",0.0709219858156028,2.07991920861163,2.42819127013894,0.0222267587373987,0.296060426382151,0.277951467158208,"6280/6283/6279/2243/177/6196/729238/653509/6441/671",10,FALSE
"R-HSA-438064","Post NMDA receptor activation events","6/309","65/9062",0.0923076923076923,2.70709484690067,2.59510126948281,0.0229259035414137,0.299385328599638,0.281072996978323,"2890/6196/114/4900/5923/81027",6,FALSE
"R-HSA-1296071","Potassium Channels","6/309","66/9062",0.0909090909090909,2.66607825831127,2.552298599177,0.0245224096891599,0.303179839305491,0.284635411012268,"3767/6833/27345/3759/3787/3772",6,FALSE
"R-HSA-1483166","Synthesis of PA","4/309","33/9062",0.121212121212121,3.55477101108169,2.76234528838102,0.0249051112362131,0.303179839305491,0.284635411012268,"200879/79888/2819/5319",4,FALSE
"R-HSA-75105","Fatty acyl-CoA biosynthesis","4/309","33/9062",0.121212121212121,3.55477101108169,2.76234528838102,0.0249051112362131,0.303179839305491,0.284635411012268,"55301/6319/83401/2194",4,FALSE
"R-HSA-1482801","Acyl chain remodelling of PS","3/309","19/9062",0.157894736842105,4.63055697496168,2.97634062587925,0.0253765144328362,0.303179839305491,0.284635411012268,"5319/123745/255189",3,FALSE
"R-HSA-168898","Toll-like Receptor Cascades","11/309","165/9062",0.0666666666666667,1.95512405609493,2.32631649978306,0.025492599100762,0.303179839305491,0.284635411012268,"6280/6283/6279/2243/177/6196/729238/653509/6441/671/51311",11,FALSE
"R-HSA-416476","G alpha (q) signalling events","10/309","145/9062",0.0689655172413793,2.02254212699476,2.33208656877985,0.0263792117350059,0.308220263430069,0.289367530389539,"1131/60675/5028/6196/148/64106/338557/1128/6368/2867",10,FALSE
"R-HSA-8978868","Fatty acid metabolism","10/309","147/9062",0.0680272108843537,1.99502454703564,2.28518112964126,0.0286518007961483,0.329001712590255,0.308877852502942,"55289/33/5446/55301/6319/83401/6296/247/2194/58526",10,FALSE
"R-HSA-163685","Integration of energy metabolism","7/309","89/9062",0.0786516853932584,2.30660703247155,2.32734089851521,0.0319044649734951,0.360141926649962,0.338113330852027,"1131/9254/51085/114/3767/6833/2194",7,FALSE
"R-HSA-4641263","Regulation of FZD by ubiquitination","3/309","21/9062",0.142857142857143,4.18955154877485,2.74928573655319,0.0331371329487208,0.360260681816259,0.338224822188806,"89780/7855/8325",3,FALSE
"R-HSA-5668599","RHO GTPases Activate NADPH Oxidases","3/309","21/9062",0.142857142857143,4.18955154877485,2.74928573655319,0.0331371329487208,0.360260681816259,0.338224822188806,"5590/6280/6279",3,FALSE
"R-HSA-112315","Transmission across Chemical Synapses","12/309","194/9062",0.0618556701030928,1.81403262936643,2.15337009140151,0.0335377811901022,0.360260681816259,0.338224822188806,"9254/55799/2890/6196/114/4900/5923/6532/27092/3759/81027/3772",12,FALSE
"R-HSA-420092","Glucagon-type ligand receptors","3/309","22/9062",0.136363636363636,3.9991173874669,2.64611936161109,0.0374276358262758,0.395663578734916,0.371462250305896,"6344/7433/7432",3,FALSE
"R-HSA-420029","Tight junction interactions","3/309","23/9062",0.130434782608696,3.8252427184466,2.54887377997652,0.0419874342052384,0.420104242886268,0.394407966294363,"51208/92359/84612",3,FALSE
"R-HSA-112316","Neuronal System","16/309","293/9062",0.0546075085324232,1.60146680362725,1.96634300880783,0.0427183990673832,0.420104242886268,0.394407966294363,"9254/55799/2890/6196/114/3767/6833/4900/27345/5923/6532/27092/3759/3787/81027/3772",16,FALSE
"R-HSA-166786","Creation of C4 and C2 activators","2/309","10/9062",0.2,5.86537216828479,2.89222872102209,0.0435243134521809,0.420104242886268,0.394407966294363,"713/8547",2,FALSE
"R-HSA-5576893","Phase 2 - plateau phase","2/309","10/9062",0.2,5.86537216828479,2.89222872102209,0.0435243134521809,0.420104242886268,0.394407966294363,"9254/27092",2,FALSE
"R-HSA-5682910","LGI-ADAM interactions","2/309","10/9062",0.2,5.86537216828479,2.89222872102209,0.0435243134521809,0.420104242886268,0.394407966294363,"203190/27092",2,FALSE
"R-HSA-77286","mitochondrial fatty acid beta-oxidation of saturated fatty acids","2/309","10/9062",0.2,5.86537216828479,2.89222872102209,0.0435243134521809,0.420104242886268,0.394407966294363,"33/6296",2,FALSE
"R-HSA-442755","Activation of NMDA receptors and postsynaptic events","6/309","76/9062",0.0789473684210526,2.31527848748084,2.16336673055547,0.044655683980625,0.424866936158517,0.398879342623928,"2890/6196/114/4900/5923/81027",6,FALSE
"R-HSA-112314","Neurotransmitter receptors and postsynaptic signal transmission","9/309","140/9062",0.0642857142857143,1.88529819694868,1.98340465774548,0.049794093482879,0.433084178376457,0.406593965474341,"2890/6196/114/4900/5923/27092/3759/81027/3772",9,FALSE
"R-HSA-166658","Complement cascade","4/309","41/9062",0.0975609756097561,2.86115715526087,2.24407038265143,0.0499634332326952,0.433084178376457,0.406593965474341,"713/8547/722/1361",4,FALSE
"R-HSA-5668914","Diseases of metabolism","13/309","230/9062",0.0565217391304348,1.65760517799353,1.8979661067974,0.0510383518983404,0.433084178376457,0.406593965474341,"4582/6439/10675/3373/56922/10568/6440/729238/653509/6441/2262/21/51181",13,FALSE
"R-HSA-9619665","EGR2 and SOX10-mediated initiation of Schwann cell myelination","3/309","25/9062",0.12,3.51922330097087,2.36980913059992,0.0518978579470942,0.433084178376457,0.406593965474341,"84059/4099/57716",3,FALSE
"R-HSA-9725554","Differentiation of Keratinocytes in Interfollicular Epidermis in Mammalian Skin","3/309","25/9062",0.12,3.51922330097087,2.36980913059992,0.0518978579470942,0.433084178376457,0.406593965474341,"84525/1950/2171",3,FALSE
"R-HSA-8856825","Cargo recognition for clathrin-mediated endocytosis","7/309","99/9062",0.0707070707070707,2.07361642313099,2.0180358915032,0.0519520135825684,0.433084178376457,0.406593965474341,"4036/1950/1080/1129/6456/408/6457",7,FALSE
"R-HSA-159418","Recycling of bile acids and salts","2/309","11/9062",0.181818181818182,5.33215651662254,2.70110234334877,0.0520221235287036,0.433084178376457,0.406593965474341,"6579/123264",2,FALSE
"R-HSA-418038","Nucleotide-like (purinergic) receptors","2/309","11/9062",0.181818181818182,5.33215651662254,2.70110234334877,0.0520221235287036,0.433084178376457,0.406593965474341,"53829/5028",2,FALSE
"R-HSA-9651496","Defects of contact activation system (CAS) and kallikrein/kinin system (KKS)","2/309","11/9062",0.181818181818182,5.33215651662254,2.70110234334877,0.0520221235287036,0.433084178376457,0.406593965474341,"2160/2811",2,FALSE
"R-HSA-9796292","Formation of axial mesoderm","2/309","11/9062",0.181818181818182,5.33215651662254,2.70110234334877,0.0520221235287036,0.433084178376457,0.406593965474341,"6469/3170",2,FALSE
"R-HSA-390522","Striated Muscle Contraction","3/309","26/9062",0.115384615384615,3.38386855862584,2.28701866599468,0.0572383230855913,0.456865931938593,0.428921074081751,"7273/7134/7138",3,FALSE
"R-HSA-9660826","Purinergic signaling in leishmaniasis infection","3/309","26/9062",0.115384615384615,3.38386855862584,2.28701866599468,0.0572383230855913,0.456865931938593,0.428921074081751,"3552/4210/3162",3,FALSE
"R-HSA-9664424","Cell recruitment (pro-inflammatory response)","3/309","26/9062",0.115384615384615,3.38386855862584,2.28701866599468,0.0572383230855913,0.456865931938593,0.428921074081751,"3552/4210/3162",3,FALSE
"R-HSA-6783783","Interleukin-10 signaling","4/309","43/9062",0.0930232558139535,2.728080078272,2.13406546887792,0.057794363854365,0.456865931938593,0.428921074081751,"7850/3552/729230/1437",4,FALSE
"R-HSA-5619084","ABC transporter disorders","5/309","62/9062",0.0806451612903226,2.36506942269548,2.02636730392071,0.05959593254226,0.456865931938593,0.428921074081751,"1080/3767/6833/335/21",5,FALSE
"R-HSA-9748784","Drug ADME","5/309","62/9062",0.0806451612903226,2.36506942269548,2.02636730392071,0.05959593254226,0.456865931938593,0.428921074081751,"2944/6581/5446/3177/6579",5,FALSE
"R-HSA-1474151","Tetrahydrobiopterin (BH4) synthesis, recycling, salvage and regulation","2/309","12/9062",0.166666666666667,4.88781014023732,2.53197971653598,0.0610526545683705,0.456865931938593,0.428921074081751,"5593/2644",2,FALSE
"R-HSA-2024101","CS/DS degradation","2/309","12/9062",0.166666666666667,4.88781014023732,2.53197971653598,0.0610526545683705,0.456865931938593,0.428921074081751,"10675/3373",2,FALSE
"R-HSA-419408","Lysosphingolipid and LPA receptors","2/309","12/9062",0.166666666666667,4.88781014023732,2.53197971653598,0.0610526545683705,0.456865931938593,0.428921074081751,"54886/8698",2,FALSE
"R-HSA-5576892","Phase 0 - rapid depolarisation","3/309","27/9062",0.111111111111111,3.25854009349155,2.208179882021,0.0628279035467838,0.461179644240869,0.43297093200423,"6323/9254/27092",3,FALSE
"R-HSA-422356","Regulation of insulin secretion","5/309","63/9062",0.0793650793650794,2.32752863820825,1.98657921930491,0.063014035474353,0.461179644240869,0.43297093200423,"1131/9254/114/3767/6833",5,FALSE
"R-HSA-2453902","The canonical retinoid cycle in rods (twilight vision)","2/309","13/9062",0.153846153846154,4.51182474483445,2.38063633230994,0.0705699543630234,0.494732522166038,0.464471500184331,"5950/8630",2,FALSE
"R-HSA-879415","Advanced glycosylation endproduct receptor signaling","2/309","13/9062",0.153846153846154,4.51182474483445,2.38063633230994,0.0705699543630234,0.494732522166038,0.464471500184331,"6283/177",2,FALSE
"R-HSA-8847993","ERBB2 Activates PTK6 Signaling","2/309","13/9062",0.153846153846154,4.51182474483445,2.38063633230994,0.0705699543630234,0.494732522166038,0.464471500184331,"1950/10718",2,FALSE
"R-HSA-9037629","Lewis blood group biosynthesis","2/309","13/9062",0.153846153846154,4.51182474483445,2.38063633230994,0.0705699543630234,0.494732522166038,0.464471500184331,"2529/2525",2,FALSE
"R-HSA-199418","Negative regulation of the PI3K/AKT network","7/309","108/9062",0.0648148148148148,1.90081505453674,1.76940727660062,0.0755733250209209,0.523910935724097,0.491865174364017,"9173/152831/1950/8395/10718/627/57761",7,FALSE
"R-HSA-2022377","Metabolism of Angiotensinogen to Angiotensins","2/309","14/9062",0.142857142857143,4.18955154877485,2.24391389608662,0.0805305674368724,0.523910935724097,0.491865174364017,"4311/1361",2,FALSE
"R-HSA-354194","GRB2:SOS provides linkage to MAPK signaling for Integrins","2/309","14/9062",0.142857142857143,4.18955154877485,2.24391389608662,0.0805305674368724,0.523910935724097,0.491865174364017,"2243/3674",2,FALSE
"R-HSA-372708","p130Cas linkage to MAPK signaling for integrins","2/309","14/9062",0.142857142857143,4.18955154877485,2.24391389608662,0.0805305674368724,0.523910935724097,0.491865174364017,"2243/3674",2,FALSE
"R-HSA-418457","cGMP effects","2/309","14/9062",0.142857142857143,4.18955154877485,2.24391389608662,0.0805305674368724,0.523910935724097,0.491865174364017,"5593/27345",2,FALSE
"R-HSA-9671793","Diseases of hemostasis","2/309","14/9062",0.142857142857143,4.18955154877485,2.24391389608662,0.0805305674368724,0.523910935724097,0.491865174364017,"2160/2811",2,FALSE
"R-HSA-5260271","Diseases of Immune System","3/309","30/9062",0.1,2.9326860841424,1.99213526381231,0.0810252648342072,0.523910935724097,0.491865174364017,"6280/6279/2243",3,FALSE
"R-HSA-5602358","Diseases associated with the TLR signaling cascade","3/309","30/9062",0.1,2.9326860841424,1.99213526381231,0.0810252648342072,0.523910935724097,0.491865174364017,"6280/6279/2243",3,FALSE
"R-HSA-182971","EGFR downregulation","3/309","31/9062",0.0967741935483871,2.83808330723458,1.92604734027214,0.0875433546652762,0.560614175068019,0.526323407602976,"1950/6456/6457",3,FALSE
"R-HSA-140837","Intrinsic Pathway of Fibrin Clot Formation","2/309","15/9062",0.133333333333333,3.91024811218986,2.11939639478295,0.0908934191023422,0.565747823571588,0.531143049156825,"2160/2811",2,FALSE
"R-HSA-6785631","ERBB2 Regulates Cell Motility","2/309","15/9062",0.133333333333333,3.91024811218986,2.11939639478295,0.0908934191023422,0.565747823571588,0.531143049156825,"1950/10718",2,FALSE
"R-HSA-8875360","InlB-mediated entry of Listeria monocytogenes into host cell","2/309","15/9062",0.133333333333333,3.91024811218986,2.11939639478295,0.0908934191023422,0.565747823571588,0.531143049156825,"6456/6457",2,FALSE
"R-HSA-4791275","Signaling by WNT in cancer","3/309","32/9062",0.09375,2.74939320388349,1.86254763923463,0.0942748822658337,0.570791559900411,0.535878278142634,"89780/7855/8325",3,FALSE
"R-HSA-977444","GABA B receptor activation","3/309","32/9062",0.09375,2.74939320388349,1.86254763923463,0.0942748822658337,0.570791559900411,0.535878278142634,"114/3759/3772",3,FALSE
"R-HSA-991365","Activation of GABAB receptors","3/309","32/9062",0.09375,2.74939320388349,1.86254763923463,0.0942748822658337,0.570791559900411,0.535878278142634,"114/3759/3772",3,FALSE
"R-HSA-397014","Muscle contraction","9/309","161/9062",0.0559006211180124,1.63938973647712,1.53797061884341,0.0991859322518434,0.578450625500625,0.543068866046106,"6323/7273/9254/7134/4311/3767/27092/3759/7138",9,FALSE
"R-HSA-8936459","RUNX1 regulates genes involved in megakaryocyte differentiation and platelet function","4/309","52/9062",0.0769230769230769,2.25591237241723,1.70642598514891,0.100465573715543,0.578450625500625,0.543068866046106,"5196/4778/2811/3674",4,FALSE
"R-HSA-76009","Platelet Aggregation (Plug Formation)","3/309","33/9062",0.0909090909090909,2.66607825831127,1.80144655116138,0.101211859368796,0.578450625500625,0.543068866046106,"2243/2811/3674",3,FALSE
"R-HSA-1369062","ABC transporters in lipid homeostasis","2/309","16/9062",0.125,3.66585760517799,2.0051990421291,0.10161970447984,0.578450625500625,0.543068866046106,"335/21",2,FALSE
"R-HSA-1963640","GRB2 events in ERBB2 signaling","2/309","16/9062",0.125,3.66585760517799,2.0051990421291,0.10161970447984,0.578450625500625,0.543068866046106,"1950/10718",2,FALSE
"R-HSA-1963642","PI3K events in ERBB2 signaling","2/309","16/9062",0.125,3.66585760517799,2.0051990421291,0.10161970447984,0.578450625500625,0.543068866046106,"1950/10718",2,FALSE
"R-HSA-844456","The NLRP3 inflammasome","2/309","16/9062",0.125,3.66585760517799,2.0051990421291,0.10161970447984,0.578450625500625,0.543068866046106,"4210/3162",2,FALSE
"R-HSA-8848021","Signaling by PTK6","4/309","53/9062",0.0754716981132075,2.213347988032,1.66446189182032,0.105914196323639,0.59276348530709,0.556506259321023,"1950/202559/10718/120892",4,FALSE
"R-HSA-9006927","Signaling by Non-Receptor Tyrosine Kinases","4/309","53/9062",0.0754716981132075,2.213347988032,1.66446189182032,0.105914196323639,0.59276348530709,0.556506259321023,"1950/202559/10718/120892",4,FALSE
"R-HSA-425397","Transport of vitamins, nucleosides, and related molecules","3/309","34/9062",0.0882352941176471,2.58766419189035,1.74257377514223,0.108346115982365,0.596351349126077,0.559874666320357,"353189/3177/6579",3,FALSE
"R-HSA-977606","Regulation of Complement cascade","3/309","34/9062",0.0882352941176471,2.58766419189035,1.74257377514223,0.108346115982365,0.596351349126077,0.559874666320357,"713/722/1361",3,FALSE
"R-HSA-381426","Regulation of Insulin-like Growth Factor (IGF) transport and uptake by Insulin-like Growth Factor Binding Proteins (IGFBPs)","6/309","96/9062",0.0625,1.832928802589,1.54146252223748,0.10926724749778,0.596491695356735,0.560006428073179,"255738/84141/2243/335/5265/3483",6,FALSE
"R-HSA-166663","Initial triggering of complement","2/309","17/9062",0.117647058823529,3.45021892252046,1.8998263428637,0.112672782279406,0.610081894293371,0.572765363063478,"713/8547",2,FALSE
"R-HSA-6802948","Signaling by high-kinase activity BRAF mutants","3/309","35/9062",0.0857142857142857,2.51373092926491,1.68577584379741,0.115669337938505,0.621256282798744,0.583256254121154,"2243/408/3674",3,FALSE
"R-HSA-418555","G alpha (s) signalling events","6/309","99/9062",0.0606060606060606,1.77738550554085,1.46122192052607,0.121726503474285,0.635354128600014,0.596491785029885,"6344/7433/59350/7432/114/408",6,FALSE
"R-HSA-5362517","Signaling by Retinoic Acid","3/309","36/9062",0.0833333333333333,2.44390507011866,1.63091402652131,0.123173101576152,0.635354128600014,0.596491785029885,"6258/195814/2171",3,FALSE
"R-HSA-3560783","Defective B4GALT7 causes EDS, progeroid type","2/309","18/9062",0.111111111111111,3.25854009349155,1.80207400060815,0.124018073150153,0.635354128600014,0.596491785029885,"10675/2262",2,FALSE
"R-HSA-3560801","Defective B3GAT3 causes JDSSDHD","2/309","18/9062",0.111111111111111,3.25854009349155,1.80207400060815,0.124018073150153,0.635354128600014,0.596491785029885,"10675/2262",2,FALSE
"R-HSA-4420332","Defective B3GALT6 causes EDSP2 and SEMDJL1","2/309","18/9062",0.111111111111111,3.25854009349155,1.80207400060815,0.124018073150153,0.635354128600014,0.596491785029885,"10675/2262",2,FALSE
"R-HSA-9620244","Long-term potentiation","2/309","18/9062",0.111111111111111,3.25854009349155,1.80207400060815,0.124018073150153,0.635354128600014,0.596491785029885,"2890/4900",2,FALSE
"R-HSA-5576891","Cardiac conduction","6/309","101/9062",0.0594059405940594,1.74218975295588,1.40924415716378,0.130406102424449,0.655228354995501,0.615150375955947,"6323/9254/4311/3767/27092/3759",6,FALSE
"R-HSA-6811558","PI5P, PP2A and IER3 Regulate PI3K/AKT Signaling","6/309","101/9062",0.0594059405940594,1.74218975295588,1.40924415716378,0.130406102424449,0.655228354995501,0.615150375955947,"9173/152831/1950/8395/10718/627",6,FALSE
"R-HSA-977443","GABA receptor activation","3/309","37/9062",0.0810810810810811,2.37785358173708,1.57786254444334,0.13084890572733,0.655228354995501,0.615150375955947,"114/3759/3772",3,FALSE
"R-HSA-425407","SLC-mediated transmembrane transport","9/309","172/9062",0.0523255813953488,1.534545044028,1.32980049734164,0.133413712071964,0.65930578807106,0.618978407008392,"200010/115019/10568/64116/353189/6581/3177/6579/11254",9,FALSE
"R-HSA-1296041","Activation of G protein gated Potassium channels","2/309","19/9062",0.105263157894737,3.08703798330778,1.71095949748527,0.135622962411014,0.65930578807106,0.618978407008392,"3759/3772",2,FALSE
"R-HSA-1296059","G protein gated Potassium channels","2/309","19/9062",0.105263157894737,3.08703798330778,1.71095949748527,0.135622962411014,0.65930578807106,0.618978407008392,"3759/3772",2,FALSE
"R-HSA-997272","Inhibition  of voltage gated Ca2+ channels via Gbeta/gamma subunits","2/309","19/9062",0.105263157894737,3.08703798330778,1.71095949748527,0.135622962411014,0.65930578807106,0.618978407008392,"3759/3772",2,FALSE
"R-HSA-437239","Recycling pathway of L1","3/309","38/9062",0.0789473684210526,2.31527848748084,1.52650704367675,0.138688201165659,0.663025165816875,0.622470283697208,"6196/6456/81027",3,FALSE
"R-HSA-9830369","Kidney development","3/309","38/9062",0.0789473684210526,2.31527848748084,1.52650704367675,0.138688201165659,0.663025165816875,0.622470283697208,"153572/79192/6928",3,FALSE
"R-HSA-373760","L1CAM interactions","6/309","103/9062",0.058252427184466,1.70836082571402,1.3584142234225,0.139374659481025,0.663025165816875,0.622470283697208,"6323/27255/6196/6456/3674/81027",6,FALSE
"R-HSA-5674135","MAP2K and MAPK activation","3/309","39/9062",0.0769230769230769,2.25591237241723,1.47674328373335,0.14668241766854,0.672644978432502,0.631501686721837,"2243/408/3674",3,FALSE
"R-HSA-199220","Vitamin B5 (pantothenate) metabolism","2/309","20/9062",0.1,2.9326860841424,1.62567192936605,0.147456706983702,0.672644978432502,0.631501686721837,"8875/2194",2,FALSE
"R-HSA-3238698","WNT ligand biogenesis and trafficking","2/309","20/9062",0.1,2.9326860841424,1.62567192936605,0.147456706983702,0.672644978432502,0.631501686721837,"89780/7476",2,FALSE
"R-HSA-392154","Nitric oxide stimulates guanylate cyclase","2/309","20/9062",0.1,2.9326860841424,1.62567192936605,0.147456706983702,0.672644978432502,0.631501686721837,"5593/27345",2,FALSE
"R-HSA-8876384","Listeria monocytogenes entry into host cells","2/309","20/9062",0.1,2.9326860841424,1.62567192936605,0.147456706983702,0.672644978432502,0.631501686721837,"6456/6457",2,FALSE
"R-HSA-9717189","Sensory perception of taste","2/309","20/9062",0.1,2.9326860841424,1.62567192936605,0.147456706983702,0.672644978432502,0.631501686721837,"6337/3759",2,FALSE
"R-HSA-446652","Interleukin-1 family signaling","7/309","130/9062",0.0538461538461538,1.57913866069206,1.24959338378299,0.155544260912142,0.694252095901739,0.651787173961804,"6283/7850/9173/8809/8807/3552/177",7,FALSE
"R-HSA-5358351","Signaling by Hedgehog","7/309","130/9062",0.0538461538461538,1.57913866069206,1.24959338378299,0.155544260912142,0.694252095901739,0.651787173961804,"3549/64399/6469/114/408/2262/81027",7,FALSE
"R-HSA-8957275","Post-translational protein phosphorylation","5/309","84/9062",0.0595238095238095,1.74564647865619,1.28994636906901,0.158401075436156,0.694252095901739,0.651787173961804,"255738/84141/2243/335/5265",5,FALSE
"R-HSA-190861","Gap junction assembly","2/309","21/9062",0.0952380952380952,2.7930343658499,1.54553507971186,0.159490346355805,0.694252095901739,0.651787173961804,"81027/2705",2,FALSE
"R-HSA-622312","Inflammasomes","2/309","21/9062",0.0952380952380952,2.7930343658499,1.54553507971186,0.159490346355805,0.694252095901739,0.651787173961804,"4210/3162",2,FALSE
"R-HSA-6807004","Negative regulation of MET activity","2/309","21/9062",0.0952380952380952,2.7930343658499,1.54553507971186,0.159490346355805,0.694252095901739,0.651787173961804,"6456/6457",2,FALSE
"R-HSA-8963899","Plasma lipoprotein remodeling","2/309","21/9062",0.0952380952380952,2.7930343658499,1.54553507971186,0.159490346355805,0.694252095901739,0.651787173961804,"338328/335",2,FALSE
"R-HSA-9656223","Signaling by RAF1 mutants","3/309","41/9062",0.0731707317073171,2.14586786644565,1.38161795432168,0.163101374805137,0.705360491040398,0.662216108231384,"2243/408/3674",3,FALSE
"R-HSA-1250196","SHC1 events in ERBB2 signaling","2/309","22/9062",0.0909090909090909,2.66607825831127,1.46997978661993,0.171696617408758,0.716409733257784,0.672589507752685,"1950/10718",2,FALSE
"R-HSA-9615017","FOXO-mediated transcription of oxidative stress, metabolic and neuronal genes","2/309","22/9062",0.0909090909090909,2.66607825831127,1.46997978661993,0.171696617408758,0.716409733257784,0.672589507752685,"181/56729",2,FALSE
"R-HSA-9665686","Signaling by ERBB2 TMD/JMD mutants","2/309","22/9062",0.0909090909090909,2.66607825831127,1.46997978661993,0.171696617408758,0.716409733257784,0.672589507752685,"1950/10718",2,FALSE
"R-HSA-9748787","Azathioprine ADME","2/309","22/9062",0.0909090909090909,2.66607825831127,1.46997978661993,0.171696617408758,0.716409733257784,0.672589507752685,"2944/3177",2,FALSE
"R-HSA-166058","MyD88:MAL(TIRAP) cascade initiated on plasma membrane","6/309","110/9062",0.0545454545454545,1.59964695498676,1.18883280100318,0.17290066703647,0.716409733257784,0.672589507752685,"6280/6283/6279/2243/177/6196",6,FALSE
"R-HSA-168188","Toll Like Receptor TLR6:TLR2 Cascade","6/309","110/9062",0.0545454545454545,1.59964695498676,1.18883280100318,0.17290066703647,0.716409733257784,0.672589507752685,"6280/6283/6279/2243/177/6196",6,FALSE
"R-HSA-1500931","Cell-Cell communication","7/309","134/9062",0.0522388059701493,1.53200019320871,1.16567085780443,0.173186136718473,0.716409733257784,0.672589507752685,"253559/51208/729238/653509/6441/92359/84612",7,FALSE
"R-HSA-5619115","Disorders of transmembrane transporters","7/309","135/9062",0.0518518518518519,1.52065204362939,1.14511877409383,0.177727749767111,0.730658526820346,0.685966753487096,"10568/1080/3767/6833/335/21/11254",7,FALSE
"R-HSA-186712","Regulation of beta-cell development","2/309","23/9062",0.0869565217391304,2.55016181229773,1.39852295602377,0.18404987295195,0.73841696015662,0.693250631156997,"6928/3170",2,FALSE
"R-HSA-449836","Other interleukin signaling","2/309","23/9062",0.0869565217391304,2.55016181229773,1.39852295602377,0.18404987295195,0.73841696015662,0.693250631156997,"1441/5657",2,FALSE
"R-HSA-9013508","NOTCH3 Intracellular Domain Regulates Transcription","2/309","23/9062",0.0869565217391304,2.55016181229773,1.39852295602377,0.18404987295195,0.73841696015662,0.693250631156997,"23286/171558",2,FALSE
"R-HSA-9820960","Respiratory syncytial virus (RSV) attachment and entry","2/309","23/9062",0.0869565217391304,2.55016181229773,1.39852295602377,0.18404987295195,0.73841696015662,0.693250631156997,"1524/2262",2,FALSE
"R-HSA-8856828","Clathrin-mediated endocytosis","7/309","138/9062",0.0507246376811594,1.48759439050701,1.08444443324611,0.191651081060249,0.755658559006763,0.709437622965097,"4036/1950/1080/1129/6456/408/6457",7,FALSE
"R-HSA-1971475","A tetrasaccharide linker sequence is required for GAG synthesis","2/309","24/9062",0.0833333333333333,2.44390507011866,1.3307514082082,0.196526003810515,0.755658559006763,0.709437622965097,"10675/2262",2,FALSE
"R-HSA-399719","Trafficking of AMPA receptors","2/309","24/9062",0.0833333333333333,2.44390507011866,1.3307514082082,0.196526003810515,0.755658559006763,0.709437622965097,"2890/27092",2,FALSE
"R-HSA-399721","Glutamate binding, activation of AMPA receptors and synaptic plasticity","2/309","24/9062",0.0833333333333333,2.44390507011866,1.3307514082082,0.196526003810515,0.755658559006763,0.709437622965097,"2890/27092",2,FALSE
"R-HSA-6802946","Signaling by moderate kinase activity BRAF mutants","3/309","45/9062",0.0666666666666667,1.95512405609493,1.20676816896793,0.197424308208974,0.755658559006763,0.709437622965097,"2243/408/3674",3,FALSE
"R-HSA-6802949","Signaling by RAS mutants","3/309","45/9062",0.0666666666666667,1.95512405609493,1.20676816896793,0.197424308208974,0.755658559006763,0.709437622965097,"2243/408/3674",3,FALSE
"R-HSA-6802955","Paradoxical activation of RAF signaling by kinase inactive BRAF","3/309","45/9062",0.0666666666666667,1.95512405609493,1.20676816896793,0.197424308208974,0.755658559006763,0.709437622965097,"2243/408/3674",3,FALSE
"R-HSA-9649948","Signaling downstream of RAS mutants","3/309","45/9062",0.0666666666666667,1.95512405609493,1.20676816896793,0.197424308208974,0.755658559006763,0.709437622965097,"2243/408/3674",3,FALSE
"R-HSA-163125","Post-translational modification: synthesis of GPI-anchored proteins","4/309","68/9062",0.0588235294117647,1.72510946126023,1.12763988153039,0.201444829767169,0.766641466428197,0.719748745153072,"249/8875/338328/10942",4,FALSE
"R-HSA-442742","CREB1 phosphorylation through NMDA receptor-mediated activation of RAS signaling","2/309","25/9062",0.08,2.34614886731392,1.26630929289906,0.209102364320378,0.782371767625685,0.734516879989974,"6196/5923",2,FALSE
"R-HSA-933542","TRAF6 mediated NF-kB activation","2/309","25/9062",0.08,2.34614886731392,1.26630929289906,0.209102364320378,0.782371767625685,0.734516879989974,"6283/177",2,FALSE
"R-HSA-9664565","Signaling by ERBB2 KD Mutants","2/309","25/9062",0.08,2.34614886731392,1.26630929289906,0.209102364320378,0.782371767625685,0.734516879989974,"1950/10718",2,FALSE
"R-HSA-9012852","Signaling by NOTCH3","3/309","47/9062",0.0638297872340425,1.87192728775046,1.12599165958597,0.215195761353974,0.785900588945492,0.737829855908997,"1950/23286/171558",3,FALSE
"R-HSA-913709","O-linked glycosylation of mucins","3/309","47/9062",0.0638297872340425,1.87192728775046,1.12599165958597,0.215195761353974,0.785900588945492,0.737829855908997,"4582/114805/374907",3,FALSE
"R-HSA-1227990","Signaling by ERBB2 in Cancer","2/309","26/9062",0.0769230769230769,2.25591237241723,1.20488817564151,0.221757701089944,0.785900588945492,0.737829855908997,"1950/10718",2,FALSE
"R-HSA-201451","Signaling by BMP","2/309","26/9062",0.0769230769230769,2.25591237241723,1.20488817564151,0.221757701089944,0.785900588945492,0.737829855908997,"94/4091",2,FALSE
"R-HSA-354192","Integrin signaling","2/309","26/9062",0.0769230769230769,2.25591237241723,1.20488817564151,0.221757701089944,0.785900588945492,0.737829855908997,"2243/3674",2,FALSE
"R-HSA-8978934","Metabolism of cofactors","2/309","26/9062",0.0769230769230769,2.25591237241723,1.20488817564151,0.221757701089944,0.785900588945492,0.737829855908997,"5593/2644",2,FALSE
"R-HSA-8979227","Triglyceride metabolism","2/309","26/9062",0.0769230769230769,2.25591237241723,1.20488817564151,0.221757701089944,0.785900588945492,0.737829855908997,"2171/84649",2,FALSE
"R-HSA-5632684","Hedgehog 'on' state","4/309","71/9062",0.0563380281690141,1.6522175121929,1.03658870362614,0.223007628707465,0.785900588945492,0.737829855908997,"3549/64399/6469/408",4,FALSE
"R-HSA-1236975","Antigen processing-Cross presentation","5/309","95/9062",0.0526315789473684,1.54351899165389,1.00055687923169,0.223252043371363,0.785900588945492,0.737829855908997,"2209/6280/6279/2243/3135",5,FALSE
"R-HSA-1793185","Chondroitin sulfate/dermatan sulfate metabolism","3/309","48/9062",0.0625,1.832928802589,1.08707263341156,0.224205873723188,0.785900588945492,0.737829855908997,"10675/3373/2262",3,FALSE
"R-HSA-6805567","Keratinization","3/309","48/9062",0.0625,1.832928802589,1.08707263341156,0.224205873723188,0.785900588945492,0.737829855908997,"5493/5652/5266",3,FALSE
"R-HSA-6809371","Formation of the cornified envelope","3/309","48/9062",0.0625,1.832928802589,1.08707263341156,0.224205873723188,0.785900588945492,0.737829855908997,"5493/5652/5266",3,FALSE
"R-HSA-425366","Transport of bile salts and organic acids, metal ions and amine compounds","3/309","49/9062",0.0612244897959184,1.79552209233208,1.04906993296898,0.233288563472789,0.804940250201042,0.755704929064989,"64116/6581/11254",3,FALSE
"R-HSA-1483191","Synthesis of PC","2/309","27/9062",0.0740740740740741,2.1723600623277,1.14621914907644,0.234472084893397,0.804940250201042,0.755704929064989,"84879/79888",2,FALSE
"R-HSA-1592389","Activation of Matrix Metalloproteinases","2/309","27/9062",0.0740740740740741,2.1723600623277,1.14621914907644,0.234472084893397,0.804940250201042,0.755704929064989,"4317/64386",2,FALSE
"R-HSA-5620971","Pyroptosis","2/309","27/9062",0.0740740740740741,2.1723600623277,1.14621914907644,0.234472084893397,0.804940250201042,0.755704929064989,"3552/838",2,FALSE
"R-HSA-2219530","Constitutive Signaling by Aberrant PI3K in Cancer","4/309","74/9062",0.0540540540540541,1.58523572115805,0.949738393934453,0.245138563177856,0.835802432217837,0.784679381598539,"152831/1950/10718/627",4,FALSE
"R-HSA-4641262","Disassembly of the destruction complex and recruitment of AXIN to the membrane","2/309","28/9062",0.0714285714285714,2.09477577438742,1.09006649691562,0.247226845565937,0.835802432217837,0.784679381598539,"89780/7855",2,FALSE
"R-HSA-8941326","RUNX2 regulates bone development","2/309","28/9062",0.0714285714285714,2.09477577438742,1.09006649691562,0.247226845565937,0.835802432217837,0.784679381598539,"3549/4091",2,FALSE
"R-HSA-421270","Cell-cell junction organization","4/309","75/9062",0.0533333333333333,1.56409924487594,0.921653379512795,0.252623186266584,0.849732535623963,0.797757430315527,"253559/51208/92359/84612",4,FALSE
"R-HSA-5663084","Diseases of carbohydrate metabolism","2/309","29/9062",0.0689655172413793,2.02254212699476,1.03622256121521,0.260004509776447,0.864465479797552,0.811589212896706,"3373/51181",2,FALSE
"R-HSA-8863795","Downregulation of ERBB2 signaling","2/309","29/9062",0.0689655172413793,2.02254212699476,1.03622256121521,0.260004509776447,0.864465479797552,0.811589212896706,"1950/10718",2,FALSE
"R-HSA-5358346","Hedgehog ligand biogenesis","3/309","52/9062",0.0576923076923077,1.69193427931292,0.940140936713856,0.26089723939836,0.864465479797552,0.811589212896706,"3549/6469/2262",3,FALSE
"R-HSA-6806834","Signaling by MET","4/309","77/9062",0.051948051948052,1.52347329046358,0.866701782628994,0.267730337083764,0.876445075878524,0.822836059857505,"6456/10319/6457/3249",4,FALSE
"R-HSA-177929","Signaling by EGFR","3/309","53/9062",0.0566037735849057,1.660010991024,0.90539824813476,0.270196221982844,0.876445075878524,0.822836059857505,"1950/6456/6457",3,FALSE
"R-HSA-109704","PI3K Cascade","2/309","31/9062",0.0645161290322581,1.89205553815638,0.934746096588029,0.285564285481674,0.876445075878524,0.822836059857505,"152831/57761",2,FALSE
"R-HSA-1236974","ER-Phagosome pathway","4/309","80/9062",0.05,1.4663430420712,0.787141500271109,0.290678186822904,0.876445075878524,0.822836059857505,"6280/6279/2243/3135",4,FALSE
"R-HSA-1250342","PI3K events in ERBB4 signaling","1/309","10/9062",0.1,2.9326860841424,1.14888851416415,0.293271640766087,0.876445075878524,0.822836059857505,"10718",1,FALSE
"R-HSA-170660","Adenylate cyclase activating pathway","1/309","10/9062",0.1,2.9326860841424,1.14888851416415,0.293271640766087,0.876445075878524,0.822836059857505,"114",1,FALSE
"R-HSA-209776","Metabolism of amine-derived hormones","1/309","10/9062",0.1,2.9326860841424,1.14888851416415,0.293271640766087,0.876445075878524,0.822836059857505,"53905",1,FALSE
"R-HSA-351906","Apoptotic cleavage of cell adhesion  proteins","1/309","10/9062",0.1,2.9326860841424,1.14888851416415,0.293271640766087,0.876445075878524,0.822836059857505,"100506658",1,FALSE
"R-HSA-418889","Caspase activation via Dependence Receptors in the absence of ligand","1/309","10/9062",0.1,2.9326860841424,1.14888851416415,0.293271640766087,0.876445075878524,0.822836059857505,"23604",1,FALSE
"R-HSA-435354","Zinc transporters","1/309","10/9062",0.1,2.9326860841424,1.14888851416415,0.293271640766087,0.876445075878524,0.822836059857505,"64116",1,FALSE
"R-HSA-5578768","Physiological factors","1/309","10/9062",0.1,2.9326860841424,1.14888851416415,0.293271640766087,0.876445075878524,0.822836059857505,"4311",1,FALSE
"R-HSA-8963693","Aspartate and asparagine metabolism","1/309","10/9062",0.1,2.9326860841424,1.14888851416415,0.293271640766087,0.876445075878524,0.822836059857505,"374569",1,FALSE
"R-HSA-9634600","Regulation of glycolysis by fructose 2,6-bisphosphate metabolism","1/309","10/9062",0.1,2.9326860841424,1.14888851416415,0.293271640766087,0.876445075878524,0.822836059857505,"5208",1,FALSE
"R-HSA-114604","GPVI-mediated activation cascade","2/309","32/9062",0.0625,1.832928802589,0.886804391070437,0.29831691236273,0.876445075878524,0.822836059857505,"5590/80739",2,FALSE
"R-HSA-156590","Glutathione conjugation","2/309","32/9062",0.0625,1.832928802589,0.886804391070437,0.29831691236273,0.876445075878524,0.822836059857505,"2944/4257",2,FALSE
"R-HSA-190828","Gap junction trafficking","2/309","32/9062",0.0625,1.832928802589,0.886804391070437,0.29831691236273,0.876445075878524,0.822836059857505,"81027/2705",2,FALSE
"R-HSA-194068","Bile acid and bile salt metabolism","2/309","32/9062",0.0625,1.832928802589,0.886804391070437,0.29831691236273,0.876445075878524,0.822836059857505,"6579/123264",2,FALSE
"R-HSA-432720","Lysosome Vesicle Biogenesis","2/309","32/9062",0.0625,1.832928802589,0.886804391070437,0.29831691236273,0.876445075878524,0.822836059857505,"6456/408",2,FALSE
"R-HSA-5694530","Cargo concentration in the ER","2/309","32/9062",0.0625,1.832928802589,0.886804391070437,0.29831691236273,0.876445075878524,0.822836059857505,"2890/5265",2,FALSE
"R-HSA-77289","Mitochondrial Fatty Acid Beta-Oxidation","2/309","32/9062",0.0625,1.832928802589,0.886804391070437,0.29831691236273,0.876445075878524,0.822836059857505,"33/6296",2,FALSE
"R-HSA-1236977","Endosomal/Vacuolar pathway","1/309","11/9062",0.0909090909090909,2.66607825831127,1.03880085367634,0.317396592489825,0.876445075878524,0.822836059857505,"3135",1,FALSE
"R-HSA-190840","Microtubule-dependent trafficking of connexons from Golgi to the plasma membrane","1/309","11/9062",0.0909090909090909,2.66607825831127,1.03880085367634,0.317396592489825,0.876445075878524,0.822836059857505,"81027",1,FALSE
"R-HSA-196780","Biotin transport and metabolism","1/309","11/9062",0.0909090909090909,2.66607825831127,1.03880085367634,0.317396592489825,0.876445075878524,0.822836059857505,"56922",1,FALSE
"R-HSA-196791","Vitamin D (calciferol) metabolism","1/309","11/9062",0.0909090909090909,2.66607825831127,1.03880085367634,0.317396592489825,0.876445075878524,0.822836059857505,"4036",1,FALSE
"R-HSA-2168880","Scavenging of heme from plasma","1/309","11/9062",0.0909090909090909,2.66607825831127,1.03880085367634,0.317396592489825,0.876445075878524,0.822836059857505,"335",1,FALSE
"R-HSA-2206281","Mucopolysaccharidoses","1/309","11/9062",0.0909090909090909,2.66607825831127,1.03880085367634,0.317396592489825,0.876445075878524,0.822836059857505,"3373",1,FALSE
"R-HSA-5576886","Phase 4 - resting membrane potential","1/309","11/9062",0.0909090909090909,2.66607825831127,1.03880085367634,0.317396592489825,0.876445075878524,0.822836059857505,"3759",1,FALSE
"R-HSA-71384","Ethanol oxidation","1/309","11/9062",0.0909090909090909,2.66607825831127,1.03880085367634,0.317396592489825,0.876445075878524,0.822836059857505,"55902",1,FALSE
"R-HSA-8963889","Assembly of active LPL and LIPC lipase complexes","1/309","11/9062",0.0909090909090909,2.66607825831127,1.03880085367634,0.317396592489825,0.876445075878524,0.822836059857505,"338328",1,FALSE
"R-HSA-9028731","Activated NTRK2 signals through FRS2 and FRS3","1/309","11/9062",0.0909090909090909,2.66607825831127,1.03880085367634,0.317396592489825,0.876445075878524,0.822836059857505,"627",1,FALSE
"R-HSA-9701898","STAT3 nuclear events downstream of ALK signaling","1/309","11/9062",0.0909090909090909,2.66607825831127,1.03880085367634,0.317396592489825,0.876445075878524,0.822836059857505,"29126",1,FALSE
"R-HSA-9818030","NFE2L2 regulating tumorigenic genes","1/309","11/9062",0.0909090909090909,2.66607825831127,1.03880085367634,0.317396592489825,0.876445075878524,0.822836059857505,"1950",1,FALSE
"R-HSA-9834899","Specification of the neural plate border","1/309","11/9062",0.0909090909090909,2.66607825831127,1.03880085367634,0.317396592489825,0.876445075878524,0.822836059857505,"89780",1,FALSE
"R-HSA-157858","Gap junction trafficking and regulation","2/309","34/9062",0.0588235294117647,1.72510946126023,0.795858933994814,0.323701320607861,0.876445075878524,0.822836059857505,"81027/2705",2,FALSE
"R-HSA-9646399","Aggrephagy","2/309","34/9062",0.0588235294117647,1.72510946126023,0.795858933994814,0.323701320607861,0.876445075878524,0.822836059857505,"1080/81027",2,FALSE
"R-HSA-9913351","Formation of the dystrophin-glycoprotein complex (DGC)","2/309","34/9062",0.0588235294117647,1.72510946126023,0.795858933994814,0.323701320607861,0.876445075878524,0.822836059857505,"10319/6445",2,FALSE
"R-HSA-174824","Plasma lipoprotein assembly, remodeling, and clearance","3/309","59/9062",0.0508474576271186,1.49119631397071,0.711174736538126,0.326527447060417,0.876445075878524,0.822836059857505,"255738/338328/335",3,FALSE
"R-HSA-2980736","Peptide hormone metabolism","3/309","59/9062",0.0508474576271186,1.49119631397071,0.711174736538126,0.326527447060417,0.876445075878524,0.822836059857505,"4311/338557/1361",3,FALSE
"R-HSA-977225","Amyloid fiber formation","3/309","60/9062",0.05,1.4663430420712,0.680926855551911,0.335947494380279,0.876445075878524,0.822836059857505,"54959/2243/335",3,FALSE
"R-HSA-112399","IRS-mediated signalling","2/309","35/9062",0.0571428571428571,1.67582061950994,0.752631827152603,0.336309319557519,0.876445075878524,0.822836059857505,"152831/57761",2,FALSE
"R-HSA-432040","Vasopressin regulates renal water homeostasis via Aquaporins","2/309","35/9062",0.0571428571428571,1.67582061950994,0.752631827152603,0.336309319557519,0.876445075878524,0.822836059857505,"114/361",2,FALSE
"R-HSA-8964043","Plasma lipoprotein clearance","2/309","35/9062",0.0571428571428571,1.67582061950994,0.752631827152603,0.336309319557519,0.876445075878524,0.822836059857505,"255738/335",2,FALSE
"R-HSA-382556","ABC-family proteins mediated transport","4/309","86/9062",0.0465116279069767,1.364040039136,0.63730275622188,0.337241602109025,0.876445075878524,0.822836059857505,"1080/3767/335/21",4,FALSE
"R-HSA-1483213","Synthesis of PE","1/309","12/9062",0.0833333333333333,2.44390507011866,0.940359281515928,0.340700586846321,0.876445075878524,0.822836059857505,"5833",1,FALSE
"R-HSA-1679131","Trafficking and processing of endosomal TLR","1/309","12/9062",0.0833333333333333,2.44390507011866,0.940359281515928,0.340700586846321,0.876445075878524,0.822836059857505,"51311",1,FALSE
"R-HSA-190872","Transport of connexons to the plasma membrane","1/309","12/9062",0.0833333333333333,2.44390507011866,0.940359281515928,0.340700586846321,0.876445075878524,0.822836059857505,"81027",1,FALSE
"R-HSA-200425","Carnitine shuttle","1/309","12/9062",0.0833333333333333,2.44390507011866,0.940359281515928,0.340700586846321,0.876445075878524,0.822836059857505,"58526",1,FALSE
"R-HSA-2029481","FCGR activation","1/309","12/9062",0.0833333333333333,2.44390507011866,0.940359281515928,0.340700586846321,0.876445075878524,0.822836059857505,"2209",1,FALSE
"R-HSA-2160916","Hyaluronan uptake and degradation","1/309","12/9062",0.0833333333333333,2.44390507011866,0.940359281515928,0.340700586846321,0.876445075878524,0.822836059857505,"3373",1,FALSE
"R-HSA-5083625","Defective GALNT3 causes HFTC","1/309","12/9062",0.0833333333333333,2.44390507011866,0.940359281515928,0.340700586846321,0.876445075878524,0.822836059857505,"4582",1,FALSE
"R-HSA-5083636","Defective GALNT12 causes CRCS1","1/309","12/9062",0.0833333333333333,2.44390507011866,0.940359281515928,0.340700586846321,0.876445075878524,0.822836059857505,"4582",1,FALSE
"R-HSA-5423646","Aflatoxin activation and detoxification","1/309","12/9062",0.0833333333333333,2.44390507011866,0.940359281515928,0.340700586846321,0.876445075878524,0.822836059857505,"4257",1,FALSE
"R-HSA-9823730","Formation of definitive endoderm","1/309","12/9062",0.0833333333333333,2.44390507011866,0.940359281515928,0.340700586846321,0.876445075878524,0.822836059857505,"3170",1,FALSE
"R-HSA-9865118","Diseases of branched-chain amino acid catabolism","1/309","12/9062",0.0833333333333333,2.44390507011866,0.940359281515928,0.340700586846321,0.876445075878524,0.822836059857505,"56922",1,FALSE
"R-HSA-202733","Cell surface interactions at the vascular wall","5/309","114/9062",0.043859649122807,1.28626582637824,0.577893467027621,0.348549098950855,0.876445075878524,0.822836059857505,"51744/5196/4099/1084/57126",5,FALSE
"R-HSA-9758941","Gastrulation","4/309","89/9062",0.0449438202247191,1.31806116141231,0.566533571906397,0.360668480706288,0.876445075878524,0.822836059857505,"89780/3549/6469/3170",4,FALSE
"R-HSA-2428928","IRS-related events triggered by IGF1R","2/309","37/9062",0.0540540540540541,1.58523572115805,0.670188426640665,0.361303763482792,0.876445075878524,0.822836059857505,"152831/57761",2,FALSE
"R-HSA-1187000","Fertilization","1/309","13/9062",0.0769230769230769,2.25591237241723,0.851372389345972,0.363211472886596,0.876445075878524,0.822836059857505,"284359",1,FALSE
"R-HSA-170670","Adenylate cyclase inhibitory pathway","1/309","13/9062",0.0769230769230769,2.25591237241723,0.851372389345972,0.363211472886596,0.876445075878524,0.822836059857505,"114",1,FALSE
"R-HSA-179812","GRB2 events in EGFR signaling","1/309","13/9062",0.0769230769230769,2.25591237241723,0.851372389345972,0.363211472886596,0.876445075878524,0.822836059857505,"1950",1,FALSE
"R-HSA-204174","Regulation of pyruvate dehydrogenase (PDH) complex","1/309","13/9062",0.0769230769230769,2.25591237241723,0.851372389345972,0.363211472886596,0.876445075878524,0.822836059857505,"57546",1,FALSE
"R-HSA-2046104","alpha-linolenic (omega3) and linoleic (omega6) acid metabolism","1/309","13/9062",0.0769230769230769,2.25591237241723,0.851372389345972,0.363211472886596,0.876445075878524,0.822836059857505,"83401",1,FALSE
"R-HSA-2046106","alpha-linolenic acid (ALA) metabolism","1/309","13/9062",0.0769230769230769,2.25591237241723,0.851372389345972,0.363211472886596,0.876445075878524,0.822836059857505,"83401",1,FALSE
"R-HSA-210744","Regulation of gene expression in late stage (branching morphogenesis) pancreatic bud precursor cells","1/309","13/9062",0.0769230769230769,2.25591237241723,0.851372389345972,0.363211472886596,0.876445075878524,0.822836059857505,"6928",1,FALSE
"R-HSA-3772470","Negative regulation of TCF-dependent signaling by WNT ligand antagonists","1/309","13/9062",0.0769230769230769,2.25591237241723,0.851372389345972,0.363211472886596,0.876445075878524,0.822836059857505,"89780",1,FALSE
"R-HSA-381771","Synthesis, secretion, and inactivation of Glucagon-like Peptide-1 (GLP-1)","1/309","13/9062",0.0769230769230769,2.25591237241723,0.851372389345972,0.363211472886596,0.876445075878524,0.822836059857505,"338557",1,FALSE
"R-HSA-400508","Incretin synthesis, secretion, and inactivation","1/309","13/9062",0.0769230769230769,2.25591237241723,0.851372389345972,0.363211472886596,0.876445075878524,0.822836059857505,"338557",1,FALSE
"R-HSA-442720","CREB1 phosphorylation through the activation of Adenylate Cyclase","1/309","13/9062",0.0769230769230769,2.25591237241723,0.851372389345972,0.363211472886596,0.876445075878524,0.822836059857505,"114",1,FALSE
"R-HSA-5083632","Defective C1GALT1C1 causes TNPS","1/309","13/9062",0.0769230769230769,2.25591237241723,0.851372389345972,0.363211472886596,0.876445075878524,0.822836059857505,"4582",1,FALSE
"R-HSA-5140745","WNT5A-dependent internalization of FZD2, FZD5 and ROR2","1/309","13/9062",0.0769230769230769,2.25591237241723,0.851372389345972,0.363211472886596,0.876445075878524,0.822836059857505,"7855",1,FALSE
"R-HSA-5654719","SHC-mediated cascade:FGFR4","1/309","13/9062",0.0769230769230769,2.25591237241723,0.851372389345972,0.363211472886596,0.876445075878524,0.822836059857505,"152831",1,FALSE
"R-HSA-5654720","PI-3K cascade:FGFR4","1/309","13/9062",0.0769230769230769,2.25591237241723,0.851372389345972,0.363211472886596,0.876445075878524,0.822836059857505,"152831",1,FALSE
"R-HSA-75892","Platelet Adhesion to exposed collagen","1/309","13/9062",0.0769230769230769,2.25591237241723,0.851372389345972,0.363211472886596,0.876445075878524,0.822836059857505,"2811",1,FALSE
"R-HSA-8963898","Plasma lipoprotein assembly","1/309","13/9062",0.0769230769230769,2.25591237241723,0.851372389345972,0.363211472886596,0.876445075878524,0.822836059857505,"335",1,FALSE
"R-HSA-8964539","Glutamate and glutamine metabolism","1/309","13/9062",0.0769230769230769,2.25591237241723,0.851372389345972,0.363211472886596,0.876445075878524,0.822836059857505,"284716",1,FALSE
"R-HSA-196849","Metabolism of water-soluble vitamins and cofactors","5/309","117/9062",0.0427350427350427,1.2532846513429,0.518084348277287,0.368999116011823,0.883287566526532,0.829260019783088,"4036/80704/56922/8875/2194",5,FALSE
"R-HSA-2428924","IGF1R signaling cascade","2/309","38/9062",0.0526315789473684,1.54351899165389,0.630806005746245,0.373671294722632,0.883287566526532,0.829260019783088,"152831/57761",2,FALSE
"R-HSA-445717","Aquaporin-mediated transport","2/309","38/9062",0.0526315789473684,1.54351899165389,0.630806005746245,0.373671294722632,0.883287566526532,0.829260019783088,"114/361",2,FALSE
"R-HSA-9664323","FCGR3A-mediated IL10 synthesis","2/309","38/9062",0.0526315789473684,1.54351899165389,0.630806005746245,0.373671294722632,0.883287566526532,0.829260019783088,"2209/114",2,FALSE
"R-HSA-449147","Signaling by Interleukins","15/309","396/9062",0.0378787878787879,1.11086594096303,0.423862737499539,0.374819306276152,0.883287566526532,0.829260019783088,"1441/6283/4582/7850/9173/8809/8807/3552/729230/55540/1437/177/6196/5657/3162",15,FALSE
"R-HSA-6802952","Signaling by BRAF and RAF1 fusions","3/309","65/9062",0.0461538461538462,1.35354742345034,0.53745775700987,0.382847346452274,0.883287566526532,0.829260019783088,"2243/408/3674",3,FALSE
"R-HSA-1250347","SHC1 events in ERBB4 signaling","1/309","14/9062",0.0714285714285714,2.09477577438742,0.770196855476606,0.38495615792119,0.883287566526532,0.829260019783088,"10718",1,FALSE
"R-HSA-177504","Retrograde neurotrophin signalling","1/309","14/9062",0.0714285714285714,2.09477577438742,0.770196855476606,0.38495615792119,0.883287566526532,0.829260019783088,"6456",1,FALSE
"R-HSA-180336","SHC1 events in EGFR signaling","1/309","14/9062",0.0714285714285714,2.09477577438742,0.770196855476606,0.38495615792119,0.883287566526532,0.829260019783088,"1950",1,FALSE
"R-HSA-3656237","Defective EXT2 causes exostoses 2","1/309","14/9062",0.0714285714285714,2.09477577438742,0.770196855476606,0.38495615792119,0.883287566526532,0.829260019783088,"2262",1,FALSE
"R-HSA-3656253","Defective EXT1 causes exostoses 1, TRPS2 and CHDS","1/309","14/9062",0.0714285714285714,2.09477577438742,0.770196855476606,0.38495615792119,0.883287566526532,0.829260019783088,"2262",1,FALSE
"R-HSA-416993","Trafficking of GluR2-containing AMPA receptors","1/309","14/9062",0.0714285714285714,2.09477577438742,0.770196855476606,0.38495615792119,0.883287566526532,0.829260019783088,"2890",1,FALSE
"R-HSA-452723","Transcriptional regulation of pluripotent stem cells","1/309","14/9062",0.0714285714285714,2.09477577438742,0.770196855476606,0.38495615792119,0.883287566526532,0.829260019783088,"64344",1,FALSE
"R-HSA-2404192","Signaling by Type 1 Insulin-like Growth Factor 1 Receptor (IGF1R)","2/309","39/9062",0.0512820512820513,1.50394158161148,0.592551170275033,0.385940963752584,0.883287566526532,0.829260019783088,"152831/57761",2,FALSE
"R-HSA-3560782","Diseases associated with glycosaminoglycan metabolism","2/309","39/9062",0.0512820512820513,1.50394158161148,0.592551170275033,0.385940963752584,0.883287566526532,0.829260019783088,"10675/2262",2,FALSE
"R-HSA-74751","Insulin receptor signalling cascade","2/309","40/9062",0.05,1.4663430420712,0.555357864502108,0.398105067695539,0.895264191227656,0.840504077112735,"152831/57761",2,FALSE
"R-HSA-9024446","NR1H2 and NR1H3-mediated signaling","2/309","40/9062",0.05,1.4663430420712,0.555357864502108,0.398105067695539,0.895264191227656,0.840504077112735,"6319/2194",2,FALSE
"R-HSA-1614558","Degradation of cysteine and homocysteine","1/309","15/9062",0.0666666666666667,1.95512405609493,0.695571787360378,0.405960639265393,0.895264191227656,0.840504077112735,"7263",1,FALSE
"R-HSA-189200","Cellular hexose transport","1/309","15/9062",0.0666666666666667,1.95512405609493,0.695571787360378,0.405960639265393,0.895264191227656,0.840504077112735,"200010",1,FALSE
"R-HSA-389977","Post-chaperonin tubulin folding pathway","1/309","15/9062",0.0666666666666667,1.95512405609493,0.695571787360378,0.405960639265393,0.895264191227656,0.840504077112735,"81027",1,FALSE
"R-HSA-392517","Rap1 signalling","1/309","15/9062",0.0666666666666667,1.95512405609493,0.695571787360378,0.405960639265393,0.895264191227656,0.840504077112735,"5909",1,FALSE
"R-HSA-438066","Unblocking of NMDA receptors, glutamate binding and activation","1/309","15/9062",0.0666666666666667,1.95512405609493,0.695571787360378,0.405960639265393,0.895264191227656,0.840504077112735,"2890",1,FALSE
"R-HSA-5637810","Constitutive Signaling by EGFRvIII","1/309","15/9062",0.0666666666666667,1.95512405609493,0.695571787360378,0.405960639265393,0.895264191227656,0.840504077112735,"1950",1,FALSE
"R-HSA-5637812","Signaling by EGFRvIII in Cancer","1/309","15/9062",0.0666666666666667,1.95512405609493,0.695571787360378,0.405960639265393,0.895264191227656,0.840504077112735,"1950",1,FALSE
"R-HSA-5654712","FRS-mediated FGFR4 signaling","1/309","15/9062",0.0666666666666667,1.95512405609493,0.695571787360378,0.405960639265393,0.895264191227656,0.840504077112735,"152831",1,FALSE
"R-HSA-9648895","Response of EIF2AK1 (HRI) to heme deficiency","1/309","15/9062",0.0666666666666667,1.95512405609493,0.695571787360378,0.405960639265393,0.895264191227656,0.840504077112735,"57761",1,FALSE
"R-HSA-5673001","RAF/MAP kinase cascade","9/309","238/9062",0.0378151260504202,1.10899893938158,0.320159830624165,0.423975115110535,0.909879882228303,0.854225778478919,"152831/5593/1950/2243/1437/10718/408/5923/3674",9,FALSE
"R-HSA-164378","PKA activation in glucagon signalling","1/309","16/9062",0.0625,1.832928802589,0.626510596015755,0.426250034917763,0.909879882228303,0.854225778478919,"114",1,FALSE
"R-HSA-196741","Cobalamin (Cbl, vitamin B12) transport and metabolism","1/309","16/9062",0.0625,1.832928802589,0.626510596015755,0.426250034917763,0.909879882228303,0.854225778478919,"4036",1,FALSE
"R-HSA-2173791","TGF-beta receptor signaling in EMT (epithelial to mesenchymal transition)","1/309","16/9062",0.0625,1.832928802589,0.626510596015755,0.426250034917763,0.909879882228303,0.854225778478919,"5590",1,FALSE
"R-HSA-881907","Gastrin-CREB signalling pathway via PKC and MAPK","1/309","16/9062",0.0625,1.832928802589,0.626510596015755,0.426250034917763,0.909879882228303,0.854225778478919,"6196",1,FALSE
"R-HSA-8849932","Synaptic adhesion-like molecules","1/309","16/9062",0.0625,1.832928802589,0.626510596015755,0.426250034917763,0.909879882228303,0.854225778478919,"2890",1,FALSE
"R-HSA-8866427","VLDLR internalisation and degradation","1/309","16/9062",0.0625,1.832928802589,0.626510596015755,0.426250034917763,0.909879882228303,0.854225778478919,"255738",1,FALSE
"R-HSA-9665348","Signaling by ERBB2 ECD mutants","1/309","16/9062",0.0625,1.832928802589,0.626510596015755,0.426250034917763,0.909879882228303,0.854225778478919,"1950",1,FALSE
"R-HSA-9694614","Attachment and Entry","1/309","16/9062",0.0625,1.832928802589,0.626510596015755,0.426250034917763,0.909879882228303,0.854225778478919,"2262",1,FALSE
"R-HSA-9824594","Regulation of MITF-M-dependent genes involved in apoptosis","1/309","16/9062",0.0625,1.832928802589,0.626510596015755,0.426250034917763,0.909879882228303,0.854225778478919,"79444",1,FALSE
"R-HSA-2142753","Arachidonate metabolism","2/309","43/9062",0.0465116279069767,1.364040039136,0.449565553458582,0.433896288763275,0.921873184767194,0.865485493522544,"5446/247",2,FALSE
"R-HSA-383280","Nuclear Receptor transcription pathway","2/309","44/9062",0.0454545454545455,1.33303912915563,0.41605938780195,0.445573309968805,0.921873184767194,0.865485493522544,"8431/6258",2,FALSE
"R-HSA-445989","TAK1-dependent IKK and NF-kappa-B activation","2/309","44/9062",0.0454545454545455,1.33303912915563,0.41605938780195,0.445573309968805,0.921873184767194,0.865485493522544,"6283/177",2,FALSE
"R-HSA-2219528","PI3K/AKT Signaling in Cancer","4/309","100/9062",0.04,1.17307443365696,0.326978569918675,0.445802172465346,0.921873184767194,0.865485493522544,"152831/1950/10718/627",4,FALSE
"R-HSA-163560","Triglyceride catabolism","1/309","17/9062",0.0588235294117647,1.72510946126023,0.56222815165627,0.445848613207661,0.921873184767194,0.865485493522544,"2171",1,FALSE
"R-HSA-180292","GAB1 signalosome","1/309","17/9062",0.0588235294117647,1.72510946126023,0.56222815165627,0.445848613207661,0.921873184767194,0.865485493522544,"1950",1,FALSE
"R-HSA-2142845","Hyaluronan metabolism","1/309","17/9062",0.0588235294117647,1.72510946126023,0.56222815165627,0.445848613207661,0.921873184767194,0.865485493522544,"3373",1,FALSE
"R-HSA-442982","Ras activation upon Ca2+ influx through NMDA receptor","1/309","17/9062",0.0588235294117647,1.72510946126023,0.56222815165627,0.445848613207661,0.921873184767194,0.865485493522544,"5923",1,FALSE
"R-HSA-9818027","NFE2L2 regulating anti-oxidant/detoxification enzymes","1/309","17/9062",0.0588235294117647,1.72510946126023,0.56222815165627,0.445848613207661,0.921873184767194,0.865485493522544,"3162",1,FALSE
"R-HSA-9840309","Glycosphingolipid biosynthesis","1/309","17/9062",0.0588235294117647,1.72510946126023,0.56222815165627,0.445848613207661,0.921873184767194,0.865485493522544,"2523",1,FALSE
"R-HSA-156580","Phase II - Conjugation of compounds","3/309","72/9062",0.0416666666666667,1.22195253505933,0.355251035720497,0.447094652672378,0.921873184767194,0.865485493522544,"2944/4257/6799",3,FALSE
"R-HSA-5684996","MAPK1/MAPK3 signaling","9/309","244/9062",0.0368852459016393,1.08172847365908,0.243148779992915,0.453339611241519,0.923784389925676,0.867279797085272,"152831/5593/1950/2243/1437/10718/408/5923/3674",9,FALSE
"R-HSA-9020702","Interleukin-1 signaling","4/309","101/9062",0.0396039603960396,1.16145983530392,0.306574334410408,0.453400576129722,0.923784389925676,0.867279797085272,"6283/7850/3552/177",4,FALSE
"R-HSA-446728","Cell junction organization","4/309","102/9062",0.0392156862745098,1.15007297417349,0.28637652262091,0.460965044829692,0.923784389925676,0.867279797085272,"253559/51208/92359/84612",4,FALSE
"R-HSA-156584","Cytosolic sulfonation of small molecules","1/309","18/9062",0.0555555555555556,1.62927004674577,0.502090352024242,0.464779821446338,0.923784389925676,0.867279797085272,"6799",1,FALSE
"R-HSA-2022870","Chondroitin sulfate biosynthesis","1/309","18/9062",0.0555555555555556,1.62927004674577,0.502090352024242,0.464779821446338,0.923784389925676,0.867279797085272,"10675",1,FALSE
"R-HSA-425410","Metal ion SLC transporters","1/309","18/9062",0.0555555555555556,1.62927004674577,0.502090352024242,0.464779821446338,0.923784389925676,0.867279797085272,"64116",1,FALSE
"R-HSA-5365859","RA biosynthesis pathway","1/309","18/9062",0.0555555555555556,1.62927004674577,0.502090352024242,0.464779821446338,0.923784389925676,0.867279797085272,"195814",1,FALSE
"R-HSA-5621480","Dectin-2 family","1/309","18/9062",0.0555555555555556,1.62927004674577,0.502090352024242,0.464779821446338,0.923784389925676,0.867279797085272,"4582",1,FALSE
"R-HSA-8964038","LDL clearance","1/309","18/9062",0.0555555555555556,1.62927004674577,0.502090352024242,0.464779821446338,0.923784389925676,0.867279797085272,"255738",1,FALSE
"R-HSA-9753281","Paracetamol ADME","1/309","18/9062",0.0555555555555556,1.62927004674577,0.502090352024242,0.464779821446338,0.923784389925676,0.867279797085272,"2944",1,FALSE
"R-HSA-9768919","NPAS4 regulates expression of target genes","1/309","18/9062",0.0555555555555556,1.62927004674577,0.502090352024242,0.464779821446338,0.923784389925676,0.867279797085272,"627",1,FALSE
"R-HSA-9825892","Regulation of MITF-M-dependent genes involved in cell cycle and proliferation","1/309","18/9062",0.0555555555555556,1.62927004674577,0.502090352024242,0.464779821446338,0.923784389925676,0.867279797085272,"994",1,FALSE
"R-HSA-5387390","Hh mutants abrogate ligand secretion","2/309","46/9062",0.0434782608695652,1.27508090614887,0.35141577361072,0.468517359204203,0.923784389925676,0.867279797085272,"3549/6469",2,FALSE
"R-HSA-9707616","Heme signaling","2/309","46/9062",0.0434782608695652,1.27508090614887,0.35141577361072,0.468517359204203,0.923784389925676,0.867279797085272,"335/3162",2,FALSE
"R-HSA-168181","Toll Like Receptor 7/8 (TLR7/8) Cascade","4/309","104/9062",0.0384615384615385,1.12795618620861,0.246581941952964,0.475983703770936,0.923784389925676,0.867279797085272,"6283/177/6196/51311",4,FALSE
"R-HSA-9616222","Transcriptional regulation of granulopoiesis","2/309","47/9062",0.0425531914893617,1.24795152516698,0.32020026582714,0.479776096886435,0.923784389925676,0.867279797085272,"1441/1050",2,FALSE
"R-HSA-1236382","Constitutive Signaling by Ligand-Responsive EGFR Cancer Variants","1/309","19/9062",0.0526315789473684,1.54351899165389,0.445578369091283,0.483066313614967,0.923784389925676,0.867279797085272,"1950",1,FALSE
"R-HSA-163615","PKA activation","1/309","19/9062",0.0526315789473684,1.54351899165389,0.445578369091283,0.483066313614967,0.923784389925676,0.867279797085272,"114",1,FALSE
"R-HSA-3000480","Scavenging by Class A Receptors","1/309","19/9062",0.0526315789473684,1.54351899165389,0.445578369091283,0.483066313614967,0.923784389925676,0.867279797085272,"335",1,FALSE
"R-HSA-389960","Formation of tubulin folding intermediates by CCT/TriC","1/309","19/9062",0.0526315789473684,1.54351899165389,0.445578369091283,0.483066313614967,0.923784389925676,0.867279797085272,"81027",1,FALSE
"R-HSA-5637815","Signaling by Ligand-Responsive EGFR Variants in Cancer","1/309","19/9062",0.0526315789473684,1.54351899165389,0.445578369091283,0.483066313614967,0.923784389925676,0.867279797085272,"1950",1,FALSE
"R-HSA-8862803","Deregulated CDK5 triggers multiple neurodegenerative pathways in Alzheimer's disease models","1/309","19/9062",0.0526315789473684,1.54351899165389,0.445578369091283,0.483066313614967,0.923784389925676,0.867279797085272,"994",1,FALSE
"R-HSA-8863678","Neurodegenerative Diseases","1/309","19/9062",0.0526315789473684,1.54351899165389,0.445578369091283,0.483066313614967,0.923784389925676,0.867279797085272,"994",1,FALSE
"R-HSA-977068","Termination of O-glycan biosynthesis","1/309","19/9062",0.0526315789473684,1.54351899165389,0.445578369091283,0.483066313614967,0.923784389925676,0.867279797085272,"4582",1,FALSE
"R-HSA-1989781","PPARA activates gene expression","4/309","106/9062",0.0377358490566038,1.106673994016,0.207559820680106,0.490841962792683,0.923784389925676,0.867279797085272,"3157/27063/335/57761",4,FALSE
"R-HSA-936837","Ion transport by P-type ATPases","2/309","48/9062",0.0416666666666667,1.22195253505933,0.289674850994888,0.49088784571962,0.923784389925676,0.867279797085272,"84239/9914",2,FALSE
"R-HSA-9705671","SARS-CoV-2 activates/modulates innate and adaptive immune responses","4/309","107/9062",0.0373831775700935,1.09633124640837,0.188328095258718,0.498206213947993,0.923784389925676,0.867279797085272,"3135/6441/91662/51311",4,FALSE
"R-HSA-425393","Transport of inorganic cations/anions and amino acids/oligopeptides","3/309","78/9062",0.0384615384615385,1.12795618620861,0.213236996952161,0.499960814369695,0.923784389925676,0.867279797085272,"115019/10568/11254",3,FALSE
"R-HSA-189445","Metabolism of porphyrins","1/309","20/9062",0.05,1.4663430420712,0.392262767953194,0.500729977121875,0.923784389925676,0.867279797085272,"3162",1,FALSE
"R-HSA-2028269","Signaling by Hippo","1/309","20/9062",0.05,1.4663430420712,0.392262767953194,0.500729977121875,0.923784389925676,0.867279797085272,"23286",1,FALSE
"R-HSA-3296482","Defects in vitamin and cofactor metabolism","1/309","20/9062",0.05,1.4663430420712,0.392262767953194,0.500729977121875,0.923784389925676,0.867279797085272,"56922",1,FALSE
"R-HSA-389948","Co-inhibition by PD-1","1/309","20/9062",0.05,1.4663430420712,0.392262767953194,0.500729977121875,0.923784389925676,0.867279797085272,"29126",1,FALSE
"R-HSA-418592","ADP signalling through P2Y purinoceptor 1","1/309","20/9062",0.05,1.4663430420712,0.392262767953194,0.500729977121875,0.923784389925676,0.867279797085272,"5028",1,FALSE
"R-HSA-5654716","Downstream signaling of activated FGFR4","1/309","20/9062",0.05,1.4663430420712,0.392262767953194,0.500729977121875,0.923784389925676,0.867279797085272,"152831",1,FALSE
"R-HSA-70895","Branched-chain amino acid catabolism","1/309","20/9062",0.05,1.4663430420712,0.392262767953194,0.500729977121875,0.923784389925676,0.867279797085272,"56922",1,FALSE
"R-HSA-9008059","Interleukin-37 signaling","1/309","20/9062",0.05,1.4663430420712,0.392262767953194,0.500729977121875,0.923784389925676,0.867279797085272,"8809",1,FALSE
"R-HSA-9603798","Class I peroxisomal membrane protein import","1/309","20/9062",0.05,1.4663430420712,0.392262767953194,0.500729977121875,0.923784389925676,0.867279797085272,"11264",1,FALSE
"R-HSA-9613829","Chaperone Mediated Autophagy","1/309","20/9062",0.05,1.4663430420712,0.392262767953194,0.500729977121875,0.923784389925676,0.867279797085272,"1080",1,FALSE
"R-HSA-400206","Regulation of lipid metabolism by PPARalpha","4/309","108/9062",0.037037037037037,1.08618003116385,0.169277337752092,0.505524839830392,0.929048592701071,0.872222007372271,"3157/27063/335/57761",4,FALSE
"R-HSA-1227986","Signaling by ERBB2","2/309","50/9062",0.04,1.17307443365696,0.230566480602069,0.512658402914542,0.929048592701071,0.872222007372271,"1950/10718",2,FALSE
"R-HSA-111931","PKA-mediated phosphorylation of CREB","1/309","21/9062",0.0476190476190476,1.39651718292495,0.341784422870529,0.517791958660179,0.929048592701071,0.872222007372271,"114",1,FALSE
"R-HSA-445144","Signal transduction by L1","1/309","21/9062",0.0476190476190476,1.39651718292495,0.341784422870529,0.517791958660179,0.929048592701071,0.872222007372271,"3674",1,FALSE
"R-HSA-5218921","VEGFR2 mediated cell proliferation","1/309","21/9062",0.0476190476190476,1.39651718292495,0.341784422870529,0.517791958660179,0.929048592701071,0.872222007372271,"5590",1,FALSE
"R-HSA-75876","Synthesis of very long-chain fatty acyl-CoAs","1/309","21/9062",0.0476190476190476,1.39651718292495,0.341784422870529,0.517791958660179,0.929048592701071,0.872222007372271,"83401",1,FALSE
"R-HSA-912526","Interleukin receptor SHC signaling","1/309","21/9062",0.0476190476190476,1.39651718292495,0.341784422870529,0.517791958660179,0.929048592701071,0.872222007372271,"1437",1,FALSE
"R-HSA-9609523","Insertion of tail-anchored proteins into the endoplasmic reticulum membrane","1/309","21/9062",0.0476190476190476,1.39651718292495,0.341784422870529,0.517791958660179,0.929048592701071,0.872222007372271,"3162",1,FALSE
"R-HSA-9619483","Activation of AMPK downstream of NMDARs","1/309","21/9062",0.0476190476190476,1.39651718292495,0.341784422870529,0.517791958660179,0.929048592701071,0.872222007372271,"81027",1,FALSE
"R-HSA-1236394","Signaling by ERBB4","2/309","51/9062",0.0392156862745098,1.15007297417349,0.201924921834054,0.523312151344597,0.929048592701071,0.872222007372271,"1950/10718",2,FALSE
"R-HSA-1638091","Heparan sulfate/heparin (HS-GAG) metabolism","2/309","51/9062",0.0392156862745098,1.15007297417349,0.201924921834054,0.523312151344597,0.929048592701071,0.872222007372271,"10675/2262",2,FALSE
"R-HSA-4608870","Asymmetric localization of PCP proteins","2/309","51/9062",0.0392156862745098,1.15007297417349,0.201924921834054,0.523312151344597,0.929048592701071,0.872222007372271,"7855/8325",2,FALSE
"R-HSA-6802957","Oncogenic MAPK signaling","3/309","81/9062",0.037037037037037,1.08618003116385,0.146377945984263,0.525421382332504,0.929048592701071,0.872222007372271,"2243/408/3674",3,FALSE
"R-HSA-71387","Metabolism of carbohydrates and carbohydrate derivatives","9/309","259/9062",0.0347490347490347,1.01908010645875,0.0585334557783805,0.525463216188105,0.929048592701071,0.872222007372271,"5208/10675/3373/2529/80201/2262/51181/2525/2523",9,FALSE
"R-HSA-196071","Metabolism of steroid hormones","1/309","22/9062",0.0454545454545455,1.33303912915563,0.293840211628777,0.534272689195961,0.929048592701071,0.872222007372271,"3294",1,FALSE
"R-HSA-198753","ERK/MAPK targets","1/309","22/9062",0.0454545454545455,1.33303912915563,0.293840211628777,0.534272689195961,0.929048592701071,0.872222007372271,"6196",1,FALSE
"R-HSA-2029485","Role of phospholipids in phagocytosis","1/309","22/9062",0.0454545454545455,1.33303912915563,0.293840211628777,0.534272689195961,0.929048592701071,0.872222007372271,"2209",1,FALSE
"R-HSA-210991","Basigin interactions","1/309","22/9062",0.0454545454545455,1.33303912915563,0.293840211628777,0.534272689195961,0.929048592701071,0.872222007372271,"4099",1,FALSE
"R-HSA-400042","Adrenaline,noradrenaline inhibits insulin secretion","1/309","22/9062",0.0454545454545455,1.33303912915563,0.293840211628777,0.534272689195961,0.929048592701071,0.872222007372271,"9254",1,FALSE
"R-HSA-5601884","PIWI-interacting RNA (piRNA) biogenesis","1/309","22/9062",0.0454545454545455,1.33303912915563,0.293840211628777,0.534272689195961,0.929048592701071,0.872222007372271,"122402",1,FALSE
"R-HSA-9734009","Defective Intrinsic Pathway for Apoptosis","1/309","22/9062",0.0454545454545455,1.33303912915563,0.293840211628777,0.534272689195961,0.929048592701071,0.872222007372271,"994",1,FALSE
"R-HSA-975576","N-glycan antennae elongation in the medial/trans-Golgi","1/309","22/9062",0.0454545454545455,1.33303912915563,0.293840211628777,0.534272689195961,0.929048592701071,0.872222007372271,"2525",1,FALSE
"R-HSA-9013418","RHOBTB2 GTPase cycle","1/309","23/9062",0.0434782608695652,1.27508090614887,0.248172132071024,0.550191908116143,0.949294846645988,0.891229870250857,"23221",1,FALSE
"R-HSA-9648002","RAS processing","1/309","23/9062",0.0434782608695652,1.27508090614887,0.248172132071024,0.550191908116143,0.949294846645988,0.891229870250857,"5593",1,FALSE
"R-HSA-9668328","Sealing of the nuclear envelope (NE) by ESCRT-III","1/309","23/9062",0.0434782608695652,1.27508090614887,0.248172132071024,0.550191908116143,0.949294846645988,0.891229870250857,"81027",1,FALSE
"R-HSA-8878171","Transcriptional regulation by RUNX1","6/309","175/9062",0.0342857142857143,1.00549237170596,0.0137844739230759,0.55325316799737,0.949359904543838,0.891290948789379,"5196/100506658/1437/4778/2811/3674",6,FALSE
"R-HSA-432722","Golgi Associated Vesicle Biogenesis","2/309","54/9062",0.037037037037037,1.08618003116385,0.119337841575805,0.554323988518352,0.949359904543838,0.891290948789379,"6456/408",2,FALSE
"R-HSA-4086398","Ca2+ pathway","2/309","55/9062",0.0363636363636364,1.06643130332451,0.0928437935211447,0.564340109493688,0.949359904543838,0.891290948789379,"7855/5593",2,FALSE
"R-HSA-180024","DARPP-32 events","1/309","24/9062",0.0416666666666667,1.22195253505933,0.204558910899393,0.565568686564214,0.949359904543838,0.891290948789379,"84152",1,FALSE
"R-HSA-2024096","HS-GAG degradation","1/309","24/9062",0.0416666666666667,1.22195253505933,0.204558910899393,0.565568686564214,0.949359904543838,0.891290948789379,"2262",1,FALSE
"R-HSA-352230","Amino acid transport across the plasma membrane","1/309","24/9062",0.0416666666666667,1.22195253505933,0.204558910899393,0.565568686564214,0.949359904543838,0.891290948789379,"11254",1,FALSE
"R-HSA-5223345","Miscellaneous transport and binding events","1/309","24/9062",0.0416666666666667,1.22195253505933,0.204558910899393,0.565568686564214,0.949359904543838,0.891290948789379,"563",1,FALSE
"R-HSA-5654733","Negative regulation of FGFR4 signaling","1/309","24/9062",0.0416666666666667,1.22195253505933,0.204558910899393,0.565568686564214,0.949359904543838,0.891290948789379,"152831",1,FALSE
"R-HSA-9006115","Signaling by NTRK2 (TRKB)","1/309","24/9062",0.0416666666666667,1.22195253505933,0.204558910899393,0.565568686564214,0.949359904543838,0.891290948789379,"627",1,FALSE
"R-HSA-9634638","Estrogen-dependent nuclear events downstream of ESR-membrane signaling","1/309","24/9062",0.0416666666666667,1.22195253505933,0.204558910899393,0.565568686564214,0.949359904543838,0.891290948789379,"1950",1,FALSE
"R-HSA-877300","Interferon gamma signaling","3/309","86/9062",0.0348837209302326,1.023030029352,0.0403172717394862,0.566217238258665,0.949359904543838,0.891290948789379,"115361/2209/3135",3,FALSE
"R-HSA-168643","Nucleotide-binding domain, leucine rich repeat containing receptor (NLR) signaling pathways","2/309","56/9062",0.0357142857142857,1.04738788719371,0.066831964745008,0.574193996566496,0.949359904543838,0.891290948789379,"4210/3162",2,FALSE
"R-HSA-1643713","Signaling by EGFR in Cancer","1/309","25/9062",0.04,1.17307443365696,0.162809455198196,0.580421449991041,0.949359904543838,0.891290948789379,"1950",1,FALSE
"R-HSA-389957","Prefoldin mediated transfer of substrate  to CCT/TriC","1/309","25/9062",0.04,1.17307443365696,0.162809455198196,0.580421449991041,0.949359904543838,0.891290948789379,"81027",1,FALSE
"R-HSA-5357769","Caspase activation via extrinsic apoptotic signalling pathway","1/309","25/9062",0.04,1.17307443365696,0.162809455198196,0.580421449991041,0.949359904543838,0.891290948789379,"23604",1,FALSE
"R-HSA-5626467","RHO GTPases activate IQGAPs","1/309","25/9062",0.04,1.17307443365696,0.162809455198196,0.580421449991041,0.949359904543838,0.891290948789379,"81027",1,FALSE
"R-HSA-9013507","NOTCH3 Activation and Transmission of Signal to the Nucleus","1/309","25/9062",0.04,1.17307443365696,0.162809455198196,0.580421449991041,0.949359904543838,0.891290948789379,"1950",1,FALSE
"R-HSA-9705462","Inactivation of CSF3 (G-CSF) signaling","1/309","25/9062",0.04,1.17307443365696,0.162809455198196,0.580421449991041,0.949359904543838,0.891290948789379,"1441",1,FALSE
"R-HSA-198725","Nuclear Events (kinase and transcription factor activation)","2/309","57/9062",0.0350877192982456,1.02901266110259,0.041283068955392,0.583885034791913,0.949359904543838,0.891290948789379,"6196/6457",2,FALSE
"R-HSA-9614085","FOXO-mediated transcription","2/309","57/9062",0.0350877192982456,1.02901266110259,0.041283068955392,0.583885034791913,0.949359904543838,0.891290948789379,"181/56729",2,FALSE
"R-HSA-9662360","Sensory processing of sound by inner hair cells of the cochlea","2/309","58/9062",0.0344827586206897,1.01127106349738,0.0161789372558493,0.593412838943628,0.949359904543838,0.891290948789379,"9254/53405",2,FALSE
"R-HSA-1296072","Voltage gated Potassium channels","1/309","26/9062",0.0384615384615385,1.12795618620861,0.122757685288352,0.594767999947084,0.949359904543838,0.891290948789379,"3787",1,FALSE
"R-HSA-1614635","Sulfur amino acid metabolism","1/309","26/9062",0.0384615384615385,1.12795618620861,0.122757685288352,0.594767999947084,0.949359904543838,0.891290948789379,"7263",1,FALSE
"R-HSA-163359","Glucagon signaling in metabolic regulation","1/309","26/9062",0.0384615384615385,1.12795618620861,0.122757685288352,0.594767999947084,0.949359904543838,0.891290948789379,"114",1,FALSE
"R-HSA-389357","CD28 dependent PI3K/Akt signaling","1/309","26/9062",0.0384615384615385,1.12795618620861,0.122757685288352,0.594767999947084,0.949359904543838,0.891290948789379,"57761",1,FALSE
"R-HSA-389958","Cooperation of Prefoldin and TriC/CCT  in actin and tubulin folding","1/309","26/9062",0.0384615384615385,1.12795618620861,0.122757685288352,0.594767999947084,0.949359904543838,0.891290948789379,"81027",1,FALSE
"R-HSA-456926","Thrombin signalling through proteinase activated receptors (PARs)","1/309","26/9062",0.0384615384615385,1.12795618620861,0.122757685288352,0.594767999947084,0.949359904543838,0.891290948789379,"408",1,FALSE
"R-HSA-6803529","FGFR2 alternative splicing","1/309","26/9062",0.0384615384615385,1.12795618620861,0.122757685288352,0.594767999947084,0.949359904543838,0.891290948789379,"80004",1,FALSE
"R-HSA-9658195","Leishmania infection","5/309","152/9062",0.0328947368421053,0.964699369783682,-0.08246207171305,0.59614031432308,0.949359904543838,0.891290948789379,"2209/3552/114/4210/3162",5,FALSE
"R-HSA-9824443","Parasitic Infection Pathways","5/309","152/9062",0.0328947368421053,0.964699369783682,-0.08246207171305,0.59614031432308,0.949359904543838,0.891290948789379,"2209/3552/114/4210/3162",5,FALSE
"R-HSA-9818564","Epigenetic regulation of gene expression by MLL3 and MLL4 complexes","3/309","90/9062",0.0333333333333333,0.977562028047465,-0.0401928741982313,0.597269969975778,0.949359904543838,0.891290948789379,"6319/84649/1050",3,FALSE
"R-HSA-9841922","MLL4 and MLL3 complexes regulate expression of PPARG target genes in adipogenesis and hepatic steatosis","3/309","90/9062",0.0333333333333333,0.977562028047465,-0.0401928741982313,0.597269969975778,0.949359904543838,0.891290948789379,"6319/84649/1050",3,FALSE
"R-HSA-9851695","Epigenetic regulation of adipogenesis genes by MLL3 and MLL4 complexes","3/309","90/9062",0.0333333333333333,0.977562028047465,-0.0401928741982313,0.597269969975778,0.949359904543838,0.891290948789379,"6319/84649/1050",3,FALSE
"R-HSA-5218859","Regulated Necrosis","2/309","59/9062",0.0338983050847458,0.994130875980473,-0.00849756524953417,0.602777238658828,0.95375201506873,0.895414409595109,"3552/838",2,FALSE
"R-HSA-201556","Signaling by ALK","1/309","27/9062",0.037037037037037,1.08618003116385,0.0842584161318845,0.608625535141457,0.95375201506873,0.895414409595109,"29126",1,FALSE
"R-HSA-2022928","HS-GAG biosynthesis","1/309","27/9062",0.037037037037037,1.08618003116385,0.0842584161318845,0.608625535141457,0.95375201506873,0.895414409595109,"2262",1,FALSE
"R-HSA-390918","Peroxisomal lipid metabolism","1/309","27/9062",0.037037037037037,1.08618003116385,0.0842584161318845,0.608625535141457,0.95375201506873,0.895414409595109,"55289",1,FALSE
"R-HSA-392518","Signal amplification","1/309","27/9062",0.037037037037037,1.08618003116385,0.0842584161318845,0.608625535141457,0.95375201506873,0.895414409595109,"5028",1,FALSE
"R-HSA-445095","Interaction between L1 and Ankyrins","1/309","27/9062",0.037037037037037,1.08618003116385,0.0842584161318845,0.608625535141457,0.95375201506873,0.895414409595109,"6323",1,FALSE
"R-HSA-1442490","Collagen degradation","2/309","60/9062",0.0333333333333333,0.977562028047465,-0.0327626153029833,0.611978264323606,0.956754751266482,0.898233479140652,"4317/164656",2,FALSE
"R-HSA-211859","Biological oxidations","5/309","155/9062",0.032258064516129,0.946027769078192,-0.127338383805395,0.613545050926023,0.956957854605928,0.898424159373986,"2944/64757/4257/6799/55902",5,FALSE
"R-HSA-5683057","MAPK family signaling cascades","9/309","279/9062",0.032258064516129,0.946027769078192,-0.17204413448708,0.615965114163307,0.958487771104585,0.899860496342853,"152831/5593/1950/2243/1437/10718/408/5923/3674",9,FALSE
"R-HSA-9609736","Assembly and cell surface presentation of NMDA receptors","1/309","28/9062",0.0357142857142857,1.04738788719371,0.0471840438909845,0.622010671792402,0.959074917777614,0.900411729350249,"81027",1,FALSE
"R-HSA-9843743","Transcriptional regulation of brown and beige adipocyte differentiation","1/309","28/9062",0.0357142857142857,1.04738788719371,0.0471840438909845,0.622010671792402,0.959074917777614,0.900411729350249,"83401",1,FALSE
"R-HSA-9844594","Transcriptional regulation of brown and beige adipocyte differentiation by EBF2","1/309","28/9062",0.0357142857142857,1.04738788719371,0.0471840438909845,0.622010671792402,0.959074917777614,0.900411729350249,"83401",1,FALSE
"R-HSA-9856651","MITF-M-dependent gene expression","3/309","94/9062",0.0319148936170213,0.935963643875232,-0.117255056122234,0.626841648549664,0.959074917777614,0.900411729350249,"79083/994/79444",3,FALSE
"R-HSA-1474228","Degradation of the extracellular matrix","4/309","126/9062",0.0317460317460317,0.9310114552833,-0.14651413215273,0.627868761347196,0.959074917777614,0.900411729350249,"10753/4317/64386/164656",4,FALSE
"R-HSA-166520","Signaling by NTRKs","4/309","126/9062",0.0317460317460317,0.9310114552833,-0.14651413215273,0.627868761347196,0.959074917777614,0.900411729350249,"6196/6456/627/6457",4,FALSE
"R-HSA-8873719","RAB geranylgeranylation","2/309","62/9062",0.032258064516129,0.946027769078192,-0.0801186827873208,0.629891239024052,0.959074917777614,0.900411729350249,"57111/64284",2,FALSE
"R-HSA-2122948","Activated NOTCH1 Transmits Signal to the Nucleus","1/309","29/9062",0.0344827586206897,1.01127106349738,0.0114218573265019,0.634939463292972,0.959074917777614,0.900411729350249,"408",1,FALSE
"R-HSA-5218920","VEGFR2 mediated vascular permeability","1/309","29/9062",0.0344827586206897,1.01127106349738,0.0114218573265019,0.634939463292972,0.959074917777614,0.900411729350249,"57761",1,FALSE
"R-HSA-8874081","MET activates PTK2 signaling","1/309","29/9062",0.0344827586206897,1.01127106349738,0.0114218573265019,0.634939463292972,0.959074917777614,0.900411729350249,"10319",1,FALSE
"R-HSA-983170","Antigen Presentation: Folding, assembly and peptide loading of class I MHC","1/309","29/9062",0.0344827586206897,1.01127106349738,0.0114218573265019,0.634939463292972,0.959074917777614,0.900411729350249,"3135",1,FALSE
"R-HSA-9659379","Sensory processing of sound","2/309","63/9062",0.0317460317460317,0.9310114552833,-0.103237855184247,0.638604135261735,0.959074917777614,0.900411729350249,"9254/53405",2,FALSE
"R-HSA-168142","Toll Like Receptor 10 (TLR10) Cascade","3/309","96/9062",0.03125,0.916464401294498,-0.15459543994271,0.641058715356731,0.959074917777614,0.900411729350249,"6283/177/6196",3,FALSE
"R-HSA-168176","Toll Like Receptor 5 (TLR5) Cascade","3/309","96/9062",0.03125,0.916464401294498,-0.15459543994271,0.641058715356731,0.959074917777614,0.900411729350249,"6283/177/6196",3,FALSE
"R-HSA-975871","MyD88 cascade initiated on plasma membrane","3/309","96/9062",0.03125,0.916464401294498,-0.15459543994271,0.641058715356731,0.959074917777614,0.900411729350249,"6283/177/6196",3,FALSE
"R-HSA-70171","Glycolysis","2/309","64/9062",0.03125,0.916464401294498,-0.126001995418218,0.647155528298543,0.959074917777614,0.900411729350249,"5208/80201",2,FALSE
"R-HSA-1251985","Nuclear signaling by ERBB4","1/309","30/9062",0.0333333333333333,0.977562028047465,-0.0231281611337887,0.647427419214866,0.959074917777614,0.900411729350249,"10718",1,FALSE
"R-HSA-3000157","Laminin interactions","1/309","30/9062",0.0333333333333333,0.977562028047465,-0.0231281611337887,0.647427419214866,0.959074917777614,0.900411729350249,"10319",1,FALSE
"R-HSA-8956319","Nucleotide catabolism","1/309","30/9062",0.0333333333333333,0.977562028047465,-0.0231281611337887,0.647427419214866,0.959074917777614,0.900411729350249,"51733",1,FALSE
"R-HSA-9634815","Transcriptional Regulation by NPAS4","1/309","30/9062",0.0333333333333333,0.977562028047465,-0.0231281611337887,0.647427419214866,0.959074917777614,0.900411729350249,"627",1,FALSE
"R-HSA-9674555","Signaling by CSF3 (G-CSF)","1/309","30/9062",0.0333333333333333,0.977562028047465,-0.0231281611337887,0.647427419214866,0.959074917777614,0.900411729350249,"1441",1,FALSE
"R-HSA-6785807","Interleukin-4 and Interleukin-13 signaling","3/309","97/9062",0.0309278350515464,0.907016314683215,-0.172984151588907,0.648023593092982,0.959074917777614,0.900411729350249,"4582/3552/3162",3,FALSE
"R-HSA-74752","Signaling by Insulin receptor","2/309","65/9062",0.0307692307692308,0.902364948966891,-0.148423413814442,0.655546264230171,0.964264346685182,0.905283739419943,"152831/57761",2,FALSE
"R-HSA-450282","MAPK targets/ Nuclear events mediated by MAP kinases","1/309","31/9062",0.032258064516129,0.946027769078192,-0.0565551470960809,0.659489523672639,0.964264346685182,0.905283739419943,"6196",1,FALSE
"R-HSA-69273","Cyclin A/B1/B2 associated events during G2/M transition","1/309","31/9062",0.032258064516129,0.946027769078192,-0.0565551470960809,0.659489523672639,0.964264346685182,0.905283739419943,"994",1,FALSE
"R-HSA-8955332","Carboxyterminal post-translational modifications of tubulin","1/309","31/9062",0.032258064516129,0.946027769078192,-0.0565551470960809,0.659489523672639,0.964264346685182,0.905283739419943,"81027",1,FALSE
"R-HSA-9861718","Regulation of pyruvate metabolism","1/309","31/9062",0.032258064516129,0.946027769078192,-0.0565551470960809,0.659489523672639,0.964264346685182,0.905283739419943,"57546",1,FALSE
"R-HSA-5173105","O-linked glycosylation","3/309","99/9062",0.0303030303030303,0.888692752770423,-0.209219992405335,0.66166487452722,0.964264346685182,0.905283739419943,"4582/114805/374907",3,FALSE
"R-HSA-975138","TRAF6 mediated induction of NFkB and MAP kinases upon TLR7/8 or 9 activation","3/309","99/9062",0.0303030303030303,0.888692752770423,-0.209219992405335,0.66166487452722,0.964264346685182,0.905283739419943,"6283/177/6196",3,FALSE
"R-HSA-975155","MyD88 dependent cascade initiated on endosome","3/309","100/9062",0.03,0.879805825242718,-0.227075244704181,0.66834104057037,0.966504006818302,0.907386407539231,"6283/177/6196",3,FALSE
"R-HSA-1222556","ROS and RNS production in phagocytes","1/309","32/9062",0.03125,0.916464401294498,-0.0889388570937569,0.671140253069733,0.966504006818302,0.907386407539231,"4353",1,FALSE
"R-HSA-204005","COPII-mediated vesicle transport","2/309","67/9062",0.0298507462686567,0.875428681833551,-0.192284252462637,0.671849788670778,0.966504006818302,0.907386407539231,"2890/5265",2,FALSE
"R-HSA-448424","Interleukin-17 signaling","2/309","67/9062",0.0298507462686567,0.875428681833551,-0.192284252462637,0.671849788670778,0.966504006818302,0.907386407539231,"55540/6196",2,FALSE
"R-HSA-1474244","Extracellular matrix organization","9/309","294/9062",0.0306122448979592,0.897761046166039,-0.334833291581523,0.677662870320857,0.966504006818302,0.907386407539231,"10753/55214/2243/10319/4317/6445/64386/3674/164656",9,FALSE
"R-HSA-168928","DDX58/IFIH1-mediated induction of interferon-alpha/beta","2/309","68/9062",0.0294117647058824,0.862554730630116,-0.213745338531096,0.679764880050401,0.966504006818302,0.907386407539231,"6283/177",2,FALSE
"R-HSA-199992","trans-Golgi Network Vesicle Budding","2/309","68/9062",0.0294117647058824,0.862554730630116,-0.213745338531096,0.679764880050401,0.966504006818302,0.907386407539231,"6456/408",2,FALSE
"R-HSA-3299685","Detoxification of Reactive Oxygen Species","1/309","33/9062",0.0303030303030303,0.888692752770423,-0.120350923277896,0.682393593247081,0.966504006818302,0.907386407539231,"2878",1,FALSE
"R-HSA-381676","Glucagon-like Peptide-1 (GLP1) regulates insulin secretion","1/309","33/9062",0.0303030303030303,0.888692752770423,-0.120350923277896,0.682393593247081,0.966504006818302,0.907386407539231,"114",1,FALSE
"R-HSA-9615710","Late endosomal microautophagy","1/309","33/9062",0.0303030303030303,0.888692752770423,-0.120350923277896,0.682393593247081,0.966504006818302,0.907386407539231,"1080",1,FALSE
"R-HSA-388841","Regulation of T cell activation by CD28 family","2/309","69/9062",0.0289855072463768,0.850053937432578,-0.234907106517737,0.687523902017625,0.966504006818302,0.907386407539231,"29126/57761",2,FALSE
"R-HSA-9662851","Anti-inflammatory response favouring Leishmania parasite infection","2/309","69/9062",0.0289855072463768,0.850053937432578,-0.234907106517737,0.687523902017625,0.966504006818302,0.907386407539231,"2209/114",2,FALSE
"R-HSA-9664433","Leishmania parasite growth and survival","2/309","69/9062",0.0289855072463768,0.850053937432578,-0.234907106517737,0.687523902017625,0.966504006818302,0.907386407539231,"2209/114",2,FALSE
"R-HSA-9824439","Bacterial Infection Pathways","2/309","69/9062",0.0289855072463768,0.850053937432578,-0.234907106517737,0.687523902017625,0.966504006818302,0.907386407539231,"6456/6457",2,FALSE
"R-HSA-9006931","Signaling by Nuclear Receptors","7/309","234/9062",0.0299145299145299,0.877299255940033,-0.35728337107749,0.69144776001878,0.966504006818302,0.907386407539231,"5590/6258/1950/195814/2171/6319/2194",7,FALSE
"R-HSA-9730414","MITF-M-regulated melanocyte development","4/309","137/9062",0.0291970802919708,0.856258710698509,-0.318512549131133,0.692426316935729,0.966504006818302,0.907386407539231,"89780/79083/994/79444",4,FALSE
"R-HSA-111933","Calmodulin induced events","1/309","34/9062",0.0294117647058824,0.862554730630116,-0.1508559071526,0.69326305605433,0.966504006818302,0.907386407539231,"114",1,FALSE
"R-HSA-111997","CaM pathway","1/309","34/9062",0.0294117647058824,0.862554730630116,-0.1508559071526,0.69326305605433,0.966504006818302,0.907386407539231,"114",1,FALSE
"R-HSA-5654743","Signaling by FGFR4","1/309","34/9062",0.0294117647058824,0.862554730630116,-0.1508559071526,0.69326305605433,0.966504006818302,0.907386407539231,"152831",1,FALSE
"R-HSA-9772572","Early SARS-CoV-2 Infection Events","1/309","34/9062",0.0294117647058824,0.862554730630116,-0.1508559071526,0.69326305605433,0.966504006818302,0.907386407539231,"2262",1,FALSE
"R-HSA-2559582","Senescence-Associated Secretory Phenotype (SASP)","2/309","70/9062",0.0285714285714286,0.83791030975497,-0.25577912885641,0.695128257156106,0.966504006818302,0.907386407539231,"3552/6196",2,FALSE
"R-HSA-9009391","Extra-nuclear estrogen signaling","2/309","70/9062",0.0285714285714286,0.83791030975497,-0.25577912885641,0.695128257156106,0.966504006818302,0.907386407539231,"5590/1950",2,FALSE
"R-HSA-168164","Toll Like Receptor 3 (TLR3) Cascade","3/309","105/9062",0.0285714285714286,0.83791030975497,-0.313875628558328,0.700278577502762,0.967969252550117,0.908762029421162,"6283/177/6196",3,FALSE
"R-HSA-70326","Glucose metabolism","2/309","71/9062",0.028169014084507,0.826108756096449,-0.276370529340536,0.702579433896848,0.967969252550117,0.908762029421162,"5208/80201",2,FALSE
"R-HSA-451927","Interleukin-2 family signaling","1/309","35/9062",0.0285714285714286,0.83791030975497,-0.180512189492203,0.70376169536306,0.967969252550117,0.908762029421162,"1437",1,FALSE
"R-HSA-9031628","NGF-stimulated transcription","1/309","35/9062",0.0285714285714286,0.83791030975497,-0.180512189492203,0.70376169536306,0.967969252550117,0.908762029421162,"6457",1,FALSE
"R-HSA-9706574","RHOBTB GTPase Cycle","1/309","35/9062",0.0285714285714286,0.83791030975497,-0.180512189492203,0.70376169536306,0.967969252550117,0.908762029421162,"23221",1,FALSE
"R-HSA-194138","Signaling by VEGF","3/309","106/9062",0.0283018867924528,0.830005495511999,-0.330765049097548,0.706378673076842,0.967969252550117,0.908762029421162,"5590/57761/2277",3,FALSE
"R-HSA-168138","Toll Like Receptor 9 (TLR9) Cascade","3/309","107/9062",0.0280373831775701,0.822248434806279,-0.347505248299996,0.712383647859405,0.967969252550117,0.908762029421162,"6283/177/6196",3,FALSE
"R-HSA-111465","Apoptotic cleavage of cellular proteins","1/309","36/9062",0.0277777777777778,0.814635023372887,-0.209372725855245,0.713902122540729,0.967969252550117,0.908762029421162,"100506658",1,FALSE
"R-HSA-111996","Ca-dependent events","1/309","36/9062",0.0277777777777778,0.814635023372887,-0.209372725855245,0.713902122540729,0.967969252550117,0.908762029421162,"114",1,FALSE
"R-HSA-9013424","RHOV GTPase cycle","1/309","36/9062",0.0277777777777778,0.814635023372887,-0.209372725855245,0.713902122540729,0.967969252550117,0.908762029421162,"84612",1,FALSE
"R-HSA-9660821","ADORA2B mediated anti-inflammatory cytokines production","1/309","36/9062",0.0277777777777778,0.814635023372887,-0.209372725855245,0.713902122540729,0.967969252550117,0.908762029421162,"114",1,FALSE
"R-HSA-5619102","SLC transporter disorders","2/309","73/9062",0.0273972602739726,0.803475639491067,-0.316745878305084,0.717028590889731,0.967969252550117,0.908762029421162,"10568/11254",2,FALSE
"R-HSA-166166","MyD88-independent TLR4 cascade","3/309","108/9062",0.0277777777777778,0.814635023372887,-0.364099308530751,0.718293899517377,0.967969252550117,0.908762029421162,"6283/177/6196",3,FALSE
"R-HSA-187037","Signaling by NTRK1 (TRKA)","3/309","108/9062",0.0277777777777778,0.814635023372887,-0.364099308530751,0.718293899517377,0.967969252550117,0.908762029421162,"6196/6456/6457",3,FALSE
"R-HSA-937061","TRIF (TICAM1)-mediated TLR4 signaling","3/309","108/9062",0.0277777777777778,0.814635023372887,-0.364099308530751,0.718293899517377,0.967969252550117,0.908762029421162,"6283/177/6196",3,FALSE
"R-HSA-5663202","Diseases of signal transduction by growth factor receptors and second messengers","13/309","432/9062",0.0300925925925926,0.882521275320628,-0.470093817463184,0.719436606625087,0.967969252550117,0.908762029421162,"89780/7855/3549/152831/1950/2243/6469/8325/10718/627/408/4008/3674",13,FALSE
"R-HSA-8853659","RET signaling","1/309","37/9062",0.027027027027027,0.792617860579026,-0.237485691162011,0.723696521403449,0.96828096699145,0.909054677403068,"5909",1,FALSE
"R-HSA-9824585","Regulation of MITF-M-dependent genes involved in pigmentation","1/309","37/9062",0.027027027027027,0.792617860579026,-0.237485691162011,0.723696521403449,0.96828096699145,0.909054677403068,"79083",1,FALSE
"R-HSA-416482","G alpha (12/13) signalling events","2/309","74/9062",0.027027027027027,0.792617860579026,-0.336546066659481,0.724029912254868,0.96828096699145,0.909054677403068,"26084/148",2,FALSE
"R-HSA-418597","G alpha (z) signalling events","1/309","38/9062",0.0263157894736842,0.771759495826946,-0.264895032184258,0.733156662665093,0.971350360854418,0.911936327402441,"114",1,FALSE
"R-HSA-9634597","GPER1 signaling","1/309","38/9062",0.0263157894736842,0.771759495826946,-0.264895032184258,0.733156662665093,0.971350360854418,0.911936327402441,"114",1,FALSE
"R-HSA-2132295","MHC class II antigen presentation","3/309","111/9062",0.027027027027027,0.792617860579026,-0.413034093920715,0.735460994276303,0.971350360854418,0.911936327402441,"6456/1512/81027",3,FALSE
"R-HSA-3000171","Non-integrin membrane-ECM interactions","2/309","76/9062",0.0263157894736842,0.771759495826946,-0.375409404162694,0.737594841495789,0.971350360854418,0.911936327402441,"10319/6445",2,FALSE
"R-HSA-418346","Platelet homeostasis","2/309","76/9062",0.0263157894736842,0.771759495826946,-0.375409404162694,0.737594841495789,0.971350360854418,0.911936327402441,"5593/27345",2,FALSE
"R-HSA-9006936","Signaling by TGFB family members","4/309","146/9062",0.0273972602739726,0.803475639491067,-0.449776365183144,0.739036760038682,0.971350360854418,0.911936327402441,"5590/408/94/4091",4,FALSE
"R-HSA-5689896","Ovarian tumor domain proteases","1/309","39/9062",0.0256410256410256,0.751970790805742,-0.291640943183282,0.742293917899633,0.971350360854418,0.911936327402441,"79589",1,FALSE
"R-HSA-9692916","SARS-CoV-1 activates/modulates innate immune responses","1/309","39/9062",0.0256410256410256,0.751970790805742,-0.291640943183282,0.742293917899633,0.971350360854418,0.911936327402441,"6441",1,FALSE
"R-HSA-4086400","PCP/CE pathway","2/309","77/9062",0.025974025974026,0.761736645231791,-0.394486744738962,0.744162123940096,0.971350360854418,0.911936327402441,"7855/8325",2,FALSE
"R-HSA-9663891","Selective autophagy","2/309","77/9062",0.025974025974026,0.761736645231791,-0.394486744738962,0.744162123940096,0.971350360854418,0.911936327402441,"1080/81027",2,FALSE
"R-HSA-9705683","SARS-CoV-2-host interactions","5/309","181/9062",0.0276243093922652,0.810134277387402,-0.484778956580546,0.744782323919345,0.971350360854418,0.911936327402441,"3135/6441/92359/91662/51311",5,FALSE
"R-HSA-1257604","PIP3 activates AKT signaling","7/309","248/9062",0.0282258064516129,0.827774297943418,-0.516685319027961,0.747409864484708,0.971350360854418,0.911936327402441,"9173/152831/1950/8395/10718/627/57761",7,FALSE
"R-HSA-190236","Signaling by FGFR","2/309","78/9062",0.0256410256410256,0.751970790805742,-0.413336824831394,0.750588474191948,0.971350360854418,0.911936327402441,"152831/80004",2,FALSE
"R-HSA-1489509","DAG and IP3 signaling","1/309","40/9062",0.025,0.733171521035599,-0.317760277086737,0.751119273033071,0.971350360854418,0.911936327402441,"114",1,FALSE
"R-HSA-2173782","Binding and Uptake of Ligands by Scavenger Receptors","1/309","40/9062",0.025,0.733171521035599,-0.317760277086737,0.751119273033071,0.971350360854418,0.911936327402441,"335",1,FALSE
"R-HSA-8875878","MET promotes cell motility","1/309","40/9062",0.025,0.733171521035599,-0.317760277086737,0.751119273033071,0.971350360854418,0.911936327402441,"10319",1,FALSE
"R-HSA-9839373","Signaling by TGFBR3","1/309","40/9062",0.025,0.733171521035599,-0.317760277086737,0.751119273033071,0.971350360854418,0.911936327402441,"408",1,FALSE
"R-HSA-111885","Opioid Signalling","2/309","79/9062",0.0253164556962025,0.742452173200606,-0.431966011174924,0.756875831237309,0.97480243807241,0.915177253382348,"114/84152",2,FALSE
"R-HSA-211945","Phase I - Functionalization of compounds","2/309","79/9062",0.0253164556962025,0.742452173200606,-0.431966011174924,0.756875831237309,0.97480243807241,0.915177253382348,"64757/55902",2,FALSE
"R-HSA-1236978","Cross-presentation of soluble exogenous antigens (endosomes)","1/309","41/9062",0.024390243902439,0.715289288815218,-0.343286902337831,0.759643341380752,0.97480243807241,0.915177253382348,"2209",1,FALSE
"R-HSA-512988","Interleukin-3, Interleukin-5 and GM-CSF signaling","1/309","41/9062",0.024390243902439,0.715289288815218,-0.343286902337831,0.759643341380752,0.97480243807241,0.915177253382348,"1437",1,FALSE
"R-HSA-1483255","PI Metabolism","2/309","80/9062",0.025,0.733171521035599,-0.450380407337633,0.763026166012567,0.975384695900901,0.915723896578371,"79626/8395",2,FALSE
"R-HSA-216083","Integrin cell surface interactions","2/309","80/9062",0.025,0.733171521035599,-0.450380407337633,0.763026166012567,0.975384695900901,0.915723896578371,"2243/3674",2,FALSE
"R-HSA-1630316","Glycosaminoglycan metabolism","3/309","117/9062",0.0256410256410256,0.751970790805742,-0.507334536529697,0.767310992598467,0.977160638719996,0.91739121131607,"10675/3373/2262",3,FALSE
"R-HSA-70268","Pyruvate metabolism","1/309","42/9062",0.0238095238095238,0.698258591462475,-0.368252013749594,0.767876376245329,0.977160638719996,0.91739121131607,"57546",1,FALSE
"R-HSA-9006925","Intracellular signaling by second messengers","8/309","287/9062",0.0278745644599303,0.817473472931678,-0.590380788920282,0.76881707911303,0.977160638719996,0.91739121131607,"9173/152831/1950/114/8395/10718/627/57761",8,FALSE
"R-HSA-5362768","Hh mutants are degraded by ERAD","1/309","43/9062",0.0232558139534884,0.682020019567999,-0.392684404251087,0.77582828309014,0.980458513354901,0.920487366734332,"6469",1,FALSE
"R-HSA-6811436","COPI-independent Golgi-to-ER retrograde traffic","1/309","43/9062",0.0232558139534884,0.682020019567999,-0.392684404251087,0.77582828309014,0.980458513354901,0.920487366734332,"81027",1,FALSE
"R-HSA-6811438","Intra-Golgi traffic","1/309","43/9062",0.0232558139534884,0.682020019567999,-0.392684404251087,0.77582828309014,0.980458513354901,0.920487366734332,"250",1,FALSE
"R-HSA-9833110","RSV-host interactions","2/309","83/9062",0.0240963855421687,0.706671345576481,-0.504392233857793,0.780675134492186,0.984715226461735,0.924483711898642,"1524/2262",2,FALSE
"R-HSA-9759194","Nuclear events mediated by NFE2L2","2/309","84/9062",0.0238095238095238,0.698258591462475,-0.522003718226126,0.786297579528328,0.988651874311238,0.928179569054647,"1950/3162",2,FALSE
"R-HSA-9917777","Epigenetic regulation by WDR5-containing histone modifying complexes","3/309","121/9062",0.0247933884297521,0.72711225226671,-0.567770096605951,0.786765005082516,0.988651874311238,0.928179569054647,"6319/84649/1050",3,FALSE
"R-HSA-9662361","Sensory processing of sound by outer hair cells of the cochlea","1/309","45/9062",0.0222222222222222,0.65170801869831,-0.440055586349798,0.790926665559039,0.991418188103451,0.930776677309072,"53405",1,FALSE
"R-HSA-5689880","Ub-specific processing proteases","4/309","158/9062",0.0253164556962025,0.742452173200606,-0.61359625194437,0.792629160565563,0.991418188103451,0.930776677309072,"1080/408/84101/79589",4,FALSE
"R-HSA-9006934","Signaling by Receptor Tyrosine Kinases","14/309","491/9062",0.0285132382892057,0.836203771445897,-0.701160976184259,0.793432273662371,0.991418188103451,0.930776677309072,"5590/152831/1950/6196/29126/6456/10319/10718/627/6457/80004/3249/57761/2277",14,FALSE
"R-HSA-5578775","Ion homeostasis","1/309","46/9062",0.0217391304347826,0.637540453074434,-0.46304196052236,0.798091316811369,0.995372316472606,0.934488945763755,"3767",1,FALSE
"R-HSA-3858494","Beta-catenin independent WNT signaling","3/309","124/9062",0.0241935483870968,0.709520826808644,-0.611919802646555,0.800458361096265,0.996458445775911,0.935508640415506,"7855/5593/8325",3,FALSE
"R-HSA-112043","PLC beta mediated events","1/309","47/9062",0.0212765957446809,0.623975762583488,-0.485591127931689,0.805011212896694,0.99653804421784,0.935583370104942,"114",1,FALSE
"R-HSA-3371497","HSP90 chaperone cycle for steroid hormone receptors (SHR) in the presence of ligand","1/309","47/9062",0.0212765957446809,0.623975762583488,-0.485591127931689,0.805011212896694,0.99653804421784,0.935583370104942,"81027",1,FALSE
"R-HSA-389356","Co-stimulation by CD28","1/309","47/9062",0.0212765957446809,0.623975762583488,-0.485591127931689,0.805011212896694,0.99653804421784,0.935583370104942,"57761",1,FALSE
"R-HSA-5678895","Defective CFTR causes cystic fibrosis","1/309","48/9062",0.0208333333333333,0.610976267529666,-0.507722931421781,0.811694688794078,0.999999613408584,0.938833207467519,"1080",1,FALSE
"R-HSA-75153","Apoptotic execution phase","1/309","48/9062",0.0208333333333333,0.610976267529666,-0.507722931421781,0.811694688794078,0.999999613408584,0.938833207467519,"100506658",1,FALSE
"R-HSA-1660662","Glycosphingolipid metabolism","1/309","49/9062",0.0204081632653061,0.598507364110693,-0.529455883978284,0.818149796533443,0.999999613408584,0.938833207467519,"2523",1,FALSE
"R-HSA-983189","Kinesins","1/309","49/9062",0.0204081632653061,0.598507364110693,-0.529455883978284,0.818149796533443,0.999999613408584,0.938833207467519,"81027",1,FALSE
"R-HSA-418990","Adherens junctions interactions","1/309","50/9062",0.02,0.586537216828479,-0.550807284250567,0.824384314770563,0.999999613408584,0.938833207467519,"253559",1,FALSE
"R-HSA-8986944","Transcriptional Regulation by MECP2","1/309","50/9062",0.02,0.586537216828479,-0.550807284250567,0.824384314770563,0.999999613408584,0.938833207467519,"627",1,FALSE
"R-HSA-201681","TCF dependent signaling in response to WNT","4/309","168/9062",0.0238095238095238,0.698258591462475,-0.741702652745901,0.830245355272345,0.999999613408584,0.938833207467519,"89780/7855/8395/8325",4,FALSE
"R-HSA-112040","G-protein mediated events","1/309","51/9062",0.0196078431372549,0.575036487086744,-0.57179331988273,0.830405758039082,0.999999613408584,0.938833207467519,"114",1,FALSE
"R-HSA-1660499","Synthesis of PIPs at the plasma membrane","1/309","51/9062",0.0196078431372549,0.575036487086744,-0.57179331988273,0.830405758039082,0.999999613408584,0.938833207467519,"8395",1,FALSE
"R-HSA-5620924","Intraflagellar transport","1/309","51/9062",0.0196078431372549,0.575036487086744,-0.57179331988273,0.830405758039082,0.999999613408584,0.938833207467519,"81027",1,FALSE
"R-HSA-948021","Transport to the Golgi and subsequent modification","4/309","169/9062",0.0236686390532544,0.694126883820685,-0.754135446698833,0.83367632745859,0.999999613408584,0.938833207467519,"2890/5265/2525/81027",4,FALSE
"R-HSA-5610787","Hedgehog 'off' state","2/309","94/9062",0.0212765957446809,0.623975762583488,-0.688526732777976,0.835889957457971,0.999999613408584,0.938833207467519,"114/81027",2,FALSE
"R-HSA-9856649","Transcriptional and post-translational regulation of MITF-M expression and activity","1/309","52/9062",0.0192307692307692,0.563978093104307,-0.592429160156258,0.836221385690389,0.999999613408584,0.938833207467519,"89780",1,FALSE
"R-HSA-193704","p75 NTR receptor-mediated signalling","2/309","95/9062",0.0210526315789474,0.617407596661557,-0.704309264221314,0.840231720772827,0.999999613408584,0.938833207467519,"26084/4099",2,FALSE
"R-HSA-1234176","Oxygen-dependent proline hydroxylation of Hypoxia-inducible Factor Alpha","1/309","53/9062",0.0188679245283019,0.553336997007999,-0.612729039236356,0.841838210531862,0.999999613408584,0.938833207467519,"64344",1,FALSE
"R-HSA-9707564","Cytoprotection by HMOX1","1/309","53/9062",0.0188679245283019,0.553336997007999,-0.612729039236356,0.841838210531862,0.999999613408584,0.938833207467519,"3162",1,FALSE
"R-HSA-9793380","Formation of paraxial mesoderm","1/309","53/9062",0.0188679245283019,0.553336997007999,-0.612729039236356,0.841838210531862,0.999999613408584,0.938833207467519,"89780",1,FALSE
"R-HSA-3781865","Diseases of glycosylation","3/309","135/9062",0.0222222222222222,0.65170801869831,-0.766031155615325,0.844515468063828,0.999999613408584,0.938833207467519,"4582/10675/2262",3,FALSE
"R-HSA-2151201","Transcriptional activation of mitochondrial biogenesis","1/309","54/9062",0.0185185185185185,0.543090015581925,-0.632706331136256,0.847263007173626,0.999999613408584,0.938833207467519,"55902",1,FALSE
"R-HSA-917937","Iron uptake and transport","1/309","54/9062",0.0185185185185185,0.543090015581925,-0.632706331136256,0.847263007173626,0.999999613408584,0.938833207467519,"3162",1,FALSE
"R-HSA-4420097","VEGFA-VEGFR2 Pathway","2/309","97/9062",0.0206185567010309,0.604677543122143,-0.73544643422209,0.848605146422831,0.999999613408584,0.938833207467519,"5590/57761",2,FALSE
"R-HSA-8878166","Transcriptional regulation by RUNX2","2/309","99/9062",0.0202020202020202,0.592461835180282,-0.766033963382469,0.856578477930347,0.999999613408584,0.938833207467519,"3549/4091",2,FALSE
"R-HSA-8852276","The role of GTSE1 in G2/M progression after G2 checkpoint","1/309","57/9062",0.0175438596491228,0.514506330551297,-0.690824897529465,0.862449568513313,0.999999613408584,0.938833207467519,"81027",1,FALSE
"R-HSA-193648","NRAGE signals death through JNK","1/309","58/9062",0.0172413793103448,0.505635531748689,-0.70963061429121,0.867169511137343,0.999999613408584,0.938833207467519,"26084",1,FALSE
"R-HSA-9013406","RHOQ GTPase cycle","1/309","58/9062",0.0172413793103448,0.505635531748689,-0.70963061429121,0.867169511137343,0.999999613408584,0.938833207467519,"1080",1,FALSE
"R-HSA-199977","ER to Golgi Anterograde Transport","3/309","142/9062",0.0211267605633803,0.619581567072337,-0.85844433285685,0.867954222532525,0.999999613408584,0.938833207467519,"2890/5265/81027",3,FALSE
"R-HSA-157118","Signaling by NOTCH","4/309","181/9062",0.0220994475138122,0.648107421909922,-0.898477695118346,0.870517799931043,0.999999613408584,0.938833207467519,"1950/23286/171558/408",4,FALSE
"R-HSA-9843745","Adipogenesis","2/309","103/9062",0.0194174757281553,0.569453608571339,-0.825653142761522,0.871387752295693,0.999999613408584,0.938833207467519,"83401/1050",2,FALSE
"R-HSA-1234174","Cellular response to hypoxia","1/309","60/9062",0.0166666666666667,0.488781014023732,-0.746452086157877,0.876130536462856,0.999999613408584,0.938833207467519,"64344",1,FALSE
"R-HSA-195721","Signaling by WNT","6/309","257/9062",0.0233463035019455,0.684673793963205,-0.963497933805118,0.877101208710822,0.999999613408584,0.938833207467519,"89780/7855/7476/5593/8395/8325",6,FALSE
"R-HSA-1268020","Mitochondrial protein import","1/309","61/9062",0.0163934426229508,0.480768210515147,-0.764486201755441,0.88038244317614,0.999999613408584,0.938833207467519,"197257",1,FALSE
"R-HSA-2029482","Regulation of actin dynamics for phagocytic cup formation","1/309","61/9062",0.0163934426229508,0.480768210515147,-0.764486201755441,0.88038244317614,0.999999613408584,0.938833207467519,"2209",1,FALSE
"R-HSA-9645723","Diseases of programmed cell death","1/309","61/9062",0.0163934426229508,0.480768210515147,-0.764486201755441,0.88038244317614,0.999999613408584,0.938833207467519,"994",1,FALSE
"R-HSA-9820952","Respiratory Syncytial Virus Infection Pathway","2/309","106/9062",0.0188679245283019,0.553336997007999,-0.869089918875202,0.881559631228744,0.999999613408584,0.938833207467519,"1524/2262",2,FALSE
"R-HSA-3906995","Diseases associated with O-glycosylation of proteins","1/309","62/9062",0.0161290322580645,0.473013884539096,-0.782280678356663,0.884488856358961,0.999999613408584,0.938833207467519,"4582",1,FALSE
"R-HSA-1650814","Collagen biosynthesis and modifying enzymes","1/309","63/9062",0.0158730158730159,0.46550572764165,-0.799843546680635,0.888454738957303,0.999999613408584,0.938833207467519,"55214",1,FALSE
"R-HSA-450294","MAP kinase activation","1/309","63/9062",0.0158730158730159,0.46550572764165,-0.799843546680635,0.888454738957303,0.999999613408584,0.938833207467519,"6196",1,FALSE
"R-HSA-909733","Interferon alpha/beta signaling","1/309","63/9062",0.0158730158730159,0.46550572764165,-0.799843546680635,0.888454738957303,0.999999613408584,0.938833207467519,"3135",1,FALSE
"R-HSA-9856530","High laminar flow shear stress activates signaling by PIEZO1 and PECAM1:CDH5:KDR in endothelial cells","1/309","63/9062",0.0158730158730159,0.46550572764165,-0.799843546680635,0.888454738957303,0.999999613408584,0.938833207467519,"114",1,FALSE
"R-HSA-983712","Ion channel transport","3/309","150/9062",0.02,0.586537216828479,-0.959363751273062,0.890888554346611,0.999999613408584,0.938833207467519,"84239/6337/9914",3,FALSE
"R-HSA-1445148","Translocation of SLC2A4 (GLUT4) to the plasma membrane","1/309","64/9062",0.015625,0.458232200647249,-0.817182432754715,0.892284885158236,0.999999613408584,0.938833207467519,"81027",1,FALSE
"R-HSA-5654738","Signaling by FGFR2","1/309","64/9062",0.015625,0.458232200647249,-0.817182432754715,0.892284885158236,0.999999613408584,0.938833207467519,"80004",1,FALSE
"R-HSA-9755511","KEAP1-NFE2L2 pathway","2/309","110/9062",0.0181818181818182,0.533215651662254,-0.925425435223064,0.893969568244451,0.999999613408584,0.938833207467519,"1950/3162",2,FALSE
"R-HSA-9833482","PKR-mediated signaling","1/309","66/9062",0.0151515151515152,0.444346376385211,-0.851216896988457,0.899556335450232,0.999999613408584,0.938833207467519,"81027",1,FALSE
"R-HSA-5357801","Programmed Cell Death","4/309","193/9062",0.0207253886010363,0.607810587387025,-1.03472759931167,0.900131256047651,0.999999613408584,0.938833207467519,"3552/100506658/838/23604",4,FALSE
"R-HSA-2995410","Nuclear Envelope (NE) Reassembly","1/309","67/9062",0.0149253731343284,0.437714340916775,-0.867925933663264,0.90300643464386,0.999999613408584,0.938833207467519,"81027",1,FALSE
"R-HSA-3000178","ECM proteoglycans","1/309","67/9062",0.0149253731343284,0.437714340916775,-0.867925933663264,0.90300643464386,0.999999613408584,0.938833207467519,"3674",1,FALSE
"R-HSA-9609507","Protein localization","3/309","155/9062",0.0193548387096774,0.567616661446915,-1.02013562484562,0.903351033017523,0.999999613408584,0.938833207467519,"197257/11264/3162",3,FALSE
"R-HSA-3371453","Regulation of HSF1-mediated heat shock response","1/309","69/9062",0.0144927536231884,0.425026968716289,-0.90075890484859,0.909556258382426,0.999999613408584,0.938833207467519,"3310",1,FALSE
"R-HSA-71291","Metabolism of amino acids and derivatives","7/309","311/9062",0.022508038585209,0.660090115401825,-1.14605111322196,0.911308743067084,0.999999613408584,0.938833207467519,"284716/56922/383/374569/53905/5625/7263",7,FALSE
"R-HSA-9694516","SARS-CoV-2 Infection","6/309","275/9062",0.0218181818181818,0.639858781994704,-1.1394826146236,0.912554734808406,0.999999613408584,0.938833207467519,"3135/6441/2262/92359/91662/51311",6,FALSE
"R-HSA-6794362","Protein-protein interactions at synapses","1/309","70/9062",0.0142857142857143,0.418955154877485,-0.916894492717445,0.912663910574112,0.999999613408584,0.938833207467519,"2890",1,FALSE
"R-HSA-1980143","Signaling by NOTCH1","1/309","71/9062",0.0140845070422535,0.413054378048225,-0.932850145823876,0.915665117383787,0.999999613408584,0.938833207467519,"408",1,FALSE
"R-HSA-983169","Class I MHC mediated antigen processing & presentation","8/309","352/9062",0.0227272727272727,0.666519564577817,-1.19900627171629,0.918541389629636,0.999999613408584,0.938833207467519,"2209/6280/6279/131405/2243/221687/3135/4008",8,FALSE
"R-HSA-9013408","RHOG GTPase cycle","1/309","72/9062",0.0138888888888889,0.407317511686444,-0.948631056502729,0.91856351341631,0.999999613408584,0.938833207467519,"26084",1,FALSE
"R-HSA-204998","Cell death signalling via NRAGE, NRIF and NADE","1/309","75/9062",0.0133333333333333,0.391024811218986,-0.994973926800587,0.926676352233153,0.999999613408584,0.938833207467519,"26084",1,FALSE
"R-HSA-69656","Cyclin A:Cdk2-associated events at S phase entry","1/309","75/9062",0.0133333333333333,0.391024811218986,-0.994973926800587,0.926676352233153,0.999999613408584,0.938833207467519,"994",1,FALSE
"R-HSA-390466","Chaperonin-mediated protein folding","1/309","76/9062",0.0131578947368421,0.385879747913473,-1.01010343784223,0.929197439042984,0.999999613408584,0.938833207467519,"81027",1,FALSE
"R-HSA-5617472","Activation of anterior HOX genes in hindbrain development during early embryogenesis","1/309","77/9062",0.012987012987013,0.380868322615895,-1.02508100842294,0.931632114241707,0.999999613408584,0.938833207467519,"3231",1,FALSE
"R-HSA-5619507","Activation of HOX genes during differentiation","1/309","77/9062",0.012987012987013,0.380868322615895,-1.02508100842294,0.931632114241707,0.999999613408584,0.938833207467519,"3231",1,FALSE
"R-HSA-983231","Factors involved in megakaryocyte development and platelet production","2/309","126/9062",0.0158730158730159,0.46550572764165,-1.13512996652953,0.932478538520594,0.999999613408584,0.938833207467519,"4778/81027",2,FALSE
"R-HSA-381340","Transcriptional regulation of white adipocyte differentiation","1/309","80/9062",0.0125,0.366585760517799,-1.069141361142,0.938446695933192,0.999999613408584,0.938833207467519,"1050",1,FALSE
"R-HSA-391251","Protein folding","1/309","81/9062",0.0123456790123457,0.36206001038795,-1.08354968174813,0.940564261169959,0.999999613408584,0.938833207467519,"81027",1,FALSE
"R-HSA-9609690","HCMV Early Events","1/309","81/9062",0.0123456790123457,0.36206001038795,-1.08354968174813,0.940564261169959,0.999999613408584,0.938833207467519,"81027",1,FALSE
"R-HSA-1632852","Macroautophagy","2/309","131/9062",0.0152671755725191,0.447738333456854,-1.1962428168232,0.941507735706353,0.999999613408584,0.938833207467519,"1080/81027",2,FALSE
"R-HSA-2029480","Fcgamma receptor (FCGR) dependent phagocytosis","1/309","83/9062",0.0120481927710843,0.35333567278824,-1.1119693205545,0.944584011049063,0.999999613408584,0.938833207467519,"2209",1,FALSE
"R-HSA-1474290","Collagen formation","1/309","85/9062",0.0117647058823529,0.345021892252046,-1.13988089613015,0.948332717986608,0.999999613408584,0.938833207467519,"55214",1,FALSE
"R-HSA-2672351","Stimuli-sensing channels","1/309","85/9062",0.0117647058823529,0.345021892252046,-1.13988089613015,0.948332717986608,0.999999613408584,0.938833207467519,"6337",1,FALSE
"R-HSA-380320","Recruitment of NuMA to mitotic centrosomes","1/309","86/9062",0.0116279069767442,0.341010009783999,-1.1536536972253,0.950111172942845,0.999999613408584,0.938833207467519,"81027",1,FALSE
"R-HSA-9700206","Signaling by ALK in cancer","1/309","86/9062",0.0116279069767442,0.341010009783999,-1.1536536972253,0.950111172942845,0.999999613408584,0.938833207467519,"4008",1,FALSE
"R-HSA-9725370","Signaling by ALK fusions and activated point mutants","1/309","86/9062",0.0116279069767442,0.341010009783999,-1.1536536972253,0.950111172942845,0.999999613408584,0.938833207467519,"4008",1,FALSE
"R-HSA-9860931","Response of endothelial cells to shear stress","1/309","86/9062",0.0116279069767442,0.341010009783999,-1.1536536972253,0.950111172942845,0.999999613408584,0.938833207467519,"114",1,FALSE
"R-HSA-3371556","Cellular response to heat stress","1/309","88/9062",0.0113636363636364,0.333259782288909,-1.18084745160652,0.953487094052994,0.999999613408584,0.938833207467519,"3310",1,FALSE
"R-HSA-6811434","COPI-dependent Golgi-to-ER retrograde traffic","1/309","88/9062",0.0113636363636364,0.333259782288909,-1.18084745160652,0.953487094052994,0.999999613408584,0.938833207467519,"81027",1,FALSE
"R-HSA-9711123","Cellular response to chemical stress","3/309","185/9062",0.0162162162162162,0.475570716347415,-1.35403075613764,0.954652023702927,0.999999613408584,0.938833207467519,"1950/2878/3162",3,FALSE
"R-HSA-195258","RHO GTPase Effectors","5/309","269/9062",0.0185873605947955,0.545108937572936,-1.42299655316044,0.955557792122983,0.999999613408584,0.938833207467519,"5590/6280/6279/1080/81027",5,FALSE
"R-HSA-1474165","Reproduction","1/309","90/9062",0.0111111111111111,0.325854009349155,-1.20758975235327,0.956635259573797,0.999999613408584,0.938833207467519,"284359",1,FALSE
"R-HSA-211000","Gene Silencing by RNA","1/309","90/9062",0.0111111111111111,0.325854009349155,-1.20758975235327,0.956635259573797,0.999999613408584,0.938833207467519,"122402",1,FALSE
"R-HSA-6807878","COPI-mediated anterograde transport","1/309","90/9062",0.0111111111111111,0.325854009349155,-1.20758975235327,0.956635259573797,0.999999613408584,0.938833207467519,"81027",1,FALSE
"R-HSA-15869","Metabolism of nucleotides","1/309","91/9062",0.010989010989011,0.322273196059604,-1.22079789209308,0.958128762114111,0.999999613408584,0.938833207467519,"51733",1,FALSE
"R-HSA-428157","Sphingolipid metabolism","1/309","92/9062",0.0108695652173913,0.318770226537217,-1.23390053797327,0.959570988455293,0.999999613408584,0.938833207467519,"2523",1,FALSE
"R-HSA-170834","Signaling by TGF-beta Receptor Complex","1/309","93/9062",0.010752688172043,0.315342589692731,-1.24689997434567,0.960963693535261,0.999999613408584,0.938833207467519,"5590",1,FALSE
"R-HSA-9692914","SARS-CoV-1-host interactions","1/309","93/9062",0.010752688172043,0.315342589692731,-1.24689997434567,0.960963693535261,0.999999613408584,0.938833207467519,"6441",1,FALSE
"R-HSA-9612973","Autophagy","2/309","145/9062",0.0137931034482759,0.404508425398951,-1.35812292353192,0.961085425404408,0.999999613408584,0.938833207467519,"1080/81027",2,FALSE
"R-HSA-5688426","Deubiquitination","4/309","235/9062",0.0170212765957447,0.499180610066791,-1.46149503187079,0.962191404959688,0.999999613408584,0.938833207467519,"1080/408/84101/79589",4,FALSE
"R-HSA-1592230","Mitochondrial biogenesis","1/309","94/9062",0.0106382978723404,0.311987881291744,-1.25979840943372,0.962308572417812,0.999999613408584,0.938833207467519,"55902",1,FALSE
"R-HSA-9837999","Mitochondrial protein degradation","1/309","94/9062",0.0106382978723404,0.311987881291744,-1.25979840943372,0.962308572417812,0.999999613408584,0.938833207467519,"197257",1,FALSE
"R-HSA-9855142","Cellular responses to mechanical stimuli","1/309","95/9062",0.0105263157894737,0.308703798330778,-1.27259797870565,0.963607262328929,0.999999613408584,0.938833207467519,"114",1,FALSE
"R-HSA-2559583","Cellular Senescence","2/309","148/9062",0.0135135135135135,0.396308930289513,-1.39122744013321,0.964374790273779,0.999999613408584,0.938833207467519,"3552/6196",2,FALSE
"R-HSA-913531","Interferon Signaling","4/309","242/9062",0.0165289256198347,0.48474150151114,-1.52646691140208,0.968105118873566,0.999999613408584,0.938833207467519,"115361/2209/3135/81027",4,FALSE
"R-HSA-73887","Death Receptor Signaling","2/309","152/9062",0.0131578947368421,0.385879747913473,-1.43458142128541,0.968348189253597,0.999999613408584,0.938833207467519,"26084/4099",2,FALSE
"R-HSA-9633012","Response of EIF2AK4 (GCN2) to amino acid deficiency","1/309","99/9062",0.0101010101010101,0.296230917590141,-1.3228479343596,0.968370960772745,0.999999613408584,0.938833207467519,"57761",1,FALSE
"R-HSA-446203","Asparagine N-linked glycosylation","5/309","286/9062",0.0174825174825175,0.512707357367552,-1.57330674378402,0.969737120059906,0.999999613408584,0.938833207467519,"2890/5265/433/2525/81027",5,FALSE
"R-HSA-9609646","HCMV Infection","1/309","105/9062",0.00952380952380952,0.27930343658499,-1.39557973428016,0.974376349377225,0.999999613408584,0.938833207467519,"81027",1,FALSE
"R-HSA-109581","Apoptosis","2/309","161/9062",0.0124223602484472,0.364308830328248,-1.52907418720874,0.975791258429127,0.999999613408584,0.938833207467519,"100506658/23604",2,FALSE
"R-HSA-9648025","EML4 and NUDC in mitotic spindle formation","1/309","107/9062",0.00934579439252336,0.274082811602093,-1.41917193541742,0.976113886868756,0.999999613408584,0.938833207467519,"81027",1,FALSE
"R-HSA-5621481","C-type lectin receptors (CLRs)","1/309","115/9062",0.00869565217391304,0.255016181229773,-1.51058748411806,0.981965917407394,0.999999613408584,0.938833207467519,"4582",1,FALSE
"R-HSA-8939211","ESR-mediated signaling","2/309","172/9062",0.0116279069767442,0.341010009783999,-1.63938516785968,0.982615706998454,0.999999613408584,0.938833207467519,"5590/1950",2,FALSE
"R-HSA-2500257","Resolution of Sister Chromatid Cohesion","1/309","117/9062",0.00854700854700855,0.250656930268581,-1.53275342133668,0.983190149831324,0.999999613408584,0.938833207467519,"81027",1,FALSE
"R-HSA-8856688","Golgi-to-ER retrograde transport","1/309","121/9062",0.00826446280991736,0.24237075075557,-1.57632299584012,0.985395638598368,0.999999613408584,0.938833207467519,"81027",1,FALSE
"R-HSA-69275","G2/M Transition","2/309","181/9062",0.0110497237569061,0.324053710954961,-1.72587517219395,0.986776344638292,0.999999613408584,0.938833207467519,"994/81027",2,FALSE
"R-HSA-453274","Mitotic G2-G2/M phases","2/309","183/9062",0.0109289617486339,0.320512140343431,-1.74467307662638,0.987560023935311,0.999999613408584,0.938833207467519,"994/81027",2,FALSE
"R-HSA-5663220","RHO GTPases Activate Formins","1/309","130/9062",0.00769230769230769,0.225591237241723,-1.67092292738658,0.989359844717713,0.999999613408584,0.938833207467519,"81027",1,FALSE
"R-HSA-6811442","Intra-Golgi and retrograde Golgi-to-ER traffic","2/309","189/9062",0.0105820105820106,0.3103371517611,-1.80020238781742,0.989649743603061,0.999999613408584,0.938833207467519,"250/81027",2,FALSE
"R-HSA-9679506","SARS-CoV Infections","6/309","380/9062",0.0157894736842105,0.463055697496168,-2.00909275105463,0.991019298836096,0.999999613408584,0.938833207467519,"3135/6441/2262/92359/91662/51311",6,FALSE
"R-HSA-9678108","SARS-CoV-1 Infection","1/309","136/9062",0.00735294117647059,0.215638682657529,-1.7315937948948,0.991386496190931,0.999999613408584,0.938833207467519,"6441",1,FALSE
"R-HSA-1169410","Antiviral mechanism by IFN-stimulated genes","1/309","139/9062",0.00719424460431655,0.210984610369956,-1.76127134117132,0.99225052563051,0.999999613408584,0.938833207467519,"81027",1,FALSE
"R-HSA-9013148","CDC42 GTPase cycle","1/309","144/9062",0.00694444444444444,0.203658755843222,-1.80982074520425,0.993502823674627,0.999999613408584,0.938833207467519,"26084",1,FALSE
"R-HSA-69242","S Phase","1/309","149/9062",0.00671140939597315,0.19682456940553,-1.85729306202803,0.994553301108611,0.999999613408584,0.938833207467519,"994",1,FALSE
"R-HSA-422475","Axon guidance","8/309","488/9062",0.0163934426229508,0.480768210515147,-2.21548230650864,0.994845489648919,0.999999613408584,0.938833207467519,"5909/56956/6323/27255/6196/6456/3674/81027",8,FALSE
"R-HSA-9711097","Cellular response to starvation","1/309","151/9062",0.00662251655629139,0.194217621466384,-1.87599578455555,0.994924432507446,0.999999613408584,0.938833207467519,"57761",1,FALSE
"R-HSA-9010553","Regulation of expression of SLITs and ROBOs","1/309","152/9062",0.00657894736842105,0.192939873956736,-1.88528787114286,0.995100434118399,0.999999613408584,0.938833207467519,"56956",1,FALSE
"R-HSA-212165","Epigenetic regulation of gene expression","3/309","266/9062",0.0112781954887218,0.33075406964012,-2.08148261350595,0.995113779256982,0.999999613408584,0.938833207467519,"6319/84649/1050",3,FALSE
"R-HSA-8951664","Neddylation","2/309","217/9062",0.00921658986175115,0.270293648308055,-2.04417426068062,0.995662023682102,0.999999613408584,0.938833207467519,"4008/64344",2,FALSE
"R-HSA-983168","Antigen processing: Ubiquitination & Proteasome degradation","3/309","277/9062",0.0108303249097473,0.317619431495566,-2.16712765194451,0.996445523376812,0.999999613408584,0.938833207467519,"131405/221687/4008",3,FALSE
"R-HSA-2467813","Separation of Sister Chromatids","1/309","167/9062",0.00598802395209581,0.175609945158227,-2.02025804095721,0.997115688343025,0.999999613408584,0.938833207467519,"81027",1,FALSE
"R-HSA-5617833","Cilium Assembly","1/309","189/9062",0.00529100529100529,0.15516857588055,-2.20523339902484,0.998676194695222,0.999999613408584,0.938833207467519,"81027",1,FALSE
"R-HSA-68877","Mitotic Prometaphase","1/309","194/9062",0.00515463917525773,0.151169385780536,-2.24542161012489,0.998891240545048,0.999999613408584,0.938833207467519,"81027",1,FALSE
"R-HSA-376176","Signaling by ROBO receptors","1/309","195/9062",0.00512820512820513,0.150394158161148,-2.25338439302113,0.998929874585596,0.999999613408584,0.938833207467519,"56956",1,FALSE
"R-HSA-68882","Mitotic Anaphase","1/309","211/9062",0.004739336492891,0.138989861807696,-2.37761845544553,0.999393610893822,0.999999613408584,0.938833207467519,"81027",1,FALSE
"R-HSA-2555396","Mitotic Metaphase and Anaphase","1/309","212/9062",0.00471698113207547,0.138334249252,-2.38519542063961,0.999414780731559,0.999999613408584,0.938833207467519,"81027",1,FALSE
"R-HSA-1852241","Organelle biogenesis and maintenance","2/309","283/9062",0.00706713780918728,0.207256967077201,-2.5456105829882,0.999473988463789,0.999999613408584,0.938833207467519,"55902/81027",2,FALSE
"R-HSA-3247509","Chromatin modifying enzymes","1/309","216/9062",0.00462962962962963,0.135772503895481,-2.41529581228237,0.999492343715992,0.999999613408584,0.938833207467519,"23569",1,FALSE
"R-HSA-4839726","Chromatin organization","1/309","230/9062",0.00434782608695652,0.127508090614887,-2.51816762988474,0.999691521613945,0.999999613408584,0.938833207467519,"23569",1,FALSE
"R-HSA-9012999","RHO GTPase cycle","4/309","430/9062",0.00930232558139535,0.272808007827199,-2.90279549515855,0.999814490252559,0.999999613408584,0.938833207467519,"26084/1080/23221/84612",4,FALSE
"R-HSA-1428517","Aerobic respiration and respiratory electron transport","1/309","246/9062",0.0040650406504065,0.119214881469203,-2.63142242724547,0.999825600432581,0.999999613408584,0.938833207467519,"57546",1,FALSE
"R-HSA-68886","M Phase","1/309","351/9062",0.00284900284900285,0.0835523100895269,-3.2901528387858,0.999995975558438,0.999999613408584,0.938833207467519,"81027",1,FALSE
"R-HSA-69278","Cell Cycle, Mitotic","2/309","497/9062",0.00402414486921529,0.118015536585207,-3.79983104178779,0.999999613408584,0.999999613408584,0.938833207467519,"994/81027",2,FALSE
