"ID","Description","GeneRatio","BgRatio","RichFactor","FoldEnrichment","zScore","pvalue","p.adjust","qvalue","geneID","Count","BH_significant"
"R-HSA-1474244","Extracellular matrix organization","95/703","294/9062",0.32312925170068,4.16528773671631,16.0001905537906,6.56480439308519e-36,6.63045243701604e-33,6.15018516825875e-33,"4237/1307/1298/255631/7412/1301/1513/9507/63923/7143/54221/92291/4052/72/1281/1290/2335/1293/2199/3680/1294/1295/6696/84570/50859/170690/3673/1404/4015/6678/6444/7148/222663/11131/1310/1303/1300/3696/2006/1278/5054/4017/4325/7373/169044/54829/1515/1306/3371/1289/140766/59/1308/8038/283208/726/4316/4319/4312/4314/4321/4322/4684/8076/8082/3679/4327/4060/1215/1511/4053/7043/70/2200/22801/4016/176/4313/170692/1277/3691/1311/5650/655/1299/9510/11096/80781/4320/2192/1756/1821/1288/1287/827",95,TRUE
"R-HSA-1474228","Degradation of the extracellular matrix","53/703","126/9062",0.420634920634921,5.42218158007632,14.4956878674334,1.27927658472233e-26,6.46034675284777e-24,5.99240084422566e-24,"1307/1298/1301/1513/9507/92291/1281/1290/2335/1293/1294/1295/6696/84570/50859/170690/222663/11131/1310/1303/1300/2006/1278/4325/7373/1515/1306/1289/1308/726/4316/4319/4312/4314/4321/4322/4327/1215/1511/2200/176/4313/170692/1277/5650/1299/9510/11096/80781/4320/1288/1287/827",53,TRUE
"R-HSA-1442490","Collagen degradation","32/703","60/9062",0.533333333333333,6.87491702228544,13.2402572412237,1.95053008441058e-20,6.56678461751562e-18,6.09112903552777e-18,"1307/1298/1301/1513/1281/1290/1293/1294/1295/84570/1310/1303/1300/1278/7373/1306/1289/1308/4316/4319/4312/4314/4321/4322/4327/4313/1277/1299/80781/4320/1288/1287",32,TRUE
"R-HSA-8948216","Collagen chain trimerization","24/703","41/9062",0.585365853658537,7.54564063421573,12.1816273621846,6.6443488969301e-17,1.67769809647485e-14,1.55617645217574e-14,"1307/1298/255631/1301/1281/1290/1293/1294/1295/84570/1310/1303/1300/1278/7373/169044/1306/1289/1308/1277/1299/80781/1288/1287",24,TRUE
"R-HSA-2022090","Assembly of collagen fibrils and other multimeric structures","28/703","57/9062",0.491228070175439,6.33216041526291,11.7108209456371,8.470165695019e-17,1.71097347039384e-14,1.58704157232988e-14,"1298/255631/1301/1281/1290/1293/1294/1295/4015/1303/1300/1278/4017/7373/1515/1306/1289/1308/4316/4314/4322/4016/1277/3691/1299/80781/1288/1287",28,TRUE
"R-HSA-1474290","Collagen formation","34/703","85/9062",0.4,5.15618776671408,11.1641991535509,1.1433324909783e-16,1.9246096931468e-14,1.78520336310647e-14,"1307/1298/255631/1301/1281/1290/1293/1294/1295/84570/4015/1310/1303/1300/1278/4017/7373/169044/1515/1306/1289/140766/1308/283208/4316/4314/4322/4016/1277/3691/1299/80781/1288/1287",34,TRUE
"R-HSA-500792","GPCR ligand binding","59/703","266/9062",0.221804511278195,2.85916426913657,8.92492421937634,5.949487899708e-14,8.58426111243583e-12,7.96247252742875e-12,"83756/1269/9890/183/2786/3973/6869/151/8324/80326/3357/10267/2917/5021/1233/1237/90226/2912/7474/3355/1816/3576/6372/10563/2151/2861/6608/7434/5368/5179/6363/6366/1903/9568/114131/6387/187/170589/643/2784/5744/552/4922/27198/3356/1880/624/623/6367/6347/6354/6356/6357/6752/116/79948/5731/2847/27334",59,TRUE
"R-HSA-3000178","ECM proteoglycans","27/703","67/9062",0.402985074626866,5.19466677989852,9.99362040340868,1.35655485170133e-13,1.71265050027292e-11,1.58859712896603e-11,"1298/63923/7143/1281/1290/2335/1293/3680/3673/1404/6678/7148/1278/5054/54829/3371/1289/4684/3679/4060/7043/176/1277/1311/1299/1288/1287",27,TRUE
"R-HSA-1650814","Collagen biosynthesis and modifying enzymes","26/703","63/9062",0.412698412698413,5.31987626724469,9.97775926779956,1.97301491447329e-13,2.2141611817978e-11,2.05378160687863e-11,"1307/1298/255631/1301/1281/1290/1293/1294/1295/84570/1310/1303/1300/1278/7373/169044/1306/1289/140766/1308/283208/1277/1299/80781/1288/1287",26,TRUE
"R-HSA-372790","Signaling by GPCR","82/703","480/9062",0.170833333333333,2.20212185870081,7.84808002649639,3.14199668543076e-12,3.17341665228507e-10,2.94355478950882e-10,"83756/1269/9890/5999/8490/5996/5997/183/2786/388/3973/6869/151/5136/8324/2335/80326/3357/25791/10267/2917/5021/1233/1237/90226/2912/7474/3355/111/1816/3576/6372/10563/108/2151/5924/27115/26575/1607/2861/6608/9162/7434/5368/5179/26166/6363/6366/1903/9568/114131/10276/6387/187/170589/5138/4314/643/2784/5139/5744/552/4922/27198/26960/3356/1880/624/623/6367/6347/6354/6356/6357/6752/116/2774/79948/5731/5332/2847/27334",82,TRUE
"R-HSA-216083","Integrin cell surface interactions","27/703","80/9062",0.3375,4.35053342816501,8.72892955180383,1.91994789487469e-11,1.7628612489304e-09,1.63517093439089e-09,"1307/1298/7412/1281/1290/2335/1293/3680/1294/1295/6696/3673/1300/3696/1278/3371/1289/3679/4060/2200/22801/1277/1311/1299/80781/1288/1287",27,TRUE
"R-HSA-373076","Class A/1 (Rhodopsin-like receptors)","43/703","191/9062",0.225130890052356,2.90204285299353,7.70440769717774,1.04524150586468e-10,8.79744934102774e-09,8.16021877385585e-09,"1269/9890/183/3973/6869/151/3357/5021/1233/1237/3355/1816/3576/6372/10563/2151/2861/5368/5179/6363/6366/1903/6387/187/170589/643/552/4922/27198/3356/1880/624/623/6367/6347/6354/6356/6357/6752/79948/5731/2847/27334",43,TRUE
"R-HSA-388396","GPCR downstream signalling","70/703","422/9062",0.165876777251185,2.13822952411129,6.94412877127289,5.42356264751339e-10,4.21369097999117e-08,3.90847834517159e-08,"83756/1269/5999/8490/5996/5997/183/2786/388/3973/6869/151/5136/2335/3357/25791/10267/2917/5021/1233/1237/2912/3355/111/1816/3576/6372/10563/108/2151/5924/27115/26575/1607/2861/9162/7434/5368/5179/26166/6363/6366/1903/9568/10276/6387/187/170589/5138/4314/643/2784/5139/5744/552/4922/27198/26960/3356/1880/624/623/6357/6752/116/2774/5731/5332/2847/27334",70,TRUE
"R-HSA-1592389","Activation of Matrix Metalloproteinases","14/703","27/9062",0.518518518518518,6.68394710499974,8.57741447546314,1.95309791402397e-09,1.40902063797444e-07,1.30696025825664e-07,"1513/50859/4325/1515/4316/4319/4312/4314/4322/1215/1511/4313/80781/4320",14,TRUE
"R-HSA-9734767","Developmental Cell Lineages","24/703","80/9062",0.3,3.86714082503556,7.46957784884503,3.85239356218023e-09,2.59394499853469e-07,2.40605633006344e-07,"2707/255631/1301/3713/1281/1290/2335/8626/8842/7980/1278/168620/203111/1289/3852/3848/9071/64714/3866/3861/3872/1277/3691/5650",24,TRUE
"R-HSA-418594","G alpha (i) signalling events","42/703","208/9062",0.201923076923077,2.60288324762009,6.78191533382729,5.85463498119010e-09,3.69573833187625e-07,3.42804285082841e-07,"83756/1269/5999/8490/5996/183/2786/151/5136/2917/1233/1237/2912/3355/111/3576/6372/10563/108/26575/2861/5368/5179/26166/6363/6366/1903/9568/6387/187/643/2784/27198/26960/1880/624/623/6357/6752/2774/5332/2847",42,TRUE
"R-HSA-375276","Peptide ligand-binding receptors","28/703","109/9062",0.256880733944954,3.31131324467877,7.04005950219548,9.38136303359196e-09,5.38974663165541e-07,4.99934810023274e-07,"183/6869/5021/1233/1237/3576/6372/10563/2151/2861/5368/5179/6363/6366/6387/187/643/552/4922/624/623/6367/6347/6354/6356/6357/6752/2847",28,TRUE
"R-HSA-381426","Regulation of Insulin-like Growth Factor (IGF) transport and uptake by Insulin-like Growth Factor Binding Proteins (IGFBPs)","26/703","96/9062",0.270833333333333,3.49116880037933,7.11586942847634,9.60548904651459e-09,5.38974663165541e-07,4.99934810023274e-07,"60676/4052/2335/3485/3488/7857/11167/7018/1356/3490/6696/721/5179/51280/3371/5069/4312/3479/1511/2200/4313/3487/1000/3270/26085/3053",26,TRUE
"R-HSA-9830674","Formation of the ureteric bud","10/703","16/9062",0.625,8.05654338549075,8.19242135099828,3.86679887118492e-08,2.05550887362988e-06,1.90662105005794e-06,"10736/6092/2668/2296/2138/5979/2674/6495/26585/2303",10,TRUE
"R-HSA-1296071","Potassium Channels","20/703","66/9062",0.303030303030303,3.90620285357127,6.87166112772417,6.39899008506024e-08,3.23148999295542e-06,2.99742167142296e-06,"3737/3752/3782/3756/3776/2786/3754/131096/3779/3751/3788/9568/3778/3741/2784/10060/10021/3773/3783/3745",20,TRUE
"R-HSA-3000171","Non-integrin membrane-ECM interactions","21/703","76/9062",0.276315789473684,3.56184023358539,6.5037553484629,1.76053901495138e-07,8.46735431000427e-06,7.85403370078561e-06,"1301/54221/72/1281/1290/2335/3673/6444/1300/1278/3371/1289/59/8082/70/1277/3691/1756/1821/1288/1287",21,TRUE
"R-HSA-6805567","Keratinization","16/703","48/9062",0.333333333333333,4.2968231389284,6.6411923132417,3.10697651558759e-07,1.36436794814933e-05,1.26554192168099e-05,"3713/6699/5317/5318/3853/3852/3848/3860/3866/3861/3868/3872/1825/1830/43849/26085",16,TRUE
"R-HSA-6809371","Formation of the cornified envelope","16/703","48/9062",0.333333333333333,4.2968231389284,6.6411923132417,3.10697651558759e-07,1.36436794814933e-05,1.26554192168099e-05,"3713/6699/5317/5318/3853/3852/3848/3860/3866/3861/3868/3872/1825/1830/43849/26085",16,TRUE
"R-HSA-1566948","Elastic fibre formation","15/703","43/9062",0.348837209302326,4.49667537794833,6.66498098709705,3.71164693416521e-07,1.56198475146119e-05,1.44884463658203e-05,"4237/4052/2335/2199/4015/3696/2006/4017/8076/4053/7043/2200/4016/655/2192",15,TRUE
"R-HSA-9830369","Kidney development","14/703","38/9062",0.368421052631579,4.74912031144718,6.71599242297921,4.20136109881227e-07,1.69734988392016e-05,1.57440479071281e-05,"130497/10736/6092/2668/2296/2138/5979/2674/7490/6495/26585/2303/3172/57526",14,TRUE
"R-HSA-112316","Neuronal System","48/703","293/9062",0.16382252559727,2.11174925599212,5.60988796065143,4.69040327675719e-07,1.82204127289414e-05,1.69006433858862e-05,"2899/5563/3737/3752/3782/3756/3776/2786/3754/2571/6529/80852/131096/111/22865/590/108/5924/3779/347733/2898/3751/3788/9568/3778/9379/91683/1740/3741/2784/10060/8499/26960/84189/10021/2903/10381/22843/3773/2774/116444/3783/50944/6616/3745/1137/54413/2892",48,TRUE
"R-HSA-3906995","Diseases associated with O-glycosylation of proteins","18/703","62/9062",0.290322580645161,3.74239434680861,6.28337616269319,5.96477596450737e-07,2.23126804598239e-05,2.06964936000451e-05,"9507/80731/4585/170690/81792/11174/171019/7058/10071/92949/140766/4588/4586/727897/170692/94025/9510/11096",18,TRUE
"R-HSA-419037","NCAM1 interactions","12/703","34/9062",0.352941176470588,4.54957744121831,6.01324507207642,4.81489306196782e-06,0.000173680071163839,0.000161099805456818,"1298/9048/1281/1290/1293/2668/1289/2674/4684/8913/1299/1287",12,TRUE
"R-HSA-2129379","Molecules associated with elastic fibres","12/703","36/9062",0.333333333333333,4.2968231389284,5.74761673386688,9.50887402390308e-06,0.00032013209213807,0.00029694378530785,"4237/4052/2335/2199/3696/2006/8076/4053/7043/2200/655/2192",12,TRUE
"R-HSA-5083635","Defective B3GALTL causes PpS","12/703","36/9062",0.333333333333333,4.2968231389284,5.74761673386688,9.50887402390308e-06,0.00032013209213807,0.00029694378530785,"9507/80731/170690/81792/11174/171019/7058/92949/140766/170692/9510/11096",12,TRUE
"R-HSA-5173214","O-glycosylation of TSR domain-containing proteins","12/703","37/9062",0.324324324324324,4.18069278382223,5.62195733489767,1.3090889562674e-05,0.000426509627687122,0.000395616017343969,"9507/80731/170690/81792/11174/171019/7058/92949/140766/170692/9510/11096",12,TRUE
"R-HSA-9925563","Developmental Lineage of Pancreatic Ductal Cells","13/703","43/9062",0.302325581395349,3.89711866088855,5.52217140714845,1.35787606675658e-05,0.000428579633570046,0.000397536085333341,"255631/1301/1281/1290/2335/8842/7980/1278/203111/1289/9071/3872/1277",13,TRUE
"R-HSA-380108","Chemokine receptors bind chemokines","14/703","50/9062",0.28,3.60933143669986,5.36527790895298,1.69540068529997e-05,0.000518895361258474,0.000481309923418491,"1233/1237/3576/6372/10563/6363/6366/6387/643/6367/6347/6354/6356/6357",14,TRUE
"R-HSA-5173105","O-linked glycosylation","21/703","99/9062",0.212121212121212,2.73434199749989,5.0316938043688,1.77201346085175e-05,0.000526392233958903,0.000488263770946767,"9507/80731/4585/170690/81792/11174/171019/7058/10071/92949/140766/4588/4586/727897/57452/9245/170692/94025/10331/9510/11096",21,TRUE
"R-HSA-5669034","TNFs bind their physiological receptors","10/703","27/9062",0.37037037037037,4.77424793214267,5.6955647632032,1.85166501963563e-05,0.000534337619951997,0.000495633644353598,"8784/3604/8995/10913/939/8600/608/23495/970/60401",10,TRUE
"R-HSA-9820448","Developmental Cell Lineages of the Exocrine Pancreas","15/703","58/9062",0.258620689655172,3.3337420905479,5.17056113889664,2.42709501579352e-05,0.000680934990542071,0.000631612445630478,"255631/1301/1281/1290/2335/8842/7980/1278/168620/203111/1289/9071/64714/3872/1277",15,TRUE
"R-HSA-2173782","Binding and Uptake of Ligands by Scavenger Receptors","12/703","40/9062",0.3,3.86714082503556,5.27006745475631,3.17841776466604e-05,0.000867622146571001,0.000804777186501502,"78989/1281/3512/6678/1278/286133/3043/55576/3040/3039/1277/284297",12,TRUE
"R-HSA-8957275","Post-translational protein phosphorylation","18/703","84/9062",0.214285714285714,2.76224344645397,4.70548411620805,6.05233187866946e-05,0.00160864610459372,0.00149212614183264,"4052/2335/3488/7857/11167/7018/1356/3490/6696/721/5179/51280/3371/2200/3487/1000/3270/3053",18,TRUE
"R-HSA-9725554","Differentiation of Keratinocytes in Interfollicular Epidermis in Mammalian Skin","9/703","25/9062",0.36,4.64056899004267,5.28586045591486,6.35548112846853e-05,0.00164590665121877,0.00152668777444993,"2707/3713/8626/3852/3848/3866/3861/3691/5650",9,TRUE
"R-HSA-5576891","Cardiac conduction","20/703","101/9062",0.198019801980198,2.55256820134361,4.55010795028095,7.86854589440085e-05,0.00198680783833622,0.00184289627526757,"3752/845/477/844/3776/6328/6326/23704/10699/5350/3751/6588/6327/3741/10060/2259/6263/482/6329/59285",20,TRUE
"R-HSA-1296072","Voltage gated Potassium channels","9/703","26/9062",0.346153846153846,4.46208556734873,5.12654678908673,9.05721266714086e-05,0.00223116702288104,0.00206955565436595,"3737/3752/3756/3754/131096/3751/3788/3741/3745",9,TRUE
"R-HSA-3781865","Diseases of glycosylation","24/703","135/9062",0.177777777777778,2.29163900742848,4.38473987757242,9.7190148850297e-05,0.00233719167473333,0.00216790056332743,"9507/80731/4585/170690/81792/11174/171019/7058/10071/92949/4969/4958/140766/4588/4586/727897/11081/4060/176/4166/170692/94025/9510/11096",24,TRUE
"R-HSA-397014","Muscle contraction","27/703","161/9062",0.167701863354037,2.16175574070311,4.31317351509998,0.000103065946472778,0.00242085130087224,0.00224550042498832,"3752/845/477/844/3776/72/6328/6326/1674/23704/10699/5350/3751/59/6588/6327/3741/10060/2259/6263/70/4629/482/8913/6329/59285/1756",27,TRUE
"R-HSA-3000170","Syndecan interactions","9/703","27/9062",0.333333333333333,4.2968231389284,4.97510233513822,0.000126599864908934,0.00288310266026656,0.00267426927320191,"1281/1290/2335/3673/1278/3371/1289/1277/3691",9,TRUE
"R-HSA-5083625","Defective GALNT3 causes HFTC","6/703","12/9062",0.5,6.4452347083926,5.47358041130572,0.00013130962611115,0.00288310266026656,0.00267426927320191,"4585/10071/4588/4586/727897/94025",6,TRUE
"R-HSA-5083636","Defective GALNT12 causes CRCS1","6/703","12/9062",0.5,6.4452347083926,5.47358041130572,0.00013130962611115,0.00288310266026656,0.00267426927320191,"4585/10071/4588/4586/727897/94025",6,TRUE
"R-HSA-2243919","Crosslinking of collagen fibrils","7/703","17/9062",0.411764705882353,5.30784034808803,5.15547089990293,0.000160009158056527,0.00343849467312962,0.00318943226585238,"4015/1278/4017/4016/1277/1288/1287",7,TRUE
"R-HSA-375165","NCAM signaling for neurite out-growth","13/703","54/9062",0.240740740740741,3.10326115589273,4.4953597982061,0.00018535891880002,0.00390026058308375,0.00361775082745653,"1298/9048/1281/1290/1293/2668/1289/2674/6712/4684/8913/1299/1287",13,TRUE
"R-HSA-5083632","Defective C1GALT1C1 causes TNPS","6/703","13/9062",0.461538461538462,5.94944742313163,5.17865121872635,0.000227910778898509,0.0046529693266376,0.00431593819771491,"4585/10071/4588/4586/727897/94025",6,TRUE
"R-HSA-2672351","Stimuli-sensing channels","17/703","85/9062",0.2,2.57809388335704,4.23901791393981,0.000234731248929874,0.0046529693266376,0.00431593819771491,"266675/9635/845/844/55503/80036/65268/63982/55107/41/121601/59341/161003/259232/6263/162514/65266",17,TRUE
"R-HSA-8874081","MET activates PTK2 signaling","9/703","29/9062",0.310344827586207,4.00049050865748,4.69314331214901,0.000234951916493582,0.0046529693266376,0.00431593819771491,"255631/1301/1281/1290/2335/3673/1278/1289/1277",9,TRUE
"R-HSA-416476","G alpha (q) signalling events","24/703","145/9062",0.16551724137931,2.13359493795065,3.99044271637119,0.000301661100105397,0.00585918675204714,0.00543478500189886,"5999/8490/5996/5997/183/2786/6869/3357/5021/2151/26575/1607/9162/4314/2784/552/4922/3356/624/623/5731/5332/2847/27334",24,TRUE
"R-HSA-2022857","Keratan sulfate degradation","6/703","15/9062",0.4,5.15618776671408,4.6717227300122,0.000580812614290295,0.0110683158572301,0.0102665983459456,"4969/4958/112937/11081/4060/176",6,TRUE
"R-HSA-8875878","MET promotes cell motility","10/703","40/9062",0.25,3.2226173541963,4.08537427964712,0.00073831523876817,0.0138092294658491,0.0128089778265823,"255631/1301/1281/1290/2335/3673/1278/1289/84951/1277",10,TRUE
"R-HSA-983712","Ion channel transport","23/703","150/9062",0.153333333333333,1.97653864390706,3.49732538124572,0.00119350158391618,0.0219170290864607,0.0203295006638354,"266675/9635/845/477/844/23120/5350/55503/80036/65268/63982/55107/6588/41/121601/59341/479/161003/259232/6263/162514/482/65266",23,TRUE
"R-HSA-9926550","Regulation of MITF-M-dependent genes involved in extracellular matrix, focal adhesion and epithelial-to-mesenchymal transition","5/703","12/9062",0.416666666666667,5.3710289236605,4.39378274308793,0.00138380308273809,0.0249578770279549,0.0231500891661072,"727936/6657/3673/5054/1000",5,TRUE
"R-HSA-5621480","Dectin-2 family","6/703","18/9062",0.333333333333333,4.2968231389284,4.06013234769259,0.00176090476034574,0.0312019966306877,0.0289419249622846,"4585/10071/4588/4586/727897/94025",6,TRUE
"R-HSA-446728","Cell junction organization","17/703","102/9062",0.166666666666667,2.1484115694642,3.3824563842828,0.00203889515083132,0.0355048983162005,0.032933152164063,"9076/10686/1004/2318/27319/1308/5818/3852/9071/1001/3861/54549/3691/1000/51129/9073/9075",17,TRUE
"R-HSA-977068","Termination of O-glycan biosynthesis","6/703","19/9062",0.315789473684211,4.07067455266901,3.88546400556439,0.00240687999202998,0.0412025218974623,0.0382180765906633,"4585/10071/4588/4586/727897/94025",6,TRUE
"R-HSA-186797","Signaling by PDGF","11/703","54/9062",0.203703703703704,2.62583636267847,3.47494622946346,0.00248127750240161,0.041768171290427,0.0387427539848672,"1298/1281/1290/1293/6696/7060/7058/1289/80310/1299/1287",11,TRUE
"R-HSA-112314","Neurotransmitter receptors and postsynaptic signal transmission","21/703","140/9062",0.15,1.93357041251778,3.22826035479545,0.00252377939207141,0.0417871669834775,0.0387603737522616,"2899/5563/2786/80852/111/108/5924/347733/2898/9568/1740/2784/26960/2903/10381/22843/3773/2774/116444/1137/2892",21,TRUE
"R-HSA-2022854","Keratan sulfate biosynthesis","7/703","26/9062",0.269230769230769,3.47051099682679,3.6582545323641,0.00292258294396595,0.047609818925897,0.0441612702908268,"4969/4958/11081/4060/176/4166/10331",7,TRUE
"R-HSA-6785807","Interleukin-4 and Interleukin-13 signaling","16/703","97/9062",0.164948453608247,2.12626299658313,3.23399318860237,0.00303821477404796,0.0476915410683737,0.0442370730076629,"7412/2335/6657/3576/1026/7291/1278/4312/4314/2353/4313/6367/246/6347/6356/3598",16,TRUE
"R-HSA-2214320","Anchoring fibril formation","5/703","14/9062",0.357142857142857,4.60373907742329,3.91317820568611,0.0030692575935092,0.0476915410683737,0.0442370730076629,"1294/1278/1277/1288/1287",5,TRUE
"R-HSA-418457","cGMP effects","5/703","14/9062",0.357142857142857,4.60373907742329,3.91317820568611,0.0030692575935092,0.0476915410683737,0.0442370730076629,"5136/3779/3778/10335/5138",5,TRUE
"R-HSA-445095","Interaction between L1 and Ankyrins","7/703","27/9062",0.259259259259259,3.34197355249987,3.53417747900825,0.00368612252744125,0.0544845216048167,0.050538013786646,"23114/6328/6326/287/6712/6327/6329",7,FALSE
"R-HSA-1638074","Keratan sulfate/keratin metabolism","8/703","34/9062",0.235294117647059,3.03305162747887,3.4441388820688,0.00373486979448057,0.0544845216048167,0.050538013786646,"4969/4958/112937/11081/4060/176/4166/10331",8,FALSE
"R-HSA-9913351","Formation of the dystrophin-glycoprotein complex (DGC)","8/703","34/9062",0.235294117647059,3.03305162747887,3.4441388820688,0.00373486979448057,0.0544845216048167,0.050538013786646,"54221/72/6444/59/8082/70/1756/1821",8,FALSE
"R-HSA-418555","G alpha (s) signalling events","16/703","99/9062",0.161616161616162,2.08330818857135,3.14290670958441,0.00374715571580275,0.0544845216048167,0.050538013786646,"2786/3973/5136/2335/10267/111/1816/108/27115/7434/170589/5138/2784/5139/5744/116",16,FALSE
"R-HSA-1630316","Glycosaminoglycan metabolism","18/703","117/9062",0.153846153846154,1.98314914104388,3.10392148909589,0.00377615496271007,0.0544845216048167,0.050538013786646,"337876/3037/4969/4958/60495/112937/27087/11081/4060/55576/266722/176/4166/9955/83539/10331/3036/90161",18,FALSE
"R-HSA-112315","Transmission across Chemical Synapses","26/703","194/9062",0.134020618556701,1.72758868472379,2.97072550085053,0.00417033167872148,0.0590799796141252,0.0548006064164371,"2899/5563/2786/2571/6529/80852/111/590/108/5924/347733/2898/9568/1740/2784/8499/26960/2903/10381/22843/3773/2774/116444/6616/1137/2892",26,FALSE
"R-HSA-190861","Gap junction assembly","6/703","21/9062",0.285714285714286,3.68299126193863,3.56951520364891,0.00421164211110595,0.0590799796141252,0.0548006064164371,"2709/127534/2707/347733/2706/10381",6,FALSE
"R-HSA-9717207","Sensory perception of sweet, bitter, and umami (glutamate) taste","5/703","15/9062",0.333333333333333,4.2968231389284,3.70576221755708,0.00431348008311865,0.0596796559445183,0.0553568460558846,"83756/6328/6326/6327/2784",5,FALSE
"R-HSA-373080","Class B/2 (Secretin family receptors)","12/703","67/9062",0.17910447761194,2.30874079106601,3.11802089621214,0.00492761437133326,0.0672552772303594,0.0623837381292547,"2786/8324/80326/10267/90226/7474/6608/7434/114131/2784/5744/116",12,FALSE
"R-HSA-2980736","Peptide hormone metabolism","11/703","59/9062",0.186440677966102,2.40330785736673,3.13598446599795,0.00509354483719117,0.0685930704741744,0.0636246302470195,"183/3625/1359/590/1363/5122/2784/3798/3479/1215/1511",11,FALSE
"R-HSA-428542","Regulation of commissural axon pathfinding by SLIT and ROBO","4/703","10/9062",0.4,5.15618776671408,3.81339200913024,0.00516213390943361,0.0686020427437888,0.0636329526232121,"6092/6091/4753/9423",4,FALSE
"R-HSA-373760","L1CAM interactions","16/703","103/9062",0.155339805825243,2.00240301619964,2.96701521851612,0.00557380294873015,0.0731109217950318,0.0678152375170175,"23114/6328/6326/10752/3680/2596/287/3673/347733/100133941/1759/6712/4684/6327/10381/6329",16,FALSE
"R-HSA-5668914","Diseases of metabolism","29/703","230/9062",0.126086956521739,1.625320056899,2.78564206303624,0.00619510585209179,0.0802186783411886,0.0744081539589972,"9507/2328/80731/4585/170690/81792/11174/171019/7058/10071/9420/92949/4969/4958/8029/140766/4588/4586/727897/11081/4060/176/4166/170692/94025/1591/9510/11096/8908",29,FALSE
"R-HSA-3000157","Laminin interactions","7/703","30/9062",0.233333333333333,3.00777619724988,3.19427666781476,0.00689511756004894,0.088152768805689,0.0817675500125724,"1294/3673/3679/3691/80781/1288/1287",7,FALSE
"R-HSA-2168880","Scavenging of heme from plasma","4/703","11/9062",0.363636363636364,4.68744342428553,3.54864038729584,0.00761939282388509,0.095007243853382,0.0881255310364877,"3512/3043/3040/3039",4,FALSE
"R-HSA-446107","Type I hemidesmosome assembly","4/703","11/9062",0.363636363636364,4.68744342428553,3.54864038729584,0.00761939282388509,0.095007243853382,0.0881255310364877,"1308/3852/3861/3691",4,FALSE
"R-HSA-913709","O-linked glycosylation of mucins","9/703","47/9062",0.191489361702128,2.468387760661,2.92681575684467,0.00909562956590909,0.112031534897173,0.10391669208805,"4585/10071/4588/4586/727897/57452/9245/94025/10331",9,FALSE
"R-HSA-190828","Gap junction trafficking","7/703","32/9062",0.21875,2.81979018492176,2.99048065539053,0.00995936475166082,0.118340687049146,0.109768849894466,"2709/127534/2707/347733/1759/2706/10381",7,FALSE
"R-HSA-977444","GABA B receptor activation","7/703","32/9062",0.21875,2.81979018492176,2.99048065539053,0.00995936475166082,0.118340687049146,0.109768849894466,"2786/111/108/9568/2784/3773/2774",7,FALSE
"R-HSA-991365","Activation of GABAB receptors","7/703","32/9062",0.21875,2.81979018492176,2.99048065539053,0.00995936475166082,0.118340687049146,0.109768849894466,"2786/111/108/9568/2784/3773/2774",7,FALSE
"R-HSA-422475","Axon guidance","52/703","488/9062",0.10655737704918,1.37357460998531,2.46027746233916,0.0111035244236085,0.130401856602844,0.120956386009933,"284656/1298/9048/23114/388/6328/6326/1281/1290/25791/1293/10752/9901/3680/6092/6091/2042/2596/2047/287/2668/3673/1809/90249/347733/10486/2045/100133941/91584/80728/1759/1289/5979/6387/2674/10570/6712/4684/6327/4753/56963/4629/4313/10381/1949/9423/8913/6329/55816/1299/1287/5063",52,FALSE
"R-HSA-421270","Cell-cell junction organization","12/703","75/9062",0.16,2.06247510668563,2.67935703826935,0.0121803439386726,0.141403992851257,0.131161598371671,"9076/10686/1004/27319/5818/9071/1001/54549/1000/51129/9073/9075",12,FALSE
"R-HSA-3000480","Scavenging by Class A Receptors","5/703","19/9062",0.263157894736842,3.39222879389084,3.02699576666583,0.0128893683658629,0.14793479601729,0.137219352220311,"78989/1281/1278/286133/1277",5,FALSE
"R-HSA-157858","Gap junction trafficking and regulation","7/703","34/9062",0.205882352941176,2.65392017404401,2.8018623345669,0.0139122815648738,0.157880948095759,0.146445069103934,"2709/127534/2707/347733/1759/2706/10381",7,FALSE
"R-HSA-3772470","Negative regulation of TCF-dependent signaling by WNT ligand antagonists","4/703","13/9062",0.307692307692308,3.96629828208776,3.10366449027154,0.0145731663263789,0.16354331099603,0.151697286906167,"7474/6423/6422/50964",4,FALSE
"R-HSA-5576892","Phase 0 - rapid depolarisation","6/703","27/9062",0.222222222222222,2.8645487592856,2.81371505094326,0.0154312361325661,0.171269763669141,0.158864085112595,"6328/6326/6327/2259/6329/59285",6,FALSE
"R-HSA-375280","Amine ligand-binding receptors","5/703","20/9062",0.25,3.2226173541963,2.88559922437738,0.0161138280024008,0.173137939174732,0.160596942017209,"151/3357/3355/1816/3356",5,FALSE
"R-HSA-392154","Nitric oxide stimulates guanylate cyclase","5/703","20/9062",0.25,3.2226173541963,2.88559922437738,0.0161138280024008,0.173137939174732,0.160596942017209,"5136/3779/3778/10335/5138",5,FALSE
"R-HSA-9717189","Sensory perception of taste","5/703","20/9062",0.25,3.2226173541963,2.88559922437738,0.0161138280024008,0.173137939174732,0.160596942017209,"83756/6328/6326/6327/2784",5,FALSE
"R-HSA-9009391","Extra-nuclear estrogen signaling","11/703","70/9062",0.157142857142857,2.02564519406625,2.49808139768683,0.0181813056147733,0.193277749323748,0.179277954036619,"2786/255324/2069/374/1903/4316/4314/2784/2100/2353/4313",11,FALSE
"R-HSA-9609736","Assembly and cell surface presentation of NMDA receptors","6/703","28/9062",0.214285714285714,2.76224344645397,2.70827924686659,0.018387338881659,0.193277749323748,0.179277954036619,"347733/1740/26960/2903/10381/116444",6,FALSE
"R-HSA-9006934","Signaling by Receptor Tyrosine Kinases","51/703","491/9062",0.103869653767821,1.33892859522616,2.23934895890367,0.0185623184994094,0.193277749323748,0.179277954036619,"1298/255631/1301/4914/1281/1290/2335/1293/255324/2069/374/6696/10252/3673/7060/1958/9542/2246/6678/8817/222584/7058/1278/5803/1960/389658/84985/1759/1289/6387/8038/4192/8061/80310/4908/3479/1215/5228/2353/23768/8483/145957/6236/84951/1277/116/2354/81610/1299/1287/5063",51,FALSE
"R-HSA-2022377","Metabolism of Angiotensinogen to Angiotensins","4/703","14/9062",0.285714285714286,3.68299126193863,2.9133693385403,0.0191747298195268,0.197617113446144,0.183303002571202,"183/1359/1215/1511",4,FALSE
"R-HSA-977443","GABA receptor activation","7/703","37/9062",0.189189189189189,2.43873745722963,2.54300592682334,0.0217726140142634,0.222124648024304,0.206035369193987,"2786/111/108/9568/2784/3773/2774",7,FALSE
"R-HSA-5578775","Ion homeostasis","8/703","46/9062",0.173913043478261,2.24182076813656,2.44860903761021,0.0236380664329994,0.238744470973294,0.221451359214416,"845/477/844/5350/6588/10060/6263/482",8,FALSE
"R-HSA-418597","G alpha (z) signalling events","7/703","38/9062",0.184210526315789,2.37456015572359,2.46232044423385,0.0249632363720013,0.249632363720013,0.231550603137896,"5999/2786/151/111/108/26575/2784",7,FALSE
"R-HSA-2219530","Constitutive Signaling by Aberrant PI3K in Cancer","11/703","74/9062",0.148648648648649,1.91615085925186,2.29477381879584,0.0265663426300005,0.263058882904907,0.244004591751295,"940/255324/2069/374/9542/2246/8817/4908/2100/145957/930",11,FALSE
"R-HSA-420029","Tight junction interactions","5/703","23/9062",0.217391304347826,2.8022759601707,2.50965243574948,0.0288550823618411,0.282947895004461,0.262452971916593,"9076/10686/9071/9073/9075",5,FALSE
"R-HSA-8955332","Carboxyterminal post-translational modifications of tubulin","6/703","31/9062",0.193548387096774,2.49492956453907,2.41781029068708,0.0295127927461623,0.285919309285488,0.265209156085549,"254173/79805/347733/79841/10381/164395",6,FALSE
"R-HSA-1500931","Cell-Cell communication","17/703","134/9062",0.126865671641791,1.63535806033842,2.14873282007864,0.0297242846286893,0.285919309285488,0.265209156085549,"9076/10686/1004/2318/27319/1308/5818/3852/9071/1001/3861/54549/3691/1000/51129/9073/9075",17,FALSE
"R-HSA-194068","Bile acid and bile salt metabolism","6/703","32/9062",0.1875,2.41696301564723,2.32851046390221,0.0340251222833549,0.322791744957218,0.299410790007217,"2172/9420/570/9023/11001/80765",6,FALSE
"R-HSA-1296065","Inwardly rectifying K+ channels","5/703","24/9062",0.208333333333333,2.68551446183025,2.39767602462387,0.03419674921824,0.322791744957218,0.299410790007217,"2786/9568/2784/10060/3773",5,FALSE
"R-HSA-166658","Complement cascade","7/703","41/9062",0.170731707317073,2.20081185164625,2.23474573785584,0.0364140150536274,0.333101625567863,0.308973889270868,"3075/1380/78989/730/729/721/930",7,FALSE
"R-HSA-1250342","PI3K events in ERBB4 signaling","3/703","10/9062",0.3,3.86714082503556,2.63066360928295,0.036938002043169,0.333101625567863,0.308973889270868,"2069/9542/145957",3,FALSE
"R-HSA-170660","Adenylate cyclase activating pathway","3/703","10/9062",0.3,3.86714082503556,2.63066360928295,0.036938002043169,0.333101625567863,0.308973889270868,"111/108/2774",3,FALSE
"R-HSA-351906","Apoptotic cleavage of cell adhesion  proteins","3/703","10/9062",0.3,3.86714082503556,2.63066360928295,0.036938002043169,0.333101625567863,0.308973889270868,"5317/9414/1830",3,FALSE
"R-HSA-9733458","Induction of Cell-Cell Fusion","3/703","10/9062",0.3,3.86714082503556,2.63066360928295,0.036938002043169,0.333101625567863,0.308973889270868,"63982/55107/121601",3,FALSE
"R-HSA-211945","Phase I - Functionalization of compounds","11/703","79/9062",0.139240506329114,1.79487548841313,2.05774007544027,0.0405828920306087,0.362732043813405,0.336458070863919,"2328/2326/130/131/26/9420/218/1548/1553/1572/1591",11,FALSE
"R-HSA-6794362","Protein-protein interactions at synapses","10/703","70/9062",0.142857142857143,1.84149563096931,2.0495631375458,0.0425889304488406,0.37732298029236,0.349992133882439,"22865/9379/91683/1740/8499/84189/2903/50944/54413/2892",10,FALSE
"R-HSA-977606","Regulation of Complement cascade","6/703","34/9062",0.176470588235294,2.27478872060915,2.159585787065,0.0443277029676414,0.389312869541894,0.361113552779871,"3075/1380/730/729/721/930",6,FALSE
"R-HSA-2219528","PI3K/AKT Signaling in Cancer","13/703","100/9062",0.13,1.67576102418208,1.97051268389542,0.0447806184334069,0.389900212221905,0.36165835213913,"940/255324/2069/374/9542/2246/8817/1026/4908/3164/2100/145957/930",13,FALSE
"R-HSA-3928663","EPHA-mediated growth cone collapse","5/703","26/9062",0.192307692307692,2.47893642630485,2.18996227564147,0.0466094460146201,0.402355046792874,0.373211038713557,"284656/25791/2042/2045/4629",5,FALSE
"R-HSA-159418","Recycling of bile acids and salts","3/703","11/9062",0.272727272727273,3.51558256821415,2.42089081024254,0.0479324805004005,0.40343171087837,0.374209716187337,"2172/570/80765",3,FALSE
"R-HSA-75205","Dissolution of Fibrin Clot","3/703","11/9062",0.272727272727273,3.51558256821415,2.42089081024254,0.0479324805004005,0.40343171087837,0.374209716187337,"5270/5054/5055",3,FALSE
"R-HSA-9834899","Specification of the neural plate border","3/703","11/9062",0.272727272727273,3.51558256821415,2.42089081024254,0.0479324805004005,0.40343171087837,0.374209716187337,"6657/7020/1749",3,FALSE
"R-HSA-177929","Signaling by EGFR","8/703","53/9062",0.150943396226415,1.9457312327223,2.00242352235445,0.0500795627218539,0.415049684063089,0.384986158224231,"255324/2069/374/10252/222584/84985/8038/81610",8,FALSE
"R-HSA-9031628","NGF-stimulated transcription","6/703","35/9062",0.171428571428571,2.20979475716318,2.0795174264984,0.0501347143125712,0.415049684063089,0.384986158224231,"1958/1960/8061/2353/6236/2354",6,FALSE
"R-HSA-383280","Nuclear Receptor transcription pathway","7/703","44/9062",0.159090909090909,2.05075649812492,2.02610464553343,0.0508777063173896,0.417776287646858,0.387515264206049,"2104/4929/3174/8013/3164/2100/3172",7,FALSE
"R-HSA-1296041","Activation of G protein gated Potassium channels","4/703","19/9062",0.210526315789474,2.71378303511267,2.16852752776727,0.054604373363305,0.437701722991572,0.405997429351224,"2786/9568/2784/3773",4,FALSE
"R-HSA-1296059","G protein gated Potassium channels","4/703","19/9062",0.210526315789474,2.71378303511267,2.16852752776727,0.054604373363305,0.437701722991572,0.405997429351224,"2786/9568/2784/3773",4,FALSE
"R-HSA-997272","Inhibition  of voltage gated Ca2+ channels via Gbeta/gamma subunits","4/703","19/9062",0.210526315789474,2.71378303511267,2.16852752776727,0.054604373363305,0.437701722991572,0.405997429351224,"2786/9568/2784/3773",4,FALSE
"R-HSA-1483249","Inositol phosphate metabolism","7/703","45/9062",0.155555555555556,2.00518413149992,1.96024074043804,0.0564003379956396,0.448538121067685,0.416048908546367,"9651/84812/9108/122618/5332/170685/55190",7,FALSE
"R-HSA-190872","Transport of connexons to the plasma membrane","3/703","12/9062",0.25,3.2226173541963,2.23418740665235,0.0603309114357144,0.465146721756272,0.431454489174655,"347733/2706/10381",3,FALSE
"R-HSA-419408","Lysosphingolipid and LPA receptors","3/703","12/9062",0.25,3.2226173541963,2.23418740665235,0.0603309114357144,0.465146721756272,0.431454489174655,"9890/1903/79948",3,FALSE
"R-HSA-5423646","Aflatoxin activation and detoxification","3/703","12/9062",0.25,3.2226173541963,2.23418740665235,0.0603309114357144,0.465146721756272,0.431454489174655,"91703/1800/1553",3,FALSE
"R-HSA-9754189","Germ layer formation at gastrulation","3/703","12/9062",0.25,3.2226173541963,2.23418740665235,0.0603309114357144,0.465146721756272,0.431454489174655,"83881/6657/51176",3,FALSE
"R-HSA-6803204","TP53 Regulates Transcription of Genes Involved in Cytochrome C Release","4/703","20/9062",0.2,2.57809388335704,2.04882161889553,0.0642270097035311,0.491433937883079,0.455837628677374,"7161/8626/94241/63970",4,FALSE
"R-HSA-5668541","TNFR2 non-canonical NF-kB pathway","11/703","86/9062",0.127906976744186,1.64878097191439,1.75305068476611,0.0677643396943915,0.512262695586541,0.475157685327797,"8784/3604/8995/10913/939/8600/608/23495/970/115650/60401",11,FALSE
"R-HSA-442755","Activation of NMDA receptors and postsynaptic events","10/703","76/9062",0.131578947368421,1.69611439694542,1.76722875725143,0.0679635655530658,0.512262695586541,0.475157685327797,"5563/5924/347733/1740/26960/2903/10381/22843/116444/2892",10,FALSE
"R-HSA-3928665","EPH-ephrin mediated repulsion of cells","7/703","47/9062",0.148936170212766,1.91985714718078,1.83347509734279,0.0685211783906092,0.512639927218632,0.475507592730153,"284656/2042/2047/2045/1759/4313/1949",7,FALSE
"R-HSA-6806834","Signaling by MET","10/703","77/9062",0.12987012987013,1.67408693724483,1.72262520825473,0.0729624509992507,0.523068652574827,0.48518092839145,"255631/1301/1281/1290/2335/3673/1278/1289/84951/1277",10,FALSE
"R-HSA-170670","Adenylate cyclase inhibitory pathway","3/703","13/9062",0.230769230769231,2.97472371156582,2.06617112604414,0.0740582349685151,0.523068652574827,0.48518092839145,"111/108/2774",3,FALSE
"R-HSA-179812","GRB2 events in EGFR signaling","3/703","13/9062",0.230769230769231,2.97472371156582,2.06617112604414,0.0740582349685151,0.523068652574827,0.48518092839145,"255324/2069/374",3,FALSE
"R-HSA-211981","Xenobiotics","3/703","13/9062",0.230769230769231,2.97472371156582,2.06617112604414,0.0740582349685151,0.523068652574827,0.48518092839145,"1548/1553/1572",3,FALSE
"R-HSA-422085","Synthesis, secretion, and deacylation of Ghrelin","3/703","13/9062",0.230769230769231,2.97472371156582,2.06617112604414,0.0740582349685151,0.523068652574827,0.48518092839145,"590/5122/3479",3,FALSE
"R-HSA-75892","Platelet Adhesion to exposed collagen","3/703","13/9062",0.230769230769231,2.97472371156582,2.06617112604414,0.0740582349685151,0.523068652574827,0.48518092839145,"3673/1278/1277",3,FALSE
"R-HSA-8847993","ERBB2 Activates PTK6 Signaling","3/703","13/9062",0.230769230769231,2.97472371156582,2.06617112604414,0.0740582349685151,0.523068652574827,0.48518092839145,"2069/9542/145957",3,FALSE
"R-HSA-9037629","Lewis blood group biosynthesis","3/703","13/9062",0.230769230769231,2.97472371156582,2.06617112604414,0.0740582349685151,0.523068652574827,0.48518092839145,"124872/2524/10317",3,FALSE
"R-HSA-3295583","TRP channels","4/703","21/9062",0.19047619047619,2.45532750795909,1.93620223056368,0.0746725976117901,0.523745302693805,0.485808566334014,"55503/80036/59341/162514",4,FALSE
"R-HSA-3560782","Diseases associated with glycosaminoglycan metabolism","6/703","39/9062",0.153846153846154,1.98314914104388,1.78428733994496,0.0778291897239699,0.539206679524819,0.500150020611869,"4969/4958/11081/4060/176/4166",6,FALSE
"R-HSA-1251985","Nuclear signaling by ERBB4","5/703","30/9062",0.166666666666667,2.1484115694642,1.82706831887572,0.07847859593084,0.539206679524819,0.500150020611869,"2069/9542/6678/6387/145957",5,FALSE
"R-HSA-8956319","Nucleotide catabolism","5/703","30/9062",0.166666666666667,2.1484115694642,1.82706831887572,0.07847859593084,0.539206679524819,0.500150020611869,"7498/1807/9615/954/953",5,FALSE
"R-HSA-420092","Glucagon-type ligand receptors","4/703","22/9062",0.181818181818182,2.34372171214276,1.82989017317964,0.0859169227291236,0.582389878902113,0.540205307162981,"2786/7434/2784/116",4,FALSE
"R-HSA-9748787","Azathioprine ADME","4/703","22/9062",0.181818181818182,2.34372171214276,1.82989017317964,0.0859169227291236,0.582389878902113,0.540205307162981,"7498/2939/2938/64078",4,FALSE
"R-HSA-1250347","SHC1 events in ERBB4 signaling","3/703","14/9062",0.214285714285714,2.76224344645397,1.91356047139449,0.0890264636455118,0.595475021734881,0.552342646528446,"2069/9542/145957",3,FALSE
"R-HSA-180336","SHC1 events in EGFR signaling","3/703","14/9062",0.214285714285714,2.76224344645397,1.91356047139449,0.0890264636455118,0.595475021734881,0.552342646528446,"255324/2069/374",3,FALSE
"R-HSA-9709957","Sensory Perception","17/703","155/9062",0.109677419354839,1.41379341990547,1.50685779238435,0.0919830494999922,0.61120315786179,0.56693153777696,"83756/83715/6328/6326/140469/1259/3779/57016/117531/25861/3778/1262/6327/2784/64220/2774/6616",17,FALSE
"R-HSA-140837","Intrinsic Pathway of Fibrin Clot Formation","3/703","15/9062",0.2,2.57809388335704,1.77384119264684,0.105138374398698,0.667860114104939,0.619484629029073,"5270/5104/3053",3,FALSE
"R-HSA-399956","CRMPs in Sema3A signaling","3/703","15/9062",0.2,2.57809388335704,1.77384119264684,0.105138374398698,0.667860114104939,0.619484629029073,"1809/91584/10570",3,FALSE
"R-HSA-438066","Unblocking of NMDA receptors, glutamate binding and activation","3/703","15/9062",0.2,2.57809388335704,1.77384119264684,0.105138374398698,0.667860114104939,0.619484629029073,"1740/2903/2892",3,FALSE
"R-HSA-500657","Presynaptic function of Kainate receptors","3/703","15/9062",0.2,2.57809388335704,1.77384119264684,0.105138374398698,0.667860114104939,0.619484629029073,"2899/2786/2784",3,FALSE
"R-HSA-6785631","ERBB2 Regulates Cell Motility","3/703","15/9062",0.2,2.57809388335704,1.77384119264684,0.105138374398698,0.667860114104939,0.619484629029073,"2069/9542/145957",3,FALSE
"R-HSA-9033658","Blood group systems biosynthesis","3/703","15/9062",0.2,2.57809388335704,1.77384119264684,0.105138374398698,0.667860114104939,0.619484629029073,"124872/2524/10317",3,FALSE
"R-HSA-9830364","Formation of the nephric duct","3/703","15/9062",0.2,2.57809388335704,1.77384119264684,0.105138374398698,0.667860114104939,0.619484629029073,"130497/5979/57526",3,FALSE
"R-HSA-9856651","MITF-M-dependent gene expression","11/703","94/9062",0.117021276595745,1.50845918707061,1.43701331056087,0.110619070200294,0.685787399162816,0.636113377024394,"727936/6657/51176/3673/7020/1026/5054/1029/54843/8110/1000",11,FALSE
"R-HSA-1855204","Synthesis of IP3 and IP4 in the cytosol","4/703","24/9062",0.166666666666667,2.1484115694642,1.6336370579194,0.11067658026093,0.685787399162816,0.636113377024394,"9651/84812/122618/5332",4,FALSE
"R-HSA-5223345","Miscellaneous transport and binding events","4/703","24/9062",0.166666666666667,2.1484115694642,1.6336370579194,0.11067658026093,0.685787399162816,0.636113377024394,"119/152519/348938/5304",4,FALSE
"R-HSA-9634638","Estrogen-dependent nuclear events downstream of ESR-membrane signaling","4/703","24/9062",0.166666666666667,2.1484115694642,1.6336370579194,0.11067658026093,0.685787399162816,0.636113377024394,"255324/2069/374/2353",4,FALSE
"R-HSA-140875","Common Pathway of Fibrin Clot Formation","3/703","16/9062",0.1875,2.41696301564723,1.64504877654854,0.122290611739191,0.726791309945607,0.674147228610308,"5270/5104/3053",3,FALSE
"R-HSA-1963640","GRB2 events in ERBB2 signaling","3/703","16/9062",0.1875,2.41696301564723,1.64504877654854,0.122290611739191,0.726791309945607,0.674147228610308,"2069/9542/145957",3,FALSE
"R-HSA-1963642","PI3K events in ERBB2 signaling","3/703","16/9062",0.1875,2.41696301564723,1.64504877654854,0.122290611739191,0.726791309945607,0.674147228610308,"2069/9542/145957",3,FALSE
"R-HSA-6788467","IL-6-type cytokine receptor ligand interactions","3/703","16/9062",0.1875,2.41696301564723,1.64504877654854,0.122290611739191,0.726791309945607,0.674147228610308,"133396/9244/3589",3,FALSE
"R-HSA-888590","GABA synthesis, release, reuptake and degradation","3/703","16/9062",0.1875,2.41696301564723,1.64504877654854,0.122290611739191,0.726791309945607,0.674147228610308,"2571/6529/6616",3,FALSE
"R-HSA-9617828","FOXO-mediated transcription of cell cycle genes","3/703","16/9062",0.1875,2.41696301564723,1.64504877654854,0.122290611739191,0.726791309945607,0.674147228610308,"1647/2660/1026",3,FALSE
"R-HSA-6794361","Neurexins and neuroligins","6/703","44/9062",0.136363636363636,1.75779128410707,1.46119909209598,0.122331210584904,0.726791309945607,0.674147228610308,"9379/91683/1740/2903/50944/54413",6,FALSE
"R-HSA-451326","Activation of kainate receptors upon glutamate binding","4/703","25/9062",0.16,2.06247510668563,1.54264214390226,0.124117508217283,0.733091715201496,0.679991273089455,"2899/2786/2898/2784",4,FALSE
"R-HSA-2682334","EPH-Ephrin signaling","10/703","86/9062",0.116279069767442,1.49889179264944,1.34803984177838,0.128075582694508,0.752071735589844,0.697596503048422,"284656/25791/2042/2047/2045/1759/4629/4313/1949/5063",10,FALSE
"R-HSA-6803157","Antimicrobial peptides","5/703","35/9062",0.142857142857143,1.84149563096931,1.44644768756171,0.130986393281734,0.764718249795094,0.709326985219003,"5320/1511/245937/92747/57119",5,FALSE
"R-HSA-9662361","Sensory processing of sound by outer hair cells of the cochlea","6/703","45/9062",0.133333333333333,1.71872925557136,1.4016162053945,0.132474421752484,0.768960723965566,0.713262161885725,"83715/140469/3779/117531/25861/3778",6,FALSE
"R-HSA-163359","Glucagon signaling in metabolic regulation","4/703","26/9062",0.153846153846154,1.98314914104388,1.45581614728016,0.138209883163222,0.783315144526771,0.726576840676213,"2786/111/108/2784",4,FALSE
"R-HSA-192105","Synthesis of bile acids and bile salts","4/703","26/9062",0.153846153846154,1.98314914104388,1.45581614728016,0.138209883163222,0.783315144526771,0.726576840676213,"9420/570/9023/11001",4,FALSE
"R-HSA-180292","GAB1 signalosome","3/703","17/9062",0.176470588235294,2.27478872060915,1.52562203368143,0.14037627837559,0.783315144526771,0.726576840676213,"255324/2069/374",3,FALSE
"R-HSA-193368","Synthesis of bile acids and bile salts via 7alpha-hydroxycholesterol","3/703","17/9062",0.176470588235294,2.27478872060915,1.52562203368143,0.14037627837559,0.783315144526771,0.726576840676213,"9420/570/11001",3,FALSE
"R-HSA-2142845","Hyaluronan metabolism","3/703","17/9062",0.176470588235294,2.27478872060915,1.52562203368143,0.14037627837559,0.783315144526771,0.726576840676213,"3037/55576/3036",3,FALSE
"R-HSA-388844","Receptor-type tyrosine-protein phosphatases","3/703","17/9062",0.176470588235294,2.27478872060915,1.52562203368143,0.14037627837559,0.783315144526771,0.726576840676213,"22865/8499/84189",3,FALSE
"R-HSA-9617324","Negative regulation of NMDA receptor-mediated neuronal transmission","3/703","17/9062",0.176470588235294,2.27478872060915,1.52562203368143,0.14037627837559,0.783315144526771,0.726576840676213,"1740/2903/22843",3,FALSE
"R-HSA-211859","Biological oxidations","16/703","155/9062",0.103225806451613,1.33062910108751,1.20400908616805,0.14657925364679,0.813434319688231,0.754514376782204,"2328/2326/54578/130/131/2939/2938/26/9420/91703/1800/218/1548/1553/1572/1591",16,FALSE
"R-HSA-163125","Post-translational modification: synthesis of GPI-anchored proteins","8/703","68/9062",0.117647058823529,1.51652581373944,1.23981992167664,0.154658019197837,0.853577045845983,0.791749422410552,"116372/5067/8000/8581/53942/7070/27076/7512",8,FALSE
"R-HSA-8853659","RET signaling","5/703","37/9062",0.135135135135135,1.7419553265926,1.31142536359361,0.155508130608532,0.853604412579441,0.791774806874104,"9048/2668/5979/2674/55816",5,FALSE
"R-HSA-6811558","PI5P, PP2A and IER3 Regulate PI3K/AKT Signaling","11/703","101/9062",0.108910891089109,1.40391251073898,1.1837454385198,0.158449522528028,0.8565104307282,0.794470331785407,"940/255324/2069/374/9542/2246/8817/4908/2100/145957/930",11,FALSE
"R-HSA-9768919","NPAS4 regulates expression of target genes","3/703","18/9062",0.166666666666667,2.1484115694642,1.41430181879929,0.159287080641097,0.8565104307282,0.794470331785407,"2669/5979/2353",3,FALSE
"R-HSA-9825892","Regulation of MITF-M-dependent genes involved in cell cycle and proliferation","3/703","18/9062",0.166666666666667,2.1484115694642,1.41430181879929,0.159287080641097,0.8565104307282,0.794470331785407,"51176/1026/1029",3,FALSE
"R-HSA-5673001","RAF/MAP kinase cascade","23/703","238/9062",0.0966386554621849,1.24571763271454,1.11398826654564,0.160268676360881,0.8565104307282,0.794470331785407,"9048/1844/2335/3568/54756/255324/2069/374/2668/5924/9542/2246/8817/3559/5979/1847/2674/6712/1740/4684/8437/145957/399473",23,FALSE
"R-HSA-9662360","Sensory processing of sound by inner hair cells of the cochlea","7/703","58/9062",0.120689655172414,1.55574630892235,1.2312929863319,0.160277694463,0.8565104307282,0.794470331785407,"83715/140469/3779/117531/25861/3778/6616",7,FALSE
"R-HSA-936837","Ion transport by P-type ATPases","6/703","48/9062",0.125,1.61130867709815,1.23143350925455,0.165157717238142,0.877943654792226,0.814351071146515,"477/23120/5350/6588/479/482",6,FALSE
"R-HSA-445717","Aquaporin-mediated transport","5/703","38/9062",0.131578947368421,1.69611439694542,1.24698559316374,0.168428467001735,0.886003914957044,0.821827497979957,"2786/111/108/2784/362",5,FALSE
"R-HSA-9634597","GPER1 signaling","5/703","38/9062",0.131578947368421,1.69611439694542,1.24698559316374,0.168428467001735,0.886003914957044,0.821827497979957,"2786/2335/111/108/2784",5,FALSE
"R-HSA-983189","Kinesins","6/703","49/9062",0.122448979591837,1.57842482654513,1.17733171874824,0.176749336939257,0.890168665705613,0.825690581008854,"55083/347733/221458/3798/10381/124602",6,FALSE
"R-HSA-1855167","Synthesis of pyrophosphates in the cytosol","2/703","10/9062",0.2,2.57809388335704,1.44793520943565,0.178909498469502,0.890168665705613,0.825690581008854,"170685/55190",2,FALSE
"R-HSA-209776","Metabolism of amine-derived hormones","2/703","10/9062",0.2,2.57809388335704,1.44793520943565,0.178909498469502,0.890168665705613,0.825690581008854,"1734/6528",2,FALSE
"R-HSA-5576893","Phase 2 - plateau phase","2/703","10/9062",0.2,2.57809388335704,1.44793520943565,0.178909498469502,0.890168665705613,0.825690581008854,"23704/59285",2,FALSE
"R-HSA-5682910","LGI-ADAM interactions","2/703","10/9062",0.2,2.57809388335704,1.44793520943565,0.178909498469502,0.890168665705613,0.825690581008854,"8745/55203",2,FALSE
"R-HSA-9664420","Killing mechanisms","2/703","10/9062",0.2,2.57809388335704,1.44793520943565,0.178909498469502,0.890168665705613,0.825690581008854,"8324/7474",2,FALSE
"R-HSA-9673324","WNT5:FZD7-mediated leishmania damping","2/703","10/9062",0.2,2.57809388335704,1.44793520943565,0.178909498469502,0.890168665705613,0.825690581008854,"8324/7474",2,FALSE
"R-HSA-9831926","Nephron development","2/703","10/9062",0.2,2.57809388335704,1.44793520943565,0.178909498469502,0.890168665705613,0.825690581008854,"7490/3172",2,FALSE
"R-HSA-163615","PKA activation","3/703","19/9062",0.157894736842105,2.03533727633451,1.31005928886871,0.178915088255683,0.890168665705613,0.825690581008854,"111/108/26960",3,FALSE
"R-HSA-3928664","Ephrin signaling","3/703","19/9062",0.157894736842105,2.03533727633451,1.31005928886871,0.178915088255683,0.890168665705613,0.825690581008854,"2047/1949/5063",3,FALSE
"R-HSA-5625900","RHO GTPases activate CIT","3/703","19/9062",0.157894736842105,2.03533727633451,1.31005928886871,0.178915088255683,0.890168665705613,0.825690581008854,"4660/388/4629",3,FALSE
"R-HSA-418990","Adherens junctions interactions","6/703","50/9062",0.12,1.54685633001422,1.12443982605262,0.188659909451409,0.934051512480013,0.866394837005953,"1004/27319/5818/1001/1000/51129",6,FALSE
"R-HSA-5684996","MAPK1/MAPK3 signaling","23/703","244/9062",0.0942622950819672,1.21508523191008,0.987663542690616,0.190716870066483,0.939629457400723,0.871568751523339,"9048/1844/2335/3568/54756/255324/2069/374/2668/5924/9542/2246/8817/3559/5979/1847/2674/6712/1740/4684/8437/145957/399473",23,FALSE
"R-HSA-211897","Cytochrome P450 - arranged by substrate type","5/703","40/9062",0.125,1.61130867709815,1.12364134187414,0.19544952761102,0.958271955762766,0.888860907377657,"9420/1548/1553/1572/1591",5,FALSE
"R-HSA-5627117","RHO GTPases Activate ROCKs","3/703","20/9062",0.15,1.93357041251778,1.21204401341368,0.199154160941357,0.959340901768318,0.889852425819492,"4660/388/4629",3,FALSE
"R-HSA-112040","G-protein mediated events","6/703","51/9062",0.117647058823529,1.51652581373944,1.0727022433583,0.200870346207159,0.959340901768318,0.889852425819492,"5136/111/108/26960/2774/5332",6,FALSE
"R-HSA-1638091","Heparan sulfate/heparin (HS-GAG) metabolism","6/703","51/9062",0.117647058823529,1.51652581373944,1.0727022433583,0.200870346207159,0.959340901768318,0.889852425819492,"60495/112937/27087/266722/9955/90161",6,FALSE
"R-HSA-8873719","RAB geranylgeranylation","7/703","62/9062",0.112903225806452,1.45537557931446,1.04335689849523,0.203001926616275,0.959340901768318,0.889852425819492,"5865/338382/115827/25837/9609/142684/51209",7,FALSE
"R-HSA-9748784","Drug ADME","7/703","62/9062",0.112903225806452,1.45537557931446,1.04335689849523,0.203001926616275,0.959340901768318,0.889852425819492,"7498/54578/590/2939/2938/5243/64078",7,FALSE
"R-HSA-190241","FGFR2 ligand binding and activation","2/703","11/9062",0.181818181818182,2.34372171214276,1.29314123318924,0.208015502462635,0.959340901768318,0.889852425819492,"2246/8817",2,FALSE
"R-HSA-190840","Microtubule-dependent trafficking of connexons from Golgi to the plasma membrane","2/703","11/9062",0.181818181818182,2.34372171214276,1.29314123318924,0.208015502462635,0.959340901768318,0.889852425819492,"347733/10381",2,FALSE
"R-HSA-196791","Vitamin D (calciferol) metabolism","2/703","11/9062",0.181818181818182,2.34372171214276,1.29314123318924,0.208015502462635,0.959340901768318,0.889852425819492,"8029/1591",2,FALSE
"R-HSA-428540","Activation of RAC1","2/703","11/9062",0.181818181818182,2.34372171214276,1.29314123318924,0.208015502462635,0.959340901768318,0.889852425819492,"6091/5063",2,FALSE
"R-HSA-451306","Ionotropic activity of kainate receptors","2/703","11/9062",0.181818181818182,2.34372171214276,1.29314123318924,0.208015502462635,0.959340901768318,0.889852425819492,"2899/2898",2,FALSE
"R-HSA-451308","Activation of Ca-permeable Kainate Receptor","2/703","11/9062",0.181818181818182,2.34372171214276,1.29314123318924,0.208015502462635,0.959340901768318,0.889852425819492,"2899/2898",2,FALSE
"R-HSA-71384","Ethanol oxidation","2/703","11/9062",0.181818181818182,2.34372171214276,1.29314123318924,0.208015502462635,0.959340901768318,0.889852425819492,"130/131",2,FALSE
"R-HSA-8963889","Assembly of active LPL and LIPC lipase complexes","2/703","11/9062",0.181818181818182,2.34372171214276,1.29314123318924,0.208015502462635,0.959340901768318,0.889852425819492,"3990/51129",2,FALSE
"R-HSA-9659379","Sensory processing of sound","7/703","63/9062",0.111111111111111,1.4322743796428,0.998438249358533,0.21431341540751,0.978414533236038,0.907544486274178,"83715/140469/3779/117531/25861/3778/6616",7,FALSE
"R-HSA-199418","Negative regulation of the PI3K/AKT network","11/703","108/9062",0.101851851851852,1.31291818133923,0.948686444906493,0.214981709457489,0.978414533236038,0.907544486274178,"940/255324/2069/374/9542/2246/8817/4908/2100/145957/930",11,FALSE
"R-HSA-182971","EGFR downregulation","4/703","31/9062",0.129032258064516,1.66328637635938,1.07275999115632,0.216782856184396,0.978414533236038,0.907544486274178,"255324/2069/374/10252",4,FALSE
"R-HSA-983695","Antigen activates B Cell Receptor (BCR) leading to generation of second messengers","4/703","31/9062",0.129032258064516,1.66328637635938,1.07275999115632,0.216782856184396,0.978414533236038,0.907544486274178,"640/930/974/973",4,FALSE
"R-HSA-111931","PKA-mediated phosphorylation of CREB","3/703","21/9062",0.142857142857143,1.84149563096931,1.11954574402107,0.219901088162951,0.978414533236038,0.907544486274178,"111/108/26960",3,FALSE
"R-HSA-75876","Synthesis of very long-chain fatty acyl-CoAs","3/703","21/9062",0.142857142857143,1.84149563096931,1.11954574402107,0.219901088162951,0.978414533236038,0.907544486274178,"54898/6785/23205",3,FALSE
"R-HSA-8963899","Plasma lipoprotein remodeling","3/703","21/9062",0.142857142857143,1.84149563096931,1.11954574402107,0.219901088162951,0.978414533236038,0.907544486274178,"4547/3990/51129",3,FALSE
"R-HSA-9619483","Activation of AMPK downstream of NMDARs","3/703","21/9062",0.142857142857143,1.84149563096931,1.11954574402107,0.219901088162951,0.978414533236038,0.907544486274178,"5563/347733/10381",3,FALSE
"R-HSA-418346","Platelet homeostasis","8/703","76/9062",0.105263157894737,1.35689151755634,0.90604210430389,0.234898550427086,0.999999999911466,0.927566440772491,"2786/5136/3779/3778/10335/5138/2784/5026",8,FALSE
"R-HSA-1679131","Trafficking and processing of endosomal TLR","2/703","12/9062",0.166666666666667,2.1484115694642,1.15438973843456,0.237552420668019,0.999999999911466,0.927566440772491,"1513/1515",2,FALSE
"R-HSA-389359","CD28 dependent Vav1 pathway","2/703","12/9062",0.166666666666667,2.1484115694642,1.15438973843456,0.237552420668019,0.999999999911466,0.927566440772491,"940/5063",2,FALSE
"R-HSA-5654704","SHC-mediated cascade:FGFR3","2/703","12/9062",0.166666666666667,2.1484115694642,1.15438973843456,0.237552420668019,0.999999999911466,0.927566440772491,"2246/8817",2,FALSE
"R-HSA-5654710","PI-3K cascade:FGFR3","2/703","12/9062",0.166666666666667,2.1484115694642,1.15438973843456,0.237552420668019,0.999999999911466,0.927566440772491,"2246/8817",2,FALSE
"R-HSA-6803207","TP53 Regulates Transcription of Caspase Activators and Caspases","2/703","12/9062",0.166666666666667,2.1484115694642,1.15438973843456,0.237552420668019,0.999999999911466,0.927566440772491,"7161/8626",2,FALSE
"R-HSA-6803211","TP53 Regulates Transcription of Death Receptors and Ligands","2/703","12/9062",0.166666666666667,2.1484115694642,1.15438973843456,0.237552420668019,0.999999999911466,0.927566440772491,"7161/8626",2,FALSE
"R-HSA-6804759","Regulation of TP53 Activity through Association with Co-factors","2/703","12/9062",0.166666666666667,2.1484115694642,1.15438973843456,0.237552420668019,0.999999999911466,0.927566440772491,"7161/8626",2,FALSE
"R-HSA-1250196","SHC1 events in ERBB2 signaling","3/703","22/9062",0.136363636363636,1.75779128410707,1.03196577950464,0.241056482705134,0.999999999911466,0.927566440772491,"2069/9542/145957",3,FALSE
"R-HSA-400042","Adrenaline,noradrenaline inhibits insulin secretion","3/703","22/9062",0.136363636363636,1.75779128410707,1.03196577950464,0.241056482705134,0.999999999911466,0.927566440772491,"2786/111/2784",3,FALSE
"R-HSA-9665686","Signaling by ERBB2 TMD/JMD mutants","3/703","22/9062",0.136363636363636,1.75779128410707,1.03196577950464,0.241056482705134,0.999999999911466,0.927566440772491,"2069/9542/145957",3,FALSE
"R-HSA-381676","Glucagon-like Peptide-1 (GLP1) regulates insulin secretion","4/703","33/9062",0.121212121212121,1.56248114142851,0.938714820848201,0.251063981490741,0.999999999911466,0.927566440772491,"2786/111/2784/3745",4,FALSE
"R-HSA-75105","Fatty acyl-CoA biosynthesis","4/703","33/9062",0.121212121212121,1.56248114142851,0.938714820848201,0.251063981490741,0.999999999911466,0.927566440772491,"54898/6785/11001/23205",4,FALSE
"R-HSA-76009","Platelet Aggregation (Plug Formation)","4/703","33/9062",0.121212121212121,1.56248114142851,0.938714820848201,0.251063981490741,0.999999999911466,0.927566440772491,"151/2335/1278/1277",4,FALSE
"R-HSA-9758941","Gastrulation","9/703","89/9062",0.101123595505618,1.30353061518053,0.834482506088804,0.251888683090048,0.999999999911466,0.927566440772491,"83881/130497/6657/51176/2296/7020/1749/2303/25925",9,FALSE
"R-HSA-8939211","ESR-mediated signaling","16/703","172/9062",0.0930232558139535,1.19911343411955,0.764543976050989,0.259557323102207,0.999999999911466,0.927566440772491,"128312/2786/9687/255324/2069/374/1903/6387/4316/4314/2784/2100/2353/4313/2354/7033",16,FALSE
"R-HSA-264876","Insulin processing","3/703","23/9062",0.130434782608696,1.68136557610242,0.948795198677189,0.262525463847832,0.999999999911466,0.927566440772491,"1363/5122/3798",3,FALSE
"R-HSA-5579029","Metabolic disorders of biological oxidation enzymes","3/703","23/9062",0.130434782608696,1.68136557610242,0.948795198677189,0.262525463847832,0.999999999911466,0.927566440772491,"2328/9420/1591",3,FALSE
"R-HSA-6783589","Interleukin-6 family signaling","3/703","23/9062",0.130434782608696,1.68136557610242,0.948795198677189,0.262525463847832,0.999999999911466,0.927566440772491,"133396/9244/3589",3,FALSE
"R-HSA-1482922","Acyl chain remodelling of PI","2/703","13/9062",0.153846153846154,1.98314914104388,1.02867776181673,0.267278636249748,0.999999999911466,0.927566440772491,"5320/26279",2,FALSE
"R-HSA-381771","Synthesis, secretion, and inactivation of Glucagon-like Peptide-1 (GLP-1)","2/703","13/9062",0.153846153846154,1.98314914104388,1.02867776181673,0.267278636249748,0.999999999911466,0.927566440772491,"5122/2784",2,FALSE
"R-HSA-400508","Incretin synthesis, secretion, and inactivation","2/703","13/9062",0.153846153846154,1.98314914104388,1.02867776181673,0.267278636249748,0.999999999911466,0.927566440772491,"5122/2784",2,FALSE
"R-HSA-5140745","WNT5A-dependent internalization of FZD2, FZD5 and ROR2","2/703","13/9062",0.153846153846154,1.98314914104388,1.02867776181673,0.267278636249748,0.999999999911466,0.927566440772491,"7474/4920",2,FALSE
"R-HSA-5654719","SHC-mediated cascade:FGFR4","2/703","13/9062",0.153846153846154,1.98314914104388,1.02867776181673,0.267278636249748,0.999999999911466,0.927566440772491,"2246/8817",2,FALSE
"R-HSA-5654720","PI-3K cascade:FGFR4","2/703","13/9062",0.153846153846154,1.98314914104388,1.02867776181673,0.267278636249748,0.999999999911466,0.927566440772491,"2246/8817",2,FALSE
"R-HSA-8964315","G beta:gamma signalling through BTK","2/703","13/9062",0.153846153846154,1.98314914104388,1.02867776181673,0.267278636249748,0.999999999911466,0.927566440772491,"2786/2784",2,FALSE
"R-HSA-111885","Opioid Signalling","8/703","79/9062",0.10126582278481,1.30536399157319,0.790513397652998,0.268176932598536,0.999999999911466,0.927566440772491,"2786/5136/111/108/2784/26960/2774/5332",8,FALSE
"R-HSA-111933","Calmodulin induced events","4/703","34/9062",0.117647058823529,1.51652581373944,0.87503269206119,0.26861435856564,0.999999999911466,0.927566440772491,"5136/111/108/26960",4,FALSE
"R-HSA-111997","CaM pathway","4/703","34/9062",0.117647058823529,1.51652581373944,0.87503269206119,0.26861435856564,0.999999999911466,0.927566440772491,"5136/111/108/26960",4,FALSE
"R-HSA-71387","Metabolism of carbohydrates and carbohydrate derivatives","23/703","259/9062",0.0888030888030888,1.14471350033228,0.68522333549544,0.278080454749032,0.999999999911466,0.927566440772491,"337876/3037/4969/4958/60495/387712/112937/27087/11081/4060/55576/266722/176/4166/9955/124872/83539/10331/2524/3036/10317/8908/90161",23,FALSE
"R-HSA-198725","Nuclear Events (kinase and transcription factor activation)","6/703","57/9062",0.105263157894737,1.35689151755634,0.783827254550609,0.279289433843634,0.999999999911466,0.927566440772491,"1958/1960/8061/2353/6236/2354",6,FALSE
"R-HSA-5627123","RHO GTPases activate PAKs","3/703","24/9062",0.125,1.61130867709815,0.869598091214943,0.284218161503104,0.999999999911466,0.927566440772491,"4660/4629/5063",3,FALSE
"R-HSA-432040","Vasopressin regulates renal water homeostasis via Aquaporins","4/703","35/9062",0.114285714285714,1.47319650477545,0.813377948625017,0.286372805699048,0.999999999911466,0.927566440772491,"2786/111/108/2784",4,FALSE
"R-HSA-177504","Retrograde neurotrophin signalling","2/703","14/9062",0.142857142857143,1.84149563096931,0.913751604248685,0.296987331683787,0.999999999911466,0.927566440772491,"4914/1759",2,FALSE
"R-HSA-2142691","Synthesis of Leukotrienes (LT) and Eoxins (EX)","2/703","14/9062",0.142857142857143,1.84149563096931,0.913751604248685,0.296987331683787,0.999999999911466,0.927566440772491,"1800/246",2,FALSE
"R-HSA-264642","Acetylcholine Neurotransmitter Release Cycle","2/703","14/9062",0.142857142857143,1.84149563096931,0.913751604248685,0.296987331683787,0.999999999911466,0.927566440772491,"8499/6616",2,FALSE
"R-HSA-392851","Prostacyclin signalling through prostacyclin receptor","2/703","14/9062",0.142857142857143,1.84149563096931,0.913751604248685,0.296987331683787,0.999999999911466,0.927566440772491,"2786/2784",2,FALSE
"R-HSA-416993","Trafficking of GluR2-containing AMPA receptors","2/703","14/9062",0.142857142857143,1.84149563096931,0.913751604248685,0.296987331683787,0.999999999911466,0.927566440772491,"80852/2892",2,FALSE
"R-HSA-418217","G beta:gamma signalling through PLC beta","2/703","14/9062",0.142857142857143,1.84149563096931,0.913751604248685,0.296987331683787,0.999999999911466,0.927566440772491,"2786/2784",2,FALSE
"R-HSA-452723","Transcriptional regulation of pluripotent stem cells","2/703","14/9062",0.142857142857143,1.84149563096931,0.913751604248685,0.296987331683787,0.999999999911466,0.927566440772491,"6657/57167",2,FALSE
"R-HSA-5654695","PI-3K cascade:FGFR2","2/703","14/9062",0.142857142857143,1.84149563096931,0.913751604248685,0.296987331683787,0.999999999911466,0.927566440772491,"2246/8817",2,FALSE
"R-HSA-5654699","SHC-mediated cascade:FGFR2","2/703","14/9062",0.142857142857143,1.84149563096931,0.913751604248685,0.296987331683787,0.999999999911466,0.927566440772491,"2246/8817",2,FALSE
"R-HSA-5654706","FRS-mediated FGFR3 signaling","2/703","14/9062",0.142857142857143,1.84149563096931,0.913751604248685,0.296987331683787,0.999999999911466,0.927566440772491,"2246/8817",2,FALSE
"R-HSA-6803205","TP53 regulates transcription of several additional cell death genes whose specific roles in p53-dependent apoptosis remain uncertain","2/703","14/9062",0.142857142857143,1.84149563096931,0.913751604248685,0.296987331683787,0.999999999911466,0.927566440772491,"7161/8626",2,FALSE
"R-HSA-6804116","TP53 Regulates Transcription of Genes Involved in G1 Cell Cycle Arrest","2/703","14/9062",0.142857142857143,1.84149563096931,0.913751604248685,0.296987331683787,0.999999999911466,0.927566440772491,"1026/8900",2,FALSE
"R-HSA-9671793","Diseases of hemostasis","2/703","14/9062",0.142857142857143,1.84149563096931,0.913751604248685,0.296987331683787,0.999999999911466,0.927566440772491,"1278/1277",2,FALSE
"R-HSA-9749641","Aspirin ADME","2/703","14/9062",0.142857142857143,1.84149563096931,0.913751604248685,0.296987331683787,0.999999999911466,0.927566440772491,"54578/590",2,FALSE
"R-HSA-2559582","Senescence-Associated Secretory Phenotype (SASP)","7/703","70/9062",0.1,1.28904694167852,0.704008357122712,0.298899164077501,0.999999999911466,0.927566440772491,"128312/3490/3576/1026/1029/8900/2353",7,FALSE
"R-HSA-112043","PLC beta mediated events","5/703","47/9062",0.106382978723404,1.37132653370055,0.740134437840907,0.299259167196105,0.999999999911466,0.927566440772491,"5136/111/108/26960/5332",5,FALSE
"R-HSA-2173789","TGF-beta receptor signaling activates SMADs","5/703","47/9062",0.106382978723404,1.37132653370055,0.740134437840907,0.299259167196105,0.999999999911466,0.927566440772491,"4052/3696/4053/7043/2200",5,FALSE
"R-HSA-111996","Ca-dependent events","4/703","36/9062",0.111111111111111,1.4322743796428,0.753618666624762,0.304292076256977,0.999999999911466,0.927566440772491,"5136/111/108/26960",4,FALSE
"R-HSA-9660821","ADORA2B mediated anti-inflammatory cytokines production","4/703","36/9062",0.111111111111111,1.4322743796428,0.753618666624762,0.304292076256977,0.999999999911466,0.927566440772491,"2786/111/108/2784",4,FALSE
"R-HSA-1643713","Signaling by EGFR in Cancer","3/703","25/9062",0.12,1.54685633001422,0.793998481499738,0.306050068769352,0.999999999911466,0.927566440772491,"255324/2069/374",3,FALSE
"R-HSA-9664565","Signaling by ERBB2 KD Mutants","3/703","25/9062",0.12,1.54685633001422,0.793998481499738,0.306050068769352,0.999999999911466,0.927566440772491,"2069/9542/145957",3,FALSE
"R-HSA-9824585","Regulation of MITF-M-dependent genes involved in pigmentation","4/703","37/9062",0.108108108108108,1.39356426127408,0.695635081978744,0.322326493911334,0.999999999911466,0.927566440772491,"51176/7020/54843/8110",4,FALSE
"R-HSA-1482925","Acyl chain remodelling of PG","2/703","15/9062",0.133333333333333,1.71872925557136,0.80788068019172,0.326502555881493,0.999999999911466,0.927566440772491,"5320/26279",2,FALSE
"R-HSA-1502540","Signaling by Activin","2/703","15/9062",0.133333333333333,1.71872925557136,0.80788068019172,0.326502555881493,0.999999999911466,0.927566440772491,"3625/10468",2,FALSE
"R-HSA-1614558","Degradation of cysteine and homocysteine","2/703","15/9062",0.133333333333333,1.71872925557136,0.80788068019172,0.326502555881493,0.999999999911466,0.927566440772491,"2326/339896",2,FALSE
"R-HSA-389977","Post-chaperonin tubulin folding pathway","2/703","15/9062",0.133333333333333,1.71872925557136,0.80788068019172,0.326502555881493,0.999999999911466,0.927566440772491,"347733/10381",2,FALSE
"R-HSA-5654712","FRS-mediated FGFR4 signaling","2/703","15/9062",0.133333333333333,1.71872925557136,0.80788068019172,0.326502555881493,0.999999999911466,0.927566440772491,"2246/8817",2,FALSE
"R-HSA-74259","Purine catabolism","2/703","15/9062",0.133333333333333,1.71872925557136,0.80788068019172,0.326502555881493,0.999999999911466,0.927566440772491,"7498/9615",2,FALSE
"R-HSA-75035","Chk1/Chk2(Cds1) mediated inactivation of Cyclin B:Cdk1 complex","2/703","15/9062",0.133333333333333,1.71872925557136,0.80788068019172,0.326502555881493,0.999999999911466,0.927566440772491,"7465/8900",2,FALSE
"R-HSA-8964616","G beta:gamma signalling through CDC42","2/703","15/9062",0.133333333333333,1.71872925557136,0.80788068019172,0.326502555881493,0.999999999911466,0.927566440772491,"2786/2784",2,FALSE
"R-HSA-5683057","MAPK family signaling cascades","24/703","279/9062",0.0860215053763441,1.10885758423959,0.535584398530971,0.327629393526755,0.999999999911466,0.927566440772491,"9048/1844/2335/3568/54756/255324/2069/374/2668/5924/9542/2246/8817/3559/5979/1847/2674/6712/1740/4684/8437/145957/399473/5063",24,FALSE
"R-HSA-1227990","Signaling by ERBB2 in Cancer","3/703","26/9062",0.115384615384615,1.48736185578291,0.721670018918846,0.327942266891891,0.999999999911466,0.927566440772491,"2069/9542/145957",3,FALSE
"R-HSA-380994","ATF4 activates genes in response to endoplasmic reticulum  stress","3/703","26/9062",0.115384615384615,1.48736185578291,0.721670018918846,0.327942266891891,0.999999999911466,0.927566440772491,"467/3576/6347",3,FALSE
"R-HSA-390522","Striated Muscle Contraction","3/703","26/9062",0.115384615384615,1.48736185578291,0.721670018918846,0.327942266891891,0.999999999911466,0.927566440772491,"1674/70/1756",3,FALSE
"R-HSA-456926","Thrombin signalling through proteinase activated receptors (PARs)","3/703","26/9062",0.115384615384615,1.48736185578291,0.721670018918846,0.327942266891891,0.999999999911466,0.927566440772491,"2786/2151/2784",3,FALSE
"R-HSA-9660826","Purinergic signaling in leishmaniasis infection","3/703","26/9062",0.115384615384615,1.48736185578291,0.721670018918846,0.327942266891891,0.999999999911466,0.927566440772491,"114548/953/1511",3,FALSE
"R-HSA-9664424","Cell recruitment (pro-inflammatory response)","3/703","26/9062",0.115384615384615,1.48736185578291,0.721670018918846,0.327942266891891,0.999999999911466,0.927566440772491,"114548/953/1511",3,FALSE
"R-HSA-425366","Transport of bile salts and organic acids, metal ions and amine compounds","5/703","49/9062",0.102040816326531,1.31535402212094,0.641874753363216,0.33054588429173,0.999999999911466,0.927566440772491,"204962/6529/1356/345274/9843",5,FALSE
"R-HSA-373752","Netrin-1 signaling","4/703","38/9062",0.105263157894737,1.35689151755634,0.63931816762869,0.340432144135993,0.999999999911466,0.927566440772491,"6091/90249/56963/9423",4,FALSE
"R-HSA-140877","Formation of Fibrin Clot (Clotting Cascade)","3/703","27/9062",0.111111111111111,1.4322743796428,0.652327766748311,0.349821543545861,0.999999999911466,0.927566440772491,"5270/5104/3053",3,FALSE
"R-HSA-201556","Signaling by ALK","3/703","27/9062",0.111111111111111,1.4322743796428,0.652327766748311,0.349821543545861,0.999999999911466,0.927566440772491,"5803/389658/4192",3,FALSE
"R-HSA-2022928","HS-GAG biosynthesis","3/703","27/9062",0.111111111111111,1.4322743796428,0.652327766748311,0.349821543545861,0.999999999911466,0.927566440772491,"266722/9955/90161",3,FALSE
"R-HSA-5339562","Uptake and actions of bacterial toxins","3/703","27/9062",0.111111111111111,1.4322743796428,0.652327766748311,0.349821543545861,0.999999999911466,0.927566440772491,"84168/9899/6616",3,FALSE
"R-HSA-1369062","ABC transporters in lipid homeostasis","2/703","16/9062",0.125,1.61130867709815,0.709709837341432,0.355675690758965,0.999999999911466,0.927566440772491,"26154/64137",2,FALSE
"R-HSA-164378","PKA activation in glucagon signalling","2/703","16/9062",0.125,1.61130867709815,0.709709837341432,0.355675690758965,0.999999999911466,0.927566440772491,"111/108",2,FALSE
"R-HSA-181430","Norepinephrine Neurotransmitter Release Cycle","2/703","16/9062",0.125,1.61130867709815,0.709709837341432,0.355675690758965,0.999999999911466,0.927566440772491,"8499/6616",2,FALSE
"R-HSA-392170","ADP signalling through P2Y purinoceptor 12","2/703","16/9062",0.125,1.61130867709815,0.709709837341432,0.355675690758965,0.999999999911466,0.927566440772491,"2786/2784",2,FALSE
"R-HSA-399954","Sema3A PAK dependent Axon repulsion","2/703","16/9062",0.125,1.61130867709815,0.709709837341432,0.355675690758965,0.999999999911466,0.927566440772491,"91584/5063",2,FALSE
"R-HSA-5654700","FRS-mediated FGFR2 signaling","2/703","16/9062",0.125,1.61130867709815,0.709709837341432,0.355675690758965,0.999999999911466,0.927566440772491,"2246/8817",2,FALSE
"R-HSA-5655332","Signaling by FGFR3 in disease","2/703","16/9062",0.125,1.61130867709815,0.709709837341432,0.355675690758965,0.999999999911466,0.927566440772491,"2246/8817",2,FALSE
"R-HSA-5676594","TNF receptor superfamily (TNFSF) members mediating non-canonical NF-kB pathway","2/703","16/9062",0.125,1.61130867709815,0.709709837341432,0.355675690758965,0.999999999911466,0.927566440772491,"8600/115650",2,FALSE
"R-HSA-8849932","Synaptic adhesion-like molecules","2/703","16/9062",0.125,1.61130867709815,0.709709837341432,0.355675690758965,0.999999999911466,0.927566440772491,"2903/2892",2,FALSE
"R-HSA-9006931","Signaling by Nuclear Receptors","20/703","234/9062",0.0854700854700855,1.10174952280215,0.45729632647808,0.358399235642153,0.999999999911466,0.927566440772491,"1382/128312/2786/9687/255324/2069/374/2172/1903/6387/4316/4314/2784/2100/2353/1381/220/4313/2354/7033",20,FALSE
"R-HSA-2404192","Signaling by Type 1 Insulin-like Growth Factor 1 Receptor (IGF1R)","4/703","39/9062",0.102564102564103,1.32209942736259,0.584568410278388,0.358567030308012,0.999999999911466,0.927566440772491,"2246/8817/3479/8483",4,FALSE
"R-HSA-1236394","Signaling by ERBB4","5/703","51/9062",0.0980392156862745,1.26377151144953,0.547791193662697,0.362119758520382,0.999999999911466,0.927566440772491,"2069/9542/6678/6387/145957",5,FALSE
"R-HSA-8941326","RUNX2 regulates bone development","3/703","28/9062",0.107142857142857,1.38112172322699,0.585721601418161,0.371620422636476,0.999999999911466,0.927566440772491,"2736/1277/25925",3,FALSE
"R-HSA-9843743","Transcriptional regulation of brown and beige adipocyte differentiation","3/703","28/9062",0.107142857142857,1.38112172322699,0.585721601418161,0.371620422636476,0.999999999911466,0.927566440772491,"64641/1734/655",3,FALSE
"R-HSA-9844594","Transcriptional regulation of brown and beige adipocyte differentiation by EBF2","3/703","28/9062",0.107142857142857,1.38112172322699,0.585721601418161,0.371620422636476,0.999999999911466,0.927566440772491,"64641/1734/655",3,FALSE
"R-HSA-9730414","MITF-M-regulated melanocyte development","12/703","137/9062",0.0875912408759124,1.12909221168922,0.441514303511255,0.374109613113907,0.999999999911466,0.927566440772491,"727936/6657/51176/3673/7020/1026/5054/1029/54843/8600/8110/1000",12,FALSE
"R-HSA-1489509","DAG and IP3 signaling","4/703","40/9062",0.1,1.28904694167852,0.531294754319549,0.376691197274345,0.999999999911466,0.927566440772491,"5136/111/108/26960",4,FALSE
"R-HSA-373755","Semaphorin interactions","6/703","64/9062",0.09375,1.20848150782361,0.485370186999884,0.377458761420208,0.999999999911466,0.927566440772491,"388/1809/91584/10570/4629/5063",6,FALSE
"R-HSA-166663","Initial triggering of complement","2/703","17/9062",0.117647058823529,1.51652581373944,0.618159817126057,0.384382279076747,0.999999999911466,0.927566440772491,"78989/721",2,FALSE
"R-HSA-202040","G-protein activation","2/703","17/9062",0.117647058823529,1.51652581373944,0.618159817126057,0.384382279076747,0.999999999911466,0.927566440772491,"2786/2784",2,FALSE
"R-HSA-442982","Ras activation upon Ca2+ influx through NMDA receptor","2/703","17/9062",0.117647058823529,1.51652581373944,0.618159817126057,0.384382279076747,0.999999999911466,0.927566440772491,"5924/1740",2,FALSE
"R-HSA-438064","Post NMDA receptor activation events","6/703","65/9062",0.0923076923076923,1.18988948462633,0.445550873018939,0.391682437208675,0.999999999911466,0.927566440772491,"5563/5924/347733/1740/2903/10381",6,FALSE
"R-HSA-8863795","Downregulation of ERBB2 signaling","3/703","29/9062",0.103448275862069,1.33349683621916,0.521630860690541,0.393277121405031,0.999999999911466,0.927566440772491,"2069/9542/145957",3,FALSE
"R-HSA-445355","Smooth Muscle Contraction","4/703","41/9062",0.0975609756097561,1.25760677236929,0.479413686503701,0.394766825218144,0.999999999911466,0.927566440772491,"72/59/4629/8913",4,FALSE
"R-HSA-15869","Metabolism of nucleotides","8/703","91/9062",0.0879120879120879,1.1332280805965,0.370411621501003,0.410417461284433,0.999999999911466,0.927566440772491,"205/270/7498/1807/9615/158067/954/953",8,FALSE
"R-HSA-181429","Serotonin Neurotransmitter Release Cycle","2/703","18/9062",0.111111111111111,1.4322743796428,0.532358309168188,0.412519178881204,0.999999999911466,0.927566440772491,"8499/6616",2,FALSE
"R-HSA-2022870","Chondroitin sulfate biosynthesis","2/703","18/9062",0.111111111111111,1.4322743796428,0.532358309168188,0.412519178881204,0.999999999911466,0.927566440772491,"337876/83539",2,FALSE
"R-HSA-3232118","SUMOylation of transcription factors","2/703","18/9062",0.111111111111111,1.4322743796428,0.532358309168188,0.412519178881204,0.999999999911466,0.927566440772491,"7020/1029",2,FALSE
"R-HSA-425410","Metal ion SLC transporters","2/703","18/9062",0.111111111111111,1.4322743796428,0.532358309168188,0.412519178881204,0.999999999911466,0.927566440772491,"1356/9843",2,FALSE
"R-HSA-5365859","RA biosynthesis pathway","2/703","18/9062",0.111111111111111,1.4322743796428,0.532358309168188,0.412519178881204,0.999999999911466,0.927566440772491,"1381/220",2,FALSE
"R-HSA-5635838","Activation of SMO","2/703","18/9062",0.111111111111111,1.4322743796428,0.532358309168188,0.412519178881204,0.999999999911466,0.927566440772491,"91653/6608",2,FALSE
"R-HSA-9620244","Long-term potentiation","2/703","18/9062",0.111111111111111,1.4322743796428,0.532358309168188,0.412519178881204,0.999999999911466,0.927566440772491,"1740/2903",2,FALSE
"R-HSA-112310","Neurotransmitter release cycle","4/703","42/9062",0.0952380952380952,1.22766375397954,0.428848439639343,0.412758296596858,0.999999999911466,0.927566440772491,"2571/6529/8499/6616",4,FALSE
"R-HSA-8864260","Transcriptional regulation by the AP-2 (TFAP2) family of transcription factors","3/703","30/9062",0.1,1.28904694167852,0.45985996993668,0.414735448503254,0.999999999911466,0.927566440772491,"7020/1026/284252",3,FALSE
"R-HSA-9634815","Transcriptional Regulation by NPAS4","3/703","30/9062",0.1,1.28904694167852,0.45985996993668,0.414735448503254,0.999999999911466,0.927566440772491,"2669/5979/2353",3,FALSE
"R-HSA-9013026","RHOB GTPase cycle","6/703","67/9062",0.0895522388059701,1.154370395533,0.367781093333525,0.42008645108624,0.999999999911466,0.927566440772491,"388/5099/80728/9414/10276/70",6,FALSE
"R-HSA-4086398","Ca2+ pathway","5/703","55/9062",0.0909090909090909,1.17186085607138,0.370729204459205,0.425266499121852,0.999999999911466,0.927566440772491,"2786/7474/51176/2784/2775",5,FALSE
"R-HSA-2142753","Arachidonate metabolism","4/703","43/9062",0.0930232558139535,1.19911343411955,0.379528297379752,0.43063223883455,0.999999999911466,0.927566440772491,"5730/2877/1800/246",4,FALSE
"R-HSA-6783783","Interleukin-10 signaling","4/703","43/9062",0.0930232558139535,1.19911343411955,0.379528297379752,0.43063223883455,0.999999999911466,0.927566440772491,"3576/6363/6367/6347",4,FALSE
"R-HSA-381042","PERK regulates gene expression","3/703","31/9062",0.0967741935483871,1.24746478226954,0.40023484139094,0.435944654823131,0.999999999911466,0.927566440772491,"467/3576/6347",3,FALSE
"R-HSA-1482801","Acyl chain remodelling of PS","2/703","19/9062",0.105263157894737,1.35689151755634,0.451591049970144,0.440002013072442,0.999999999911466,0.927566440772491,"5320/26279",2,FALSE
"R-HSA-389960","Formation of tubulin folding intermediates by CCT/TriC","2/703","19/9062",0.105263157894737,1.35689151755634,0.451591049970144,0.440002013072442,0.999999999911466,0.927566440772491,"347733/10381",2,FALSE
"R-HSA-428930","Thromboxane signalling through TP receptor","2/703","19/9062",0.105263157894737,1.35689151755634,0.451591049970144,0.440002013072442,0.999999999911466,0.927566440772491,"2786/2784",2,FALSE
"R-HSA-5654708","Downstream signaling of activated FGFR3","2/703","19/9062",0.105263157894737,1.35689151755634,0.451591049970144,0.440002013072442,0.999999999911466,0.927566440772491,"2246/8817",2,FALSE
"R-HSA-9733709","Cardiogenesis","2/703","19/9062",0.105263157894737,1.35689151755634,0.451591049970144,0.440002013072442,0.999999999911466,0.927566440772491,"51176/93649",2,FALSE
"R-HSA-5610787","Hedgehog 'off' state","8/703","94/9062",0.0851063829787234,1.09706122696044,0.27431557660528,0.446616918800949,0.999999999911466,0.927566440772491,"2736/111/108/347733/6608/2735/374654/10381",8,FALSE
"R-HSA-5633008","TP53 Regulates Transcription of Cell Death Genes","4/703","44/9062",0.0909090909090909,1.17186085607138,0.331387985221086,0.448357545340141,0.999999999911466,0.927566440772491,"7161/8626/94241/63970",4,FALSE
"R-HSA-9614085","FOXO-mediated transcription","5/703","57/9062",0.087719298245614,1.13074293129695,0.287145723137588,0.456449569360929,0.999999999911466,0.927566440772491,"1647/2660/1026/91584/114907",5,FALSE
"R-HSA-114604","GPVI-mediated activation cascade","3/703","32/9062",0.09375,1.20848150782361,0.342599889437237,0.456859247217061,0.999999999911466,0.927566440772491,"388/1278/1277",3,FALSE
"R-HSA-9006936","Signaling by TGFB family members","12/703","146/9062",0.0821917808219178,1.05949063699604,0.210149607035609,0.461394576668431,0.999999999911466,0.927566440772491,"64388/4052/3625/11167/10468/3696/1278/5054/4325/4053/7043/2200",12,FALSE
"R-HSA-187037","Signaling by NTRK1 (TRKA)","9/703","108/9062",0.0833333333333333,1.0742057847321,0.22497261682815,0.46244555558604,0.999999999911466,0.927566440772491,"4914/1958/1960/1759/8061/2353/6236/116/2354",9,FALSE
"R-HSA-3238698","WNT ligand biogenesis and trafficking","2/703","20/9062",0.1,1.28904694167852,0.37526640793183,0.466762885531451,0.999999999911466,0.927566440772491,"80326/7474",2,FALSE
"R-HSA-392451","G beta:gamma signalling through PI3Kgamma","2/703","20/9062",0.1,1.28904694167852,0.37526640793183,0.466762885531451,0.999999999911466,0.927566440772491,"2786/2784",2,FALSE
"R-HSA-418592","ADP signalling through P2Y purinoceptor 1","2/703","20/9062",0.1,1.28904694167852,0.37526640793183,0.466762885531451,0.999999999911466,0.927566440772491,"2786/2784",2,FALSE
"R-HSA-5654716","Downstream signaling of activated FGFR4","2/703","20/9062",0.1,1.28904694167852,0.37526640793183,0.466762885531451,0.999999999911466,0.927566440772491,"2246/8817",2,FALSE
"R-HSA-2559586","DNA Damage/Telomere Stress Induced Senescence","4/703","46/9062",0.0869565217391304,1.12091038406828,0.238409814658497,0.483249148532822,0.999999999911466,0.927566440772491,"128312/3007/1026/8900",4,FALSE
"R-HSA-416572","Sema4D induced cell migration and growth-cone collapse","2/703","21/9062",0.0952380952380952,1.22766375397954,0.302889257478451,0.49274833788603,0.999999999911466,0.927566440772491,"388/4629",2,FALSE
"R-HSA-445144","Signal transduction by L1","2/703","21/9062",0.0952380952380952,1.22766375397954,0.302889257478451,0.49274833788603,0.999999999911466,0.927566440772491,"3680/4684",2,FALSE
"R-HSA-5654696","Downstream signaling of activated FGFR2","2/703","21/9062",0.0952380952380952,1.22766375397954,0.302889257478451,0.49274833788603,0.999999999911466,0.927566440772491,"2246/8817",2,FALSE
"R-HSA-8940973","RUNX2 regulates osteoblast differentiation","2/703","21/9062",0.0952380952380952,1.22766375397954,0.302889257478451,0.49274833788603,0.999999999911466,0.927566440772491,"1277/25925",2,FALSE
"R-HSA-912526","Interleukin receptor SHC signaling","2/703","21/9062",0.0952380952380952,1.22766375397954,0.302889257478451,0.49274833788603,0.999999999911466,0.927566440772491,"3568/3559",2,FALSE
"R-HSA-425397","Transport of vitamins, nucleosides, and related molecules","3/703","34/9062",0.0882352941176471,1.13739436030458,0.232756144559286,0.497647588166214,0.999999999911466,0.927566440772491,"222962/64078/53919",3,FALSE
"R-HSA-8878166","Transcriptional regulation by RUNX2","8/703","99/9062",0.0808080808080808,1.04165409428567,0.120847357929375,0.5060342414174,0.999999999911466,0.927566440772491,"2736/1026/7291/1749/4322/9358/1277/25925",8,FALSE
"R-HSA-198933","Immunoregulatory interactions between a Lymphoid and a non-Lymphoid cell","9/703","112/9062",0.0803571428571429,1.03584129242024,0.110680145273162,0.506981748353635,0.999999999911466,0.927566440772491,"7412/909/910/57823/1281/1278/1308/930/1277",9,FALSE
"R-HSA-6791312","TP53 Regulates Transcription of Cell Cycle Genes","4/703","48/9062",0.0833333333333333,1.0742057847321,0.149481748457116,0.517229235323206,0.999999999911466,0.927566440772491,"1647/7832/1026/8900",4,FALSE
"R-HSA-75153","Apoptotic execution phase","4/703","48/9062",0.0833333333333333,1.0742057847321,0.149481748457116,0.517229235323206,0.999999999911466,0.927566440772491,"5317/3007/9414/1830",4,FALSE
"R-HSA-416482","G alpha (12/13) signalling events","6/703","74/9062",0.0810810810810811,1.04517319595556,0.113149779147508,0.517295758652989,0.999999999911466,0.927566440772491,"2786/388/25791/5924/10276/2784",6,FALSE
"R-HSA-6804757","Regulation of TP53 Degradation","3/703","35/9062",0.0857142857142857,1.10489737858159,0.180308209688325,0.517454599022511,0.999999999911466,0.927566440772491,"1029/9099/8900",3,FALSE
"R-HSA-112409","RAF-independent MAPK1/3 activation","2/703","22/9062",0.0909090909090909,1.17186085607138,0.234041385829635,0.51791752340412,0.999999999911466,0.927566440772491,"1844/1847",2,FALSE
"R-HSA-210991","Basigin interactions","2/703","22/9062",0.0909090909090909,1.17186085607138,0.234041385829635,0.51791752340412,0.999999999911466,0.927566440772491,"4312/482",2,FALSE
"R-HSA-525793","Myogenesis","2/703","22/9062",0.0909090909090909,1.17186085607138,0.234041385829635,0.51791752340412,0.999999999911466,0.927566440772491,"91653/1000",2,FALSE
"R-HSA-5620922","BBSome-mediated cargo-targeting to cilium","2/703","22/9062",0.0909090909090909,1.17186085607138,0.234041385829635,0.51791752340412,0.999999999911466,0.927566440772491,"6608/2847",2,FALSE
"R-HSA-5654687","Downstream signaling of activated FGFR1","2/703","22/9062",0.0909090909090909,1.17186085607138,0.234041385829635,0.51791752340412,0.999999999911466,0.927566440772491,"2246/23768",2,FALSE
"R-HSA-9615017","FOXO-mediated transcription of oxidative stress, metabolic and neuronal genes","2/703","22/9062",0.0909090909090909,1.17186085607138,0.234041385829635,0.51791752340412,0.999999999911466,0.927566440772491,"91584/114907",2,FALSE
"R-HSA-975576","N-glycan antennae elongation in the medial/trans-Golgi","2/703","22/9062",0.0909090909090909,1.17186085607138,0.234041385829635,0.51791752340412,0.999999999911466,0.927566440772491,"25834/64377",2,FALSE
"R-HSA-166520","Signaling by NTRKs","10/703","126/9062",0.0793650793650794,1.02305312831629,0.0755669902715772,0.518233712706549,0.999999999911466,0.927566440772491,"4914/1958/1960/1759/8061/4908/2353/6236/116/2354",10,FALSE
"R-HSA-111465","Apoptotic cleavage of cellular proteins","3/703","36/9062",0.0833333333333333,1.0742057847321,0.129368908219497,0.536833010183014,0.999999999911466,0.927566440772491,"5317/9414/1830",3,FALSE
"R-HSA-5362517","Signaling by Retinoic Acid","3/703","36/9062",0.0833333333333333,1.0742057847321,0.129368908219497,0.536833010183014,0.999999999911466,0.927566440772491,"1382/1381/220",3,FALSE
"R-HSA-6806003","Regulation of TP53 Expression and Degradation","3/703","36/9062",0.0833333333333333,1.0742057847321,0.129368908219497,0.536833010183014,0.999999999911466,0.927566440772491,"1029/9099/8900",3,FALSE
"R-HSA-163685","Integration of energy metabolism","7/703","89/9062",0.0786516853932584,1.01385714514041,0.0380968002095198,0.542115434430224,0.999999999911466,0.927566440772491,"5563/2786/111/108/2784/6616/3745",7,FALSE
"R-HSA-186712","Regulation of beta-cell development","2/703","23/9062",0.0869565217391304,1.12091038406828,0.168366580141046,0.542240576695195,0.999999999911466,0.927566440772491,"3174/3172",2,FALSE
"R-HSA-210500","Glutamate Neurotransmitter Release Cycle","2/703","23/9062",0.0869565217391304,1.12091038406828,0.168366580141046,0.542240576695195,0.999999999911466,0.927566440772491,"8499/6616",2,FALSE
"R-HSA-212676","Dopamine Neurotransmitter Release Cycle","2/703","23/9062",0.0869565217391304,1.12091038406828,0.168366580141046,0.542240576695195,0.999999999911466,0.927566440772491,"8499/6616",2,FALSE
"R-HSA-449836","Other interleukin signaling","2/703","23/9062",0.0869565217391304,1.12091038406828,0.168366580141046,0.542240576695195,0.999999999911466,0.927566440772491,"5803/6616",2,FALSE
"R-HSA-5654732","Negative regulation of FGFR3 signaling","2/703","23/9062",0.0869565217391304,1.12091038406828,0.168366580141046,0.542240576695195,0.999999999911466,0.927566440772491,"2246/8817",2,FALSE
"R-HSA-9668328","Sealing of the nuclear envelope (NE) by ESCRT-III","2/703","23/9062",0.0869565217391304,1.12091038406828,0.168366580141046,0.542240576695195,0.999999999911466,0.927566440772491,"347733/10381",2,FALSE
"R-HSA-422356","Regulation of insulin secretion","5/703","63/9062",0.0793650793650794,1.02305312831629,0.0532465632068458,0.54649290920703,0.999999999911466,0.927566440772491,"2786/111/2784/6616/3745",5,FALSE
"R-HSA-9856530","High laminar flow shear stress activates signaling by PIEZO1 and PECAM1:CDH5:KDR in endothelial cells","5/703","63/9062",0.0793650793650794,1.02305312831629,0.0532465632068458,0.54649290920703,0.999999999911466,0.927566440772491,"2786/111/108/2784/59341",5,FALSE
"R-HSA-166786","Creation of C4 and C2 activators","1/703","10/9062",0.1,1.28904694167852,0.265206809588358,0.554219396113156,0.999999999911466,0.927566440772491,"78989",1,FALSE
"R-HSA-190242","FGFR1 ligand binding and activation","1/703","10/9062",0.1,1.28904694167852,0.265206809588358,0.554219396113156,0.999999999911466,0.927566440772491,"2246",1,FALSE
"R-HSA-193775","Synthesis of bile acids and bile salts via 24-hydroxycholesterol","1/703","10/9062",0.1,1.28904694167852,0.265206809588358,0.554219396113156,0.999999999911466,0.927566440772491,"11001",1,FALSE
"R-HSA-418889","Caspase activation via Dependence Receptors in the absence of ligand","1/703","10/9062",0.1,1.28904694167852,0.265206809588358,0.554219396113156,0.999999999911466,0.927566440772491,"90249",1,FALSE
"R-HSA-450341","Activation of the AP-1 family of transcription factors","1/703","10/9062",0.1,1.28904694167852,0.265206809588358,0.554219396113156,0.999999999911466,0.927566440772491,"2353",1,FALSE
"R-HSA-5578768","Physiological factors","1/703","10/9062",0.1,1.28904694167852,0.265206809588358,0.554219396113156,0.999999999911466,0.927566440772491,"10699",1,FALSE
"R-HSA-8851680","Butyrophilin (BTN) family interactions","1/703","10/9062",0.1,1.28904694167852,0.265206809588358,0.554219396113156,0.999999999911466,0.927566440772491,"7498",1,FALSE
"R-HSA-8866910","TFAP2 (AP-2) family regulates transcription of growth factors and their receptors","1/703","10/9062",0.1,1.28904694167852,0.265206809588358,0.554219396113156,0.999999999911466,0.927566440772491,"7020",1,FALSE
"R-HSA-8963693","Aspartate and asparagine metabolism","1/703","10/9062",0.1,1.28904694167852,0.265206809588358,0.554219396113156,0.999999999911466,0.927566440772491,"339896",1,FALSE
"R-HSA-9020956","Interleukin-27 signaling","1/703","10/9062",0.1,1.28904694167852,0.265206809588358,0.554219396113156,0.999999999911466,0.927566440772491,"9244",1,FALSE
"R-HSA-9702518","STAT5 activation downstream of FLT3 ITD mutants","1/703","10/9062",0.1,1.28904694167852,0.265206809588358,0.554219396113156,0.999999999911466,0.927566440772491,"1026",1,FALSE
"R-HSA-9706019","RHOBTB3 ATPase cycle","1/703","10/9062",0.1,1.28904694167852,0.265206809588358,0.554219396113156,0.999999999911466,0.927566440772491,"51209",1,FALSE
"R-HSA-9755088","Ribavirin ADME","1/703","10/9062",0.1,1.28904694167852,0.265206809588358,0.554219396113156,0.999999999911466,0.927566440772491,"64078",1,FALSE
"R-HSA-977347","Serine metabolism","1/703","10/9062",0.1,1.28904694167852,0.265206809588358,0.554219396113156,0.999999999911466,0.927566440772491,"10993",1,FALSE
"R-HSA-9845614","Sphingolipid catabolism","1/703","10/9062",0.1,1.28904694167852,0.265206809588358,0.554219396113156,0.999999999911466,0.927566440772491,"8612",1,FALSE
"R-HSA-2428928","IRS-related events triggered by IGF1R","3/703","37/9062",0.0810810810810811,1.04517319595556,0.0798448003638786,0.555760055736398,0.999999999911466,0.927566440772491,"2246/8817/3479",3,FALSE
"R-HSA-114508","Effects of PIP2 hydrolysis","2/703","24/9062",0.0833333333333333,1.0742057847321,0.105559124510482,0.565697159894476,0.999999999911466,0.927566440772491,"1607/9162",2,FALSE
"R-HSA-1368108","BMAL1:CLOCK,NPAS2 activates circadian expression","2/703","24/9062",0.0833333333333333,1.0742057847321,0.105559124510482,0.565697159894476,0.999999999911466,0.927566440772491,"5054/56938",2,FALSE
"R-HSA-1482788","Acyl chain remodelling of PC","2/703","24/9062",0.0833333333333333,1.0742057847321,0.105559124510482,0.565697159894476,0.999999999911466,0.927566440772491,"5320/26279",2,FALSE
"R-HSA-1839126","FGFR2 mutant receptor activation","2/703","24/9062",0.0833333333333333,1.0742057847321,0.105559124510482,0.565697159894476,0.999999999911466,0.927566440772491,"2246/8817",2,FALSE
"R-HSA-2024096","HS-GAG degradation","2/703","24/9062",0.0833333333333333,1.0742057847321,0.105559124510482,0.565697159894476,0.999999999911466,0.927566440772491,"60495/112937",2,FALSE
"R-HSA-399719","Trafficking of AMPA receptors","2/703","24/9062",0.0833333333333333,1.0742057847321,0.105559124510482,0.565697159894476,0.999999999911466,0.927566440772491,"80852/2892",2,FALSE
"R-HSA-399721","Glutamate binding, activation of AMPA receptors and synaptic plasticity","2/703","24/9062",0.0833333333333333,1.0742057847321,0.105559124510482,0.565697159894476,0.999999999911466,0.927566440772491,"80852/2892",2,FALSE
"R-HSA-5654733","Negative regulation of FGFR4 signaling","2/703","24/9062",0.0833333333333333,1.0742057847321,0.105559124510482,0.565697159894476,0.999999999911466,0.927566440772491,"2246/8817",2,FALSE
"R-HSA-2428924","IGF1R signaling cascade","3/703","38/9062",0.0789473684210526,1.01766863816725,0.0316507420936376,0.574216733873575,0.999999999911466,0.927566440772491,"2246/8817/3479",3,FALSE
"R-HSA-437239","Recycling pathway of L1","3/703","38/9062",0.0789473684210526,1.01766863816725,0.0316507420936376,0.574216733873575,0.999999999911466,0.927566440772491,"347733/1759/10381",3,FALSE
"R-HSA-5625740","RHO GTPases activate PKNs","4/703","52/9062",0.0769230769230769,0.991574570521939,-0.0176693221633231,0.58181152023979,0.999999999911466,0.927566440772491,"4660/128312/388/4629",4,FALSE
"R-HSA-1482839","Acyl chain remodelling of PE","2/703","25/9062",0.08,1.03123755334282,0.0453548190972173,0.5882751678184,0.999999999911466,0.927566440772491,"5320/26279",2,FALSE
"R-HSA-389957","Prefoldin mediated transfer of substrate  to CCT/TriC","2/703","25/9062",0.08,1.03123755334282,0.0453548190972173,0.5882751678184,0.999999999911466,0.927566440772491,"347733/10381",2,FALSE
"R-HSA-400685","Sema4D in semaphorin signaling","2/703","25/9062",0.08,1.03123755334282,0.0453548190972173,0.5882751678184,0.999999999911466,0.927566440772491,"388/4629",2,FALSE
"R-HSA-442742","CREB1 phosphorylation through NMDA receptor-mediated activation of RAS signaling","2/703","25/9062",0.08,1.03123755334282,0.0453548190972173,0.5882751678184,0.999999999911466,0.927566440772491,"5924/1740",2,FALSE
"R-HSA-5357786","TNFR1-induced proapoptotic signaling","2/703","25/9062",0.08,1.03123755334282,0.0453548190972173,0.5882751678184,0.999999999911466,0.927566440772491,"7128/9099",2,FALSE
"R-HSA-5626467","RHO GTPases activate IQGAPs","2/703","25/9062",0.08,1.03123755334282,0.0453548190972173,0.5882751678184,0.999999999911466,0.927566440772491,"347733/10381",2,FALSE
"R-HSA-5654727","Negative regulation of FGFR2 signaling","2/703","25/9062",0.08,1.03123755334282,0.0453548190972173,0.5882751678184,0.999999999911466,0.927566440772491,"2246/8817",2,FALSE
"R-HSA-5674400","Constitutive Signaling by AKT1 E17K in Cancer","2/703","25/9062",0.08,1.03123755334282,0.0453548190972173,0.5882751678184,0.999999999911466,0.927566440772491,"1026/3164",2,FALSE
"R-HSA-1236977","Endosomal/Vacuolar pathway","1/703","11/9062",0.0909090909090909,1.17186085607138,0.165391656135935,0.588839785478208,0.999999999911466,0.927566440772491,"1515",1,FALSE
"R-HSA-140342","Apoptosis induced DNA fragmentation","1/703","11/9062",0.0909090909090909,1.17186085607138,0.165391656135935,0.588839785478208,0.999999999911466,0.927566440772491,"3007",1,FALSE
"R-HSA-1660517","Synthesis of PIPs at the late endosome membrane","1/703","11/9062",0.0909090909090909,1.17186085607138,0.165391656135935,0.588839785478208,0.999999999911466,0.927566440772491,"9108",1,FALSE
"R-HSA-193692","Regulated proteolysis of p75NTR","1/703","11/9062",0.0909090909090909,1.17186085607138,0.165391656135935,0.588839785478208,0.999999999911466,0.927566440772491,"4804",1,FALSE
"R-HSA-196025","Formation of annular gap junctions","1/703","11/9062",0.0909090909090909,1.17186085607138,0.165391656135935,0.588839785478208,0.999999999911466,0.927566440772491,"1759",1,FALSE
"R-HSA-390247","Beta-oxidation of very long chain fatty acids","1/703","11/9062",0.0909090909090909,1.17186085607138,0.165391656135935,0.588839785478208,0.999999999911466,0.927566440772491,"11001",1,FALSE
"R-HSA-418038","Nucleotide-like (purinergic) receptors","1/703","11/9062",0.0909090909090909,1.17186085607138,0.165391656135935,0.588839785478208,0.999999999911466,0.927566440772491,"27334",1,FALSE
"R-HSA-5576886","Phase 4 - resting membrane potential","1/703","11/9062",0.0909090909090909,1.17186085607138,0.165391656135935,0.588839785478208,0.999999999911466,0.927566440772491,"3776",1,FALSE
"R-HSA-5625970","RHO GTPases activate KTN1","1/703","11/9062",0.0909090909090909,1.17186085607138,0.165391656135935,0.588839785478208,0.999999999911466,0.927566440772491,"3798",1,FALSE
"R-HSA-9020558","Interleukin-2 signaling","1/703","11/9062",0.0909090909090909,1.17186085607138,0.165391656135935,0.588839785478208,0.999999999911466,0.927566440772491,"3559",1,FALSE
"R-HSA-9700645","ALK mutants bind TKIs","1/703","11/9062",0.0909090909090909,1.17186085607138,0.165391656135935,0.588839785478208,0.999999999911466,0.927566440772491,"2335",1,FALSE
"R-HSA-9762292","Regulation of CDH11 function","1/703","11/9062",0.0909090909090909,1.17186085607138,0.165391656135935,0.588839785478208,0.999999999911466,0.927566440772491,"51129",1,FALSE
"R-HSA-9796292","Formation of axial mesoderm","1/703","11/9062",0.0909090909090909,1.17186085607138,0.165391656135935,0.588839785478208,0.999999999911466,0.927566440772491,"51176",1,FALSE
"R-HSA-9818030","NFE2L2 regulating tumorigenic genes","1/703","11/9062",0.0909090909090909,1.17186085607138,0.165391656135935,0.588839785478208,0.999999999911466,0.927566440772491,"374",1,FALSE
"R-HSA-9839383","TGFBR3 PTM regulation","1/703","11/9062",0.0909090909090909,1.17186085607138,0.165391656135935,0.588839785478208,0.999999999911466,0.927566440772491,"4325",1,FALSE
"R-HSA-9842663","Signaling by LTK","1/703","11/9062",0.0909090909090909,1.17186085607138,0.165391656135935,0.588839785478208,0.999999999911466,0.927566440772491,"389658",1,FALSE
"R-HSA-170834","Signaling by TGF-beta Receptor Complex","7/703","93/9062",0.0752688172043011,0.970250386209639,-0.0836256216962155,0.589743240006405,0.999999999911466,0.927566440772491,"4052/3696/1278/5054/4053/7043/2200",7,FALSE
"R-HSA-9707564","Cytoprotection by HMOX1","4/703","53/9062",0.0754716981132075,0.972865616361148,-0.0574523989301119,0.597162565261389,0.999999999911466,0.927566440772491,"114548/3043/3040/3039",4,FALSE
"R-HSA-1614635","Sulfur amino acid metabolism","2/703","26/9062",0.0769230769230769,0.991574570521939,-0.0124761094424677,0.609969576228942,0.999999999911466,0.927566440772491,"2326/339896",2,FALSE
"R-HSA-201451","Signaling by BMP","2/703","26/9062",0.0769230769230769,0.991574570521939,-0.0124761094424677,0.609969576228942,0.999999999911466,0.927566440772491,"64388/11167",2,FALSE
"R-HSA-389958","Cooperation of Prefoldin and TriC/CCT  in actin and tubulin folding","2/703","26/9062",0.0769230769230769,0.991574570521939,-0.0124761094424677,0.609969576228942,0.999999999911466,0.927566440772491,"347733/10381",2,FALSE
"R-HSA-397795","G-protein beta:gamma signalling","2/703","26/9062",0.0769230769230769,0.991574570521939,-0.0124761094424677,0.609969576228942,0.999999999911466,0.927566440772491,"2786/2784",2,FALSE
"R-HSA-9855142","Cellular responses to mechanical stimuli","7/703","95/9062",0.0736842105263158,0.949824062289436,-0.142568073269774,0.612605559106749,0.999999999911466,0.927566440772491,"2786/2335/111/6696/108/2784/59341",7,FALSE
"R-HSA-170968","Frs2-mediated activation","1/703","12/9062",0.0833333333333333,1.0742057847321,0.0745920702167664,0.620775000460952,0.999999999911466,0.927566440772491,"4914",1,FALSE
"R-HSA-190873","Gap junction degradation","1/703","12/9062",0.0833333333333333,1.0742057847321,0.0745920702167664,0.620775000460952,0.999999999911466,0.927566440772491,"1759",1,FALSE
"R-HSA-200425","Carnitine shuttle","1/703","12/9062",0.0833333333333333,1.0742057847321,0.0745920702167664,0.620775000460952,0.999999999911466,0.927566440772491,"5563",1,FALSE
"R-HSA-2160916","Hyaluronan uptake and degradation","1/703","12/9062",0.0833333333333333,1.0742057847321,0.0745920702167664,0.620775000460952,0.999999999911466,0.927566440772491,"55576",1,FALSE
"R-HSA-3296469","Defects in cobalamin (B12) metabolism","1/703","12/9062",0.0833333333333333,1.0742057847321,0.0745920702167664,0.620775000460952,0.999999999911466,0.927566440772491,"8029",1,FALSE
"R-HSA-4641265","Repression of WNT target genes","1/703","12/9062",0.0833333333333333,1.0742057847321,0.0745920702167664,0.620775000460952,0.999999999911466,0.927566440772491,"51176",1,FALSE
"R-HSA-71240","Tryptophan catabolism","1/703","12/9062",0.0833333333333333,1.0742057847321,0.0745920702167664,0.620775000460952,0.999999999911466,0.927566440772491,"6999",1,FALSE
"R-HSA-9018677","Biosynthesis of DHA-derived SPMs","1/703","12/9062",0.0833333333333333,1.0742057847321,0.0745920702167664,0.620775000460952,0.999999999911466,0.927566440772491,"246",1,FALSE
"R-HSA-9820865","Z-decay: degradation of maternal mRNAs by zygotically expressed factors","1/703","12/9062",0.0833333333333333,1.0742057847321,0.0745920702167664,0.620775000460952,0.999999999911466,0.927566440772491,"1973",1,FALSE
"R-HSA-9823730","Formation of definitive endoderm","1/703","12/9062",0.0833333333333333,1.0742057847321,0.0745920702167664,0.620775000460952,0.999999999911466,0.927566440772491,"83881",1,FALSE
"R-HSA-9662851","Anti-inflammatory response favouring Leishmania parasite infection","5/703","69/9062",0.072463768115942,0.934091986723566,-0.159367233722685,0.628791566758913,0.999999999911466,0.927566440772491,"2786/111/108/2784/1800",5,FALSE
"R-HSA-9664433","Leishmania parasite growth and survival","5/703","69/9062",0.072463768115942,0.934091986723566,-0.159367233722685,0.628791566758913,0.999999999911466,0.927566440772491,"2786/111/108/2784/1800",5,FALSE
"R-HSA-1483191","Synthesis of PC","2/703","27/9062",0.0740740740740741,0.954849586428534,-0.0681346613166732,0.630781418843589,0.999999999911466,0.927566440772491,"204962/590",2,FALSE
"R-HSA-392518","Signal amplification","2/703","27/9062",0.0740740740740741,0.954849586428534,-0.0681346613166732,0.630781418843589,0.999999999911466,0.927566440772491,"2786/2784",2,FALSE
"R-HSA-4085001","Sialic acid metabolism","2/703","27/9062",0.0740740740740741,0.954849586428534,-0.0681346613166732,0.630781418843589,0.999999999911466,0.927566440772491,"84620/55808",2,FALSE
"R-HSA-8856828","Clathrin-mediated endocytosis","10/703","138/9062",0.072463768115942,0.934091986723566,-0.226248937311493,0.636096552151766,0.999999999911466,0.927566440772491,"6869/7474/7018/255324/2069/374/8871/273/1759/90019",10,FALSE
"R-HSA-2132295","MHC class II antigen presentation","8/703","111/9062",0.0720720720720721,0.929042840849384,-0.218127537051254,0.6381708265606,0.999999999911466,0.927566440772491,"1513/347733/3112/1515/1759/6712/3798/10381",8,FALSE
"R-HSA-9658195","Leishmania infection","11/703","152/9062",0.0723684210526316,0.932862918319982,-0.242066096228232,0.640083989607034,0.999999999911466,0.927566440772491,"2786/114548/8324/7474/111/108/644150/953/2784/1511/1800",11,FALSE
"R-HSA-9824443","Parasitic Infection Pathways","11/703","152/9062",0.0723684210526316,0.932862918319982,-0.242066096228232,0.640083989607034,0.999999999911466,0.927566440772491,"2786/114548/8324/7474/111/108/644150/953/2784/1511/1800",11,FALSE
"R-HSA-76002","Platelet activation, signaling and aggregation","17/703","233/9062",0.0729613733905579,0.940506352297633,-0.266797259712556,0.641363374609822,0.999999999911466,0.927566440772491,"2786/388/151/2335/7018/5099/2151/6678/1607/1278/5054/9162/2784/3479/7043/12/1277",17,FALSE
"R-HSA-1187000","Fertilization","1/703","13/9062",0.0769230769230769,0.991574570521939,-0.00881560241067204,0.650233030811886,0.999999999911466,0.927566440772491,"257062",1,FALSE
"R-HSA-1358803","Downregulation of ERBB2:ERBB3 signaling","1/703","13/9062",0.0769230769230769,0.991574570521939,-0.00881560241067204,0.650233030811886,0.999999999911466,0.927566440772491,"9542",1,FALSE
"R-HSA-1855183","Synthesis of IP2, IP, and Ins in the cytosol","1/703","13/9062",0.0769230769230769,0.991574570521939,-0.00881560241067204,0.650233030811886,0.999999999911466,0.927566440772491,"9108",1,FALSE
"R-HSA-2046104","alpha-linolenic (omega3) and linoleic (omega6) acid metabolism","1/703","13/9062",0.0769230769230769,0.991574570521939,-0.00881560241067204,0.650233030811886,0.999999999911466,0.927566440772491,"54898",1,FALSE
"R-HSA-2046106","alpha-linolenic acid (ALA) metabolism","1/703","13/9062",0.0769230769230769,0.991574570521939,-0.00881560241067204,0.650233030811886,0.999999999911466,0.927566440772491,"54898",1,FALSE
"R-HSA-209543","p75NTR recruits signalling complexes","1/703","13/9062",0.0769230769230769,0.991574570521939,-0.00881560241067204,0.650233030811886,0.999999999911466,0.927566440772491,"4804",1,FALSE
"R-HSA-209560","NF-kB is activated and signals survival","1/703","13/9062",0.0769230769230769,0.991574570521939,-0.00881560241067204,0.650233030811886,0.999999999911466,0.927566440772491,"4804",1,FALSE
"R-HSA-2453902","The canonical retinoid cycle in rods (twilight vision)","1/703","13/9062",0.0769230769230769,0.991574570521939,-0.00881560241067204,0.650233030811886,0.999999999911466,0.927566440772491,"64220",1,FALSE
"R-HSA-2559584","Formation of Senescence-Associated Heterochromatin Foci (SAHF)","1/703","13/9062",0.0769230769230769,0.991574570521939,-0.00881560241067204,0.650233030811886,0.999999999911466,0.927566440772491,"3007",1,FALSE
"R-HSA-3134975","Regulation of innate immune responses to cytosolic DNA","1/703","13/9062",0.0769230769230769,0.991574570521939,-0.00881560241067204,0.650233030811886,0.999999999911466,0.927566440772491,"81030",1,FALSE
"R-HSA-3322077","Glycogen synthesis","1/703","13/9062",0.0769230769230769,0.991574570521939,-0.00881560241067204,0.650233030811886,0.999999999911466,0.927566440772491,"8908",1,FALSE
"R-HSA-5210891","Uptake and function of anthrax toxins","1/703","13/9062",0.0769230769230769,0.991574570521939,-0.00881560241067204,0.650233030811886,0.999999999911466,0.927566440772491,"84168",1,FALSE
"R-HSA-5654688","SHC-mediated cascade:FGFR1","1/703","13/9062",0.0769230769230769,0.991574570521939,-0.00881560241067204,0.650233030811886,0.999999999911466,0.927566440772491,"2246",1,FALSE
"R-HSA-5654689","PI-3K cascade:FGFR1","1/703","13/9062",0.0769230769230769,0.991574570521939,-0.00881560241067204,0.650233030811886,0.999999999911466,0.927566440772491,"2246",1,FALSE
"R-HSA-74217","Purine salvage","1/703","13/9062",0.0769230769230769,0.991574570521939,-0.00881560241067204,0.650233030811886,0.999999999911466,0.927566440772491,"270",1,FALSE
"R-HSA-8963898","Plasma lipoprotein assembly","1/703","13/9062",0.0769230769230769,0.991574570521939,-0.00881560241067204,0.650233030811886,0.999999999911466,0.927566440772491,"4547",1,FALSE
"R-HSA-9022699","MECP2 regulates neuronal receptors and channels","1/703","13/9062",0.0769230769230769,0.991574570521939,-0.00881560241067204,0.650233030811886,0.999999999911466,0.927566440772491,"2903",1,FALSE
"R-HSA-975577","N-Glycan antennae elongation","1/703","13/9062",0.0769230769230769,0.991574570521939,-0.00881560241067204,0.650233030811886,0.999999999911466,0.927566440772491,"25834",1,FALSE
"R-HSA-499943","Interconversion of nucleotide di- and triphosphates","2/703","28/9062",0.0714285714285714,0.920747815484657,-0.121797613731316,0.65071688009029,0.999999999911466,0.927566440772491,"205/158067",2,FALSE
"R-HSA-9759475","Regulation of CDH11 Expression and Function","2/703","28/9062",0.0714285714285714,0.920747815484657,-0.121797613731316,0.65071688009029,0.999999999911466,0.927566440772491,"27319/51129",2,FALSE
"R-HSA-8957322","Metabolism of steroids","9/703","126/9062",0.0714285714285714,0.920747815484657,-0.259784658034511,0.651167804424426,0.999999999911466,0.927566440772491,"6716/2172/9420/570/8029/9023/11001/80765/1591",9,FALSE
"R-HSA-983231","Factors involved in megakaryocyte development and platelet production","9/703","126/9062",0.0714285714285714,0.920747815484657,-0.259784658034511,0.651167804424426,0.999999999911466,0.927566440772491,"55083/347733/221458/23414/3043/7465/3798/10381/124602",9,FALSE
"R-HSA-5632684","Hedgehog 'on' state","5/703","71/9062",0.0704225352112676,0.907779536393325,-0.226225231746198,0.654123869423578,0.999999999911466,0.927566440772491,"2736/91653/6608/2735/374654",5,FALSE
"R-HSA-8856825","Cargo recognition for clathrin-mediated endocytosis","7/703","99/9062",0.0707070707070707,0.911447332499964,-0.256910061027504,0.656191183380903,0.999999999911466,0.927566440772491,"6869/7474/7018/255324/2069/374/90019",7,FALSE
"R-HSA-5654736","Signaling by FGFR1","3/703","43/9062",0.0697674418604651,0.899335075589666,-0.191876492594548,0.65901015222587,0.999999999911466,0.927566440772491,"2246/8817/23768",3,FALSE
"R-HSA-382556","ABC-family proteins mediated transport","6/703","86/9062",0.0697674418604651,0.899335075589666,-0.27200353017251,0.665950705712439,0.999999999911466,0.927566440772491,"26154/5244/5243/64137/10060/91319",6,FALSE
"R-HSA-9860931","Response of endothelial cells to shear stress","6/703","86/9062",0.0697674418604651,0.899335075589666,-0.27200353017251,0.665950705712439,0.999999999911466,0.927566440772491,"2786/2335/111/108/2784/59341",6,FALSE
"R-HSA-202733","Cell surface interactions at the vascular wall","8/703","114/9062",0.0701754385964912,0.904594345037558,-0.297270709986675,0.667952663020318,0.999999999911466,0.927566440772491,"6401/2335/3512/1278/4312/482/1277/29802",8,FALSE
"R-HSA-193648","NRAGE signals death through JNK","4/703","58/9062",0.0689655172413793,0.888997890812773,-0.245932570879884,0.668642168382324,0.999999999911466,0.927566440772491,"25791/5924/10276/4804",4,FALSE
"R-HSA-139853","Elevation of cytosolic Ca2+ levels","1/703","14/9062",0.0714285714285714,0.920747815484657,-0.0860572628971231,0.677405776898663,0.999999999911466,0.927566440772491,"5026",1,FALSE
"R-HSA-169893","Prolonged ERK activation events","1/703","14/9062",0.0714285714285714,0.920747815484657,-0.0860572628971231,0.677405776898663,0.999999999911466,0.927566440772491,"4914",1,FALSE
"R-HSA-198323","AKT phosphorylates targets in the cytosol","1/703","14/9062",0.0714285714285714,0.920747815484657,-0.0860572628971231,0.677405776898663,0.999999999911466,0.927566440772491,"1026",1,FALSE
"R-HSA-2162123","Synthesis of Prostaglandins (PG) and Thromboxanes (TX)","1/703","14/9062",0.0714285714285714,0.920747815484657,-0.0860572628971231,0.677405776898663,0.999999999911466,0.927566440772491,"5730",1,FALSE
"R-HSA-3229121","Glycogen storage diseases","1/703","14/9062",0.0714285714285714,0.920747815484657,-0.0860572628971231,0.677405776898663,0.999999999911466,0.927566440772491,"8908",1,FALSE
"R-HSA-354194","GRB2:SOS provides linkage to MAPK signaling for Integrins","1/703","14/9062",0.0714285714285714,0.920747815484657,-0.0860572628971231,0.677405776898663,0.999999999911466,0.927566440772491,"2335",1,FALSE
"R-HSA-372708","p130Cas linkage to MAPK signaling for integrins","1/703","14/9062",0.0714285714285714,0.920747815484657,-0.0860572628971231,0.677405776898663,0.999999999911466,0.927566440772491,"2335",1,FALSE
"R-HSA-391903","Eicosanoid ligand-binding receptors","1/703","14/9062",0.0714285714285714,0.920747815484657,-0.0860572628971231,0.677405776898663,0.999999999911466,0.927566440772491,"5731",1,FALSE
"R-HSA-399955","SEMA3A-Plexin repulsion signaling by inhibiting Integrin adhesion","1/703","14/9062",0.0714285714285714,0.920747815484657,-0.0860572628971231,0.677405776898663,0.999999999911466,0.927566440772491,"91584",1,FALSE
"R-HSA-418885","DCC mediated attractive signaling","1/703","14/9062",0.0714285714285714,0.920747815484657,-0.0860572628971231,0.677405776898663,0.999999999911466,0.927566440772491,"9423",1,FALSE
"R-HSA-5099900","WNT5A-dependent internalization of FZD4","1/703","14/9062",0.0714285714285714,0.920747815484657,-0.0860572628971231,0.677405776898663,0.999999999911466,0.927566440772491,"7474",1,FALSE
"R-HSA-9018678","Biosynthesis of specialized proresolving mediators (SPMs)","1/703","14/9062",0.0714285714285714,0.920747815484657,-0.0860572628971231,0.677405776898663,0.999999999911466,0.927566440772491,"246",1,FALSE
"R-HSA-174824","Plasma lipoprotein assembly, remodeling, and clearance","4/703","59/9062",0.0677966101694915,0.873930129951539,-0.281729452327176,0.68184208138621,0.999999999911466,0.927566440772491,"4547/8029/3990/51129",4,FALSE
"R-HSA-5358351","Signaling by Hedgehog","9/703","130/9062",0.0692307692307692,0.892417113469745,-0.358285371470516,0.68768526686614,0.999999999911466,0.927566440772491,"2736/91653/111/108/347733/6608/2735/374654/10381",9,FALSE
"R-HSA-6811434","COPI-dependent Golgi-to-ER retrograde traffic","6/703","88/9062",0.0681818181818182,0.878895642053537,-0.331052323325102,0.687712315839192,0.999999999911466,0.927566440772491,"55083/347733/221458/3798/10381/124602",6,FALSE
"R-HSA-114452","Activation of BH3-only proteins","2/703","30/9062",0.0666666666666667,0.85936462778568,-0.22374420453284,0.688004423512003,0.999999999911466,0.927566440772491,"7161/8626",2,FALSE
"R-HSA-9759476","Regulation of Homotypic Cell-Cell Adhesion","2/703","30/9062",0.0666666666666667,0.85936462778568,-0.22374420453284,0.688004423512003,0.999999999911466,0.927566440772491,"27319/51129",2,FALSE
"R-HSA-9764260","Regulation of Expression and Function of Type II Classical Cadherins","2/703","30/9062",0.0666666666666667,0.85936462778568,-0.22374420453284,0.688004423512003,0.999999999911466,0.927566440772491,"27319/51129",2,FALSE
"R-HSA-114608","Platelet degranulation","8/703","117/9062",0.0683760683760684,0.881399618241724,-0.374435839066721,0.69621383626545,0.999999999911466,0.927566440772491,"2335/7018/5099/6678/5054/3479/7043/12",8,FALSE
"R-HSA-5654693","FRS-mediated FGFR1 signaling","1/703","15/9062",0.0666666666666667,0.85936462778568,-0.158079832263402,0.702470292685604,0.999999999911466,0.927566440772491,"2246",1,FALSE
"R-HSA-9648895","Response of EIF2AK1 (HRI) to heme deficiency","1/703","15/9062",0.0666666666666667,0.85936462778568,-0.158079832263402,0.702470292685604,0.999999999911466,0.927566440772491,"467",1,FALSE
"R-HSA-9707616","Heme signaling","3/703","46/9062",0.0652173913043478,0.840682788051209,-0.314139991079431,0.703694819194861,0.999999999911466,0.927566440772491,"3043/3040/3039",3,FALSE
"R-HSA-109704","PI3K Cascade","2/703","31/9062",0.0645161290322581,0.831643188179691,-0.27229030837444,0.705387855835374,0.999999999911466,0.927566440772491,"2246/8817",2,FALSE
"R-HSA-69273","Cyclin A/B1/B2 associated events during G2/M transition","2/703","31/9062",0.0645161290322581,0.831643188179691,-0.27229030837444,0.705387855835374,0.999999999911466,0.927566440772491,"7465/8900",2,FALSE
"R-HSA-8878171","Transcriptional regulation by RUNX1","12/703","175/9062",0.0685714285714286,0.883917902865271,-0.44967137758845,0.714483326547899,0.999999999911466,0.927566440772491,"8784/7161/1513/128312/1493/640/5079/1515/8013/3559/5275/50943",12,FALSE
"R-HSA-389356","Co-stimulation by CD28","3/703","47/9062",0.0638297872340425,0.822795920220332,-0.353206221660976,0.717558250346744,0.999999999911466,0.927566440772491,"940/1493/5063",3,FALSE
"R-HSA-447115","Interleukin-12 family signaling","3/703","47/9062",0.0638297872340425,0.822795920220332,-0.353206221660976,0.717558250346744,0.999999999911466,0.927566440772491,"2939/5055/9244",3,FALSE
"R-HSA-5620920","Cargo trafficking to the periciliary membrane","3/703","47/9062",0.0638297872340425,0.822795920220332,-0.353206221660976,0.717558250346744,0.999999999911466,0.927566440772491,"6608/1262/2847",3,FALSE
"R-HSA-9616222","Transcriptional regulation of granulopoiesis","3/703","47/9062",0.0638297872340425,0.822795920220332,-0.353206221660976,0.717558250346744,0.999999999911466,0.927566440772491,"128312/51176/1026",3,FALSE
"R-HSA-5619084","ABC transporter disorders","4/703","62/9062",0.0645161290322581,0.831643188179691,-0.385739264467854,0.719204299167019,0.999999999911466,0.927566440772491,"26154/5244/10060/91319",4,FALSE
"R-HSA-156590","Glutathione conjugation","2/703","32/9062",0.0625,0.805654338549075,-0.319370302051087,0.721956429743261,0.999999999911466,0.927566440772491,"2939/2938",2,FALSE
"R-HSA-5694530","Cargo concentration in the ER","2/703","32/9062",0.0625,0.805654338549075,-0.319370302051087,0.721956429743261,0.999999999911466,0.927566440772491,"1294/374",2,FALSE
"R-HSA-6814122","Cooperation of PDCL (PhLP1) and TRiC/CCT in G-protein beta folding","2/703","32/9062",0.0625,0.805654338549075,-0.319370302051087,0.721956429743261,0.999999999911466,0.927566440772491,"2786/2784",2,FALSE
"R-HSA-156711","Polo-like kinase mediated events","1/703","16/9062",0.0625,0.805654338549075,-0.225629101865673,0.725589932814046,0.999999999911466,0.927566440772491,"7465",1,FALSE
"R-HSA-193639","p75NTR signals via NF-kB","1/703","16/9062",0.0625,0.805654338549075,-0.225629101865673,0.725589932814046,0.999999999911466,0.927566440772491,"4804",1,FALSE
"R-HSA-196741","Cobalamin (Cbl, vitamin B12) transport and metabolism","1/703","16/9062",0.0625,0.805654338549075,-0.225629101865673,0.725589932814046,0.999999999911466,0.927566440772491,"8029",1,FALSE
"R-HSA-205043","NRIF signals cell death from the nucleus","1/703","16/9062",0.0625,0.805654338549075,-0.225629101865673,0.725589932814046,0.999999999911466,0.927566440772491,"4804",1,FALSE
"R-HSA-844456","The NLRP3 inflammasome","1/703","16/9062",0.0625,0.805654338549075,-0.225629101865673,0.725589932814046,0.999999999911466,0.927566440772491,"114548",1,FALSE
"R-HSA-881907","Gastrin-CREB signalling pathway via PKC and MAPK","1/703","16/9062",0.0625,0.805654338549075,-0.225629101865673,0.725589932814046,0.999999999911466,0.927566440772491,"4314",1,FALSE
"R-HSA-9703648","Signaling by FLT3 ITD and TKD mutants","1/703","16/9062",0.0625,0.805654338549075,-0.225629101865673,0.725589932814046,0.999999999911466,0.927566440772491,"1026",1,FALSE
"R-HSA-9856532","Mechanical load activates signaling by PIEZO1 and integrins in osteocytes","1/703","16/9062",0.0625,0.805654338549075,-0.225629101865673,0.725589932814046,0.999999999911466,0.927566440772491,"6696",1,FALSE
"R-HSA-1793185","Chondroitin sulfate/dermatan sulfate metabolism","3/703","48/9062",0.0625,0.805654338549075,-0.391494131941599,0.73091351801498,0.999999999911466,0.927566440772491,"337876/27087/83539",3,FALSE
"R-HSA-76005","Response to elevated platelet cytosolic Ca2+","8/703","121/9062",0.0661157024793388,0.852262440779187,-0.474437624307569,0.731431420124794,0.999999999911466,0.927566440772491,"2335/7018/5099/6678/5054/3479/7043/12",8,FALSE
"R-HSA-1483166","Synthesis of PA","2/703","33/9062",0.0606060606060606,0.781240570714255,-0.365083739428663,0.737731762385427,0.999999999911466,0.927566440772491,"5320/26279",2,FALSE
"R-HSA-5357956","TNFR1-induced NF-kappa-B signaling pathway","2/703","33/9062",0.0606060606060606,0.781240570714255,-0.365083739428663,0.737731762385427,0.999999999911466,0.927566440772491,"7128/9099",2,FALSE
"R-HSA-8950505","Gene and protein expression by JAK-STAT signaling after Interleukin-12 stimulation","2/703","33/9062",0.0606060606060606,0.781240570714255,-0.365083739428663,0.737731762385427,0.999999999911466,0.927566440772491,"2939/5055",2,FALSE
"R-HSA-163560","Triglyceride catabolism","1/703","17/9062",0.0588235294117647,0.758262906869718,-0.289302399429318,0.746915411172627,0.999999999911466,0.927566440772491,"2172",1,FALSE
"R-HSA-1810476","RIP-mediated NFkB activation via ZBP1","1/703","17/9062",0.0588235294117647,0.758262906869718,-0.289302399429318,0.746915411172627,0.999999999911466,0.927566440772491,"81030",1,FALSE
"R-HSA-450513","Tristetraprolin (TTP, ZFP36) binds and destabilizes mRNA","1/703","17/9062",0.0588235294117647,0.758262906869718,-0.289302399429318,0.746915411172627,0.999999999911466,0.927566440772491,"7538",1,FALSE
"R-HSA-70221","Glycogen breakdown (glycogenolysis)","1/703","17/9062",0.0588235294117647,0.758262906869718,-0.289302399429318,0.746915411172627,0.999999999911466,0.927566440772491,"8908",1,FALSE
"R-HSA-9034015","Signaling by NTRK3 (TRKC)","1/703","17/9062",0.0588235294117647,0.758262906869718,-0.289302399429318,0.746915411172627,0.999999999911466,0.927566440772491,"4908",1,FALSE
"R-HSA-9659787","Aberrant regulation of mitotic G1/S transition in cancer due to RB1 defects","1/703","17/9062",0.0588235294117647,0.758262906869718,-0.289302399429318,0.746915411172627,0.999999999911466,0.927566440772491,"1026",1,FALSE
"R-HSA-9661069","Defective binding of RB1 mutants to E2F1,(E2F2, E2F3)","1/703","17/9062",0.0588235294117647,0.758262906869718,-0.289302399429318,0.746915411172627,0.999999999911466,0.927566440772491,"1026",1,FALSE
"R-HSA-9818027","NFE2L2 regulating anti-oxidant/detoxification enzymes","1/703","17/9062",0.0588235294117647,0.758262906869718,-0.289302399429318,0.746915411172627,0.999999999911466,0.927566440772491,"2938",1,FALSE
"R-HSA-9821993","Replacement of protamines by nucleosomes in the male pronucleus","1/703","17/9062",0.0588235294117647,0.758262906869718,-0.289302399429318,0.746915411172627,0.999999999911466,0.927566440772491,"128312",1,FALSE
"R-HSA-9840309","Glycosphingolipid biosynthesis","1/703","17/9062",0.0588235294117647,0.758262906869718,-0.289302399429318,0.746915411172627,0.999999999911466,0.927566440772491,"2524",1,FALSE
"R-HSA-9933937","Formation of the canonical BAF (cBAF) complex","1/703","17/9062",0.0588235294117647,0.758262906869718,-0.289302399429318,0.746915411172627,0.999999999911466,0.927566440772491,"8110",1,FALSE
"R-HSA-5654741","Signaling by FGFR3","2/703","34/9062",0.0588235294117647,0.758262906869718,-0.409520402942617,0.752737023274128,0.999999999911466,0.927566440772491,"2246/8817",2,FALSE
"R-HSA-5654743","Signaling by FGFR4","2/703","34/9062",0.0588235294117647,0.758262906869718,-0.409520402942617,0.752737023274128,0.999999999911466,0.927566440772491,"2246/8817",2,FALSE
"R-HSA-5655253","Signaling by FGFR2 in disease","2/703","34/9062",0.0588235294117647,0.758262906869718,-0.409520402942617,0.752737023274128,0.999999999911466,0.927566440772491,"2246/8817",2,FALSE
"R-HSA-9646399","Aggrephagy","2/703","34/9062",0.0588235294117647,0.758262906869718,-0.409520402942617,0.752737023274128,0.999999999911466,0.927566440772491,"347733/10381",2,FALSE
"R-HSA-1227986","Signaling by ERBB2","3/703","50/9062",0.06,0.773428165007112,-0.465874455035016,0.756127131247389,0.999999999911466,0.927566440772491,"2069/9542/145957",3,FALSE
"R-HSA-8986944","Transcriptional Regulation by MECP2","3/703","50/9062",0.06,0.773428165007112,-0.465874455035016,0.756127131247389,0.999999999911466,0.927566440772491,"2571/6657/2903",3,FALSE
"R-HSA-211976","Endogenous sterols","1/703","18/9062",0.0555555555555556,0.7161371898214,-0.349585200462913,0.766585777778006,0.999999999911466,0.927566440772491,"9420",1,FALSE
"R-HSA-446353","Cell-extracellular matrix interactions","1/703","18/9062",0.0555555555555556,0.7161371898214,-0.349585200462913,0.766585777778006,0.999999999911466,0.927566440772491,"2318",1,FALSE
"R-HSA-5620916","VxPx cargo-targeting to cilium","1/703","18/9062",0.0555555555555556,0.7161371898214,-0.349585200462913,0.766585777778006,0.999999999911466,0.927566440772491,"1262",1,FALSE
"R-HSA-6804114","TP53 Regulates Transcription of Genes Involved in G2 Cell Cycle Arrest","1/703","18/9062",0.0555555555555556,0.7161371898214,-0.349585200462913,0.766585777778006,0.999999999911466,0.927566440772491,"1647",1,FALSE
"R-HSA-70263","Gluconeogenesis","1/703","18/9062",0.0555555555555556,0.7161371898214,-0.349585200462913,0.766585777778006,0.999999999911466,0.927566440772491,"387712",1,FALSE
"R-HSA-9753281","Paracetamol ADME","1/703","18/9062",0.0555555555555556,0.7161371898214,-0.349585200462913,0.766585777778006,0.999999999911466,0.927566440772491,"54578",1,FALSE
"R-HSA-112399","IRS-mediated signalling","2/703","35/9062",0.0571428571428571,0.736598252387726,-0.452761529248367,0.766996564137862,0.999999999911466,0.927566440772491,"2246/8817",2,FALSE
"R-HSA-451927","Interleukin-2 family signaling","2/703","35/9062",0.0571428571428571,0.736598252387726,-0.452761529248367,0.766996564137862,0.999999999911466,0.927566440772491,"3568/3559",2,FALSE
"R-HSA-8964043","Plasma lipoprotein clearance","2/703","35/9062",0.0571428571428571,0.736598252387726,-0.452761529248367,0.766996564137862,0.999999999911466,0.927566440772491,"8029/3990",2,FALSE
"R-HSA-5620924","Intraflagellar transport","3/703","51/9062",0.0588235294117647,0.758262906869718,-0.502030905728517,0.768001983607525,0.999999999911466,0.927566440772491,"347733/83657/10381",3,FALSE
"R-HSA-9856649","Transcriptional and post-translational regulation of MITF-M expression and activity","3/703","52/9062",0.0576923076923077,0.743680927891454,-0.537537495682916,0.779401399732081,0.999999999911466,0.927566440772491,"6657/51176/8600",3,FALSE
"R-HSA-2173796","SMAD2/SMAD3:SMAD4 heterotrimer regulates transcription","2/703","36/9062",0.0555555555555556,0.7161371898214,-0.494880850185767,0.780535596723442,0.999999999911466,0.927566440772491,"1278/5054",2,FALSE
"R-HSA-416700","Other semaphorin interactions","1/703","19/9062",0.0526315789473684,0.678445758778169,-0.406877188928418,0.784729320261648,0.999999999911466,0.927566440772491,"91584",1,FALSE
"R-HSA-8851708","Signaling by FGFR2 IIIa TM","1/703","19/9062",0.0526315789473684,0.678445758778169,-0.406877188928418,0.784729320261648,0.999999999911466,0.927566440772491,"2246",1,FALSE
"R-HSA-9013695","NOTCH4 Intracellular Domain Regulates Transcription","1/703","19/9062",0.0526315789473684,0.678445758778169,-0.406877188928418,0.784729320261648,0.999999999911466,0.927566440772491,"59",1,FALSE
"R-HSA-9703465","Signaling by FLT3 fusion proteins","1/703","19/9062",0.0526315789473684,0.678445758778169,-0.406877188928418,0.784729320261648,0.999999999911466,0.927566440772491,"1026",1,FALSE
"R-HSA-449147","Signaling by Interleukins","27/703","396/9062",0.0681818181818182,0.878895642053537,-0.714638792622285,0.788843249525343,0.999999999911466,0.927566440772491,"7412/2335/3568/6657/3576/133396/1026/2939/7291/1278/5803/6363/3559/4312/4314/1511/2353/4313/6367/246/6347/6356/5055/9244/3589/6616/3598",27,FALSE
"R-HSA-425407","SLC-mediated transmembrane transport","11/703","172/9062",0.063953488372093,0.824390485957193,-0.67429501526278,0.789784521876195,0.999999999911466,0.927566440772491,"204962/6508/6529/1356/345274/222962/6542/64078/53919/6528/9843",11,FALSE
"R-HSA-69563","p53-Dependent G1 DNA Damage Response","3/703","53/9062",0.0566037735849057,0.729649212270861,-0.572421379251253,0.790335729800322,0.999999999911466,0.927566440772491,"1026/1029/8900",3,FALSE
"R-HSA-69580","p53-Dependent G1/S DNA damage checkpoint","3/703","53/9062",0.0566037735849057,0.729649212270861,-0.572421379251253,0.790335729800322,0.999999999911466,0.927566440772491,"1026/1029/8900",3,FALSE
"R-HSA-8848021","Signaling by PTK6","3/703","53/9062",0.0566037735849057,0.729649212270861,-0.572421379251253,0.790335729800322,0.999999999911466,0.927566440772491,"2069/9542/145957",3,FALSE
"R-HSA-9006927","Signaling by Non-Receptor Tyrosine Kinases","3/703","53/9062",0.0566037735849057,0.729649212270861,-0.572421379251253,0.790335729800322,0.999999999911466,0.927566440772491,"2069/9542/145957",3,FALSE
"R-HSA-9759194","Nuclear events mediated by NFE2L2","5/703","84/9062",0.0595238095238095,0.767289846237215,-0.621374949309377,0.790668362660521,0.999999999911466,0.927566440772491,"5563/374/2938/1029/6347",5,FALSE
"R-HSA-9824439","Bacterial Infection Pathways","4/703","69/9062",0.0579710144927536,0.747273589378853,-0.61109881708051,0.793537607790569,0.999999999911466,0.927566440772491,"84168/1511/9899/6616",4,FALSE
"R-HSA-9006925","Intracellular signaling by second messengers","19/703","287/9062",0.0662020905923345,0.853376024107731,-0.731999766733993,0.798425679441265,0.999999999911466,0.927566440772491,"5136/940/111/255324/2069/374/108/1958/9542/2246/8817/1026/4908/3164/26960/2100/145957/930/57167",19,FALSE
"R-HSA-5621481","C-type lectin receptors (CLRs)","7/703","115/9062",0.0608695652173913,0.784637268847795,-0.67401461978278,0.798652876894949,0.999999999911466,0.927566440772491,"4585/10071/4588/4586/727897/94025/5063",7,FALSE
"R-HSA-5693565","Recruitment and ATM-mediated phosphorylation of repair and signaling proteins at DNA double strand breaks","3/703","54/9062",0.0555555555555556,0.7161371898214,-0.606708045507101,0.80081594125001,0.999999999911466,0.927566440772491,"128312/2138/2139",3,FALSE
"R-HSA-917937","Iron uptake and transport","3/703","54/9062",0.0555555555555556,0.7161371898214,-0.606708045507101,0.80081594125001,0.999999999911466,0.927566440772491,"7018/1356/9843",3,FALSE
"R-HSA-111471","Apoptotic factor-mediated response","1/703","20/9062",0.05,0.64452347083926,-0.461511197550021,0.801464395773763,0.999999999911466,0.927566440772491,"1029",1,FALSE
"R-HSA-1606322","ZBP1(DAI) mediated induction of type I IFNs","1/703","20/9062",0.05,0.64452347083926,-0.461511197550021,0.801464395773763,0.999999999911466,0.927566440772491,"81030",1,FALSE
"R-HSA-167044","Signalling to RAS","1/703","20/9062",0.05,0.64452347083926,-0.461511197550021,0.801464395773763,0.999999999911466,0.927566440772491,"4914",1,FALSE
"R-HSA-189445","Metabolism of porphyrins","1/703","20/9062",0.05,0.64452347083926,-0.461511197550021,0.801464395773763,0.999999999911466,0.927566440772491,"2938",1,FALSE
"R-HSA-199220","Vitamin B5 (pantothenate) metabolism","1/703","20/9062",0.05,0.64452347083926,-0.461511197550021,0.801464395773763,0.999999999911466,0.927566440772491,"5169",1,FALSE
"R-HSA-2028269","Signaling by Hippo","1/703","20/9062",0.05,0.64452347083926,-0.461511197550021,0.801464395773763,0.999999999911466,0.927566440772491,"9414",1,FALSE
"R-HSA-2514859","Inactivation, recovery and regulation of the phototransduction cascade","1/703","20/9062",0.05,0.64452347083926,-0.461511197550021,0.801464395773763,0.999999999911466,0.927566440772491,"1259",1,FALSE
"R-HSA-3296482","Defects in vitamin and cofactor metabolism","1/703","20/9062",0.05,0.64452347083926,-0.461511197550021,0.801464395773763,0.999999999911466,0.927566440772491,"8029",1,FALSE
"R-HSA-5621575","CD209 (DC-SIGN) signaling","1/703","20/9062",0.05,0.64452347083926,-0.461511197550021,0.801464395773763,0.999999999911466,0.927566440772491,"5063",1,FALSE
"R-HSA-6804115","TP53 regulates transcription of additional cell cycle genes whose exact role in the p53 pathway remain uncertain","1/703","20/9062",0.05,0.64452347083926,-0.461511197550021,0.801464395773763,0.999999999911466,0.927566440772491,"7832",1,FALSE
"R-HSA-9613829","Chaperone Mediated Autophagy","1/703","20/9062",0.05,0.64452347083926,-0.461511197550021,0.801464395773763,0.999999999911466,0.927566440772491,"3043",1,FALSE
"R-HSA-9772573","Late SARS-CoV-2 Infection Events","4/703","70/9062",0.0571428571428571,0.736598252387726,-0.641546423300379,0.802746141460303,0.999999999911466,0.927566440772491,"63982/55107/25834/121601",4,FALSE
"R-HSA-8853884","Transcriptional Regulation by VENTX","2/703","38/9062",0.0526315789473684,0.678445758778169,-0.576016683441414,0.805555645544478,0.999999999911466,0.927566440772491,"51176/1029",2,FALSE
"R-HSA-9664323","FCGR3A-mediated IL10 synthesis","2/703","38/9062",0.0526315789473684,0.678445758778169,-0.576016683441414,0.805555645544478,0.999999999911466,0.927566440772491,"111/108",2,FALSE
"R-HSA-877300","Interferon gamma signaling","5/703","86/9062",0.0581395348837209,0.749445896324721,-0.677014373160233,0.807388285808935,0.999999999911466,0.927566440772491,"163351/7412/51127/4684/23650",5,FALSE
"R-HSA-109606","Intrinsic Pathway for Apoptosis","3/703","55/9062",0.0545454545454545,0.703116513642829,-0.640421450411921,0.810853510895573,0.999999999911466,0.927566440772491,"7161/8626/1029",3,FALSE
"R-HSA-5693606","DNA Double Strand Break Response","3/703","55/9062",0.0545454545454545,0.703116513642829,-0.640421450411921,0.810853510895573,0.999999999911466,0.927566440772491,"128312/2138/2139",3,FALSE
"R-HSA-69615","G1/S DNA Damage Checkpoints","3/703","55/9062",0.0545454545454545,0.703116513642829,-0.640421450411921,0.810853510895573,0.999999999911466,0.927566440772491,"1026/1029/8900",3,FALSE
"R-HSA-8978868","Fatty acid metabolism","9/703","147/9062",0.0612244897959184,0.789212413272564,-0.747190928250549,0.814891024424306,0.999999999911466,0.927566440772491,"5563/54898/6785/5730/2877/11001/23205/1800/246",9,FALSE
"R-HSA-164938","Nef-mediates down modulation of cell surface receptors by recruiting them to clathrin adapters","1/703","21/9062",0.0476190476190476,0.613831876989772,-0.513767229064163,0.81690019866815,0.999999999911466,0.927566440772491,"940",1,FALSE
"R-HSA-171306","Packaging Of Telomere Ends","1/703","21/9062",0.0476190476190476,0.613831876989772,-0.513767229064163,0.81690019866815,0.999999999911466,0.927566440772491,"128312",1,FALSE
"R-HSA-171319","Telomere Extension By Telomerase","1/703","21/9062",0.0476190476190476,0.613831876989772,-0.513767229064163,0.81690019866815,0.999999999911466,0.927566440772491,"8900",1,FALSE
"R-HSA-2514856","The phototransduction cascade","1/703","21/9062",0.0476190476190476,0.613831876989772,-0.513767229064163,0.81690019866815,0.999999999911466,0.927566440772491,"1259",1,FALSE
"R-HSA-389513","Co-inhibition by CTLA4","1/703","21/9062",0.0476190476190476,0.613831876989772,-0.513767229064163,0.81690019866815,0.999999999911466,0.927566440772491,"1493",1,FALSE
"R-HSA-4641263","Regulation of FZD by ubiquitination","1/703","21/9062",0.0476190476190476,0.613831876989772,-0.513767229064163,0.81690019866815,0.999999999911466,0.927566440772491,"59352",1,FALSE
"R-HSA-622312","Inflammasomes","1/703","21/9062",0.0476190476190476,0.613831876989772,-0.513767229064163,0.81690019866815,0.999999999911466,0.927566440772491,"114548",1,FALSE
"R-HSA-5674135","MAP2K and MAPK activation","2/703","39/9062",0.0512820512820513,0.661049713681293,-0.615150519388185,0.817089056519637,0.999999999911466,0.927566440772491,"2335/54756",2,FALSE
"R-HSA-3769402","Deactivation of the beta-catenin transactivating complex","2/703","40/9062",0.05,0.64452347083926,-0.653398420789642,0.828006363749919,0.999999999911466,0.927566440772491,"6657/51176",2,FALSE
"R-HSA-3928662","EPHB-mediated forward signaling","2/703","40/9062",0.05,0.64452347083926,-0.653398420789642,0.828006363749919,0.999999999911466,0.927566440772491,"2047/1949",2,FALSE
"R-HSA-74751","Insulin receptor signalling cascade","2/703","40/9062",0.05,0.64452347083926,-0.653398420789642,0.828006363749919,0.999999999911466,0.927566440772491,"2246/8817",2,FALSE
"R-HSA-9020591","Interleukin-12 signaling","2/703","40/9062",0.05,0.64452347083926,-0.653398420789642,0.828006363749919,0.999999999911466,0.927566440772491,"2939/5055",2,FALSE
"R-HSA-9035034","RHOF GTPase cycle","2/703","40/9062",0.05,0.64452347083926,-0.653398420789642,0.828006363749919,0.999999999911466,0.927566440772491,"26049/80728",2,FALSE
"R-HSA-9696273","RND1 GTPase cycle","2/703","40/9062",0.05,0.64452347083926,-0.653398420789642,0.828006363749919,0.999999999911466,0.927566440772491,"222584/11075",2,FALSE
"R-HSA-5619102","SLC transporter disorders","4/703","73/9062",0.0547945205479452,0.706327091330696,-0.730563868731348,0.82838571660157,0.999999999911466,0.927566440772491,"1356/552/6528/9843",4,FALSE
"R-HSA-8852276","The role of GTSE1 in G2/M progression after G2 checkpoint","3/703","57/9062",0.0526315789473684,0.678445758778169,-0.706217339688455,0.829648594928734,0.999999999911466,0.927566440772491,"347733/1026/10381",3,FALSE
"R-HSA-196071","Metabolism of steroid hormones","1/703","22/9062",0.0454545454545455,0.585930428035691,-0.563883007845366,0.831137468918818,0.999999999911466,0.927566440772491,"6716",1,FALSE
"R-HSA-2029485","Role of phospholipids in phagocytosis","1/703","22/9062",0.0454545454545455,0.585930428035691,-0.563883007845366,0.831137468918818,0.999999999911466,0.927566440772491,"122618",1,FALSE
"R-HSA-2979096","NOTCH2 Activation and Transmission of Signal to the Nucleus","1/703","22/9062",0.0454545454545455,0.585930428035691,-0.563883007845366,0.831137468918818,0.999999999911466,0.927566440772491,"4192",1,FALSE
"R-HSA-73728","RNA Polymerase I Promoter Opening","1/703","22/9062",0.0454545454545455,0.585930428035691,-0.563883007845366,0.831137468918818,0.999999999911466,0.927566440772491,"128312",1,FALSE
"R-HSA-8956321","Nucleotide salvage","1/703","22/9062",0.0454545454545455,0.585930428035691,-0.563883007845366,0.831137468918818,0.999999999911466,0.927566440772491,"270",1,FALSE
"R-HSA-9734009","Defective Intrinsic Pathway for Apoptosis","1/703","22/9062",0.0454545454545455,0.585930428035691,-0.563883007845366,0.831137468918818,0.999999999911466,0.927566440772491,"1029",1,FALSE
"R-HSA-9820841","M-decay: degradation of maternal mRNAs by maternally stored factors","1/703","22/9062",0.0454545454545455,0.585930428035691,-0.563883007845366,0.831137468918818,0.999999999911466,0.927566440772491,"1973",1,FALSE
"R-HSA-5619115","Disorders of transmembrane transporters","8/703","135/9062",0.0592592592592593,0.763879669142827,-0.801560052507447,0.832165910982029,0.999999999911466,0.927566440772491,"26154/1356/5244/10060/552/6528/91319/9843",8,FALSE
"R-HSA-9679191","Potential therapeutics for SARS","5/703","90/9062",0.0555555555555556,0.7161371898214,-0.78482654784574,0.837631262131698,0.999999999911466,0.927566440772491,"477/482/974/973/81030",5,FALSE
"R-HSA-512988","Interleukin-3, Interleukin-5 and GM-CSF signaling","2/703","41/9062",0.0487804878048781,0.628803386184644,-0.69080768106439,0.838333588194231,0.999999999911466,0.927566440772491,"3568/3559",2,FALSE
"R-HSA-9018519","Estrogen-dependent gene expression","6/703","106/9062",0.0566037735849057,0.729649212270861,-0.811917859607109,0.84074314325256,0.999999999911466,0.927566440772491,"128312/9687/6387/2353/2354/7033",6,FALSE
"R-HSA-204998","Cell death signalling via NRAGE, NRIF and NADE","4/703","75/9062",0.0533333333333333,0.687491702228544,-0.788085576671558,0.843894925866215,0.999999999911466,0.927566440772491,"25791/5924/10276/4804",4,FALSE
"R-HSA-5334118","DNA methylation","1/703","23/9062",0.0434782608695652,0.560455192034139,-0.612062038395097,0.844269145838074,0.999999999911466,0.927566440772491,"128312",1,FALSE
"R-HSA-9637690","Response of Mtb to phagocytosis","1/703","23/9062",0.0434782608695652,0.560455192034139,-0.612062038395097,0.844269145838074,0.999999999911466,0.927566440772491,"1511",1,FALSE
"R-HSA-9931510","Phosphorylated BMAL1:CLOCK (ARNTL:CLOCK) activates expression of core clock genes","1/703","23/9062",0.0434782608695652,0.560455192034139,-0.612062038395097,0.844269145838074,0.999999999911466,0.927566440772491,"102724428",1,FALSE
"R-HSA-9934037","Formation of neuronal progenitor and neuronal BAF (npBAF and nBAF)","1/703","23/9062",0.0434782608695652,0.560455192034139,-0.612062038395097,0.844269145838074,0.999999999911466,0.927566440772491,"8110",1,FALSE
"R-HSA-5675221","Negative regulation of MAPK pathway","2/703","42/9062",0.0476190476190476,0.613831876989772,-0.727421884672388,0.848096427132387,0.999999999911466,0.927566440772491,"1844/1847",2,FALSE
"R-HSA-390466","Chaperonin-mediated protein folding","4/703","76/9062",0.0526315789473684,0.678445758778169,-0.816331201591191,0.85119697297621,0.999999999911466,0.927566440772491,"2786/347733/2784/10381",4,FALSE
"R-HSA-3858494","Beta-catenin independent WNT signaling","7/703","124/9062",0.0564516129032258,0.727687789657229,-0.885413924890435,0.856310092977611,0.999999999911466,0.927566440772491,"2786/8324/7474/51176/4920/2784/2775",7,FALSE
"R-HSA-110330","Recognition and association of DNA glycosylase with site containing an affected purine","1/703","24/9062",0.0416666666666667,0.53710289236605,-0.65847984219398,0.856380971313882,0.999999999911466,0.927566440772491,"128312",1,FALSE
"R-HSA-110331","Cleavage of the damaged purine","1/703","24/9062",0.0416666666666667,0.53710289236605,-0.65847984219398,0.856380971313882,0.999999999911466,0.927566440772491,"128312",1,FALSE
"R-HSA-1971475","A tetrasaccharide linker sequence is required for GAG synthesis","1/703","24/9062",0.0416666666666667,0.53710289236605,-0.65847984219398,0.856380971313882,0.999999999911466,0.927566440772491,"27087",1,FALSE
"R-HSA-352230","Amino acid transport across the plasma membrane","1/703","24/9062",0.0416666666666667,0.53710289236605,-0.65847984219398,0.856380971313882,0.999999999911466,0.927566440772491,"6542",1,FALSE
"R-HSA-429947","Deadenylation of mRNA","1/703","24/9062",0.0416666666666667,0.53710289236605,-0.65847984219398,0.856380971313882,0.999999999911466,0.927566440772491,"1973",1,FALSE
"R-HSA-5625886","Activated PKN1 stimulates transcription of AR (androgen receptor) regulated genes KLK2 and KLK3","1/703","24/9062",0.0416666666666667,0.53710289236605,-0.65847984219398,0.856380971313882,0.999999999911466,0.927566440772491,"128312",1,FALSE
"R-HSA-5689901","Metalloprotease DUBs","1/703","24/9062",0.0416666666666667,0.53710289236605,-0.65847984219398,0.856380971313882,0.999999999911466,0.927566440772491,"114548",1,FALSE
"R-HSA-73927","Depurination","1/703","24/9062",0.0416666666666667,0.53710289236605,-0.65847984219398,0.856380971313882,0.999999999911466,0.927566440772491,"128312",1,FALSE
"R-HSA-9006115","Signaling by NTRK2 (TRKB)","1/703","24/9062",0.0416666666666667,0.53710289236605,-0.65847984219398,0.856380971313882,0.999999999911466,0.927566440772491,"4908",1,FALSE
"R-HSA-6811436","COPI-independent Golgi-to-ER retrograde traffic","2/703","43/9062",0.0465116279069767,0.599556717059777,-0.763281282568848,0.857320147859534,0.999999999911466,0.927566440772491,"347733/10381",2,FALSE
"R-HSA-9711123","Cellular response to chemical stress","11/703","185/9062",0.0594594594594595,0.766460343700742,-0.930683374986385,0.859478016196235,0.999999999911466,0.927566440772491,"5563/114548/374/1026/2938/1029/3043/2877/3040/3039/6347",11,FALSE
"R-HSA-9755511","KEAP1-NFE2L2 pathway","6/703","110/9062",0.0545454545454545,0.703116513642829,-0.908470673398692,0.864887450429792,0.999999999911466,0.927566440772491,"5563/374/1026/2938/1029/6347",6,FALSE
"R-HSA-1839124","FGFR1 mutant receptor activation","1/703","25/9062",0.04,0.515618776671408,-0.703288843305303,0.867552046459528,0.999999999911466,0.927566440772491,"2246",1,FALSE
"R-HSA-418360","Platelet calcium homeostasis","1/703","25/9062",0.04,0.515618776671408,-0.703288843305303,0.867552046459528,0.999999999911466,0.927566440772491,"5026",1,FALSE
"R-HSA-5357769","Caspase activation via extrinsic apoptotic signalling pathway","1/703","25/9062",0.04,0.515618776671408,-0.703288843305303,0.867552046459528,0.999999999911466,0.927566440772491,"90249",1,FALSE
"R-HSA-5654726","Negative regulation of FGFR1 signaling","1/703","25/9062",0.04,0.515618776671408,-0.703288843305303,0.867552046459528,0.999999999911466,0.927566440772491,"2246",1,FALSE
"R-HSA-9619665","EGR2 and SOX10-mediated initiation of Schwann cell myelination","1/703","25/9062",0.04,0.515618776671408,-0.703288843305303,0.867552046459528,0.999999999911466,0.927566440772491,"1821",1,FALSE
"R-HSA-9816359","Maternal to zygotic transition (MZT)","3/703","62/9062",0.0483870967741935,0.623732391134768,-0.862104652122214,0.869751757727784,0.999999999911466,0.927566440772491,"128312/1973/201516",3,FALSE
"R-HSA-193704","p75 NTR receptor-mediated signalling","5/703","95/9062",0.0526315789473684,0.678445758778169,-0.913652454034136,0.869846535860566,0.999999999911466,0.927566440772491,"25791/5924/10276/84894/4804",5,FALSE
"R-HSA-1257604","PIP3 activates AKT signaling","15/703","248/9062",0.0604838709677419,0.77966548891846,-1.02025893919795,0.875606236968745,0.999999999911466,0.927566440772491,"940/255324/2069/374/1958/9542/2246/8817/1026/4908/3164/2100/145957/930/57167",15,FALSE
"R-HSA-354192","Integrin signaling","1/703","26/9062",0.0384615384615385,0.495787285260969,-0.746622237803781,0.877855345268751,0.999999999911466,0.927566440772491,"2335",1,FALSE
"R-HSA-389357","CD28 dependent PI3K/Akt signaling","1/703","26/9062",0.0384615384615385,0.495787285260969,-0.746622237803781,0.877855345268751,0.999999999911466,0.927566440772491,"940",1,FALSE
"R-HSA-8979227","Triglyceride metabolism","1/703","26/9062",0.0384615384615385,0.495787285260969,-0.746622237803781,0.877855345268751,0.999999999911466,0.927566440772491,"2172",1,FALSE
"R-HSA-69231","Cyclin D associated events in G1","2/703","46/9062",0.0434782608695652,0.560455192034139,-0.86668979681736,0.882001089188265,0.999999999911466,0.927566440772491,"1026/1029",2,FALSE
"R-HSA-69236","G1 Phase","2/703","46/9062",0.0434782608695652,0.560455192034139,-0.86668979681736,0.882001089188265,0.999999999911466,0.927566440772491,"1026/1029",2,FALSE
"R-HSA-1445148","Translocation of SLC2A4 (GLUT4) to the plasma membrane","3/703","64/9062",0.046875,0.604240753911807,-0.921375431739865,0.883305491682997,0.999999999911466,0.927566440772491,"5563/347733/10381",3,FALSE
"R-HSA-391251","Protein folding","4/703","81/9062",0.0493827160493827,0.636566390952356,-0.952782590891201,0.883498344601114,0.999999999911466,0.927566440772491,"2786/347733/2784/10381",4,FALSE
"R-HSA-1538133","G0 and Early G1","1/703","27/9062",0.037037037037037,0.477424793214267,-0.788597089381658,0.887358188592796,0.999999999911466,0.927566440772491,"8900",1,FALSE
"R-HSA-196807","Nicotinate metabolism","1/703","27/9062",0.037037037037037,0.477424793214267,-0.788597089381658,0.887358188592796,0.999999999911466,0.927566440772491,"23057",1,FALSE
"R-HSA-3214842","HDMs demethylate histones","1/703","27/9062",0.037037037037037,0.477424793214267,-0.788597089381658,0.887358188592796,0.999999999911466,0.927566440772491,"84159",1,FALSE
"R-HSA-390918","Peroxisomal lipid metabolism","1/703","27/9062",0.037037037037037,0.477424793214267,-0.788597089381658,0.887358188592796,0.999999999911466,0.927566440772491,"11001",1,FALSE
"R-HSA-4090294","SUMOylation of intracellular receptors","1/703","27/9062",0.037037037037037,0.477424793214267,-0.788597089381658,0.887358188592796,0.999999999911466,0.927566440772491,"4929",1,FALSE
"R-HSA-427359","SIRT1 negatively regulates rRNA expression","1/703","27/9062",0.037037037037037,0.477424793214267,-0.788597089381658,0.887358188592796,0.999999999911466,0.927566440772491,"128312",1,FALSE
"R-HSA-5620971","Pyroptosis","1/703","27/9062",0.037037037037037,0.477424793214267,-0.788597089381658,0.887358188592796,0.999999999911466,0.927566440772491,"8626",1,FALSE
"R-HSA-8982491","Glycogen metabolism","1/703","27/9062",0.037037037037037,0.477424793214267,-0.788597089381658,0.887358188592796,0.999999999911466,0.927566440772491,"8908",1,FALSE
"R-HSA-9635486","Infection with Mycobacterium tuberculosis","1/703","27/9062",0.037037037037037,0.477424793214267,-0.788597089381658,0.887358188592796,0.999999999911466,0.927566440772491,"1511",1,FALSE
"R-HSA-9682385","FLT3 signaling in disease","1/703","27/9062",0.037037037037037,0.477424793214267,-0.788597089381658,0.887358188592796,0.999999999911466,0.927566440772491,"1026",1,FALSE
"R-HSA-9821002","Chromatin modifications during the maternal to zygotic transition (MZT)","1/703","27/9062",0.037037037037037,0.477424793214267,-0.788597089381658,0.887358188592796,0.999999999911466,0.927566440772491,"128312",1,FALSE
"R-HSA-3371497","HSP90 chaperone cycle for steroid hormone receptors (SHR) in the presence of ligand","2/703","47/9062",0.0425531914893617,0.548530613480221,-0.899876551411918,0.889309659803444,0.999999999911466,0.927566440772491,"347733/10381",2,FALSE
"R-HSA-164952","The role of Nef in HIV-1 replication and disease pathogenesis","1/703","28/9062",0.0357142857142857,0.460373907742329,-0.829316828880793,0.896122681500296,0.999999999911466,0.927566440772491,"940",1,FALSE
"R-HSA-380972","Energy dependent regulation of mTOR by LKB1-AMPK","1/703","28/9062",0.0357142857142857,0.460373907742329,-0.829316828880793,0.896122681500296,0.999999999911466,0.927566440772491,"5563",1,FALSE
"R-HSA-68616","Assembly of the ORC complex at the origin of replication","1/703","28/9062",0.0357142857142857,0.460373907742329,-0.829316828880793,0.896122681500296,0.999999999911466,0.927566440772491,"128312",1,FALSE
"R-HSA-69205","G1/S-Specific Transcription","1/703","28/9062",0.0357142857142857,0.460373907742329,-0.829316828880793,0.896122681500296,0.999999999911466,0.927566440772491,"8900",1,FALSE
"R-HSA-917977","Transferrin endocytosis and recycling","1/703","28/9062",0.0357142857142857,0.460373907742329,-0.829316828880793,0.896122681500296,0.999999999911466,0.927566440772491,"7018",1,FALSE
"R-HSA-201722","Formation of the beta-catenin:TCF transactivating complex","2/703","48/9062",0.0416666666666667,0.53710289236605,-0.932470012340314,0.896196448576855,0.999999999911466,0.927566440772491,"128312/51176",2,FALSE
"R-HSA-5357905","Regulation of TNFR1 signaling","2/703","48/9062",0.0416666666666667,0.53710289236605,-0.932470012340314,0.896196448576855,0.999999999911466,0.927566440772491,"7128/9099",2,FALSE
"R-HSA-2559583","Cellular Senescence","8/703","148/9062",0.0540540540540541,0.696782130637038,-1.07854408069667,0.896727246723702,0.999999999911466,0.927566440772491,"128312/3490/3576/3007/1026/1029/8900/2353",8,FALSE
"R-HSA-2187338","Visual phototransduction","3/703","67/9062",0.0447761194029851,0.577185197766502,-1.00733880810578,0.901283645416205,0.999999999911466,0.927566440772491,"1259/57016/64220",3,FALSE
"R-HSA-1660662","Glycosphingolipid metabolism","2/703","49/9062",0.0408163265306122,0.526141608848376,-0.964496142791842,0.902682798423953,0.999999999911466,0.927566440772491,"112937/2524",2,FALSE
"R-HSA-1483206","Glycerophospholipid biosynthesis","6/703","118/9062",0.0508474576271186,0.655447597463655,-1.09249373723983,0.904113743472637,0.999999999911466,0.927566440772491,"5320/26279/204962/590/122618/27132",6,FALSE
"R-HSA-110328","Recognition and association of DNA glycosylase with site containing an affected pyrimidine","1/703","29/9062",0.0344827586206897,0.444498945406386,-0.868873289795614,0.904206116845137,0.999999999911466,0.927566440772491,"128312",1,FALSE
"R-HSA-110329","Cleavage of the damaged pyrimidine","1/703","29/9062",0.0344827586206897,0.444498945406386,-0.868873289795614,0.904206116845137,0.999999999911466,0.927566440772491,"128312",1,FALSE
"R-HSA-2122948","Activated NOTCH1 Transmits Signal to the Nucleus","1/703","29/9062",0.0344827586206897,0.444498945406386,-0.868873289795614,0.904206116845137,0.999999999911466,0.927566440772491,"92737",1,FALSE
"R-HSA-5218920","VEGFR2 mediated vascular permeability","1/703","29/9062",0.0344827586206897,0.444498945406386,-0.868873289795614,0.904206116845137,0.999999999911466,0.927566440772491,"5063",1,FALSE
"R-HSA-5663084","Diseases of carbohydrate metabolism","1/703","29/9062",0.0344827586206897,0.444498945406386,-0.868873289795614,0.904206116845137,0.999999999911466,0.927566440772491,"8908",1,FALSE
"R-HSA-73928","Depyrimidination","1/703","29/9062",0.0344827586206897,0.444498945406386,-0.868873289795614,0.904206116845137,0.999999999911466,0.927566440772491,"128312",1,FALSE
"R-HSA-9860927","Turbulent (oscillatory, disturbed) flow shear stress activates signaling by PIEZO1 and integrins in endothelial cells","1/703","29/9062",0.0344827586206897,0.444498945406386,-0.868873289795614,0.904206116845137,0.999999999911466,0.927566440772491,"2335",1,FALSE
"R-HSA-9932444","ATP-dependent chromatin remodelers","1/703","29/9062",0.0344827586206897,0.444498945406386,-0.868873289795614,0.904206116845137,0.999999999911466,0.927566440772491,"8110",1,FALSE
"R-HSA-9932451","SWI/SNF chromatin remodelers","1/703","29/9062",0.0344827586206897,0.444498945406386,-0.868873289795614,0.904206116845137,0.999999999911466,0.927566440772491,"8110",1,FALSE
"R-HSA-8878159","Transcriptional regulation by RUNX3","4/703","85/9062",0.0470588235294118,0.606610325495774,-1.056708916351,0.904771614820379,0.999999999911466,0.927566440772491,"6696/51176/1026/1029",4,FALSE
"R-HSA-195721","Signaling by WNT","15/703","257/9062",0.0583657587548638,0.752362028217035,-1.16790544978301,0.90519016290278,0.999999999911466,0.927566440772491,"59352/128312/2786/8324/80326/7474/6657/51176/6423/23072/6422/4920/2784/2775/50964",15,FALSE
"R-HSA-187577","SCF(Skp2)-mediated degradation of p27/p21","2/703","50/9062",0.04,0.515618776671408,-0.995979215397561,0.90878928455631,0.999999999911466,0.927566440772491,"1026/8900",2,FALSE
"R-HSA-2173793","Transcriptional activity of SMAD2/SMAD3:SMAD4 heterotrimer","2/703","50/9062",0.04,0.515618776671408,-0.995979215397561,0.90878928455631,0.999999999911466,0.927566440772491,"1278/5054",2,FALSE
"R-HSA-202433","Generation of second messenger molecules","1/703","30/9062",0.0333333333333333,0.42968231389284,-0.90734837900236,0.911661347649728,0.999999999911466,0.927566440772491,"5063",1,FALSE
"R-HSA-9843970","Regulation of endogenous retroelements by the Human Silencing Hub (HUSH) complex","1/703","30/9062",0.0333333333333333,0.42968231389284,-0.90734837900236,0.911661347649728,0.999999999911466,0.927566440772491,"128312",1,FALSE
"R-HSA-388841","Regulation of T cell activation by CD28 family","3/703","69/9062",0.0434782608695652,0.560455192034139,-1.06283040043834,0.911840955350444,0.999999999911466,0.927566440772491,"940/1493/5063",3,FALSE
"R-HSA-201681","TCF dependent signaling in response to WNT","9/703","168/9062",0.0535714285714286,0.690560861613493,-1.17400483780311,0.91272539371186,0.999999999911466,0.927566440772491,"59352/128312/7474/6657/51176/6423/23072/6422/50964",9,FALSE
"R-HSA-4608870","Asymmetric localization of PCP proteins","2/703","51/9062",0.0392156862745098,0.505508604579812,-1.02694195542412,0.914535705003199,0.999999999911466,0.927566440772491,"8324/7474",2,FALSE
"R-HSA-8856688","Golgi-to-ER retrograde transport","6/703","121/9062",0.0495867768595041,0.63919683058439,-1.15866675639561,0.916068619543596,0.999999999911466,0.927566440772491,"55083/347733/221458/3798/10381/124602",6,FALSE
"R-HSA-2871796","FCERI mediated MAPK activation","1/703","31/9062",0.032258064516129,0.415821594089845,-0.944815458139821,0.918537130710206,0.999999999911466,0.927566440772491,"2353",1,FALSE
"R-HSA-450282","MAPK targets/ Nuclear events mediated by MAP kinases","1/703","31/9062",0.032258064516129,0.415821594089845,-0.944815458139821,0.918537130710206,0.999999999911466,0.927566440772491,"2353",1,FALSE
"R-HSA-73929","Base-Excision Repair, AP Site Formation","1/703","31/9062",0.032258064516129,0.415821594089845,-0.944815458139821,0.918537130710206,0.999999999911466,0.927566440772491,"128312",1,FALSE
"R-HSA-8936459","RUNX1 regulates genes involved in megakaryocyte differentiation and platelet function","2/703","52/9062",0.0384615384615385,0.495787285260969,-1.05740566920251,0.919941077214044,0.999999999911466,0.927566440772491,"128312/8013",2,FALSE
"R-HSA-1980145","Signaling by NOTCH2","1/703","32/9062",0.03125,0.402827169274538,-0.981340493539411,0.924878443644624,0.999999999911466,0.927566440772491,"4192",1,FALSE
"R-HSA-212300","PRC2 methylates histones and DNA","1/703","32/9062",0.03125,0.402827169274538,-0.981340493539411,0.924878443644624,0.999999999911466,0.927566440772491,"128312",1,FALSE
"R-HSA-2299718","Condensation of Prophase Chromosomes","1/703","32/9062",0.03125,0.402827169274538,-0.981340493539411,0.924878443644624,0.999999999911466,0.927566440772491,"128312",1,FALSE
"R-HSA-432720","Lysosome Vesicle Biogenesis","1/703","32/9062",0.03125,0.402827169274538,-0.981340493539411,0.924878443644624,0.999999999911466,0.927566440772491,"81567",1,FALSE
"R-HSA-5655302","Signaling by FGFR1 in disease","1/703","32/9062",0.03125,0.402827169274538,-0.981340493539411,0.924878443644624,0.999999999911466,0.927566440772491,"2246",1,FALSE
"R-HSA-9710421","Defective pyroptosis","1/703","32/9062",0.03125,0.402827169274538,-0.981340493539411,0.924878443644624,0.999999999911466,0.927566440772491,"128312",1,FALSE
"R-HSA-9840310","Glycosphingolipid catabolism","1/703","32/9062",0.03125,0.402827169274538,-0.981340493539411,0.924878443644624,0.999999999911466,0.927566440772491,"112937",1,FALSE
"R-HSA-156580","Phase II - Conjugation of compounds","3/703","72/9062",0.0416666666666667,0.53710289236605,-1.14356126023535,0.925762838941929,0.999999999911466,0.927566440772491,"54578/2939/2938",3,FALSE
"R-HSA-69473","G2/M DNA damage checkpoint","3/703","72/9062",0.0416666666666667,0.53710289236605,-1.14356126023535,0.925762838941929,0.999999999911466,0.927566440772491,"128312/7465/8900",3,FALSE
"R-HSA-6807878","COPI-mediated anterograde transport","4/703","90/9062",0.0444444444444444,0.57290975185712,-1.18082310556167,0.92648277421312,0.999999999911466,0.927566440772491,"287/347733/6712/10381",4,FALSE
"R-HSA-1226099","Signaling by FGFR in disease","2/703","54/9062",0.037037037037037,0.477424793214267,-1.11691482987842,0.929800859034939,0.999999999911466,0.927566440772491,"2246/8817",2,FALSE
"R-HSA-9845323","Regulation of endogenous retroelements by Piwi-interacting RNAs (piRNAs)","2/703","54/9062",0.037037037037037,0.477424793214267,-1.11691482987842,0.929800859034939,0.999999999911466,0.927566440772491,"128312/8110",2,FALSE
"R-HSA-69202","Cyclin E associated events during G1/S transition","3/703","73/9062",0.0410958904109589,0.529745318498022,-1.16984260129345,0.929936144185087,0.999999999911466,0.927566440772491,"1026/7465/8900",3,FALSE
"R-HSA-9013106","RHOC GTPase cycle","3/703","73/9062",0.0410958904109589,0.529745318498022,-1.16984260129345,0.929936144185087,0.999999999911466,0.927566440772491,"80728/9414/399693",3,FALSE
"R-HSA-381119","Unfolded Protein Response (UPR)","4/703","91/9062",0.043956043956044,0.566614040298251,-1.20493514092635,0.930249632840726,0.999999999911466,0.927566440772491,"2134/467/3576/6347",4,FALSE
"R-HSA-1660661","Sphingolipid de novo biosynthesis","1/703","33/9062",0.0303030303030303,0.390620285357128,-1.01698301956709,0.930726777433974,0.999999999911466,0.927566440772491,"123099",1,FALSE
"R-HSA-187687","Signalling to ERKs","1/703","33/9062",0.0303030303030303,0.390620285357128,-1.01698301956709,0.930726777433974,0.999999999911466,0.927566440772491,"4914",1,FALSE
"R-HSA-2559585","Oncogene Induced Senescence","1/703","33/9062",0.0303030303030303,0.390620285357128,-1.01698301956709,0.930726777433974,0.999999999911466,0.927566440772491,"1029",1,FALSE
"R-HSA-3299685","Detoxification of Reactive Oxygen Species","1/703","33/9062",0.0303030303030303,0.390620285357128,-1.01698301956709,0.930726777433974,0.999999999911466,0.927566440772491,"2877",1,FALSE
"R-HSA-9615710","Late endosomal microautophagy","1/703","33/9062",0.0303030303030303,0.390620285357128,-1.01698301956709,0.930726777433974,0.999999999911466,0.927566440772491,"3043",1,FALSE
"R-HSA-9725371","Nuclear events stimulated by ALK signaling in cancer","1/703","33/9062",0.0303030303030303,0.390620285357128,-1.01698301956709,0.930726777433974,0.999999999911466,0.927566440772491,"7291",1,FALSE
"R-HSA-428157","Sphingolipid metabolism","4/703","92/9062",0.0434782608695652,0.560455192034139,-1.22882322680136,0.933841396155912,0.999999999911466,0.927566440772491,"112937/123099/8612/2524",4,FALSE
"R-HSA-5658442","Regulation of RAS by GAPs","2/703","55/9062",0.0363636363636364,0.468744342428553,-1.14599677784748,0.934289438210009,0.999999999911466,0.927566440772491,"8437/399473",2,FALSE
"R-HSA-8980692","RHOA GTPase cycle","7/703","143/9062",0.048951048951049,0.631001999423052,-1.28980042230967,0.934489140215043,0.999999999911466,0.927566440772491,"25791/5099/5924/80728/9414/10276/70",7,FALSE
"R-HSA-69656","Cyclin A:Cdk2-associated events at S phase entry","3/703","75/9062",0.04,0.515618776671408,-1.22151590353917,0.937642779262691,0.999999999911466,0.927566440772491,"1026/7465/8900",3,FALSE
"R-HSA-168643","Nucleotide-binding domain, leucine rich repeat containing receptor (NLR) signaling pathways","2/703","56/9062",0.0357142857142857,0.460373907742329,-1.17465288050042,0.93850533124906,0.999999999911466,0.927566440772491,"114548/7128",2,FALSE
"R-HSA-109581","Apoptosis","8/703","161/9062",0.0496894409937888,0.640520219467588,-1.33461674798178,0.939041351544767,0.999999999911466,0.927566440772491,"7161/5317/8626/90249/3007/1029/9414/1830",8,FALSE
"R-HSA-427389","ERCC6 (CSB) and EHMT2 (G9a) positively regulate rRNA expression","1/703","35/9062",0.0285714285714286,0.368299126193863,-1.08583126818506,0.941094637001145,0.999999999911466,0.927566440772491,"128312",1,FALSE
"R-HSA-6802948","Signaling by high-kinase activity BRAF mutants","1/703","35/9062",0.0285714285714286,0.368299126193863,-1.08583126818506,0.941094637001145,0.999999999911466,0.927566440772491,"2335",1,FALSE
"R-HSA-936440","Negative regulators of DDX58/IFIH1 signaling","1/703","35/9062",0.0285714285714286,0.368299126193863,-1.08583126818506,0.941094637001145,0.999999999911466,0.927566440772491,"7128",1,FALSE
"R-HSA-9687139","Aberrant regulation of mitotic cell cycle due to RB1 defects","1/703","35/9062",0.0285714285714286,0.368299126193863,-1.08583126818506,0.941094637001145,0.999999999911466,0.927566440772491,"1026",1,FALSE
"R-HSA-975634","Retinoid metabolism and transport","1/703","35/9062",0.0285714285714286,0.368299126193863,-1.08583126818506,0.941094637001145,0.999999999911466,0.927566440772491,"57016",1,FALSE
"R-HSA-446219","Synthesis of substrates in N-glycan biosythesis","2/703","57/9062",0.0350877192982456,0.452297172518779,-1.20289887110148,0.942463758024344,0.999999999911466,0.927566440772491,"84620/55808",2,FALSE
"R-HSA-75893","TNF signaling","2/703","57/9062",0.0350877192982456,0.452297172518779,-1.20289887110148,0.942463758024344,0.999999999911466,0.927566440772491,"7128/9099",2,FALSE
"R-HSA-8939902","Regulation of RUNX2 expression and activity","2/703","57/9062",0.0350877192982456,0.452297172518779,-1.20289887110148,0.942463758024344,0.999999999911466,0.927566440772491,"7291/1749",2,FALSE
"R-HSA-376176","Signaling by ROBO receptors","10/703","195/9062",0.0512820512820513,0.661049713681293,-1.3875655910857,0.943444775412338,0.999999999911466,0.927566440772491,"9901/6092/6091/10486/80728/6387/4753/9423/1287/5063",10,FALSE
"R-HSA-983705","Signaling by the B Cell Receptor (BCR)","4/703","95/9062",0.0421052631578947,0.542756607022535,-1.29919464441632,0.943633645922418,0.999999999911466,0.927566440772491,"640/930/974/973",4,FALSE
"R-HSA-4086400","PCP/CE pathway","3/703","77/9062",0.038961038961039,0.50222608117345,-1.27205832542475,0.944559708583683,0.999999999911466,0.927566440772491,"8324/7474/4920",3,FALSE
"R-HSA-9663891","Selective autophagy","3/703","77/9062",0.038961038961039,0.50222608117345,-1.27205832542475,0.944559708583683,0.999999999911466,0.927566440772491,"5563/347733/10381",3,FALSE
"R-HSA-168638","NOD1/2 Signaling Pathway","1/703","36/9062",0.0277777777777778,0.3580685949107,-1.11913060859103,0.945682038151936,0.999999999911466,0.927566440772491,"7128",1,FALSE
"R-HSA-5663213","RHO GTPases Activate WASPs and WAVEs","1/703","36/9062",0.0277777777777778,0.3580685949107,-1.11913060859103,0.945682038151936,0.999999999911466,0.927566440772491,"644150",1,FALSE
"R-HSA-9013424","RHOV GTPase cycle","1/703","36/9062",0.0277777777777778,0.3580685949107,-1.11913060859103,0.945682038151936,0.999999999911466,0.927566440772491,"171177",1,FALSE
"R-HSA-9670095","Inhibition of DNA recombination at telomere","1/703","36/9062",0.0277777777777778,0.3580685949107,-1.11913060859103,0.945682038151936,0.999999999911466,0.927566440772491,"128312",1,FALSE
"R-HSA-9675126","Diseases of mitotic cell cycle","1/703","36/9062",0.0277777777777778,0.3580685949107,-1.11913060859103,0.945682038151936,0.999999999911466,0.927566440772491,"1026",1,FALSE
"R-HSA-190236","Signaling by FGFR","3/703","78/9062",0.0384615384615385,0.495787285260969,-1.2969247788683,0.947744687811882,0.999999999911466,0.927566440772491,"2246/8817/23768",3,FALSE
"R-HSA-425393","Transport of inorganic cations/anions and amino acids/oligopeptides","3/703","78/9062",0.0384615384615385,0.495787285260969,-1.2969247788683,0.947744687811882,0.999999999911466,0.927566440772491,"6508/6542/6528",3,FALSE
"R-HSA-5628897","TP53 Regulates Metabolic Genes","3/703","78/9062",0.0384615384615385,0.495787285260969,-1.2969247788683,0.947744687811882,0.999999999911466,0.927566440772491,"5563/8626/2877",3,FALSE
"R-HSA-8943724","Regulation of PTEN gene transcription","2/703","59/9062",0.0338983050847458,0.43696506497577,-1.25821914327721,0.949665530146101,0.999999999911466,0.927566440772491,"1958/57167",2,FALSE
"R-HSA-9033241","Peroxisomal protein import","2/703","59/9062",0.0338983050847458,0.43696506497577,-1.25821914327721,0.949665530146101,0.999999999911466,0.927566440772491,"570/11001",2,FALSE
"R-HSA-977225","Amyloid fiber formation","2/703","60/9062",0.0333333333333333,0.42968231389284,-1.28532077042694,0.952935812523311,0.999999999911466,0.927566440772491,"128312/9627",2,FALSE
"R-HSA-6806667","Metabolism of fat-soluble vitamins","1/703","38/9062",0.0263157894736842,0.339222879389084,-1.18368410897647,0.953814193464469,0.999999999911466,0.927566440772491,"57016",1,FALSE
"R-HSA-9696264","RND3 GTPase cycle","1/703","38/9062",0.0263157894736842,0.339222879389084,-1.18368410897647,0.953814193464469,0.999999999911466,0.927566440772491,"222584",1,FALSE
"R-HSA-196849","Metabolism of water-soluble vitamins and cofactors","5/703","117/9062",0.0427350427350427,0.550874761401077,-1.4179430375155,0.954898713771463,0.999999999911466,0.927566440772491,"23057/9963/5169/8029/55065",5,FALSE
"R-HSA-9645723","Diseases of programmed cell death","2/703","61/9062",0.0327868852459016,0.422638341533941,-1.31206708739748,0.95600254503999,0.999999999911466,0.927566440772491,"128312/1029",2,FALSE
"R-HSA-73887","Death Receptor Signaling","7/703","152/9062",0.0460526315789474,0.593640038930898,-1.46515110543941,0.956193320169451,0.999999999911466,0.927566440772491,"25791/5924/7128/10276/9099/84894/4804",7,FALSE
"R-HSA-9609690","HCMV Early Events","3/703","81/9062",0.037037037037037,0.477424793214267,-1.3699904110727,0.956306816027053,0.999999999911466,0.927566440772491,"128312/347733/10381",3,FALSE
"R-HSA-948021","Transport to the Golgi and subsequent modification","8/703","169/9062",0.0473372781065089,0.610199735705809,-1.48337139694813,0.956741201507313,0.999999999911466,0.927566440772491,"1294/374/287/347733/6712/25834/10381/64377",8,FALSE
"R-HSA-5689896","Ovarian tumor domain proteases","1/703","39/9062",0.0256410256410256,0.330524856840646,-1.21500998422147,0.95741222338407,0.999999999911466,0.927566440772491,"7128",1,FALSE
"R-HSA-9013420","RHOU GTPase cycle","1/703","39/9062",0.0256410256410256,0.330524856840646,-1.21500998422147,0.95741222338407,0.999999999911466,0.927566440772491,"5063",1,FALSE
"R-HSA-9692916","SARS-CoV-1 activates/modulates innate immune responses","1/703","39/9062",0.0256410256410256,0.330524856840646,-1.21500998422147,0.95741222338407,0.999999999911466,0.927566440772491,"114548",1,FALSE
"R-HSA-5633007","Regulation of TP53 Activity","7/703","153/9062",0.0457516339869281,0.589760038676447,-1.48408154179251,0.958154535413835,0.999999999911466,0.927566440772491,"7161/5563/8626/94241/1029/9099/8900",7,FALSE
"R-HSA-2559580","Oxidative Stress Induced Senescence","3/703","82/9062",0.0365853658536585,0.471602539638483,-1.39385643541144,0.95885619362397,0.999999999911466,0.927566440772491,"128312/1029/2353",3,FALSE
"R-HSA-1433557","Signaling by SCF-KIT","1/703","40/9062",0.025,0.32226173541963,-1.24574500834424,0.960730322349048,0.999999999911466,0.927566440772491,"1215",1,FALSE
"R-HSA-165159","MTOR signalling","1/703","40/9062",0.025,0.32226173541963,-1.24574500834424,0.960730322349048,0.999999999911466,0.927566440772491,"5563",1,FALSE
"R-HSA-9024446","NR1H2 and NR1H3-mediated signaling","1/703","40/9062",0.025,0.32226173541963,-1.24574500834424,0.960730322349048,0.999999999911466,0.927566440772491,"2172",1,FALSE
"R-HSA-9694548","Maturation of spike protein","1/703","40/9062",0.025,0.32226173541963,-1.24574500834424,0.960730322349048,0.999999999911466,0.927566440772491,"25834",1,FALSE
"R-HSA-9696270","RND2 GTPase cycle","1/703","40/9062",0.025,0.32226173541963,-1.24574500834424,0.960730322349048,0.999999999911466,0.927566440772491,"222584",1,FALSE
"R-HSA-9824272","Somitogenesis","1/703","40/9062",0.025,0.32226173541963,-1.24574500834424,0.960730322349048,0.999999999911466,0.927566440772491,"51176",1,FALSE
"R-HSA-9839373","Signaling by TGFBR3","1/703","40/9062",0.025,0.32226173541963,-1.24574500834424,0.960730322349048,0.999999999911466,0.927566440772491,"4325",1,FALSE
"R-HSA-9843745","Adipogenesis","4/703","103/9062",0.0388349514563107,0.500600754049911,-1.47817308897072,0.96362558991558,0.999999999911466,0.927566440772491,"64641/1734/51129/655",4,FALSE
"R-HSA-1221632","Meiotic synapsis","1/703","41/9062",0.024390243902439,0.314401693092322,-1.27591836484844,0.963790240702919,0.999999999911466,0.927566440772491,"128312",1,FALSE
"R-HSA-1236978","Cross-presentation of soluble exogenous antigens (endosomes)","1/703","41/9062",0.024390243902439,0.314401693092322,-1.27591836484844,0.963790240702919,0.999999999911466,0.927566440772491,"50489",1,FALSE
"R-HSA-9656223","Signaling by RAF1 mutants","1/703","41/9062",0.024390243902439,0.314401693092322,-1.27591836484844,0.963790240702919,0.999999999911466,0.927566440772491,"2335",1,FALSE
"R-HSA-5654738","Signaling by FGFR2","2/703","64/9062",0.03125,0.402827169274538,-1.39029063798645,0.964096855601824,0.999999999911466,0.927566440772491,"2246/8817",2,FALSE
"R-HSA-74752","Signaling by Insulin receptor","2/703","65/9062",0.0307692307692308,0.396629828208776,-1.41572929814512,0.966461846574896,0.999999999911466,0.927566440772491,"2246/8817",2,FALSE
"R-HSA-8854214","TBC/RABGAPs","1/703","42/9062",0.0238095238095238,0.306915938494886,-1.30555704682825,0.966612041033907,0.999999999911466,0.927566440772491,"338382",1,FALSE
"R-HSA-9700206","Signaling by ALK in cancer","3/703","86/9062",0.0348837209302326,0.449667537794833,-1.48703605913568,0.967722429176744,0.999999999911466,0.927566440772491,"2335/1026/7291",3,FALSE
"R-HSA-9725370","Signaling by ALK fusions and activated point mutants","3/703","86/9062",0.0348837209302326,0.449667537794833,-1.48703605913568,0.967722429176744,0.999999999911466,0.927566440772491,"2335/1026/7291",3,FALSE
"R-HSA-9833482","PKR-mediated signaling","2/703","66/9062",0.0303030303030303,0.390620285357128,-1.44086669379921,0.96867664340356,0.999999999911466,0.927566440772491,"347733/10381",2,FALSE
"R-HSA-199977","ER to Golgi Anterograde Transport","6/703","142/9062",0.0422535211267606,0.544667721835995,-1.58591076953457,0.96891937182625,0.999999999911466,0.927566440772491,"1294/374/287/347733/6712/10381",6,FALSE
"R-HSA-6811438","Intra-Golgi traffic","1/703","43/9062",0.0232558139534884,0.299778358529889,-1.33468607254315,0.969214228966631,0.999999999911466,0.927566440772491,"9609",1,FALSE
"R-HSA-912446","Meiotic recombination","1/703","43/9062",0.0232558139534884,0.299778358529889,-1.33468607254315,0.969214228966631,0.999999999911466,0.927566440772491,"128312",1,FALSE
"R-HSA-1989781","PPARA activates gene expression","4/703","106/9062",0.0377358490566038,0.486432808180574,-1.54234570074278,0.969251718538545,0.999999999911466,0.927566440772491,"183/2274/5244/51129",4,FALSE
"R-HSA-204005","COPII-mediated vesicle transport","2/703","67/9062",0.0298507462686567,0.384790131844335,-1.46571210858555,0.970750274110863,0.999999999911466,0.927566440772491,"1294/374",2,FALSE
"R-HSA-2995410","Nuclear Envelope (NE) Reassembly","2/703","67/9062",0.0298507462686567,0.384790131844335,-1.46571210858555,0.970750274110863,0.999999999911466,0.927566440772491,"347733/10381",2,FALSE
"R-HSA-6804756","Regulation of TP53 Activity through Phosphorylation","3/703","88/9062",0.0340909090909091,0.439447821026768,-1.53233215006245,0.971447502543632,0.999999999911466,0.927566440772491,"5563/94241/8900",3,FALSE
"R-HSA-4641258","Degradation of DVL","1/703","44/9062",0.0227272727272727,0.292965214017846,-1.36332867509126,0.971613873831522,0.999999999911466,0.927566440772491,"23072",1,FALSE
"R-HSA-5693571","Nonhomologous End-Joining (NHEJ)","1/703","44/9062",0.0227272727272727,0.292965214017846,-1.36332867509126,0.971613873831522,0.999999999911466,0.927566440772491,"128312",1,FALSE
"R-HSA-606279","Deposition of new CENPA-containing nucleosomes at the centromere","1/703","44/9062",0.0227272727272727,0.292965214017846,-1.36332867509126,0.971613873831522,0.999999999911466,0.927566440772491,"128312",1,FALSE
"R-HSA-69541","Stabilization of p53","1/703","44/9062",0.0227272727272727,0.292965214017846,-1.36332867509126,0.971613873831522,0.999999999911466,0.927566440772491,"1029",1,FALSE
"R-HSA-774815","Nucleosome assembly","1/703","44/9062",0.0227272727272727,0.292965214017846,-1.36332867509126,0.971613873831522,0.999999999911466,0.927566440772491,"128312",1,FALSE
"R-HSA-9013148","CDC42 GTPase cycle","6/703","144/9062",0.0416666666666667,0.53710289236605,-1.62375516034013,0.97186768433295,0.999999999911466,0.927566440772491,"25791/9901/5924/644150/80728/5063",6,FALSE
"R-HSA-400206","Regulation of lipid metabolism by PPARalpha","4/703","108/9062",0.037037037037037,0.477424793214267,-1.58431195336771,0.972539664227227,0.999999999911466,0.927566440772491,"183/2274/5244/51129",4,FALSE
"R-HSA-9013423","RAC3 GTPase cycle","3/703","89/9062",0.0337078651685393,0.434510205060175,-1.55467461154905,0.973153793860714,0.999999999911466,0.927566440772491,"22865/80728/4810",3,FALSE
"R-HSA-351202","Metabolism of polyamines","1/703","45/9062",0.0222222222222222,0.28645487592856,-1.3915064698232,0.973826719994357,0.999999999911466,0.927566440772491,"113451",1,FALSE
"R-HSA-5610780","Degradation of GLI1 by the proteasome","1/703","45/9062",0.0222222222222222,0.28645487592856,-1.3915064698232,0.973826719994357,0.999999999911466,0.927566440772491,"2735",1,FALSE
"R-HSA-6802946","Signaling by moderate kinase activity BRAF mutants","1/703","45/9062",0.0222222222222222,0.28645487592856,-1.3915064698232,0.973826719994357,0.999999999911466,0.927566440772491,"2335",1,FALSE
"R-HSA-6802949","Signaling by RAS mutants","1/703","45/9062",0.0222222222222222,0.28645487592856,-1.3915064698232,0.973826719994357,0.999999999911466,0.927566440772491,"2335",1,FALSE
"R-HSA-6802955","Paradoxical activation of RAF signaling by kinase inactive BRAF","1/703","45/9062",0.0222222222222222,0.28645487592856,-1.3915064698232,0.973826719994357,0.999999999911466,0.927566440772491,"2335",1,FALSE
"R-HSA-8941858","Regulation of RUNX3 expression and activity","1/703","45/9062",0.0222222222222222,0.28645487592856,-1.3915064698232,0.973826719994357,0.999999999911466,0.927566440772491,"1029",1,FALSE
"R-HSA-9649948","Signaling downstream of RAS mutants","1/703","45/9062",0.0222222222222222,0.28645487592856,-1.3915064698232,0.973826719994357,0.999999999911466,0.927566440772491,"2335",1,FALSE
"R-HSA-9818564","Epigenetic regulation of gene expression by MLL3 and MLL4 complexes","3/703","90/9062",0.0333333333333333,0.42968231389284,-1.5768196632776,0.974763139365803,0.999999999911466,0.927566440772491,"128312/22822/51129",3,FALSE
"R-HSA-9841922","MLL4 and MLL3 complexes regulate expression of PPARG target genes in adipogenesis and hepatic steatosis","3/703","90/9062",0.0333333333333333,0.42968231389284,-1.5768196632776,0.974763139365803,0.999999999911466,0.927566440772491,"128312/22822/51129",3,FALSE
"R-HSA-9851695","Epigenetic regulation of adipogenesis genes by MLL3 and MLL4 complexes","3/703","90/9062",0.0333333333333333,0.42968231389284,-1.5768196632776,0.974763139365803,0.999999999911466,0.927566440772491,"128312/22822/51129",3,FALSE
"R-HSA-5610783","Degradation of GLI2 by the proteasome","1/703","46/9062",0.0217391304347826,0.28022759601707,-1.41923960255529,0.975867289567825,0.999999999911466,0.927566440772491,"2736",1,FALSE
"R-HSA-2122947","NOTCH1 Intracellular Domain Regulates Transcription","1/703","47/9062",0.0212765957446809,0.274265306740111,-1.44654688116286,0.977748977171399,0.999999999911466,0.927566440772491,"26960",1,FALSE
"R-HSA-1980143","Signaling by NOTCH1","2/703","71/9062",0.028169014084507,0.36311181455733,-1.56234496892894,0.977796857596221,0.999999999911466,0.927566440772491,"92737/26960",2,FALSE
"R-HSA-446193","Biosynthesis of the N-glycan precursor (dolichol lipid-linked oligosaccharide, LLO) and transfer to a nascent protein","2/703","72/9062",0.0277777777777778,0.3580685949107,-1.58585541901694,0.979283543843487,0.999999999911466,0.927566440772491,"84620/55808",2,FALSE
"R-HSA-180786","Extension of Telomeres","1/703","48/9062",0.0208333333333333,0.268551446183025,-1.47344589273903,0.979484137354262,0.999999999911466,0.927566440772491,"8900",1,FALSE
"R-HSA-3214815","HDACs deacetylate histones","1/703","48/9062",0.0208333333333333,0.268551446183025,-1.47344589273903,0.979484137354262,0.999999999911466,0.927566440772491,"128312",1,FALSE
"R-HSA-381038","XBP1(S) activates chaperone genes","1/703","48/9062",0.0208333333333333,0.268551446183025,-1.47344589273903,0.979484137354262,0.999999999911466,0.927566440772491,"2134",1,FALSE
"R-HSA-5678895","Defective CFTR causes cystic fibrosis","1/703","48/9062",0.0208333333333333,0.268551446183025,-1.47344589273903,0.979484137354262,0.999999999911466,0.927566440772491,"91319",1,FALSE
"R-HSA-73772","RNA Polymerase I Promoter Escape","1/703","48/9062",0.0208333333333333,0.268551446183025,-1.47344589273903,0.979484137354262,0.999999999911466,0.927566440772491,"128312",1,FALSE
"R-HSA-5693607","Processing of DNA double-strand break ends","2/703","73/9062",0.0273972602739726,0.353163545665348,-1.60912133385556,0.980673611439498,0.999999999911466,0.927566440772491,"128312/8900",2,FALSE
"R-HSA-6811440","Retrograde transport at the Trans-Golgi-Network","1/703","49/9062",0.0204081632653061,0.263070804424188,-1.49995310817686,0.981084165248643,0.999999999911466,0.927566440772491,"51209",1,FALSE
"R-HSA-9013405","RHOD GTPase cycle","1/703","49/9062",0.0204081632653061,0.263070804424188,-1.49995310817686,0.981084165248643,0.999999999911466,0.927566440772491,"80728",1,FALSE
"R-HSA-8939236","RUNX1 regulates transcription of genes involved in differentiation of HSCs","2/703","74/9062",0.027027027027027,0.348391065318519,-1.63214945257116,0.98197307661485,0.999999999911466,0.927566440772491,"7161/128312",2,FALSE
"R-HSA-381070","IRE1alpha activates chaperones","1/703","50/9062",0.02,0.257809388335704,-1.52608397576011,0.982559570977058,0.999999999911466,0.927566440772491,"2134",1,FALSE
"R-HSA-5250924","B-WICH complex positively regulates rRNA expression","1/703","50/9062",0.02,0.257809388335704,-1.52608397576011,0.982559570977058,0.999999999911466,0.927566440772491,"128312",1,FALSE
"R-HSA-6811442","Intra-Golgi and retrograde Golgi-to-ER traffic","8/703","189/9062",0.0423280423280423,0.545628335102019,-1.83060846766522,0.98262691739419,0.999999999911466,0.927566440772491,"55083/347733/221458/3798/10381/124602/9609/51209",8,FALSE
"R-HSA-1660499","Synthesis of PIPs at the plasma membrane","1/703","51/9062",0.0196078431372549,0.252754302289906,-1.55185300511973,0.983920048296535,0.999999999911466,0.927566440772491,"8871",1,FALSE
"R-HSA-1912408","Pre-NOTCH Transcription and Translation","1/703","52/9062",0.0192307692307692,0.247893642630485,-1.5772738427221,0.985174537925603,0.999999999911466,0.927566440772491,"128312",1,FALSE
"R-HSA-5617472","Activation of anterior HOX genes in hindbrain development during early embryogenesis","2/703","77/9062",0.025974025974026,0.334817387448966,-1.69987025880754,0.985382873156247,0.999999999911466,0.927566440772491,"128312/3221",2,FALSE
"R-HSA-5619507","Activation of HOX genes during differentiation","2/703","77/9062",0.025974025974026,0.334817387448966,-1.69987025880754,0.985382873156247,0.999999999911466,0.927566440772491,"128312/3221",2,FALSE
"R-HSA-9013149","RAC1 GTPase cycle","7/703","175/9062",0.04,0.515618776671408,-1.8763648947464,0.985462929199774,0.999999999911466,0.927566440772491,"25791/9901/5924/644150/80728/4810/5063",7,FALSE
"R-HSA-5357801","Programmed Cell Death","8/703","193/9062",0.0414507772020725,0.534319975825294,-1.8963456552252,0.985647771616407,0.999999999911466,0.927566440772491,"7161/5317/8626/90249/3007/1029/9414/1830",8,FALSE
"R-HSA-9793380","Formation of paraxial mesoderm","1/703","53/9062",0.0188679245283019,0.243216404090287,-1.60235933989354,0.986331285965371,0.999999999911466,0.927566440772491,"51176",1,FALSE
"R-HSA-157579","Telomere Maintenance","2/703","79/9062",0.0253164556962025,0.326340997893296,-1.74393995792155,0.987298405270964,0.999999999911466,0.927566440772491,"128312/8900",2,FALSE
"R-HSA-432722","Golgi Associated Vesicle Biogenesis","1/703","54/9062",0.0185185185185185,0.238712396607133,-1.62712161424974,0.987397897794247,0.999999999911466,0.927566440772491,"81567",1,FALSE
"R-HSA-9013409","RHOJ GTPase cycle","1/703","54/9062",0.0185185185185185,0.238712396607133,-1.62712161424974,0.987397897794247,0.999999999911466,0.927566440772491,"5063",1,FALSE
"R-HSA-1483255","PI Metabolism","2/703","80/9062",0.025,0.32226173541963,-1.76566797285285,0.988162205252932,0.999999999911466,0.927566440772491,"8871/9108",2,FALSE
"R-HSA-1483257","Phospholipid metabolism","8/703","197/9062",0.0406091370558376,0.523470839260313,-1.96097379549253,0.988174574926993,0.999999999911466,0.927566440772491,"5320/26279/204962/590/8871/9108/122618/27132",8,FALSE
"R-HSA-429914","Deadenylation-dependent mRNA decay","1/703","55/9062",0.0181818181818182,0.234372171214276,-1.65157210528305,0.988381387786547,0.999999999911466,0.927566440772491,"1973",1,FALSE
"R-HSA-6802957","Oncogenic MAPK signaling","2/703","81/9062",0.0246913580246914,0.318283195476178,-1.78719823125419,0.988968670802954,0.999999999911466,0.927566440772491,"2335/399473",2,FALSE
"R-HSA-69275","G2/M Transition","7/703","181/9062",0.0386740331491713,0.498526441533129,-1.97626398452246,0.989267044402477,0.999999999911466,0.927566440772491,"4660/347733/1026/7465/22822/8900/10381",7,FALSE
"R-HSA-72649","Translation initiation complex formation","1/703","56/9062",0.0178571428571429,0.230186953871164,-1.67572162476208,0.989288225178138,0.999999999911466,0.927566440772491,"1973",1,FALSE
"R-HSA-72702","Ribosomal scanning and start codon recognition","1/703","56/9062",0.0178571428571429,0.230186953871164,-1.67572162476208,0.989288225178138,0.999999999911466,0.927566440772491,"1973",1,FALSE
"R-HSA-72662","Activation of the mRNA upon binding of the cap-binding complex and eIFs, and subsequent binding to 43S","1/703","57/9062",0.0175438596491228,0.22614858625939,-1.6995804025145,0.990124376377313,0.999999999911466,0.927566440772491,"1973",1,FALSE
"R-HSA-9609646","HCMV Infection","3/703","105/9062",0.0285714285714286,0.368299126193863,-1.88804962572675,0.990229678774822,0.999999999911466,0.927566440772491,"128312/347733/10381",3,FALSE
"R-HSA-453274","Mitotic G2-G2/M phases","7/703","183/9062",0.0382513661202186,0.493078065122931,-2.00896867871034,0.990312008941764,0.999999999911466,0.927566440772491,"4660/347733/1026/7465/22822/8900/10381",7,FALSE
"R-HSA-2029480","Fcgamma receptor (FCGR) dependent phagocytosis","2/703","83/9062",0.0240963855421687,0.310613720886391,-1.82968471853679,0.990424096850301,0.999999999911466,0.927566440772491,"644150/122618",2,FALSE
"R-HSA-6796648","TP53 Regulates Transcription of DNA Repair Genes","1/703","58/9062",0.0172413793103448,0.222249472703193,-1.72315812809166,0.990895343996052,0.999999999911466,0.927566440772491,"2353",1,FALSE
"R-HSA-68949","Orc1 removal from chromatin","1/703","58/9062",0.0172413793103448,0.222249472703193,-1.72315812809166,0.990895343996052,0.999999999911466,0.927566440772491,"8900",1,FALSE
"R-HSA-174184","Cdc20:Phospho-APC/C mediated degradation of Cyclin A","1/703","59/9062",0.0169491525423729,0.218482532487885,-1.74646398875223,0.991606202855534,0.999999999911466,0.927566440772491,"8900",1,FALSE
"R-HSA-5218859","Regulated Necrosis","1/703","59/9062",0.0169491525423729,0.218482532487885,-1.74646398875223,0.991606202855534,0.999999999911466,0.927566440772491,"8626",1,FALSE
"R-HSA-69017","CDK-mediated phosphorylation and removal of Cdc6","1/703","59/9062",0.0169491525423729,0.218482532487885,-1.74646398875223,0.991606202855534,0.999999999911466,0.927566440772491,"8900",1,FALSE
"R-HSA-9664407","Parasite infection","1/703","59/9062",0.0169491525423729,0.218482532487885,-1.74646398875223,0.991606202855534,0.999999999911466,0.927566440772491,"644150",1,FALSE
"R-HSA-9664417","Leishmania phagocytosis","1/703","59/9062",0.0169491525423729,0.218482532487885,-1.74646398875223,0.991606202855534,0.999999999911466,0.927566440772491,"644150",1,FALSE
"R-HSA-9664422","FCGR3A-mediated phagocytosis","1/703","59/9062",0.0169491525423729,0.218482532487885,-1.74646398875223,0.991606202855534,0.999999999911466,0.927566440772491,"644150",1,FALSE
"R-HSA-9909396","Circadian clock","3/703","108/9062",0.0277777777777778,0.3580685949107,-1.94616886740688,0.991954060059095,0.999999999911466,0.927566440772491,"5054/56938/102724428",3,FALSE
"R-HSA-179419","APC:Cdc20 mediated degradation of cell cycle proteins prior to satisfation of the cell cycle checkpoint","1/703","60/9062",0.0166666666666667,0.21484115694642,-1.76950670414863,0.992261633200148,0.999999999911466,0.927566440772491,"8900",1,FALSE
"R-HSA-73884","Base Excision Repair","1/703","60/9062",0.0166666666666667,0.21484115694642,-1.76950670414863,0.992261633200148,0.999999999911466,0.927566440772491,"128312",1,FALSE
"R-HSA-9694635","Translation of Structural Proteins","1/703","60/9062",0.0166666666666667,0.21484115694642,-1.76950670414863,0.992261633200148,0.999999999911466,0.927566440772491,"25834",1,FALSE
"R-HSA-380320","Recruitment of NuMA to mitotic centrosomes","2/703","86/9062",0.0232558139534884,0.299778358529889,-1.8920469021234,0.992262197728324,0.999999999911466,0.927566440772491,"347733/10381",2,FALSE
"R-HSA-9013404","RAC2 GTPase cycle","2/703","86/9062",0.0232558139534884,0.299778358529889,-1.8920469021234,0.992262197728324,0.999999999911466,0.927566440772491,"80728/4810",2,FALSE
"R-HSA-2029482","Regulation of actin dynamics for phagocytic cup formation","1/703","61/9062",0.0163934426229508,0.211319170766971,-1.79229455805445,0.992865951336151,0.999999999911466,0.927566440772491,"644150",1,FALSE
"R-HSA-176409","APC/C:Cdc20 mediated degradation of mitotic proteins","1/703","62/9062",0.0161290322580645,0.207910797044923,-1.81483542743093,0.993423137894387,0.999999999911466,0.927566440772491,"8900",1,FALSE
"R-HSA-1834949","Cytosolic sensors of pathogen-associated DNA","1/703","62/9062",0.0161290322580645,0.207910797044923,-1.81483542743093,0.993423137894387,0.999999999911466,0.927566440772491,"81030",1,FALSE
"R-HSA-8876198","RAB GEFs exchange GTP for GDP on RABs","2/703","89/9062",0.0224719101123595,0.289673470040117,-1.95286746448869,0.993753875482922,0.999999999911466,0.927566440772491,"338382/51209",2,FALSE
"R-HSA-176814","Activation of APC/C and APC/C:Cdc20 mediated degradation of mitotic proteins","1/703","63/9062",0.0158730158730159,0.204610625663257,-1.83713680909653,0.993936863901081,0.999999999911466,0.927566440772491,"8900",1,FALSE
"R-HSA-427413","NoRC negatively regulates rRNA expression","1/703","63/9062",0.0158730158730159,0.204610625663257,-1.83713680909653,0.993936863901081,0.999999999911466,0.927566440772491,"128312",1,FALSE
"R-HSA-450294","MAP kinase activation","1/703","63/9062",0.0158730158730159,0.204610625663257,-1.83713680909653,0.993936863901081,0.999999999911466,0.927566440772491,"2353",1,FALSE
"R-HSA-909733","Interferon alpha/beta signaling","1/703","63/9062",0.0158730158730159,0.204610625663257,-1.83713680909653,0.993936863901081,0.999999999911466,0.927566440772491,"1958",1,FALSE
"R-HSA-1474165","Reproduction","2/703","90/9062",0.0222222222222222,0.28645487592856,-1.97281622099353,0.994185483121947,0.999999999911466,0.927566440772491,"128312/257062",2,FALSE
"R-HSA-70171","Glycolysis","1/703","64/9062",0.015625,0.201413584637269,-1.85920584423303,0.994410514826466,0.999999999911466,0.927566440772491,"387712",1,FALSE
"R-HSA-5250913","Positive epigenetic regulation of rRNA expression","1/703","65/9062",0.0153846153846154,0.198314914104388,-1.88104934093613,0.994847212767897,0.999999999911466,0.927566440772491,"128312",1,FALSE
"R-HSA-5578749","Transcriptional regulation by small RNAs","1/703","65/9062",0.0153846153846154,0.198314914104388,-1.88104934093613,0.994847212767897,0.999999999911466,0.927566440772491,"128312",1,FALSE
"R-HSA-6802952","Signaling by BRAF and RAF1 fusions","1/703","65/9062",0.0153846153846154,0.198314914104388,-1.88104934093613,0.994847212767897,0.999999999911466,0.927566440772491,"2335",1,FALSE
"R-HSA-453279","Mitotic G1 phase and G1/S transition","4/703","137/9062",0.0291970802919708,0.376364070563072,-2.13292637431002,0.995093097630536,0.999999999911466,0.927566440772491,"1026/1029/7465/8900",4,FALSE
"R-HSA-5250941","Negative epigenetic regulation of rRNA expression","1/703","66/9062",0.0151515151515152,0.195310142678564,-1.90267379499495,0.995249836911964,0.999999999911466,0.927566440772491,"128312",1,FALSE
"R-HSA-9843940","Regulation of endogenous retroelements by KRAB-ZFP proteins","1/703","66/9062",0.0151515151515152,0.195310142678564,-1.90267379499495,0.995249836911964,0.999999999911466,0.927566440772491,"128312",1,FALSE
"R-HSA-196854","Metabolism of vitamins and cofactors","6/703","179/9062",0.0335195530726257,0.43208277374699,-2.22546255610021,0.995620038658859,0.999999999911466,0.927566440772491,"23057/9963/5169/57016/8029/55065",6,FALSE
"R-HSA-1500620","Meiosis","1/703","67/9062",0.0149253731343284,0.192395065922167,-1.92408540906532,0.99562104240895,0.999999999911466,0.927566440772491,"128312",1,FALSE
"R-HSA-176408","Regulation of APC/C activators between G1/S and early anaphase","1/703","67/9062",0.0149253731343284,0.192395065922167,-1.92408540906532,0.99562104240895,0.999999999911466,0.927566440772491,"8900",1,FALSE
"R-HSA-448424","Interleukin-17 signaling","1/703","67/9062",0.0149253731343284,0.192395065922167,-1.92408540906532,0.99562104240895,0.999999999911466,0.927566440772491,"2353",1,FALSE
"R-HSA-73854","RNA Polymerase I Promoter Clearance","1/703","67/9062",0.0149253731343284,0.192395065922167,-1.92408540906532,0.99562104240895,0.999999999911466,0.927566440772491,"128312",1,FALSE
"R-HSA-3214847","HATs acetylate histones","2/703","94/9062",0.0212765957446809,0.274265306740111,-2.05107989130589,0.995638114025295,0.999999999911466,0.927566440772491,"128312/6314",2,FALSE
"R-HSA-1236975","Antigen processing-Cross presentation","2/703","95/9062",0.0210526315789474,0.271378303511268,-2.07027902518068,0.995941593769455,0.999999999911466,0.927566440772491,"50489/1515",2,FALSE
"R-HSA-168928","DDX58/IFIH1-mediated induction of interferon-alpha/beta","1/703","68/9062",0.0147058823529412,0.189565726717429,-1.94529011038378,0.995963277782659,0.999999999911466,0.927566440772491,"7128",1,FALSE
"R-HSA-1912422","Pre-NOTCH Expression and Processing","1/703","68/9062",0.0147058823529412,0.189565726717429,-1.94529011038378,0.995963277782659,0.999999999911466,0.927566440772491,"128312",1,FALSE
"R-HSA-199992","trans-Golgi Network Vesicle Budding","1/703","68/9062",0.0147058823529412,0.189565726717429,-1.94529011038378,0.995963277782659,0.999999999911466,0.927566440772491,"81567",1,FALSE
"R-HSA-73864","RNA Polymerase I Transcription","1/703","68/9062",0.0147058823529412,0.189565726717429,-1.94529011038378,0.995963277782659,0.999999999911466,0.927566440772491,"128312",1,FALSE
"R-HSA-69206","G1/S Transition","3/703","119/9062",0.0252100840336134,0.324969817229879,-2.14953055256733,0.996094439777958,0.999999999911466,0.927566440772491,"1026/7465/8900",3,FALSE
"R-HSA-3371453","Regulation of HSF1-mediated heat shock response","1/703","69/9062",0.0144927536231884,0.186818397344713,-1.96629356715399,0.996278800989106,0.999999999911466,0.927566440772491,"22824",1,FALSE
"R-HSA-9610379","HCMV Late Events","1/703","69/9062",0.0144927536231884,0.186818397344713,-1.96629356715399,0.996278800989106,0.999999999911466,0.927566440772491,"128312",1,FALSE
"R-HSA-195253","Degradation of beta-catenin by the destruction complex","1/703","70/9062",0.0142857142857143,0.184149563096932,-1.98710120372347,0.99656969422881,0.999999999911466,0.927566440772491,"51176",1,FALSE
"R-HSA-9917777","Epigenetic regulation by WDR5-containing histone modifying complexes","3/703","121/9062",0.0247933884297521,0.319598415292195,-2.18501045452766,0.99658114200488,0.999999999911466,0.927566440772491,"128312/22822/51129",3,FALSE
"R-HSA-5693532","DNA Double-Strand Break Repair","4/703","143/9062",0.027972027972028,0.360572571098887,-2.23506297200399,0.996619529895072,0.999999999911466,0.927566440772491,"128312/2138/8900/2139",4,FALSE
"R-HSA-9842860","Regulation of endogenous retroelements","2/703","98/9062",0.0204081632653061,0.263070804424188,-2.12704384277942,0.996732999169516,0.999999999911466,0.927566440772491,"128312/8110",2,FALSE
"R-HSA-70326","Glucose metabolism","1/703","71/9062",0.0140845070422535,0.181555907278665,-2.00771821465651,0.996837877609276,0.999999999911466,0.927566440772491,"387712",1,FALSE
"R-HSA-9013694","Signaling by NOTCH4","1/703","71/9062",0.0140845070422535,0.181555907278665,-2.00771821465651,0.996837877609276,0.999999999911466,0.927566440772491,"59",1,FALSE
"R-HSA-913531","Interferon Signaling","9/703","242/9062",0.0371900826446281,0.479397622938293,-2.38049954214473,0.996913477622172,0.999999999911466,0.927566440772491,"163351/7412/51127/1958/347733/4684/23650/10381/1973",9,FALSE
"R-HSA-9612973","Autophagy","4/703","145/9062",0.0275862068965517,0.355599156325109,-2.26839814379786,0.997017560518664,0.999999999911466,0.927566440772491,"5563/347733/3043/10381",4,FALSE
"R-HSA-5687128","MAPK6/MAPK4 signaling","1/703","72/9062",0.0138888888888889,0.17903429745535,-2.02814957779854,0.997085121746822,0.999999999911466,0.927566440772491,"5063",1,FALSE
"R-HSA-9013408","RHOG GTPase cycle","1/703","72/9062",0.0138888888888889,0.17903429745535,-2.02814957779854,0.997085121746822,0.999999999911466,0.927566440772491,"80728",1,FALSE
"R-HSA-1169408","ISG15 antiviral mechanism","1/703","73/9062",0.0136986301369863,0.176581772832674,-2.04840006641766,0.99731305938998,0.999999999911466,0.927566440772491,"1973",1,FALSE
"R-HSA-5617833","Cilium Assembly","6/703","189/9062",0.0317460317460317,0.409221251326514,-2.38017610557025,0.997512740231657,0.999999999911466,0.927566440772491,"347733/6608/1262/83657/10381/2847",6,FALSE
"R-HSA-174143","APC/C-mediated degradation of cell cycle proteins","1/703","74/9062",0.0135135135135135,0.17419553265926,-2.06847426050082,0.997523196140324,0.999999999911466,0.927566440772491,"8900",1,FALSE
"R-HSA-453276","Regulation of mitotic cell cycle","1/703","74/9062",0.0135135135135135,0.17419553265926,-2.06847426050082,0.997523196140324,0.999999999911466,0.927566440772491,"8900",1,FALSE
"R-HSA-450531","Regulation of mRNA stability by proteins that bind AU-rich elements","1/703","75/9062",0.0133333333333333,0.171872925557136,-2.0883765572744,0.997716920340741,0.999999999911466,0.927566440772491,"7538",1,FALSE
"R-HSA-3108214","SUMOylation of DNA damage response and repair proteins","1/703","76/9062",0.0131578947368421,0.169611439694542,-2.1081111810125,0.997895512195694,0.999999999911466,0.927566440772491,"1029",1,FALSE
"R-HSA-446203","Asparagine N-linked glycosylation","11/703","286/9062",0.0384615384615385,0.495787285260969,-2.51267933185992,0.997895830315365,0.999999999911466,0.927566440772491,"84620/1294/374/287/347733/6712/25834/10381/124872/55808/64377",11,FALSE
"R-HSA-5663220","RHO GTPases Activate Formins","3/703","130/9062",0.0230769230769231,0.297472371156582,-2.33964137407374,0.998132522530844,0.999999999911466,0.927566440772491,"388/347733/10381",3,FALSE
"R-HSA-194138","Signaling by VEGF","2/703","106/9062",0.0188679245283019,0.243216404090287,-2.27277354187845,0.998175203660748,0.999999999911466,0.927566440772491,"5228/5063",2,FALSE
"R-HSA-73886","Chromosome Maintenance","2/703","106/9062",0.0188679245283019,0.243216404090287,-2.27277354187845,0.998175203660748,0.999999999911466,0.927566440772491,"128312/8900",2,FALSE
"R-HSA-69052","Switching of origins to a post-replicative state","1/703","78/9062",0.0128205128205128,0.165262428420323,-2.14709349603442,0.998211928812472,0.999999999911466,0.927566440772491,"8900",1,FALSE
"R-HSA-1632852","Macroautophagy","3/703","131/9062",0.0229007633587786,0.295201589697371,-2.35634612239606,0.998254846594906,0.999999999911466,0.927566440772491,"5563/347733/10381",3,FALSE
"R-HSA-9648025","EML4 and NUDC in mitotic spindle formation","2/703","107/9062",0.0186915887850467,0.24094335358477,-2.29045543507385,0.998303973801219,0.999999999911466,0.927566440772491,"347733/10381",2,FALSE
"R-HSA-69481","G2/M Checkpoints","3/703","132/9062",0.0227272727272727,0.292965214017846,-2.37296090280483,0.998369330912347,0.999999999911466,0.927566440772491,"128312/7465/8900",3,FALSE
"R-HSA-5693567","HDR through Homologous Recombination (HRR) or Single Strand Annealing (SSA)","2/703","108/9062",0.0185185185185185,0.238712396607133,-2.30802578144605,0.998423783494467,0.999999999911466,0.927566440772491,"128312/8900",2,FALSE
"R-HSA-8951664","Neddylation","7/703","217/9062",0.032258064516129,0.415821594089845,-2.52589336836715,0.99844598573816,0.999999999911466,0.927566440772491,"140458/1026/114907/51676/283807/201456/90293",7,FALSE
"R-HSA-381340","Transcriptional regulation of white adipocyte differentiation","1/703","80/9062",0.0125,0.161130867709815,-2.18545187383912,0.998480828572447,0.999999999911466,0.927566440772491,"51129",1,FALSE
"R-HSA-5689880","Ub-specific processing proteases","4/703","158/9062",0.0253164556962025,0.326340997893296,-2.47722041575943,0.998694638850531,0.999999999911466,0.927566440772491,"128312/6314/9099/8900",4,FALSE
"R-HSA-157118","Signaling by NOTCH","5/703","181/9062",0.0276243093922652,0.356090315380807,-2.53759245629737,0.998809464403463,0.999999999911466,0.927566440772491,"128312/92737/59/4192/26960",5,FALSE
"R-HSA-9833110","RSV-host interactions","1/703","83/9062",0.0120481927710843,0.155306860443195,-2.24188118638963,0.998810378075075,0.999999999911466,0.927566440772491,"4131",1,FALSE
"R-HSA-5693538","Homology Directed Repair","2/703","114/9062",0.0175438596491228,0.22614858625939,-2.41121303844541,0.998986061181354,0.999999999911466,0.927566440772491,"128312/8900",2,FALSE
"R-HSA-1169410","Antiviral mechanism by IFN-stimulated genes","3/703","139/9062",0.0215827338129496,0.278211570146443,-2.48685483427891,0.998988771039921,0.999999999911466,0.927566440772491,"347733/10381/1973",3,FALSE
"R-HSA-2565942","Regulation of PLK1 Activity at G2/M Transition","1/703","86/9062",0.0116279069767442,0.149889179264944,-2.29705774511113,0.999068518652217,0.999999999911466,0.927566440772491,"4660",1,FALSE
"R-HSA-168898","Toll-like Receptor Cascades","4/703","165/9062",0.0242424242424242,0.312496228285702,-2.58454338640227,0.999170045519536,0.999999999911466,0.927566440772491,"1513/1515/1759/2353",4,FALSE
"R-HSA-2500257","Resolution of Sister Chromatid Cohesion","2/703","117/9062",0.0170940170940171,0.220349904560431,-2.46145023596429,0.999187585070838,0.999999999911466,0.927566440772491,"347733/10381",2,FALSE
"R-HSA-3371556","Cellular response to heat stress","1/703","88/9062",0.0113636363636364,0.146482607008923,-2.33318536788735,0.999208719593774,0.999999999911466,0.927566440772491,"22824",1,FALSE
"R-HSA-9012999","RHO GTPase cycle","18/703","430/9062",0.0418604651162791,0.539601045353799,-2.8366216021879,0.999216075553774,0.999999999911466,0.927566440772491,"388/25791/9901/22865/5099/26049/5924/222584/644150/11075/80728/9414/399693/10276/70/171177/4810/5063",18,FALSE
"R-HSA-3700989","Transcriptional Regulation by TP53","13/703","343/9062",0.0379008746355685,0.488560065359206,-2.80025074992942,0.999245824559729,0.999999999911466,0.927566440772491,"7161/5563/1647/7832/8626/1026/94241/1029/9099/63970/8900/2877/2353",13,FALSE
"R-HSA-195258","RHO GTPase Effectors","9/703","269/9062",0.033457249070632,0.431279645914747,-2.74596463771102,0.99925166476853,0.999999999911466,0.927566440772491,"4660/128312/388/347733/644150/3798/4629/10381/5063",9,FALSE
"R-HSA-9007101","Rab regulation of trafficking","2/703","119/9062",0.0168067226890756,0.216646544819919,-2.49446947462228,0.999299400303754,0.999999999911466,0.927566440772491,"338382/51209",2,FALSE
"R-HSA-211000","Gene Silencing by RNA","1/703","90/9062",0.0111111111111111,0.14322743796428,-2.36881277870946,0.999327843799532,0.999999999911466,0.927566440772491,"128312",1,FALSE
"R-HSA-68867","Assembly of the pre-replicative complex","1/703","91/9062",0.010989010989011,0.141653510074563,-2.38644521274687,0.999380510519207,0.999999999911466,0.927566440772491,"128312",1,FALSE
"R-HSA-9692914","SARS-CoV-1-host interactions","1/703","93/9062",0.010752688172043,0.138607198029948,-2.42135945350425,0.999473802182882,0.999999999911466,0.927566440772491,"114548",1,FALSE
"R-HSA-69242","S Phase","3/703","149/9062",0.0201342281879195,0.25953965268695,-2.64284414480622,0.999493145112371,0.999999999911466,0.927566440772491,"1026/7465/8900",3,FALSE
"R-HSA-1592230","Mitochondrial biogenesis","1/703","94/9062",0.0106382978723404,0.137132653370055,-2.43864580262442,0.999515046141565,0.999999999911466,0.927566440772491,"5563",1,FALSE
"R-HSA-6807070","PTEN Regulation","2/703","125/9062",0.016,0.206247510668563,-2.59139008610025,0.999551409073716,0.999999999911466,0.927566440772491,"1958/57167",2,FALSE
"R-HSA-168142","Toll Like Receptor 10 (TLR10) Cascade","1/703","96/9062",0.0104166666666667,0.134275723091513,-2.47288779251123,0.999588100925509,0.999999999911466,0.927566440772491,"2353",1,FALSE
"R-HSA-168176","Toll Like Receptor 5 (TLR5) Cascade","1/703","96/9062",0.0104166666666667,0.134275723091513,-2.47288779251123,0.999588100925509,0.999999999911466,0.927566440772491,"2353",1,FALSE
"R-HSA-975871","MyD88 cascade initiated on plasma membrane","1/703","96/9062",0.0104166666666667,0.134275723091513,-2.47288779251123,0.999588100925509,0.999999999911466,0.927566440772491,"2353",1,FALSE
"R-HSA-9010553","Regulation of expression of SLITs and ROBOs","3/703","152/9062",0.0197368421052632,0.254417159541813,-2.68823611465058,0.999588711279764,0.999999999911466,0.927566440772491,"6092/6091/1287",3,FALSE
"R-HSA-202403","TCR signaling","1/703","97/9062",0.0103092783505155,0.132891437286445,-2.48984757032942,0.99962039682662,0.999999999911466,0.927566440772491,"5063",1,FALSE
"R-HSA-4420097","VEGFA-VEGFR2 Pathway","1/703","97/9062",0.0103092783505155,0.132891437286445,-2.48984757032942,0.99962039682662,0.999999999911466,0.927566440772491,"5063",1,FALSE
"R-HSA-9633012","Response of EIF2AK4 (GCN2) to amino acid deficiency","1/703","99/9062",0.0101010101010101,0.130206761785709,-2.52345457476878,0.999677599649413,0.999999999911466,0.927566440772491,"467",1,FALSE
"R-HSA-975138","TRAF6 mediated induction of NFkB and MAP kinases upon TLR7/8 or 9 activation","1/703","99/9062",0.0101010101010101,0.130206761785709,-2.52345457476878,0.999677599649413,0.999999999911466,0.927566440772491,"2353",1,FALSE
"R-HSA-68875","Mitotic Prophase","1/703","100/9062",0.01,0.128904694167852,-2.5401055811137,0.999702886656717,0.999999999911466,0.927566440772491,"128312",1,FALSE
"R-HSA-975155","MyD88 dependent cascade initiated on endosome","1/703","100/9062",0.01,0.128904694167852,-2.5401055811137,0.999702886656717,0.999999999911466,0.927566440772491,"2353",1,FALSE
"R-HSA-71291","Metabolism of amino acids and derivatives","10/703","311/9062",0.0321543408360129,0.414484547163511,-3.04704086736827,0.999782776661448,0.999999999911466,0.927566440772491,"113451/2326/339896/6999/29958/8424/10993/1734/3067/6528",10,FALSE
"R-HSA-168181","Toll Like Receptor 7/8 (TLR7/8) Cascade","1/703","104/9062",0.00961538461538462,0.123946821315242,-2.6057345742386,0.999785717104243,0.999999999911466,0.927566440772491,"2353",1,FALSE
"R-HSA-168164","Toll Like Receptor 3 (TLR3) Cascade","1/703","105/9062",0.00952380952380952,0.122766375397954,-2.62190648340484,0.999802533455629,0.999999999911466,0.927566440772491,"2353",1,FALSE
"R-HSA-9820952","Respiratory Syncytial Virus Infection Pathway","1/703","106/9062",0.00943396226415094,0.121608202045143,-2.63798746244629,0.999818031834628,0.999999999911466,0.927566440772491,"4131",1,FALSE
"R-HSA-3108232","SUMO E3 ligases SUMOylate target proteins","3/703","164/9062",0.0182926829268293,0.235801269819242,-2.8639840839218,0.999822970642988,0.999999999911466,0.927566440772491,"4929/7020/1029",3,FALSE
"R-HSA-156827","L13a-mediated translational silencing of Ceruloplasmin expression","1/703","107/9062",0.00934579439252336,0.120471676792385,-2.65397903793633,0.999832315400981,0.999999999911466,0.927566440772491,"1973",1,FALSE
"R-HSA-168138","Toll Like Receptor 9 (TLR9) Cascade","1/703","107/9062",0.00934579439252336,0.120471676792385,-2.65397903793633,0.999832315400981,0.999999999911466,0.927566440772491,"2353",1,FALSE
"R-HSA-69002","DNA Replication Pre-Initiation","1/703","107/9062",0.00934579439252336,0.120471676792385,-2.65397903793633,0.999832315400981,0.999999999911466,0.927566440772491,"128312",1,FALSE
"R-HSA-69239","Synthesis of DNA","1/703","107/9062",0.00934579439252336,0.120471676792385,-2.65397903793633,0.999832315400981,0.999999999911466,0.927566440772491,"8900",1,FALSE
"R-HSA-9705671","SARS-CoV-2 activates/modulates innate and adaptive immune responses","1/703","107/9062",0.00934579439252336,0.120471676792385,-2.65397903793633,0.999832315400981,0.999999999911466,0.927566440772491,"114548",1,FALSE
"R-HSA-5688426","Deubiquitination","6/703","235/9062",0.025531914893617,0.329118368088133,-3.0217729862469,0.999841633792664,0.999999999911466,0.927566440772491,"128312/114548/6314/7128/9099/8900",6,FALSE
"R-HSA-166166","MyD88-independent TLR4 cascade","1/703","108/9062",0.00925925925925926,0.119356198303567,-2.66988269548522,0.999845479250574,0.999999999911466,0.927566440772491,"2353",1,FALSE
"R-HSA-72706","GTP hydrolysis and joining of the 60S ribosomal subunit","1/703","108/9062",0.00925925925925926,0.119356198303567,-2.66988269548522,0.999845479250574,0.999999999911466,0.927566440772491,"1973",1,FALSE
"R-HSA-937061","TRIF (TICAM1)-mediated TLR4 signaling","1/703","108/9062",0.00925925925925926,0.119356198303567,-2.66988269548522,0.999845479250574,0.999999999911466,0.927566440772491,"2353",1,FALSE
"R-HSA-5663202","Diseases of signal transduction by growth factor receptors and second messengers","16/703","432/9062",0.037037037037037,0.477424793214267,-3.22755641216598,0.999863407131291,0.999999999911466,0.927566440772491,"940/2335/255324/2069/374/9542/2246/8817/1026/7291/4908/3164/2100/145957/930/399473",16,FALSE
"R-HSA-166016","Toll Like Receptor 4 (TLR4) Cascade","2/703","141/9062",0.0141843971631206,0.182843537826741,-2.83593695057762,0.999864822809668,0.999999999911466,0.927566440772491,"1759/2353",2,FALSE
"R-HSA-166058","MyD88:MAL(TIRAP) cascade initiated on plasma membrane","1/703","110/9062",0.00909090909090909,0.117186085607138,-2.70143200329218,0.999868791591739,0.999999999911466,0.927566440772491,"2353",1,FALSE
"R-HSA-168188","Toll Like Receptor TLR6:TLR2 Cascade","1/703","110/9062",0.00909090909090909,0.117186085607138,-2.70143200329218,0.999868791591739,0.999999999911466,0.927566440772491,"2353",1,FALSE
"R-HSA-69306","DNA Replication","2/703","142/9062",0.0140845070422535,0.181555907278665,-2.85062000467535,0.999874645529181,0.999999999911466,0.927566440772491,"128312/8900",2,FALSE
"R-HSA-2454202","Fc epsilon receptor (FCERI) signaling","1/703","111/9062",0.00900900900900901,0.116130355106173,-2.71708043307966,0.999879095379832,0.999999999911466,0.927566440772491,"2353",1,FALSE
"R-HSA-2990846","SUMOylation","3/703","170/9062",0.0176470588235294,0.227478872060915,-2.94865298155475,0.999884327228062,0.999999999911466,0.927566440772491,"4929/7020/1029",3,FALSE
"R-HSA-168179","Toll Like Receptor TLR1:TLR2 Cascade","1/703","113/9062",0.00884955752212389,0.11407495059102,-2.74813152591617,0.999897341963976,0.999999999911466,0.927566440772491,"2353",1,FALSE
"R-HSA-181438","Toll Like Receptor 2 (TLR2) Cascade","1/703","113/9062",0.00884955752212389,0.11407495059102,-2.74813152591617,0.999897341963976,0.999999999911466,0.927566440772491,"2353",1,FALSE
"R-HSA-72613","Eukaryotic Translation Initiation","1/703","115/9062",0.00869565217391304,0.112091038406828,-2.77886344563019,0.999912838146221,0.999999999911466,0.927566440772491,"1973",1,FALSE
"R-HSA-72737","Cap-dependent Translation Initiation","1/703","115/9062",0.00869565217391304,0.112091038406828,-2.77886344563019,0.999912838146221,0.999999999911466,0.927566440772491,"1973",1,FALSE
"R-HSA-162909","Host Interactions of HIV factors","1/703","116/9062",0.00862068965517241,0.111124736351597,-2.79411278968449,0.999919686786347,0.999999999911466,0.927566440772491,"940",1,FALSE
"R-HSA-6798695","Neutrophil degranulation","16/703","448/9062",0.0357142857142857,0.460373907742329,-3.39717624903486,0.999938604583157,0.999999999911466,0.927566440772491,"6518/5317/1118/23114/81567/154664/26/3043/3848/1511/12/11001/83716/6317/6616/51209",16,FALSE
"R-HSA-9609507","Protein localization","2/703","155/9062",0.0129032258064516,0.166328637635938,-3.03587280086023,0.999953199816361,0.999999999911466,0.927566440772491,"570/11001",2,FALSE
"R-HSA-1852241","Organelle biogenesis and maintenance","7/703","283/9062",0.0247349823321555,0.318845533277373,-3.37601888411284,0.999969314272807,0.999999999911466,0.927566440772491,"5563/347733/6608/1262/83657/10381/2847",7,FALSE
"R-HSA-446652","Interleukin-1 family signaling","1/703","130/9062",0.00769230769230769,0.0991574570521939,-3.00009337494148,0.999974484767459,0.999999999911466,0.927566440772491,"1511",1,FALSE
"R-HSA-2467813","Separation of Sister Chromatids","2/703","167/9062",0.0119760479041916,0.154376879242937,-3.19853180298808,0.999981280681313,0.999999999911466,0.927566440772491,"347733/10381",2,FALSE
"R-HSA-9678108","SARS-CoV-1 Infection","1/703","136/9062",0.00735294117647059,0.0947828633587147,-3.08448274443673,0.999984399903499,0.999999999911466,0.927566440772491,"114548",1,FALSE
"R-HSA-69620","Cell Cycle Checkpoints","5/703","252/9062",0.0198412698412698,0.255763282079072,-3.47465727395126,0.999987978283104,0.999999999911466,0.927566440772491,"128312/1026/1029/7465/8900",5,FALSE
"R-HSA-983168","Antigen processing: Ubiquitination & Proteasome degradation","6/703","277/9062",0.0216606498194946,0.279215944045889,-3.5331553872644,0.999989193407547,0.999999999911466,0.927566440772491,"140458/114907/51676/283807/201456/90293",6,FALSE
"R-HSA-4839726","Chromatin organization","4/703","230/9062",0.0173913043478261,0.224182076813656,-3.45607184071875,0.999989916784668,0.999999999911466,0.927566440772491,"128312/6314/84159/8110",4,FALSE
"R-HSA-212165","Epigenetic regulation of gene expression","5/703","266/9062",0.018796992481203,0.242302056706489,-3.63733148131794,0.999995358812235,0.999999999911466,0.927566440772491,"128312/80312/22822/8110/51129",5,FALSE
"R-HSA-9711097","Cellular response to starvation","1/703","151/9062",0.00662251655629139,0.0853673471310279,-3.28670343556472,0.999995447068163,0.999999999911466,0.927566440772491,"467",1,FALSE
"R-HSA-3247509","Chromatin modifying enzymes","3/703","216/9062",0.0138888888888889,0.17903429745535,-3.54133479982376,0.999995888737703,0.999999999911466,0.927566440772491,"128312/6314/84159",3,FALSE
"R-HSA-9679506","SARS-CoV Infections","10/703","380/9062",0.0263157894736842,0.339222879389084,-3.81615028796678,0.9999959582175,0.999999999911466,0.927566440772491,"477/114548/63982/55107/25834/121601/482/974/973/81030",10,FALSE
"R-HSA-9694516","SARS-CoV-2 Infection","5/703","275/9062",0.0181818181818182,0.234372171214276,-3.73897283155944,0.999997498872884,0.999999999911466,0.927566440772491,"114548/63982/55107/25834/121601",5,FALSE
"R-HSA-68877","Mitotic Prometaphase","2/703","194/9062",0.0103092783505155,0.132891437286445,-3.54038150034851,0.999997667181954,0.999999999911466,0.927566440772491,"347733/10381",2,FALSE
"R-HSA-983169","Class I MHC mediated antigen processing & presentation","8/703","352/9062",0.0227272727272727,0.292965214017846,-3.9236621121642,0.999998427990817,0.999999999911466,0.927566440772491,"50489/140458/114907/1515/51676/283807/201456/90293",8,FALSE
"R-HSA-68882","Mitotic Anaphase","2/703","211/9062",0.00947867298578199,0.122184544234931,-3.74142329213039,0.999999379298765,0.999999999911466,0.927566440772491,"347733/10381",2,FALSE
"R-HSA-2555396","Mitotic Metaphase and Anaphase","2/703","212/9062",0.00943396226415094,0.121608202045143,-3.75295305625101,0.999999425964786,0.999999999911466,0.927566440772491,"347733/10381",2,FALSE
"R-HSA-9705683","SARS-CoV-2-host interactions","1/703","181/9062",0.00552486187845304,0.0712180630761614,-3.66024939984718,0.999999614700635,0.999999999911466,0.927566440772491,"114548",1,FALSE
"R-HSA-73894","DNA Repair","4/703","295/9062",0.0135593220338983,0.174786025990308,-4.17869471111617,0.999999905899022,0.999999999911466,0.927566440772491,"128312/2138/8900/2139",4,FALSE
"R-HSA-72163","mRNA Splicing - Major Pathway","1/703","204/9062",0.00490196078431373,0.0631885755724765,-3.92453303521175,0.999999942324241,0.999999999911466,0.927566440772491,"135295",1,FALSE
"R-HSA-162906","HIV Infection","1/703","211/9062",0.004739336492891,0.0610922721174654,-4.00181065301394,0.99999996767619,0.999999999911466,0.927566440772491,"940",1,FALSE
"R-HSA-72172","mRNA Splicing","1/703","212/9062",0.00471698113207547,0.0608041010225717,-4.01274024608652,0.999999970243543,0.999999999911466,0.927566440772491,"135295",1,FALSE
"R-HSA-69278","Cell Cycle, Mitotic","9/703","497/9062",0.0181086519114688,0.233429023643998,-5.09747903095679,0.999999999529515,0.999999999911466,0.927566440772491,"4660/128312/347733/1026/1029/7465/22822/8900/10381",9,FALSE
"R-HSA-68886","M Phase","3/703","351/9062",0.00854700854700855,0.110174952280215,-4.9307472708976,0.999999999862339,0.999999999911466,0.927566440772491,"128312/347733/10381",3,FALSE
"R-HSA-72203","Processing of Capped Intron-Containing Pre-mRNA","1/703","278/9062",0.00359712230215827,0.0463685950244072,-4.68322846007399,0.999999999876393,0.999999999911466,0.927566440772491,"135295",1,FALSE
"R-HSA-72766","Translation","1/703","282/9062",0.00354609929078014,0.0457108844566851,-4.72112861329267,0.999999999911466,0.999999999911466,0.927566440772491,"1973",1,FALSE
