"ID","Description","GeneRatio","BgRatio","RichFactor","FoldEnrichment","zScore","pvalue","p.adjust","qvalue","geneID","Count","BH_significant","direction","ontology"
"GO:0002385","mucosal immune response","10/423","27/13537",0.37037037037037,11.8527274319236,10.1377334969772,4.18503750792232e-09,1.05209349382851e-05,9.25886364395964e-06,"11126/5284/64284/820/1669/1668/5319/6037/6036/2867",10,TRUE,"Higher_in_IPF","GO_Biological_Process"
"GO:0019730","antimicrobial humoral response","18/423","109/13537",0.165137614678899,5.28479406597697,8.06650307001243,6.88085364847761e-09,1.05209349382851e-05,9.25886364395964e-06,"6280/6283/820/5196/2243/5225/7432/1669/1668/5319/6037/6368/5657/8993/671/128488/5266/6590",18,TRUE,"Higher_in_IPF","GO_Biological_Process"
"GO:0002251","organ or tissue specific immune response","10/423","29/13537",0.344827586206897,11.03529795386,9.71586588522891,9.39415093921826e-09,1.05209349382851e-05,9.25886364395964e-06,"11126/5284/64284/820/1669/1668/5319/6037/6036/2867",10,TRUE,"Higher_in_IPF","GO_Biological_Process"
"GO:0019731","antibacterial humoral response","12/423","46/13537",0.260869565217391,8.34844279987666,8.96602467125877,1.10224567189996e-08,1.05209349382851e-05,9.25886364395964e-06,"820/2243/5225/7432/1669/1668/5319/6037/671/128488/5266/6590",12,TRUE,"Higher_in_IPF","GO_Biological_Process"
"GO:0006959","humoral immune response","23/423","196/13537",0.11734693877551,3.75537945674724,6.97851516472017,4.85478571351085e-08,3.70711437083688e-05,3.26241599947929e-05,"713/8547/6280/6283/922/722/729230/820/5196/2243/5225/7432/1669/1668/5319/6037/6368/5657/8993/671/128488/5266/6590",23,TRUE,"Higher_in_IPF","GO_Biological_Process"
"GO:0042742","defense response to bacterium","23/423","211/13537",0.109004739336493,3.48840935318701,6.54275887323883,1.89736109480852e-07,0.000120735410999649,0.000106252221309277,"115361/11126/2209/6280/6283/6279/57402/820/306/2243/5225/7432/1669/1668/6441/5319/6037/4353/8993/671/128488/5266/6590",23,TRUE,"Higher_in_IPF","GO_Biological_Process"
"GO:0050832","defense response to fungus","10/423","40/13537",0.25,8.00059101654846,7.96331407876353,2.9209537318042e-07,0.000159317162114692,0.000140205779126601,"6280/6283/6279/1524/820/383/7432/1669/1668/4353",10,TRUE,"Higher_in_IPF","GO_Biological_Process"
"GO:0001819","positive regulation of cytokine production","34/423","435/13537",0.0781609195402299,2.50133420287492,5.71611524837618,8.476813796365e-07,0.000394904176492149,0.000347532224466637,"5590/27159/11126/2209/51744/89780/9173/8809/3552/7855/729230/820/5196/1437/3135/177/29126/5004/5005/6833/4317/120892/5319/4210/247/284293/126259/2867/91662/353514/11027/50487/3162/51311",34,TRUE,"Higher_in_IPF","GO_Biological_Process"
"GO:0051046","regulation of secretion","37/423","499/13537",0.0741482965931864,2.37292078246327,5.61226320545082,9.89129256727747e-07,0.000394904176492149,0.000347532224466637,"8431/11126/6279/5208/1131/3552/7273/7476/729230/10675/5028/1950/2243/84830/1080/203190/80223/114/83849/27063/338557/5950/3767/6833/120892/27345/5319/1361/29091/6532/56729/84106/2867/57126/3170/140730/50487",37,TRUE,"Higher_in_IPF","GO_Biological_Process"
"GO:1903530","regulation of secretion by cell","35/423","459/13537",0.0762527233115468,2.44026741245487,5.63801955122522,1.0343220966269e-06,0.000394904176492149,0.000347532224466637,"8431/11126/5208/1131/3552/7273/7476/729230/10675/5028/2243/84830/1080/203190/80223/114/83849/27063/338557/5950/3767/6833/120892/27345/5319/1361/29091/6532/56729/84106/2867/57126/3170/140730/50487",35,TRUE,"Higher_in_IPF","GO_Biological_Process"
"GO:1990266","neutrophil migration","14/423","98/13537",0.142857142857143,4.57176629517055,6.3732413102716,2.03308674889888e-06,0.000668675794583443,0.000588462721267776,"1441/6280/6283/6279/3552/3579/3577/5196/2529/5319/23604/2013/5657/57126",14,TRUE,"Higher_in_IPF","GO_Biological_Process"
"GO:0045056","transcytosis","7/423","21/13537",0.333333333333333,10.6674546887313,7.96242707657754,2.20208956245646e-06,0.000668675794583443,0.000588462721267776,"84879/5284/4036/64284/177/338328/51090",7,TRUE,"Higher_in_IPF","GO_Biological_Process"
"GO:0097529","myeloid leukocyte migration","21/423","208/13537",0.100961538461538,3.23100791052919,5.8234689008404,2.27679029061937e-06,0.000668675794583443,0.000588462721267776,"1441/6280/6283/6279/57402/3552/3579/3577/1524/729230/5196/177/2529/6441/5319/23604/2013/6368/5657/57126/2277",21,TRUE,"Higher_in_IPF","GO_Biological_Process"
"GO:0061844","antimicrobial humoral immune response mediated by antimicrobial peptide","13/423","86/13537",0.151162790697674,4.83756666116884,6.41173609591445,2.46469522345981e-06,0.000672157597369253,0.000591526853630354,"6280/6283/820/5196/5225/7432/1669/1668/5319/6037/6368/8993/671",13,TRUE,"Higher_in_IPF","GO_Biological_Process"
"GO:0009620","response to fungus","10/423","50/13537",0.2,6.40047281323877,6.87079315636849,2.67626253499528e-06,0.000681198023907466,0.000599482807838943,"6280/6283/6279/1524/820/383/7432/1669/1668/4353",10,TRUE,"Higher_in_IPF","GO_Biological_Process"
"GO:0006633","fatty acid biosynthetic process","16/423","130/13537",0.123076923076923,3.93875250045463,6.0466753265323,2.89478965751478e-06,0.000690769182024464,0.000607905828078104,"2944/33/51085/2171/55301/6319/83401/5319/255189/6296/247/2194/57761/55902/50487/58526",16,TRUE,"Higher_in_IPF","GO_Biological_Process"
"GO:0050729","positive regulation of inflammatory response","16/423","133/13537",0.120300751879699,3.84990845909099,5.93181076977706,3.91525270096946e-06,0.000879319694841258,0.000773838180897493,"2209/6280/6283/6279/9173/729230/4317/838/120892/4210/26471/1050/2867/91662/353514/50487",16,TRUE,"Higher_in_IPF","GO_Biological_Process"
"GO:0050900","leukocyte migration","28/423","353/13537",0.0793201133144476,2.5384311440607,5.26004652602885,6.10834335707202e-06,0.00129564749651672,0.00114022409332011,"1441/6280/6283/6279/57402/3552/3579/3577/1524/729230/5196/84830/177/1669/2529/6441/5319/23604/2013/2811/6368/3674/5657/2867/57126/91662/3162/2277",28,TRUE,"Higher_in_IPF","GO_Biological_Process"
"GO:0032760","positive regulation of tumor necrosis factor production","13/423","94/13537",0.138297872340426,4.4258588602183,5.98594967230531,6.80025869571254e-06,0.0013236383014593,0.00116485717467345,"2209/3552/7855/729230/5196/177/5004/5005/6833/4317/120892/353514/11027",13,TRUE,"Higher_in_IPF","GO_Biological_Process"
"GO:0006066","alcohol metabolic process","25/423","297/13537",0.0841750841750842,2.69380168907356,5.30083835058465,6.93367365877057e-06,0.0013236383014593,0.00116485717467345,"8431/1718/255738/2330/51744/4036/33/55/5028/5593/6307/3157/1080/195814/5950/7108/1717/84649/335/8630/6799/1050/55902/4047/10682",25,TRUE,"Higher_in_IPF","GO_Biological_Process"
"GO:0002697","regulation of immune effector process","28/423","361/13537",0.0775623268698061,2.48217782230866,5.12636925480882,9.31354612922151e-06,0.00141939629631873,0.00124912822305682,"5590/8547/11126/2209/6280/922/51744/117157/722/8809/8807/7855/1524/729230/3135/177/5225/383/563/29126/2529/5950/335/84106/2867/57126/8993/50487",28,TRUE,"Higher_in_IPF","GO_Biological_Process"
"GO:0032611","interleukin-1 beta production","12/423","83/13537",0.144578313253012,4.62684781679911,5.95237705987214,9.64014575001978e-06,0.00141939629631873,0.00124912822305682,"7855/1524/177/5004/5005/338557/335/4210/91662/353514/11027/51311",12,TRUE,"Higher_in_IPF","GO_Biological_Process"
"GO:0032651","regulation of interleukin-1 beta production","12/423","83/13537",0.144578313253012,4.62684781679911,5.95237705987214,9.64014575001978e-06,0.00141939629631873,0.00124912822305682,"7855/1524/177/5004/5005/338557/335/4210/91662/353514/11027/51311",12,TRUE,"Higher_in_IPF","GO_Biological_Process"
"GO:0032612","interleukin-1 production","13/423","97/13537",0.134020618556701,4.28897662742804,5.83841264857991,9.66587315460633e-06,0.00141939629631873,0.00124912822305682,"7850/7855/1524/177/5004/5005/338557/335/4210/91662/353514/11027/51311",13,TRUE,"Higher_in_IPF","GO_Biological_Process"
"GO:0032652","regulation of interleukin-1 production","13/423","97/13537",0.134020618556701,4.28897662742804,5.83841264857991,9.66587315460633e-06,0.00141939629631873,0.00124912822305682,"7850/7855/1524/177/5004/5005/338557/335/4210/91662/353514/11027/51311",13,TRUE,"Higher_in_IPF","GO_Biological_Process"
"GO:1903557","positive regulation of tumor necrosis factor superfamily cytokine production","13/423","97/13537",0.134020618556701,4.28897662742804,5.83841264857991,9.66587315460633e-06,0.00141939629631873,0.00124912822305682,"2209/3552/7855/729230/5196/177/5004/5005/6833/4317/120892/353514/11027",13,TRUE,"Higher_in_IPF","GO_Biological_Process"
"GO:0008203","cholesterol metabolic process","14/423","117/13537",0.11965811965812,3.82934270877533,5.5201387644818,1.67030750606844e-05,0.00227074754725602,0.00199835300125203,"8431/1718/255738/2330/33/6307/3157/1080/7108/1717/335/1050/4047/10682",14,TRUE,"Higher_in_IPF","GO_Biological_Process"
"GO:0097530","granulocyte migration","15/423","133/13537",0.112781954887218,3.6092891803978,5.43098484878467,1.72440018313994e-05,0.00227074754725602,0.00199835300125203,"1441/6280/6283/6279/57402/3552/3579/3577/5196/2529/5319/23604/2013/5657/57126",15,TRUE,"Higher_in_IPF","GO_Biological_Process"
"GO:0002227","innate immune response in mucosa","6/423","19/13537",0.315789473684211,10.1060097051138,7.13339799110888,1.72476895941395e-05,0.00227074754725602,0.00199835300125203,"820/1669/1668/5319/6037/6036",6,TRUE,"Higher_in_IPF","GO_Biological_Process"
"GO:0071706","tumor necrosis factor superfamily cytokine production","16/423","150/13537",0.106666666666667,3.41358550039401,5.33844106829154,1.84441359471253e-05,0.00227160358213305,0.00199910634781745,"2209/3552/7855/1524/729230/5196/177/29126/5004/5005/6833/4317/120892/353514/11027/671",16,TRUE,"Higher_in_IPF","GO_Biological_Process"
"GO:1903555","regulation of tumor necrosis factor superfamily cytokine production","16/423","150/13537",0.106666666666667,3.41358550039401,5.33844106829154,1.84441359471253e-05,0.00227160358213305,0.00199910634781745,"2209/3552/7855/1524/729230/5196/177/29126/5004/5005/6833/4317/120892/353514/11027/671",16,TRUE,"Higher_in_IPF","GO_Biological_Process"
"GO:0051047","positive regulation of secretion","22/423","260/13537",0.0846153846153846,2.70789234406256,4.99395879821236,2.2758957293312e-05,0.00268824595087309,0.00236576909243939,"8431/11126/6279/5208/1131/3552/7273/5028/2243/1080/114/27063/338557/5950/6833/5319/1361/6532/56729/2867/57126/50487",22,TRUE,"Higher_in_IPF","GO_Biological_Process"
"GO:0002274","myeloid leukocyte activation","20/423","223/13537",0.0896860986547085,2.87016718082456,5.05738892843103,2.32352321578869e-05,0.00268824595087309,0.00236576909243939,"6283/9173/8807/3579/1524/729230/820/306/1437/177/116071/4317/120892/146722/84106/1050/57126/11027/671/50487",20,TRUE,"Higher_in_IPF","GO_Biological_Process"
"GO:1903532","positive regulation of secretion by cell","21/423","245/13537",0.0857142857142857,2.74305977710233,4.94479081594571,2.87891517445874e-05,0.00323285239296573,0.00284504558417099,"8431/11126/5208/1131/3552/7273/5028/2243/1080/114/27063/338557/5950/6833/5319/1361/6532/56729/2867/57126/50487",21,TRUE,"Higher_in_IPF","GO_Biological_Process"
"GO:0001906","cell killing","18/423","192/13537",0.09375,3.00022163120567,5.01322517333011,3.29457128499029e-05,0.00359390661888369,0.00316278843359068,"11126/2209/6283/922/8807/1524/820/5196/3135/177/383/563/1669/1668/1512/2013/8993/3811",18,TRUE,"Higher_in_IPF","GO_Biological_Process"
"GO:0140962","multicellular organismal-level chemical homeostasis","10/423","66/13537",0.151515151515152,4.8488430403324,5.62924326727409,3.51850128245447e-05,0.00373156608233643,0.00328393453029084,"79888/1080/6441/6337/1512/21/361/9476/3162/164656",10,TRUE,"Higher_in_IPF","GO_Biological_Process"
"GO:0016125","sterol metabolic process","14/423","126/13537",0.111111111111111,3.55581822957709,5.17645474582758,3.87809410506177e-05,0.0038964640245068,0.00342905162973883,"8431/1718/255738/2330/33/6307/3157/1080/7108/1717/335/1050/4047/10682",14,TRUE,"Higher_in_IPF","GO_Biological_Process"
"GO:1902652","secondary alcohol metabolic process","14/423","126/13537",0.111111111111111,3.55581822957709,5.17645474582758,3.87809410506177e-05,0.0038964640245068,0.00342905162973883,"8431/1718/255738/2330/33/6307/3157/1080/7108/1717/335/1050/4047/10682",14,TRUE,"Higher_in_IPF","GO_Biological_Process"
"GO:0002250","adaptive immune response","29/423","413/13537",0.0702179176755448,2.24713936542281,4.62279536967634,4.15788844345367e-05,0.00407046617361695,0.00358218081282162,"5590/5909/713/11126/2209/51744/117157/722/9173/8809/8807/7855/1524/729230/27074/2243/79908/3135/177/383/563/29126/2529/1512/2013/2015/89790/11024/51311",29,TRUE,"Higher_in_IPF","GO_Biological_Process"
"GO:0006695","cholesterol biosynthetic process","9/423","55/13537",0.163636363636364,5.23675048355899,5.6543779977909,4.63168721578196e-05,0.00421042423567989,0.00370534977262557,"1718/6307/3157/1080/7108/1717/335/4047/10682",9,TRUE,"Higher_in_IPF","GO_Biological_Process"
"GO:0032731","positive regulation of interleukin-1 beta production","9/423","55/13537",0.163636363636364,5.23675048355899,5.6543779977909,4.63168721578196e-05,0.00421042423567989,0.00370534977262557,"7855/177/5004/5005/4210/91662/353514/11027/51311",9,TRUE,"Higher_in_IPF","GO_Biological_Process"
"GO:1902653","secondary alcohol biosynthetic process","9/423","55/13537",0.163636363636364,5.23675048355899,5.6543779977909,4.63168721578196e-05,0.00421042423567989,0.00370534977262557,"1718/6307/3157/1080/7108/1717/335/4047/10682",9,TRUE,"Higher_in_IPF","GO_Biological_Process"
"GO:0050727","regulation of inflammatory response","25/423","333/13537",0.0750750750750751,2.40257988484939,4.65419667914714,4.81807457111968e-05,0.00427800202617092,0.00376482106022375,"2209/79626/6280/6283/6279/9173/729230/64116/177/2529/338557/4317/838/335/120892/90527/4210/26471/1050/2867/8993/89790/91662/353514/50487",25,TRUE,"Higher_in_IPF","GO_Biological_Process"
"GO:0046887","positive regulation of hormone secretion","13/423","113/13537",0.115044247787611,3.68168790142053,5.14107866921077,5.06510393372748e-05,0.00432056571284636,0.00380227888820424,"8431/5208/1131/5028/2243/1080/114/338557/5950/6833/56729/2867/50487",13,TRUE,"Higher_in_IPF","GO_Biological_Process"
"GO:0032640","tumor necrosis factor production","15/423","146/13537",0.102739726027397,3.28791411638978,4.99180265438476,5.20550085885104e-05,0.00432056571284636,0.00380227888820424,"2209/3552/7855/1524/729230/5196/177/5004/5005/6833/4317/120892/353514/11027/671",15,TRUE,"Higher_in_IPF","GO_Biological_Process"
"GO:0032680","regulation of tumor necrosis factor production","15/423","146/13537",0.102739726027397,3.28791411638978,4.99180265438476,5.20550085885104e-05,0.00432056571284636,0.00380227888820424,"2209/3552/7855/1524/729230/5196/177/5004/5005/6833/4317/120892/353514/11027/671",15,TRUE,"Higher_in_IPF","GO_Biological_Process"
"GO:0002443","leukocyte mediated immunity","26/423","359/13537",0.0724233983286908,2.31771996022574,4.54457593103224,6.23623287231156e-05,0.00506594406520969,0.00445824307467379,"5590/713/11126/2209/117157/722/8809/8807/7855/1524/729230/306/3135/177/383/563/29126/2529/5319/1512/2013/84106/57126/3811/50487/51311",26,TRUE,"Higher_in_IPF","GO_Biological_Process"
"GO:0031639","plasminogen activation","6/423","24/13537",0.25,8.00059101654846,6.16470367406495,7.4922334260711e-05,0.00595944733765405,0.00524456339824977,"1718/2243/2160/1361/350/3249",6,TRUE,"Higher_in_IPF","GO_Biological_Process"
"GO:0099177","regulation of trans-synaptic signaling","27/423","389/13537",0.0694087403598972,2.22124377837335,4.3892981708434,9.29217247946316e-05,0.00724030908705925,0.00637177541448902,"5590/89780/6344/7476/1524/729230/10675/9254/5028/4311/2890/177/1129/148/2171/760/114/10718/627/1128/120892/27345/5923/6532/27092/56729/140730",27,TRUE,"Higher_in_IPF","GO_Biological_Process"
"GO:0002456","T cell mediated immunity","13/423","120/13537",0.108333333333333,3.46692277383767,4.87490586984657,9.48383418115364e-05,0.00724185578072892,0.00637313656973524,"5590/722/8809/7855/729230/3135/177/383/563/29126/2529/1512/2013",13,TRUE,"Higher_in_IPF","GO_Biological_Process"
"GO:0008202","steroid metabolic process","20/423","247/13537",0.0809716599190283,2.59128453977278,4.53295696958171,9.8449696647425e-05,0.00737021454509546,0.00648609766147741,"8431/1718/255738/2330/3552/4036/33/6307/3157/1080/6469/7108/1717/335/8630/6799/3294/1050/4047/10682",20,TRUE,"Higher_in_IPF","GO_Biological_Process"
"GO:0031638","zymogen activation","7/423","36/13537",0.194444444444444,6.22268190175992,5.63520375476476,0.000105375472254673,0.00767495040821886,0.00675427799151791,"1718/2243/2160/1361/1512/350/3249",7,TRUE,"Higher_in_IPF","GO_Biological_Process"
"GO:0006631","fatty acid metabolic process","24/423","329/13537",0.0729483282674772,2.33451895923603,4.4010057281056,0.000106540694509062,0.00767495040821886,0.00675427799151791,"84879/2944/55289/33/6307/84830/39/51085/2171/79746/55301/6319/83401/5319/255189/6296/247/2194/440503/57761/55902/50487/80339/58526",24,TRUE,"Higher_in_IPF","GO_Biological_Process"
"GO:0002793","positive regulation of peptide secretion","11/423","90/13537",0.122222222222222,3.9114000525348,4.97689186392526,0.000109990465647864,0.007776733293399,0.00684385119586711,"8431/6279/5208/1131/2243/1080/114/338557/5950/6833/2867",11,TRUE,"Higher_in_IPF","GO_Biological_Process"
"GO:0016126","sterol biosynthetic process","9/423","62/13537",0.145161290322581,4.64550446122169,5.16698093064361,0.000121831686850278,0.00830631036418506,0.00730990121101671,"1718/6307/3157/1080/7108/1717/335/4047/10682",9,TRUE,"Higher_in_IPF","GO_Biological_Process"
"GO:0097006","regulation of plasma lipoprotein particle levels","9/423","62/13537",0.145161290322581,4.64550446122169,5.16698093064361,0.000121831686850278,0.00830631036418506,0.00730990121101671,"84879/255738/338328/6833/84649/335/4353/50487/3162",9,TRUE,"Higher_in_IPF","GO_Biological_Process"
"GO:0050878","regulation of body fluid levels","24/423","333/13537",0.0720720720720721,2.30647668945541,4.33529636003548,0.000128265759107083,0.00859155558369899,0.0075609289578912,"89780/1131/5028/5196/2243/2160/4883/84830/80739/7432/1080/6469/1128/6337/4778/1361/5265/2013/2811/6532/350/361/3170/81027",24,TRUE,"Higher_in_IPF","GO_Biological_Process"
"GO:0002703","regulation of leukocyte mediated immunity","19/423","233/13537",0.0815450643776824,2.60963483801581,4.45104487045747,0.0001333927262916,0.00878092118933327,0.00772757862654787,"5590/11126/2209/117157/722/8809/8807/7855/1524/729230/3135/177/383/563/29126/2529/84106/57126/50487",19,TRUE,"Higher_in_IPF","GO_Biological_Process"
"GO:0042060","wound healing","27/423","398/13537",0.0678391959798995,2.17101464770662,4.25863553960899,0.000135829951473421,0.0087898094021275,0.00773540062628298,"89780/3552/7476/5028/54959/5196/2243/2160/100506658/84830/80739/177/6469/25833/94/1361/253970/5265/53905/5493/2811/27346/6532/350/3170/81027/3162",27,TRUE,"Higher_in_IPF","GO_Biological_Process"
"GO:0072330","monocarboxylic acid biosynthetic process","16/423","178/13537",0.0898876404494382,2.87661699471405,4.52633233794458,0.000146963381370268,0.00917023613865628,0.00807019209687929,"2944/33/51085/2171/55301/6319/83401/5319/255189/6296/247/2194/57761/55902/50487/58526",16,TRUE,"Higher_in_IPF","GO_Biological_Process"
"GO:0017157","regulation of exocytosis","15/423","160/13537",0.09375,3.00022163120567,4.57095045829431,0.000147759847770939,0.00917023613865628,0.00807019209687929,"11126/7476/729230/10675/5028/2243/1080/203190/83849/120892/29091/84106/57126/140730/50487",15,TRUE,"Higher_in_IPF","GO_Biological_Process"
"GO:0010817","regulation of hormone levels","28/423","422/13537",0.0663507109004739,2.12337960628774,4.21062321283378,0.000148914258930511,0.00917023613865628,0.00807019209687929,"8431/5208/1131/5028/4311/2243/7432/1080/6469/80223/195814/114/338557/5950/3767/6833/84649/8630/90527/53905/3294/6928/56729/3249/2867/3170/81027/50487",28,TRUE,"Higher_in_IPF","GO_Biological_Process"
"GO:0050714","positive regulation of protein secretion","13/423","126/13537",0.103174603174603,3.30183121317873,4.66203933036533,0.000156104363163949,0.0093380978783441,0.00821791746234577,"8431/5208/1131/3552/7273/2243/1080/114/27063/5950/6833/5319/2867",13,TRUE,"Higher_in_IPF","GO_Biological_Process"
"GO:0032732","positive regulation of interleukin-1 production","9/423","64/13537",0.140625,4.50033244680851,5.04097905228299,0.000156531761187539,0.0093380978783441,0.00821791746234577,"7855/177/5004/5005/4210/91662/353514/11027/51311",9,TRUE,"Higher_in_IPF","GO_Biological_Process"
"GO:0015711","organic anion transport","24/423","340/13537",0.0705882352941176,2.25899040467251,4.22252312997418,0.000175915950287646,0.0103330322799728,0.00909350143025368,"8431/84879/115019/3552/4036/5948/64116/353189/116369/6581/1080/2171/57864/84647/6833/2352/4257/6579/5319/255189/123264/762/50487/11254",24,TRUE,"Higher_in_IPF","GO_Biological_Process"
"GO:0007187","G protein-coupled receptor signaling pathway, coupled to cyclic nucleotide second messenger","6/423","28/13537",0.214285714285714,6.85764944275583,5.5723522108719,0.000188626277625943,0.0109117443632704,0.00960279231550254,"1131/7433/1129/1128/6751/186",6,TRUE,"Higher_in_IPF","GO_Biological_Process"
"GO:0036230","granulocyte activation","8/423","52/13537",0.153846153846154,4.92344062556829,5.0908587575698,0.000191574505100766,0.010916887469772,0.00960731846475484,"8807/3579/729230/820/306/84106/57126/11027",8,TRUE,"Higher_in_IPF","GO_Biological_Process"
"GO:0050804","modulation of chemical synaptic transmission","26/423","388/13537",0.0670103092783505,2.14448831371402,4.10798292214453,0.000218896396788607,0.0122903888667485,0.0108160572530841,"5590/89780/6344/7476/1524/729230/10675/9254/5028/4311/2890/177/1129/148/760/114/10718/627/1128/120892/27345/5923/6532/27092/56729/140730",26,TRUE,"Higher_in_IPF","GO_Biological_Process"
"GO:0051222","positive regulation of protein transport","18/423","223/13537",0.0807174887892377,2.5831504627421,4.28122560614193,0.000226061833657614,0.0125087547957213,0.0110082284215882,"5590/8431/5208/1131/3552/7273/2243/1080/6469/114/27063/5950/6833/1128/5319/123264/27346/2867",18,TRUE,"Higher_in_IPF","GO_Biological_Process"
"GO:0032692","negative regulation of interleukin-1 production","6/423","29/13537",0.206896551724138,6.62117877231597,5.44225187132693,0.000231624394728238,0.012633456272463,0.0111179709469554,"7850/1524/338557/335/4210/91662",6,TRUE,"Higher_in_IPF","GO_Biological_Process"
"GO:0043129","surfactant homeostasis","5/423","19/13537",0.263157894736842,8.42167475426154,5.81393623520752,0.00023539178970661,0.01265811060704,0.0111396677945663,"79888/6441/1512/21/9476",5,TRUE,"Higher_in_IPF","GO_Biological_Process"
"GO:0023061","signal release","26/423","392/13537",0.0663265306122449,2.12260577990061,4.05077181081414,0.000257000818559727,0.0136281822952922,0.0119933715327872,"8431/5208/1131/3552/7476/10675/5028/2243/8676/7432/1080/80223/114/338557/5950/3767/6833/120892/27345/6532/6928/56729/2867/3170/140730/50487",26,TRUE,"Higher_in_IPF","GO_Biological_Process"
"GO:0031349","positive regulation of defense response","29/423","459/13537",0.0631808278867102,2.02193585603403,4.00043372959291,0.000261623131581529,0.0136832481695654,0.0120418318097799,"8547/11126/2209/6280/6283/6279/57402/117157/9173/8807/729230/3135/5225/383/29126/57864/4317/838/120892/4210/26471/146722/1050/2867/91662/353514/11027/50487/51311",29,TRUE,"Higher_in_IPF","GO_Biological_Process"
"GO:0030595","leukocyte chemotaxis","17/423","207/13537",0.0821256038647343,2.62821347403524,4.23964222853833,0.000273741644509899,0.0141235891721459,0.0124293503453143,"1441/6280/6283/6279/57402/3579/3577/1524/729230/5196/1669/6441/5319/23604/6368/2867/2277",17,TRUE,"Higher_in_IPF","GO_Biological_Process"
"GO:0002449","lymphocyte mediated immunity","20/423","269/13537",0.0743494423791822,2.37935792313709,4.10391303609549,0.000308698903180084,0.0157148321645541,0.0138297108624677,"5590/713/11126/2209/117157/722/8809/8807/7855/729230/3135/177/383/563/29126/2529/1512/2013/3811/51311",20,TRUE,"Higher_in_IPF","GO_Biological_Process"
"GO:0030195","negative regulation of blood coagulation","7/423","43/13537",0.162790697674419,5.20968717356644,4.96548261727234,0.000336937306262536,0.0169266662540837,0.014896175645291,"5196/2243/2160/84830/1361/2811/350",7,TRUE,"Higher_in_IPF","GO_Biological_Process"
"GO:0001818","negative regulation of cytokine production","19/423","252/13537",0.0753968253968254,2.41287665578446,4.06603869606495,0.000364299343497331,0.0180635700451015,0.0158966986253381,"7850/9173/1524/177/383/29126/5004/6441/338557/408/335/4210/8993/91662/353514/6614/671/51311/79589",19,TRUE,"Higher_in_IPF","GO_Biological_Process"
"GO:0097264","self proteolysis","4/423","12/13537",0.333333333333333,10.6674546887313,6.01702614002612,0.000381121588420646,0.0183672273760214,0.0161639298018417,"3549/84059/6469/164656",4,TRUE,"Higher_in_IPF","GO_Biological_Process"
"GO:0002699","positive regulation of immune effector process","18/423","233/13537",0.0772532188841202,2.47228563601498,4.07123980747758,0.000386154089309564,0.0183672273760214,0.0161639298018417,"5590/8547/11126/2209/51744/117157/8809/8807/7855/729230/3135/5225/383/563/5950/2867/57126/50487",18,TRUE,"Higher_in_IPF","GO_Biological_Process"
"GO:1900047","negative regulation of hemostasis","7/423","44/13537",0.159090909090909,5.09128519234902,4.88179568262103,0.000390063472148467,0.0183672273760214,0.0161639298018417,"5196/2243/2160/84830/1361/2811/350",7,TRUE,"Higher_in_IPF","GO_Biological_Process"
"GO:0034381","plasma lipoprotein particle clearance","6/423","32/13537",0.1875,6.00044326241135,5.0860891192388,0.00040819618987634,0.0183672273760214,0.0161639298018417,"255738/338328/6833/84649/335/3162",6,TRUE,"Higher_in_IPF","GO_Biological_Process"
"GO:0031644","regulation of nervous system process","10/423","88/13537",0.113636363636364,3.6366322802493,4.45649753856285,0.000408765045768113,0.0183672273760214,0.0161639298018417,"5590/400746/7476/55/2890/2171/745/120892/55273/4099",10,TRUE,"Higher_in_IPF","GO_Biological_Process"
"GO:0090277","positive regulation of peptide hormone secretion","10/423","88/13537",0.113636363636364,3.6366322802493,4.45649753856285,0.000408765045768113,0.0183672273760214,0.0161639298018417,"8431/5208/1131/2243/1080/114/338557/5950/6833/2867",10,TRUE,"Higher_in_IPF","GO_Biological_Process"
"GO:0006935","chemotaxis","26/423","404/13537",0.0643564356435644,2.05955808346792,3.88312388629581,0.000408908938439449,0.0183672273760214,0.0161639298018417,"1441/6280/6283/6279/57402/89780/3579/3577/1524/729230/9034/60675/5196/177/1669/6441/10718/335/5319/6037/6036/23604/146225/6368/2867/2277",26,TRUE,"Higher_in_IPF","GO_Biological_Process"
"GO:0042330","taxis","26/423","404/13537",0.0643564356435644,2.05955808346792,3.88312388629581,0.000408908938439449,0.0183672273760214,0.0161639298018417,"1441/6280/6283/6279/57402/89780/3579/3577/1524/729230/9034/60675/5196/177/1669/6441/10718/335/5319/6037/6036/23604/146225/6368/2867/2277",26,TRUE,"Higher_in_IPF","GO_Biological_Process"
"GO:0002706","regulation of lymphocyte mediated immunity","15/423","177/13537",0.0847457627118644,2.71206475137236,4.11766828061524,0.000443837432690863,0.019510042409379,0.0171696549228689,"5590/11126/2209/117157/722/8809/8807/7855/729230/3135/177/383/563/29126/2529",15,TRUE,"Higher_in_IPF","GO_Biological_Process"
"GO:0042119","neutrophil activation","7/423","45/13537",0.155555555555556,4.97814552140793,4.80061107998939,0.00044968143845609,0.019510042409379,0.0171696549228689,"8807/3579/820/306/84106/57126/11027",7,TRUE,"Higher_in_IPF","GO_Biological_Process"
"GO:0050819","negative regulation of coagulation","7/423","45/13537",0.155555555555556,4.97814552140793,4.80061107998939,0.00044968143845609,0.019510042409379,0.0171696549228689,"5196/2243/2160/84830/1361/2811/350",7,TRUE,"Higher_in_IPF","GO_Biological_Process"
"GO:1903305","regulation of regulated secretory pathway","11/423","106/13537",0.10377358490566,3.32100004460502,4.30845611577481,0.000470389484939418,0.0201791803763899,0.017758524375241,"11126/7476/729230/10675/5028/83849/120892/84106/57126/140730/50487",11,TRUE,"Higher_in_IPF","GO_Biological_Process"
"GO:0009612","response to mechanical stimulus","16/423","198/13537",0.0808080808080808,2.58604962151062,4.03771346702739,0.000491722240431015,0.0208599501551735,0.0183576303094246,"6323/7273/3549/5028/84059/27063/838/374462/8796/5493/4353/3759/56729/3249/4099/51311",16,TRUE,"Higher_in_IPF","GO_Biological_Process"
"GO:0060627","regulation of vesicle-mediated transport","29/423","478/13537",0.0606694560669456,1.94156602075235,3.76406861476179,0.000508922800633821,0.0213523873936256,0.0187909957157103,"8547/255738/11126/2209/57111/89780/7476/729230/10675/5028/1950/2243/1080/203190/83849/6441/408/335/120892/29091/123745/6457/51090/146722/5657/84106/57126/140730/50487",29,TRUE,"Higher_in_IPF","GO_Biological_Process"
"GO:0030193","regulation of blood coagulation","8/423","60/13537",0.133333333333333,4.26698187549251,4.55484395474965,0.000523932921261554,0.0217432162323545,0.0191349414721611,"5196/2243/2160/84830/1361/2811/350/3170",8,TRUE,"Higher_in_IPF","GO_Biological_Process"
"GO:0009914","hormone transport","19/423","260/13537",0.0730769230769231,2.33863429714494,3.91423062996699,0.000536627219767303,0.0220305669362534,0.0193878221335284,"8431/5208/1131/5028/2243/7432/1080/80223/114/338557/5950/3767/6833/6928/56729/2867/3170/81027/50487",19,TRUE,"Higher_in_IPF","GO_Biological_Process"
"GO:0050708","regulation of protein secretion","17/423","220/13537",0.0772727272727273,2.47290995056952,3.95577975566003,0.000554862912079842,0.0225368787055408,0.0198333977083858,"8431/5208/1131/3552/7273/2243/84830/1080/80223/114/27063/5950/3767/6833/5319/2867/3170",17,TRUE,"Higher_in_IPF","GO_Biological_Process"
"GO:0010876","lipid localization","24/423","368/13537",0.0652173913043478,2.08711069996916,3.79724874910821,0.000560824259488503,0.0225392318181801,0.0198354685461197,"8431/84879/255738/3552/83850/5948/1950/1080/6469/2171/84647/653509/5950/335/6579/5319/255189/123264/21/27346/350/440503/56729/50487",24,TRUE,"Higher_in_IPF","GO_Biological_Process"
"GO:0044057","regulation of system process","27/423","436/13537",0.0619266055045872,1.98179777474136,3.74249157732812,0.000578059803225835,0.0229899200907941,0.0202320931129042,"5590/400746/1131/7476/7134/60675/55/84525/2243/2890/177/1129/148/2171/6833/745/335/120892/27345/2013/79191/55273/3759/56729/4099/7138/186",27,TRUE,"Higher_in_IPF","GO_Biological_Process"
"GO:0042886","amide transport","19/423","262/13537",0.0725190839694656,2.32078212693772,3.87714756804165,0.000589391276469294,0.0231989267377295,0.0204160277209982,"8431/6279/5208/1131/4036/2243/7432/1080/760/114/338557/5950/3767/6833/2352/4257/6928/2867/3170",19,TRUE,"Higher_in_IPF","GO_Biological_Process"
"GO:0042730","fibrinolysis","5/423","23/13537",0.217391304347826,6.95703566656388,5.13511209071229,0.000614426279436458,0.0239375462743714,0.0210660438663928,"2243/2160/1361/2811/350",5,TRUE,"Higher_in_IPF","GO_Biological_Process"
"GO:0045765","regulation of angiogenesis","19/423","264/13537",0.071969696969697,2.30320044415789,3.8403994818521,0.000646580556701933,0.0247886672518168,0.0218150659942651,"11126/3552/3579/1524/729230/820/3373/5196/306/3135/9022/6833/94/1512/2013/350/126259/2523/3162",19,TRUE,"Higher_in_IPF","GO_Biological_Process"
"GO:0019233","sensory perception of pain","8/423","62/13537",0.129032258064516,4.12933729886372,4.4353878374797,0.000655750495660946,0.0247886672518168,0.0218150659942651,"6323/3231/729230/60675/55/4311/2171/55273",8,TRUE,"Higher_in_IPF","GO_Biological_Process"
"GO:1900046","regulation of hemostasis","8/423","62/13537",0.129032258064516,4.12933729886372,4.4353878374797,0.000655750495660946,0.0247886672518168,0.0218150659942651,"5196/2243/2160/84830/1361/2811/350/3170",8,TRUE,"Higher_in_IPF","GO_Biological_Process"
"GO:0007616","long-term memory","6/423","35/13537",0.171428571428571,5.48611955420466,4.77258399491144,0.00067553515549538,0.0252605160597116,0.0222303127188661,"5590/2890/114/5923/164312/55902",6,TRUE,"Higher_in_IPF","GO_Biological_Process"
"GO:0006869","lipid transport","23/423","351/13537",0.0655270655270655,2.09702100718649,3.73989779199355,0.000681464943465242,0.0252605160597116,0.0222303127188661,"8431/84879/255738/3552/83850/5948/1950/1080/6469/2171/84647/653509/5950/335/6579/5319/255189/123264/21/27346/350/56729/50487",23,TRUE,"Higher_in_IPF","GO_Biological_Process"
"GO:0030593","neutrophil chemotaxis","9/423","78/13537",0.115384615384615,3.69258046917621,4.28309160427299,0.000705567518639746,0.0259024690977553,0.0227952582945149,"1441/6280/6283/6279/3579/3577/5196/5319/23604",9,TRUE,"Higher_in_IPF","GO_Biological_Process"
"GO:0046883","regulation of hormone secretion","16/423","205/13537",0.0780487804878049,2.49774548809318,3.8807446270515,0.000718456676474071,0.0261244532455048,0.0229906136471703,"8431/5208/1131/5028/2243/1080/80223/114/338557/5950/3767/6833/56729/2867/3170/50487",16,TRUE,"Higher_in_IPF","GO_Biological_Process"
"GO:0007188","adenylate cyclase-modulating G protein-coupled receptor signaling pathway","15/423","186/13537",0.0806451612903226,2.58083581178983,3.8988282729881,0.000746343457758093,0.0267680134026443,0.0235569735549725,"1131/6344/7433/5028/5196/59350/7432/1129/148/114/338557/1128/8698/2015/84658",15,TRUE,"Higher_in_IPF","GO_Biological_Process"
"GO:0002709","regulation of T cell mediated immunity","10/423","95/13537",0.105263157894737,3.36866990170462,4.16085101499121,0.000754101952199493,0.0267680134026443,0.0235569735549725,"5590/8809/7855/729230/3135/177/383/563/29126/2529",10,TRUE,"Higher_in_IPF","GO_Biological_Process"
"GO:0015850","organic hydroxy compound transport","16/423","206/13537",0.0776699029126214,2.48562050999564,3.85885001957872,0.000757188435695544,0.0267680134026443,0.0235569735549725,"8431/255738/80704/5028/1950/7432/6581/1080/6469/5950/335/6579/123264/21/27346/6532",16,TRUE,"Higher_in_IPF","GO_Biological_Process"
"GO:0006694","steroid biosynthetic process","12/423","130/13537",0.0923076923076923,2.95406437534097,4.02061515660203,0.00076678934116568,0.0268587312345923,0.0236368090487769,"1718/3552/6307/3157/1080/7108/1717/335/8630/3294/4047/10682",12,TRUE,"Higher_in_IPF","GO_Biological_Process"
"GO:0045766","positive regulation of angiogenesis","13/423","149/13537",0.087248322147651,2.79215256953369,3.95055423614737,0.000800455183359627,0.0277011393831857,0.024378163522133,"3552/3579/1524/820/3373/306/9022/94/1512/2013/126259/2523/3162",13,TRUE,"Higher_in_IPF","GO_Biological_Process"
"GO:0090087","regulation of peptide transport","14/423","168/13537",0.0833333333333333,2.66686367218282,3.90438852504764,0.000805350044927609,0.0277011393831857,0.024378163522133,"8431/6279/5208/1131/2243/1080/760/114/338557/5950/3767/6833/2867/3170",14,TRUE,"Higher_in_IPF","GO_Biological_Process"
"GO:0015833","peptide transport","17/423","228/13537",0.0745614035087719,2.3861411803741,3.79096647541037,0.000829978229926821,0.0282933650166125,0.0248993468978046,"8431/6279/5208/1131/2243/7432/1080/760/114/338557/5950/3767/6833/4257/6928/2867/3170",17,TRUE,"Higher_in_IPF","GO_Biological_Process"
"GO:1901342","regulation of vasculature development","19/423","270/13537",0.0703703703703704,2.25201821206549,3.73210566016405,0.00084778836187656,0.0286447430588027,0.0252085743000464,"11126/3552/3579/1524/729230/820/3373/5196/306/3135/9022/6833/94/1512/2013/350/126259/2523/3162",19,TRUE,"Higher_in_IPF","GO_Biological_Process"
"GO:0061041","regulation of wound healing","11/423","114/13537",0.0964912280701754,3.0879474098959,4.02063781647183,0.000871607637980291,0.0291912101913048,0.0256894882773138,"5196/2243/2160/100506658/84830/1361/53905/2811/27346/350/3170",11,TRUE,"Higher_in_IPF","GO_Biological_Process"
"GO:0050818","regulation of coagulation","8/423","65/13537",0.123076923076923,3.93875250045463,4.26531804235517,0.00090239936778094,0.0299596590103272,0.0263657554412518,"5196/2243/2160/84830/1361/2811/350/3170",8,TRUE,"Higher_in_IPF","GO_Biological_Process"
"GO:0042304","regulation of fatty acid biosynthetic process","6/423","37/13537",0.162162162162162,5.18957255127468,4.58301691562765,0.000917901143689892,0.0300708484418705,0.0264636068005985,"33/51085/2171/57761/50487/58526",6,TRUE,"Higher_in_IPF","GO_Biological_Process"
"GO:0090594","inflammatory response to wounding","5/423","25/13537",0.2,6.40047281323877,4.85388784314404,0.000921500593949411,0.0300708484418705,0.0264636068005985,"3552/729230/177/89790/3162",5,TRUE,"Higher_in_IPF","GO_Biological_Process"
"GO:0007204","positive regulation of cytosolic calcium ion concentration","12/423","133/13537",0.0902255639097744,2.88743134431824,3.92850708580752,0.000938564802981359,0.0303681391337528,0.0267252350679438,"3579/3577/1524/729230/9034/60675/5028/148/56704/114/338557/5319",12,TRUE,"Higher_in_IPF","GO_Biological_Process"
"GO:1904018","positive regulation of vasculature development","13/423","152/13537",0.0855263157894737,2.737044295135,3.86786463306116,0.000964007559923552,0.0309292509562027,0.0272190369860768,"3552/3579/1524/820/3373/306/9022/94/1512/2013/126259/2523/3162",13,TRUE,"Higher_in_IPF","GO_Biological_Process"
"GO:0015718","monocarboxylic acid transport","12/423","134/13537",0.0895522388059701,2.86588334921139,3.89837529737635,0.00100249628324446,0.0318960900785612,0.0280698959308448,"8431/84879/3552/5948/6581/2171/84647/6579/5319/255189/123264/50487",12,TRUE,"Higher_in_IPF","GO_Biological_Process"
"GO:0046879","hormone secretion","18/423","253/13537",0.0711462450592885,2.27684803633,3.68199171471225,0.00101584935588755,0.0320538251304021,0.0282087093866294,"8431/5208/1131/5028/2243/7432/1080/80223/114/338557/5950/3767/6833/6928/56729/2867/3170/50487",18,TRUE,"Higher_in_IPF","GO_Biological_Process"
"GO:0046486","glycerolipid metabolic process","22/423","340/13537",0.0647058823529412,2.07074120428313,3.59115485274728,0.00104422691872659,0.0326791670139189,0.0287590364501748,"84879/255738/22979/200879/79888/2171/338328/8395/138429/84649/335/2819/374462/5319/123745/255189/21/350/5833/440503/50487/80339",22,TRUE,"Higher_in_IPF","GO_Biological_Process"
"GO:0006644","phospholipid metabolic process","22/423","341/13537",0.0645161290322581,2.06466864943186,3.57617093204979,0.00108473906774873,0.0336710061842653,0.0296318964848433,"84879/255738/22979/200879/79888/3157/2171/8395/54886/138429/84647/335/374462/5319/7080/123745/255189/21/247/5833/50487/80339",22,TRUE,"Higher_in_IPF","GO_Biological_Process"
"GO:0015701","bicarbonate transport","5/423","26/13537",0.192307692307692,6.15430078196036,4.72455003054073,0.00111196745047685,0.0342378364993598,0.0301307309161469,"115019/64116/116369/1080/762",5,TRUE,"Higher_in_IPF","GO_Biological_Process"
"GO:0032609","type II interferon production","10/423","101/13537",0.099009900990099,3.16855089764296,3.92864761550253,0.00121499321571804,0.0366287591262076,0.0322348430235876,"11126/51744/9173/8809/7855/729230/29126/284293/8993/51311",10,TRUE,"Higher_in_IPF","GO_Biological_Process"
"GO:0032649","regulation of type II interferon production","10/423","101/13537",0.099009900990099,3.16855089764296,3.92864761550253,0.00121499321571804,0.0366287591262076,0.0322348430235876,"11126/51744/9173/8809/7855/729230/29126/284293/8993/51311",10,TRUE,"Higher_in_IPF","GO_Biological_Process"
"GO:2000177","regulation of neural precursor cell proliferation","8/423","68/13537",0.117647058823529,3.76498400778751,4.10513241742528,0.00121840031666537,0.0366287591262076,0.0322348430235876,"89780/4036/131405/1524/1950/6469/120892/6532",8,TRUE,"Higher_in_IPF","GO_Biological_Process"
"GO:0035358","regulation of peroxisome proliferator activated receptor signaling pathway","4/423","16/13537",0.25,8.00059101654846,5.03197017292575,0.00126878625384715,0.0375521388929335,0.0330474559141584,"2171/55885/247/440503",4,TRUE,"Higher_in_IPF","GO_Biological_Process"
"GO:0099505","regulation of presynaptic membrane potential","4/423","16/13537",0.25,8.00059101654846,5.03197017292575,0.00126878625384715,0.0375521388929335,0.0330474559141584,"6323/2890/3767/27345",4,TRUE,"Higher_in_IPF","GO_Biological_Process"
"GO:0007613","memory","10/423","103/13537",0.0970873786407767,3.10702563749455,3.85508117458735,0.00141188521623186,0.0414659827351789,0.0364918025118389,"5590/1524/2890/114/1620/6833/5923/6532/164312/55902",10,TRUE,"Higher_in_IPF","GO_Biological_Process"
"GO:0032024","positive regulation of insulin secretion","8/423","70/13537",0.114285714285714,3.65741303613644,4.00332102979338,0.00147401894120855,0.0429603383017881,0.0378068980340513,"8431/5208/1131/1080/114/5950/6833/2867",8,TRUE,"Higher_in_IPF","GO_Biological_Process"
"GO:0050806","positive regulation of synaptic transmission","11/423","122/13537",0.0901639344262295,2.88545905514863,3.75707140702208,0.00152232331895707,0.0440320487255916,0.0387500481189072,"5590/1524/729230/4311/2890/177/148/760/114/27092/56729",11,TRUE,"Higher_in_IPF","GO_Biological_Process"
"GO:0002886","regulation of myeloid leukocyte mediated immunity","7/423","55/13537",0.127272727272727,4.07302815387922,4.1012712094601,0.00153852457737429,0.0441660664392108,0.03886798932314,"2209/1524/729230/383/84106/57126/50487",7,TRUE,"Higher_in_IPF","GO_Biological_Process"
"GO:0002526","acute inflammatory response","9/423","87/13537",0.103448275862069,3.31058938615798,3.8830146141239,0.00155122920357379,0.0441984559645129,0.0388964934627458,"2209/3552/3579/5004/5005/2529/5265/26471/2867",9,TRUE,"Higher_in_IPF","GO_Biological_Process"
"GO:0006721","terpenoid metabolic process","8/423","71/13537",0.112676056338028,3.60590017647255,3.95380650370609,0.00161685824023726,0.0447810971747044,0.0394092421443182,"4036/5948/3157/195814/5950/84649/8630/4047",8,TRUE,"Higher_in_IPF","GO_Biological_Process"
"GO:0010744","positive regulation of macrophage derived foam cell differentiation","4/423","17/13537",0.235294117647059,7.52996801557502,4.83832386790586,0.0016185938737845,0.0447810971747044,0.0394092421443182,"5196/1437/247/50487",4,TRUE,"Higher_in_IPF","GO_Biological_Process"
"GO:0060193","positive regulation of lipase activity","4/423","17/13537",0.235294117647059,7.52996801557502,4.83832386790586,0.0016185938737845,0.0447810971747044,0.0394092421443182,"338328/5319/350/440503",4,TRUE,"Higher_in_IPF","GO_Biological_Process"
"GO:0072079","nephron tubule formation","4/423","17/13537",0.235294117647059,7.52996801557502,4.83832386790586,0.0016185938737845,0.0447810971747044,0.0394092421443182,"153572/79192/79191/6928",4,TRUE,"Higher_in_IPF","GO_Biological_Process"
"GO:0046394","carboxylic acid biosynthetic process","18/423","264/13537",0.0681818181818182,2.18197936814958,3.48317327035193,0.00164116035114318,0.0450141791796498,0.0396143640763812,"2944/33/51085/2171/55301/6319/83401/5319/255189/6296/247/2194/57761/92086/55902/51733/50487/58526",18,TRUE,"Higher_in_IPF","GO_Biological_Process"
"GO:0019221","cytokine-mediated signaling pathway","27/423","468/13537",0.0576923076923077,1.84629023458811,3.3463305938001,0.00165059850318255,0.0450141791796498,0.0396143640763812,"1441/7850/9173/8809/8807/3552/3579/3577/1524/729230/9034/55540/51208/5196/1437/6098/383/4317/335/53905/6368/146722/1050/353514/11027/11024/79444",27,TRUE,"Higher_in_IPF","GO_Biological_Process"
"GO:0046165","alcohol biosynthetic process","11/423","124/13537",0.0887096774193548,2.83891939296881,3.6945227057646,0.00173564101055422,0.0468811934977706,0.0412574149168437,"1718/51744/5028/6307/3157/1080/7108/1717/335/4047/10682",11,TRUE,"Higher_in_IPF","GO_Biological_Process"
"GO:0007599","hemostasis","16/423","223/13537",0.0717488789237668,2.29613374465965,3.50506228385284,0.00174361693993804,0.0468811934977706,0.0412574149168437,"89780/5028/5196/2243/2160/84830/80739/6469/4778/1361/5265/2811/6532/350/3170/81027",16,TRUE,"Higher_in_IPF","GO_Biological_Process"
"GO:0046942","carboxylic acid transport","18/423","266/13537",0.0676691729323308,2.16557350823868,3.4480728157771,0.00178422172143503,0.0476374722548177,0.0419229719162356,"8431/84879/115019/3552/4036/5948/116369/6581/2171/84647/6833/2352/6579/5319/255189/123264/50487/11254",18,TRUE,"Higher_in_IPF","GO_Biological_Process"
"GO:0055090","acylglycerol homeostasis","5/423","29/13537",0.172413793103448,5.51764897692998,4.37384836785144,0.00185879367090429,0.0482993062647585,0.0425054135803008,"51085/338328/84647/84649/335",5,TRUE,"Higher_in_IPF","GO_Biological_Process"
"GO:0070328","triglyceride homeostasis","5/423","29/13537",0.172413793103448,5.51764897692998,4.37384836785144,0.00185879367090429,0.0482993062647585,0.0425054135803008,"51085/338328/84647/84649/335",5,TRUE,"Higher_in_IPF","GO_Biological_Process"
"GO:0015849","organic acid transport","18/423","267/13537",0.0674157303370786,2.15746274603554,3.43063850591399,0.00185961184413816,0.0482993062647585,0.0425054135803008,"8431/84879/115019/3552/4036/5948/116369/6581/2171/84647/6833/2352/6579/5319/255189/123264/50487/11254",18,TRUE,"Higher_in_IPF","GO_Biological_Process"
"GO:0016053","organic acid biosynthetic process","18/423","267/13537",0.0674157303370786,2.15746274603554,3.43063850591399,0.00185961184413816,0.0482993062647585,0.0425054135803008,"2944/33/51085/2171/55301/6319/83401/5319/255189/6296/247/2194/57761/92086/55902/51733/50487/58526",18,TRUE,"Higher_in_IPF","GO_Biological_Process"
"GO:0002237","response to molecule of bacterial origin","20/423","312/13537",0.0641025641025641,2.05143359398679,3.3744972023321,0.00194288410339372,0.0501211588294406,0.0441087201851547,"249/6279/57402/3552/7855/1524/820/5196/1437/1669/1668/29126/27063/6833/4317/4091/4353/11027/671/6590",20,FALSE,"Higher_in_IPF","GO_Biological_Process"
"GO:0002790","peptide secretion","15/423","205/13537",0.0731707317073171,2.34163639508736,3.47625699632092,0.00198407386750514,0.0508402283633197,0.0447415315088408,"8431/6279/5208/1131/2243/7432/1080/114/338557/5950/3767/6833/6928/2867/3170",15,FALSE,"Higher_in_IPF","GO_Biological_Process"
"GO:0002283","neutrophil activation involved in immune response","4/423","18/13537",0.222222222222222,7.11163645915419,4.65982115220098,0.00203019628127385,0.0516752626793572,0.0454763967005343,"306/84106/57126/11027",4,FALSE,"Higher_in_IPF","GO_Biological_Process"
"GO:0001909","leukocyte mediated cytotoxicity","11/423","127/13537",0.0866141732283465,2.77185830494592,3.60299970814507,0.0021008317194095,0.0526383291703216,0.0463239355715769,"11126/2209/8807/1524/3135/177/383/563/1512/2013/3811",11,FALSE,"Higher_in_IPF","GO_Biological_Process"
"GO:0050829","defense response to Gram-negative bacterium","7/423","58/13537",0.120689655172414,3.86235428385098,3.92334332299272,0.00210420524731302,0.0526383291703216,0.0463239355715769,"11126/820/7432/1669/1668/6037/671",7,FALSE,"Higher_in_IPF","GO_Biological_Process"
"GO:1904951","positive regulation of establishment of protein localization","19/423","292/13537",0.0650684931506849,2.08234560704686,3.3579882339171,0.00210939349477716,0.0526383291703216,0.0463239355715769,"5590/8431/5208/1131/3552/7273/7855/2243/1080/6469/114/27063/5950/6833/1128/5319/123264/27346/2867",19,FALSE,"Higher_in_IPF","GO_Biological_Process"
"GO:0002791","regulation of peptide secretion","13/423","166/13537",0.0783132530120482,2.50620923409952,3.50675296032942,0.00214318695139642,0.0531343362365683,0.0467604425759218,"8431/6279/5208/1131/2243/1080/114/338557/5950/3767/6833/2867/3170",13,FALSE,"Higher_in_IPF","GO_Biological_Process"
"GO:0060441","epithelial tube branching involved in lung morphogenesis","5/423","30/13537",0.166666666666667,5.33372734436564,4.26766703826055,0.00217415709739443,0.053554398695819,0.047130115143518,"64399/6469/7080/1512/80004",5,FALSE,"Higher_in_IPF","GO_Biological_Process"
"GO:0050673","epithelial cell proliferation","23/423","384/13537",0.0598958333333333,1.9168082643814,3.2732523511221,0.00223054663825827,0.0545125824314091,0.0479733569852107,"5909/126695/89780/3549/7476/60675/51208/54959/1950/114821/6469/195814/335/94/1361/5923/26471/80004/6928/350/3249/2523/3162",23,FALSE,"Higher_in_IPF","GO_Biological_Process"
"GO:0016485","protein processing","14/423","187/13537",0.0748663101604278,2.3958989140466,3.45208838580547,0.00224161221627324,0.0545125824314091,0.0479733569852107,"1718/255738/7850/3549/4311/2243/2160/6469/745/120892/1361/1512/350/3249",14,FALSE,"Higher_in_IPF","GO_Biological_Process"
"GO:0032637","interleukin-8 production","8/423","75/13537",0.106666666666667,3.41358550039401,3.76431790648027,0.00230124155019977,0.0552587436393883,0.0486300101174292,"51744/820/408/5319/2867/11027/671/51311",8,FALSE,"Higher_in_IPF","GO_Biological_Process"
"GO:0032677","regulation of interleukin-8 production","8/423","75/13537",0.106666666666667,3.41358550039401,3.76431790648027,0.00230124155019977,0.0552587436393883,0.0486300101174292,"51744/820/408/5319/2867/11027/671/51311",8,FALSE,"Higher_in_IPF","GO_Biological_Process"
"GO:0009953","dorsal/ventral pattern formation","7/423","59/13537",0.11864406779661,3.7968906519213,3.86666488209611,0.00232465434902,0.0554720644034897,0.04881774132942,"89780/7476/64399/6469/94/7080/4091",7,FALSE,"Higher_in_IPF","GO_Biological_Process"
"GO:0032496","response to lipopolysaccharide","19/423","295/13537",0.0644067796610169,2.06116921104299,3.30953229890853,0.00236665212269964,0.05612346462402,0.0493910008215577,"249/6279/57402/3552/1524/820/5196/1437/1669/1668/29126/27063/6833/4317/4091/4353/11027/671/6590",19,FALSE,"Higher_in_IPF","GO_Biological_Process"
"GO:0009743","response to carbohydrate","14/423","189/13537",0.0740740740740741,2.37054548638473,3.40772094563832,0.00247292055079188,0.057973455499251,0.0510190703188798,"8431/5208/3552/2890/177/51085/1080/114/3767/6833/1361/6928/3170/80339",14,FALSE,"Higher_in_IPF","GO_Biological_Process"
"GO:0071621","granulocyte chemotaxis","10/423","111/13537",0.0900900900900901,2.88309586181927,3.57773660028877,0.00247503228035042,0.057973455499251,0.0510190703188798,"1441/6280/6283/6279/57402/3579/3577/5196/5319/23604",10,FALSE,"Higher_in_IPF","GO_Biological_Process"
"GO:0001656","metanephros development","8/423","76/13537",0.105263157894737,3.36866990170462,3.71895088202464,0.00250347316846406,0.0582820765682671,0.0512906697929223,"3579/153572/79192/6469/1512/79191/6928/186",8,FALSE,"Higher_in_IPF","GO_Biological_Process"
"GO:0046471","phosphatidylglycerol metabolic process","5/423","31/13537",0.161290322580645,5.16167162357965,4.16613223311363,0.00252677698303744,0.0584680880074967,0.0514543676545806,"79888/5319/255189/21/50487",5,FALSE,"Higher_in_IPF","GO_Biological_Process"
"GO:0044248","cellular catabolic process","18/423","275/13537",0.0654545454545455,2.0947001934236,3.29385742548129,0.00256519000496452,0.0586460804727818,0.0516110084831186,"84879/255738/55289/33/3373/4311/56922/83891/84830/383/5446/1512/197257/51181/440503/92086/5625/7263",18,FALSE,"Higher_in_IPF","GO_Biological_Process"
"GO:0060326","cell chemotaxis","18/423","275/13537",0.0654545454545455,2.0947001934236,3.29385742548129,0.00256519000496452,0.0586460804727818,0.0516110084831186,"1441/6280/6283/6279/57402/3579/3577/1524/729230/9034/5196/1669/6441/5319/23604/6368/2867/2277",18,FALSE,"Higher_in_IPF","GO_Biological_Process"
"GO:0002548","monocyte chemotaxis","6/423","45/13537",0.133333333333333,4.26698187549251,3.9424172155631,0.00260674985970263,0.0588909524517434,0.0518265060863955,"6283/57402/1524/729230/5196/6368",6,FALSE,"Higher_in_IPF","GO_Biological_Process"
"GO:0006636","unsaturated fatty acid biosynthetic process","6/423","45/13537",0.133333333333333,4.26698187549251,3.9424172155631,0.00260674985970263,0.0588909524517434,0.0518265060863955,"2171/6319/83401/255189/247/50487",6,FALSE,"Higher_in_IPF","GO_Biological_Process"
"GO:1903034","regulation of response to wounding","12/423","151/13537",0.0794701986754967,2.543234230426,3.42485885427006,0.00277512189687859,0.0623259729546026,0.0548494680794827,"5196/2243/2160/100506658/84830/1361/53905/2811/27346/350/89790/3170",12,FALSE,"Higher_in_IPF","GO_Biological_Process"
"GO:0019217","regulation of fatty acid metabolic process","8/423","78/13537",0.102564102564103,3.28229375037886,3.63044793373366,0.00294950076409771,0.0653439844514613,0.0575054446717941,"84879/33/51085/2171/440503/57761/50487/58526",8,FALSE,"Higher_in_IPF","GO_Biological_Process"
"GO:0050830","defense response to Gram-positive bacterium","8/423","78/13537",0.102564102564103,3.28229375037886,3.63044793373366,0.00294950076409771,0.0653439844514613,0.0575054446717941,"115361/820/7432/1669/1668/5319/6037/8993",8,FALSE,"Higher_in_IPF","GO_Biological_Process"
"GO:0009306","protein secretion","19/423","301/13537",0.0631229235880399,2.02008278158699,3.21431216846297,0.00296084581197035,0.0653439844514613,0.0575054446717941,"8431/5208/1131/3552/7273/2243/84830/7432/1080/80223/114/27063/5950/3767/6833/5319/6928/2867/3170",19,FALSE,"Higher_in_IPF","GO_Biological_Process"
"GO:0021782","glial cell development","10/423","114/13537",0.087719298245614,2.80722491808718,3.48006698544854,0.00300964448105317,0.0654562638084371,0.0576042552111966,"400746/6280/6279/10675/177/6469/10319/745/4099/57716",10,FALSE,"Higher_in_IPF","GO_Biological_Process"
"GO:0002523","leukocyte migration involved in inflammatory response","4/423","20/13537",0.2,6.40047281323877,4.34064623375266,0.00305954900916487,0.0654562638084371,0.0576042552111966,"6280/6279/2529/2867",4,FALSE,"Higher_in_IPF","GO_Biological_Process"
"GO:0050482","arachidonate secretion","4/423","20/13537",0.2,6.40047281323877,4.34064623375266,0.00305954900916487,0.0654562638084371,0.0576042552111966,"84647/5319/255189/50487",4,FALSE,"Higher_in_IPF","GO_Biological_Process"
"GO:1903963","arachidonate transport","4/423","20/13537",0.2,6.40047281323877,4.34064623375266,0.00305954900916487,0.0654562638084371,0.0576042552111966,"84647/5319/255189/50487",4,FALSE,"Higher_in_IPF","GO_Biological_Process"
"GO:0001878","response to yeast","3/423","10/13537",0.3,9.60070921985815,4.88631304351923,0.00308594224345696,0.0654562638084371,0.0576042552111966,"820/7432/4353",3,FALSE,"Higher_in_IPF","GO_Biological_Process"
"GO:0009756","carbohydrate mediated signaling","3/423","10/13537",0.3,9.60070921985815,4.88631304351923,0.00308594224345696,0.0654562638084371,0.0576042552111966,"177/51085/114",3,FALSE,"Higher_in_IPF","GO_Biological_Process"
"GO:0150172","regulation of phosphatidylcholine metabolic process","3/423","10/13537",0.3,9.60070921985815,4.88631304351923,0.00308594224345696,0.0654562638084371,0.0576042552111966,"84879/79888/21",3,FALSE,"Higher_in_IPF","GO_Biological_Process"
"GO:0045055","regulated exocytosis","14/423","194/13537",0.0721649484536082,2.30944895323048,3.29921381108028,0.00313840509421694,0.0662012743078469,0.0582598956716515,"11126/7476/729230/10675/5028/306/8676/80223/83849/120892/84106/57126/140730/50487",14,FALSE,"Higher_in_IPF","GO_Biological_Process"
"GO:0035592","establishment of protein localization to extracellular region","19/423","303/13537",0.0627062706270627,2.00674890184054,3.18305894065113,0.00318472189209141,0.0668091658461814,0.0587948657001492,"8431/5208/1131/3552/7273/2243/84830/7432/1080/80223/114/27063/5950/3767/6833/5319/6928/2867/3170",19,FALSE,"Higher_in_IPF","GO_Biological_Process"
"GO:0003018","vascular process in circulatory system","16/423","237/13537",0.0675105485232067,2.16049715214811,3.23698135912642,0.0032154524242405,0.0670852314521871,0.0590378150024486,"84879/4036/3579/5028/2243/100506658/177/6581/148/2171/6456/6833/3177/27345/6532/186",16,FALSE,"Higher_in_IPF","GO_Biological_Process"
"GO:0007596","blood coagulation","15/423","216/13537",0.0694444444444444,2.22238639348568,3.2524807539762,0.00327650445506804,0.0679068300094626,0.0597608561633825,"89780/5028/5196/2243/2160/84830/80739/6469/1361/5265/2811/6532/350/3170/81027",15,FALSE,"Higher_in_IPF","GO_Biological_Process"
"GO:1990748","cellular detoxification","9/423","97/13537",0.0927835051546392,2.96929151129634,3.4957793170104,0.00329040428280529,0.0679068300094626,0.0597608561633825,"2944/6280/64757/64116/2878/6581/4257/53905/4353",9,FALSE,"Higher_in_IPF","GO_Biological_Process"
"GO:0032309","icosanoid secretion","5/423","33/13537",0.151515151515152,4.8488430403324,3.97560952702499,0.00335360571000763,0.0688298016635244,0.0605731098977061,"3552/84647/5319/255189/50487",5,FALSE,"Higher_in_IPF","GO_Biological_Process"
"GO:0007189","adenylate cyclase-activating G protein-coupled receptor signaling pathway","11/423","135/13537",0.0814814814814815,2.6076000350232,3.37138112696194,0.00338764898378439,0.0688298016635244,0.0605731098977061,"6344/7433/5196/59350/7432/148/114/338557/8698/2015/84658",11,FALSE,"Higher_in_IPF","GO_Biological_Process"
"GO:0061045","negative regulation of wound healing","7/423","63/13537",0.111111111111111,3.55581822957709,3.65173903205324,0.00338920972046689,0.0688298016635244,0.0605731098977061,"5196/2243/2160/84830/1361/2811/350",7,FALSE,"Higher_in_IPF","GO_Biological_Process"
"GO:0050817","coagulation","15/423","217/13537",0.0691244239631336,2.21214498153414,3.23280931757705,0.00342217427950788,0.0691315417945032,0.0608386538579179,"89780/5028/5196/2243/2160/84830/80739/6469/1361/5265/2811/6532/350/3170/81027",15,FALSE,"Higher_in_IPF","GO_Biological_Process"
"GO:0044282","small molecule catabolic process","19/423","306/13537",0.0620915032679739,1.98707489299896,3.13662248095651,0.00354691147207242,0.0712742526335396,0.0627243291903334,"84879/5208/55289/33/56922/84830/383/5446/2529/8630/6799/197257/51181/440503/2523/55902/5625/51733/7263",19,FALSE,"Higher_in_IPF","GO_Biological_Process"
"GO:0002705","positive regulation of leukocyte mediated immunity","11/423","136/13537",0.0808823529411765,2.58842650535391,3.34361098043663,0.00358533142749495,0.0712958093238318,0.0627432999811616,"5590/11126/2209/117157/8809/8807/7855/3135/383/563/57126",11,FALSE,"Higher_in_IPF","GO_Biological_Process"
"GO:0055088","lipid homeostasis","11/423","136/13537",0.0808823529411765,2.58842650535391,3.34361098043663,0.00358533142749495,0.0712958093238318,0.0627432999811616,"255738/51085/338328/84647/84649/335/21/6296/27346/1050/80339",11,FALSE,"Higher_in_IPF","GO_Biological_Process"
"GO:0071692","protein localization to extracellular region","19/423","307/13537",0.0618892508143322,1.98060233634424,3.12126006748262,0.00367500525252991,0.072197241408747,0.0635365979919827,"8431/5208/1131/3552/7273/2243/84830/7432/1080/80223/114/27063/5950/3767/6833/5319/6928/2867/3170",19,FALSE,"Higher_in_IPF","GO_Biological_Process"
"GO:0034383","low-density lipoprotein particle clearance","4/423","21/13537",0.19047619047619,6.09568839356073,4.19697309633986,0.003687391847749,0.072197241408747,0.0635365979919827,"255738/6833/84649/3162",4,FALSE,"Higher_in_IPF","GO_Biological_Process"
"GO:1903318","negative regulation of protein maturation","4/423","21/13537",0.19047619047619,6.09568839356073,4.19697309633986,0.003687391847749,0.072197241408747,0.0635365979919827,"7850/2243/120892/1361",4,FALSE,"Higher_in_IPF","GO_Biological_Process"
"GO:0030072","peptide hormone secretion","14/423","198/13537",0.0707070707070707,2.26279341882179,3.21477835503911,0.00377068636062441,0.0734514312493061,0.0646403376107042,"8431/5208/1131/2243/7432/1080/114/338557/5950/3767/6833/6928/2867/3170",14,FALSE,"Higher_in_IPF","GO_Biological_Process"
"GO:0019098","reproductive behavior","5/423","34/13537",0.147058823529412,4.70623000973439,3.88601488532218,0.00383273107201596,0.0742810519439438,0.0653704385886986,"5028/1620/6532/84152/5266",5,FALSE,"Higher_in_IPF","GO_Biological_Process"
"GO:0032729","positive regulation of type II interferon production","7/423","65/13537",0.107692307692308,3.4464084378978,3.55072774843106,0.00404388972967474,0.0779776312520109,0.0686235832914502,"11126/51744/8809/7855/729230/284293/51311",7,FALSE,"Higher_in_IPF","GO_Biological_Process"
"GO:0002819","regulation of adaptive immune response","14/423","200/13537",0.07,2.24016548463357,3.17331605751328,0.00412370026659629,0.0783538252188636,0.0689546497473499,"5590/11126/2209/722/9173/8809/7855/729230/3135/177/383/563/29126/2529",14,FALSE,"Higher_in_IPF","GO_Biological_Process"
"GO:0043278","response to morphine","3/423","11/13537",0.272727272727273,8.72791747259832,4.60491791891098,0.00414548787171568,0.0783538252188636,0.0689546497473499,"2890/114/84152",3,FALSE,"Higher_in_IPF","GO_Biological_Process"
"GO:0043312","neutrophil degranulation","3/423","11/13537",0.272727272727273,8.72791747259832,4.60491791891098,0.00414548787171568,0.0783538252188636,0.0689546497473499,"306/84106/57126",3,FALSE,"Higher_in_IPF","GO_Biological_Process"
"GO:0072378","blood coagulation, fibrin clot formation","3/423","11/13537",0.272727272727273,8.72791747259832,4.60491791891098,0.00414548787171568,0.0783538252188636,0.0689546497473499,"2243/2811/350",3,FALSE,"Higher_in_IPF","GO_Biological_Process"
"GO:0007600","sensory perception","21/423","357/13537",0.0588235294117647,1.88249200389376,3.03483405506208,0.00419975379177273,0.0789884727930458,0.0695131662086521,"5284/6323/4036/3231/729230/60675/55/4311/84059/53405/563/2171/10319/338557/5950/6337/4640/374462/55273/3249/6247",21,FALSE,"Higher_in_IPF","GO_Biological_Process"
"GO:0006887","exocytosis","19/423","311/13537",0.0610932475884244,1.95512835131088,3.06038058909916,0.00422647882352704,0.0791014517069914,0.0696125923875042,"11126/57111/7476/729230/10675/5028/306/2243/8676/1080/203190/80223/83849/120892/29091/84106/57126/140730/50487",19,FALSE,"Higher_in_IPF","GO_Biological_Process"
"GO:0009636","response to toxic substance","14/423","201/13537",0.0696517412935323,2.22902038271997,3.15276853583386,0.00431001988999684,0.0802714923902826,0.0706422772214116,"2944/6280/64757/64116/2878/2890/6581/5446/4257/53905/26471/6532/4353/11254",14,FALSE,"Higher_in_IPF","GO_Biological_Process"
"GO:0043032","positive regulation of macrophage activation","4/423","22/13537",0.181818181818182,5.81861164839888,4.06230949971312,0.00439716795999318,0.0811330790999399,0.0714005096322153,"9173/4317/120892/1050",4,FALSE,"Higher_in_IPF","GO_Biological_Process"
"GO:0046470","phosphatidylcholine metabolic process","7/423","66/13537",0.106060606060606,3.39419012823268,3.5016960989825,0.00440509978135028,0.0811330790999399,0.0714005096322153,"84879/79888/2171/335/5319/21/50487",7,FALSE,"Higher_in_IPF","GO_Biological_Process"
"GO:0032371","regulation of sterol transport","6/423","50/13537",0.12,3.84028368794326,3.61357281114838,0.00446253185201346,0.0811330790999399,0.0714005096322153,"255738/1950/6469/335/21/27346",6,FALSE,"Higher_in_IPF","GO_Biological_Process"
"GO:0032374","regulation of cholesterol transport","6/423","50/13537",0.12,3.84028368794326,3.61357281114838,0.00446253185201346,0.0811330790999399,0.0714005096322153,"255738/1950/6469/335/21/27346",6,FALSE,"Higher_in_IPF","GO_Biological_Process"
"GO:0045665","negative regulation of neuron differentiation","6/423","50/13537",0.12,3.84028368794326,3.61357281114838,0.00446253185201346,0.0811330790999399,0.0714005096322153,"5909/89780/6469/79191/6532/4099",6,FALSE,"Higher_in_IPF","GO_Biological_Process"
"GO:0051223","regulation of protein transport","22/423","383/13537",0.0574412532637076,1.83825589936362,2.98878622971827,0.00454302422704482,0.0822050544969533,0.0723438929046,"5590/8431/5208/1131/3552/7273/2243/84830/1080/6469/80223/114/27063/5950/3767/6833/1128/5319/123264/27346/2867/3170",22,FALSE,"Higher_in_IPF","GO_Biological_Process"
"GO:0007200","phospholipase C-activating G protein-coupled receptor signaling pathway","9/423","102/13537",0.0882352941176471,2.82373800584063,3.3204081108822,0.00460281853742799,0.0828941564900946,0.0729503315365945,"1131/3579/1524/5028/1129/148/338557/1128/2867",9,FALSE,"Higher_in_IPF","GO_Biological_Process"
"GO:1903035","negative regulation of response to wounding","8/423","84/13537",0.0952380952380952,3.04784419678037,3.38123028768477,0.00466581879142498,0.0836342542049792,0.0736016485407884,"5196/2243/2160/84830/1361/2811/350/89790",8,FALSE,"Higher_in_IPF","GO_Biological_Process"
"GO:0008015","blood circulation","24/423","432/13537",0.0555555555555556,1.77790911478855,2.95120914375211,0.00471634459173424,0.0841448768749595,0.0740510178889114,"6323/7273/3579/7134/5028/84525/2243/4883/100506658/177/1129/148/6456/6833/6337/94/27345/6445/2013/6296/79191/6532/3759/186",24,FALSE,"Higher_in_IPF","GO_Biological_Process"
"GO:0002444","myeloid leukocyte mediated immunity","9/423","103/13537",0.087378640776699,2.79632307374509,3.28660987405262,0.00490833342988293,0.0871628699315956,0.0767069782530542,"2209/1524/729230/306/383/5319/84106/57126/50487",9,FALSE,"Higher_in_IPF","GO_Biological_Process"
"GO:0002446","neutrophil mediated immunity","5/423","36/13537",0.138888888888889,4.44477278697137,3.71686365522494,0.00493463414938647,0.0872242276960997,0.0767609756571228,"306/383/5319/84106/57126",5,FALSE,"Higher_in_IPF","GO_Biological_Process"
"GO:0030324","lung development","13/423","183/13537",0.0710382513661202,2.27339198284437,3.11479692332837,0.00495793833202393,0.0872322974731214,0.0767680773990802,"51208/4311/84525/64399/59350/6469/6441/5950/7080/1512/21/80004/1050",13,FALSE,"Higher_in_IPF","GO_Biological_Process"
"GO:0071674","mononuclear cell migration","14/423","205/13537",0.0682926829268293,2.18552730208153,3.07176936559033,0.00512482770016153,0.0897235982613213,0.0789605264950339,"6283/57402/3579/3577/1524/729230/5196/84830/177/1669/2529/6441/6368/91662",14,FALSE,"Higher_in_IPF","GO_Biological_Process"
"GO:0090276","regulation of peptide hormone secretion","12/423","163/13537",0.0736196319018405,2.35600226254188,3.12803298338783,0.00514973425389597,0.0897235982613213,0.0789605264950339,"8431/5208/1131/2243/1080/114/338557/5950/3767/6833/2867/3170",12,FALSE,"Higher_in_IPF","GO_Biological_Process"
"GO:0016540","protein autoprocessing","4/423","23/13537",0.173913043478261,5.5656285332511,3.9356847256082,0.00519353462958408,0.0897235982613213,0.0789605264950339,"255738/3549/6469/745",4,FALSE,"Higher_in_IPF","GO_Biological_Process"
"GO:0042832","defense response to protozoan","4/423","23/13537",0.173913043478261,5.5656285332511,3.9356847256082,0.00519353462958408,0.0897235982613213,0.0789605264950339,"115361/5196/383/116071",4,FALSE,"Higher_in_IPF","GO_Biological_Process"
"GO:0097237","cellular response to toxic substance","9/423","104/13537",0.0865384615384615,2.76943535188216,3.25321397323365,0.00522936788423336,0.0899357053243377,0.0791471895992076,"2944/6280/64757/64116/2878/6581/4257/53905/4353",9,FALSE,"Higher_in_IPF","GO_Biological_Process"
"GO:0043269","regulation of monoatomic ion transport","21/423","365/13537",0.0575342465753425,1.84123190517828,2.92606570342011,0.00539748859942336,0.0904828371828476,0.0796286885632184,"255738/729230/5028/5593/1950/2890/1080/56704/760/3767/6833/1128/5319/5652/9914/6532/3759/353514/11027/3787/3772",21,FALSE,"Higher_in_IPF","GO_Biological_Process"
"GO:0014072","response to isoquinoline alkaloid","3/423","12/13537",0.25,8.00059101654846,4.35716954446177,0.00540027663281401,0.0904828371828476,0.0796286885632184,"2890/114/84152",3,FALSE,"Higher_in_IPF","GO_Biological_Process"
"GO:0042045","epithelial fluid transport","3/423","12/13537",0.25,8.00059101654846,4.35716954446177,0.00540027663281401,0.0904828371828476,0.0796286885632184,"51208/1437/1080",3,FALSE,"Higher_in_IPF","GO_Biological_Process"
"GO:0051608","histamine transport","3/423","12/13537",0.25,8.00059101654846,4.35716954446177,0.00540027663281401,0.0904828371828476,0.0796286885632184,"1437/6581/50487",3,FALSE,"Higher_in_IPF","GO_Biological_Process"
"GO:0150078","positive regulation of neuroinflammatory response","3/423","12/13537",0.25,8.00059101654846,4.35716954446177,0.00540027663281401,0.0904828371828476,0.0796286885632184,"4317/120892/26471",3,FALSE,"Higher_in_IPF","GO_Biological_Process"
"GO:0015909","long-chain fatty acid transport","6/423","52/13537",0.115384615384615,3.69258046917621,3.49375667179408,0.00542663513600078,0.0904828371828476,0.0796286885632184,"84879/2171/84647/5319/255189/50487",6,FALSE,"Higher_in_IPF","GO_Biological_Process"
"GO:0002822","regulation of adaptive immune response based on somatic recombination of immune receptors built from immunoglobulin superfamily domains","13/423","185/13537",0.0702702702702703,2.24881477221903,3.07155641648219,0.00542707430981459,0.0904828371828476,0.0796286885632184,"5590/2209/722/9173/8809/7855/729230/3135/177/383/563/29126/2529",13,FALSE,"Higher_in_IPF","GO_Biological_Process"
"GO:0002369","T cell cytokine production","5/423","37/13537",0.135135135135135,4.3246437927289,3.63686236579844,0.00556224868152656,0.0911444869788343,0.0802109681112843,"5590/8809/7855/729230/383",5,FALSE,"Higher_in_IPF","GO_Biological_Process"
"GO:0002724","regulation of T cell cytokine production","5/423","37/13537",0.135135135135135,4.3246437927289,3.63686236579844,0.00556224868152656,0.0911444869788343,0.0802109681112843,"5590/8809/7855/729230/383",5,FALSE,"Higher_in_IPF","GO_Biological_Process"
"GO:2000179","positive regulation of neural precursor cell proliferation","5/423","37/13537",0.135135135135135,4.3246437927289,3.63686236579844,0.00556224868152656,0.0911444869788343,0.0802109681112843,"89780/4036/1524/1950/6469",5,FALSE,"Higher_in_IPF","GO_Biological_Process"
"GO:2000300","regulation of synaptic vesicle exocytosis","5/423","37/13537",0.135135135135135,4.3246437927289,3.63686236579844,0.00556224868152656,0.0911444869788343,0.0802109681112843,"7476/10675/5028/120892/140730",5,FALSE,"Higher_in_IPF","GO_Biological_Process"
"GO:0045123","cellular extravasation","7/423","69/13537",0.101449275362319,3.24661664439648,3.36008087321715,0.00563568998932809,0.0919532665780113,0.0809227280518905,"1524/729230/177/2529/2811/5657/57126",7,FALSE,"Higher_in_IPF","GO_Biological_Process"
"GO:0061351","neural precursor cell proliferation","10/423","125/13537",0.08,2.56018912529551,3.14726453184729,0.00580161688448679,0.0942577585743428,0.0829507775824494,"89780/4036/7476/131405/1524/1950/64399/6469/120892/6532",10,FALSE,"Higher_in_IPF","GO_Biological_Process"
"GO:0035821","modulation of process of another organism","9/423","106/13537",0.0849056603773585,2.71718185467684,3.18759264174808,0.00592005872753855,0.0953480097931878,0.0839102443439264,"8547/6280/1524/820/383/25833/2194/3249/6590",9,FALSE,"Higher_in_IPF","GO_Biological_Process"
"GO:0030323","respiratory tube development","13/423","187/13537",0.0695187165775401,2.22476327732898,3.02886623270723,0.00593110630482929,0.0953480097931878,0.0839102443439264,"51208/4311/84525/64399/59350/6469/6441/5950/7080/1512/21/80004/1050",13,FALSE,"Higher_in_IPF","GO_Biological_Process"
"GO:0034284","response to monosaccharide","12/423","166/13537",0.072289156626506,2.31342390839956,3.05791059746169,0.00594364230769479,0.0953480097931878,0.0839102443439264,"8431/5208/3552/177/51085/1080/114/3767/6833/1361/6928/3170",12,FALSE,"Higher_in_IPF","GO_Biological_Process"
"GO:0006910","phagocytosis, recognition","4/423","24/13537",0.166666666666667,5.33372734436564,3.81626991479051,0.00608096135513066,0.0966080403296508,0.0850191240198079,"8547/2209/722/653509",4,FALSE,"Higher_in_IPF","GO_Biological_Process"
"GO:0032691","negative regulation of interleukin-1 beta production","4/423","24/13537",0.166666666666667,5.33372734436564,3.81626991479051,0.00608096135513066,0.0966080403296508,0.0850191240198079,"1524/338557/335/4210",4,FALSE,"Higher_in_IPF","GO_Biological_Process"
"GO:0050906","detection of stimulus involved in sensory perception","7/423","70/13537",0.1,3.20023640661939,3.31459677414036,0.0060980978835636,0.0966080403296508,0.0850191240198079,"5284/6323/84059/563/338557/374462/3249",7,FALSE,"Higher_in_IPF","GO_Biological_Process"
"GO:0006821","chloride transport","8/423","88/13537",0.0909090909090909,2.90930582419944,3.2271533537866,0.00617828744879798,0.0974739730558292,0.0857811811072777,"115019/5593/116369/53405/1080/760/9022/11254",8,FALSE,"Higher_in_IPF","GO_Biological_Process"
"GO:0002009","morphogenesis of an epithelium","24/423","445/13537",0.0539325842696629,1.72597019682843,2.79668508360363,0.00675497630567058,0.104337334890084,0.0918212271426616,"126695/89780/4036/7855/3579/3549/7476/131405/1950/64399/153572/79192/6469/760/94/341640/7080/1512/79191/80004/6928/57662/27443/186",24,FALSE,"Higher_in_IPF","GO_Biological_Process"
"GO:0010226","response to lithium ion","3/423","13/13537",0.230769230769231,7.38516093835243,4.13655411430919,0.00685926428952621,0.104337334890084,0.0918212271426616,"2890/6469/1050",3,FALSE,"Higher_in_IPF","GO_Biological_Process"
"GO:0033083","regulation of immature T cell proliferation","3/423","13/13537",0.230769230769231,7.38516093835243,4.13655411430919,0.00685926428952621,0.104337334890084,0.0918212271426616,"3552/3549/6469",3,FALSE,"Higher_in_IPF","GO_Biological_Process"
"GO:0033084","regulation of immature T cell proliferation in thymus","3/423","13/13537",0.230769230769231,7.38516093835243,4.13655411430919,0.00685926428952621,0.104337334890084,0.0918212271426616,"3552/3549/6469",3,FALSE,"Higher_in_IPF","GO_Biological_Process"
"GO:0044070","regulation of monoatomic anion transport","3/423","13/13537",0.230769230769231,7.38516093835243,4.13655411430919,0.00685926428952621,0.104337334890084,0.0918212271426616,"5593/1080/760",3,FALSE,"Higher_in_IPF","GO_Biological_Process"
"GO:0051930","regulation of sensory perception of pain","3/423","13/13537",0.230769230769231,7.38516093835243,4.13655411430919,0.00685926428952621,0.104337334890084,0.0918212271426616,"55/2171/55273",3,FALSE,"Higher_in_IPF","GO_Biological_Process"
"GO:0051931","regulation of sensory perception","3/423","13/13537",0.230769230769231,7.38516093835243,4.13655411430919,0.00685926428952621,0.104337334890084,0.0918212271426616,"55/2171/55273",3,FALSE,"Higher_in_IPF","GO_Biological_Process"
"GO:0072672","neutrophil extravasation","3/423","13/13537",0.230769230769231,7.38516093835243,4.13655411430919,0.00685926428952621,0.104337334890084,0.0918212271426616,"2529/5657/57126",3,FALSE,"Higher_in_IPF","GO_Biological_Process"
"GO:1903238","positive regulation of leukocyte tethering or rolling","3/423","13/13537",0.230769230769231,7.38516093835243,4.13655411430919,0.00685926428952621,0.104337334890084,0.0918212271426616,"729230/2529/2811",3,FALSE,"Higher_in_IPF","GO_Biological_Process"
"GO:0006720","isoprenoid metabolic process","8/423","90/13537",0.0888888888888889,2.84465458366168,3.15334417239744,0.00706148236183235,0.105837658864991,0.0931415751142928,"4036/5948/3157/195814/5950/84649/8630/4047",8,FALSE,"Higher_in_IPF","GO_Biological_Process"
"GO:0015908","fatty acid transport","8/423","90/13537",0.0888888888888889,2.84465458366168,3.15334417239744,0.00706148236183235,0.105837658864991,0.0931415751142928,"84879/3552/5948/2171/84647/5319/255189/50487",8,FALSE,"Higher_in_IPF","GO_Biological_Process"
"GO:0035357","peroxisome proliferator activated receptor signaling pathway","4/423","25/13537",0.16,5.12037825059102,3.70335238993723,0.00706371578583184,0.105837658864991,0.0931415751142928,"2171/55885/247/440503",4,FALSE,"Higher_in_IPF","GO_Biological_Process"
"GO:0048732","gland development","21/423","374/13537",0.0561497326203209,1.79692418553495,2.80687540181309,0.00706878025420972,0.105837658864991,0.0931415751142928,"5909/255738/89780/3549/1950/59350/6469/57864/10718/335/1361/7080/80004/9914/247/6928/2194/1050/3249/81027/51733",21,FALSE,"Higher_in_IPF","GO_Biological_Process"
"GO:0043542","endothelial cell migration","14/423","213/13537",0.0657276995305164,2.10344176960899,2.91520886703972,0.0071265236478034,0.106285419091068,0.0935356228774196,"6280/6283/6279/7476/306/1950/84830/335/94/2013/350/2523/3162/186",14,FALSE,"Higher_in_IPF","GO_Biological_Process"
"GO:0060562","epithelial tube morphogenesis","18/423","304/13537",0.0592105263157895,1.89487681970885,2.83412278087155,0.00724568672129478,0.107642147478224,0.0947296007142041,"89780/4036/3579/3549/131405/1950/64399/153572/79192/6469/94/7080/1512/79191/80004/6928/27443/186",18,FALSE,"Higher_in_IPF","GO_Biological_Process"
"GO:0043270","positive regulation of monoatomic ion transport","12/423","171/13537",0.0701754385964912,2.24577993446974,2.94432960086706,0.00747955816736157,0.110685864662738,0.0974081993888949,"729230/5028/1080/6833/1128/5319/5652/9914/6532/3759/353514/11027",12,FALSE,"Higher_in_IPF","GO_Biological_Process"
"GO:0048806","genitalia development","5/423","40/13537",0.125,4.00029550827423,3.4128969118483,0.00778011812448727,0.113973490530389,0.100301447926167,"1718/4036/6469/5950/6928",5,FALSE,"Higher_in_IPF","GO_Biological_Process"
"GO:0051090","regulation of DNA-binding transcription factor activity","17/423","283/13537",0.0600706713780919,1.92240349514239,2.81636177612807,0.00778189842795176,0.113973490530389,0.100301447926167,"5590/8431/6280/6283/6279/8809/8807/306/177/114/219790/408/5319/26471/91662/3170/55859",17,FALSE,"Higher_in_IPF","GO_Biological_Process"
"GO:0009880","embryonic pattern specification","6/423","56/13537",0.107142857142857,3.42882472137791,3.27097255838923,0.00779884866321792,0.113973490530389,0.100301447926167,"7855/3549/7476/6469/4091/53820",6,FALSE,"Higher_in_IPF","GO_Biological_Process"
"GO:0051091","positive regulation of DNA-binding transcription factor activity","12/423","172/13537",0.0697674418604651,2.23272307438562,2.9220862727385,0.00782112480852851,0.113973490530389,0.100301447926167,"5590/6280/6283/6279/8809/8807/306/177/114/219790/5319/55859",12,FALSE,"Higher_in_IPF","GO_Biological_Process"
"GO:1903829","positive regulation of protein localization","24/423","452/13537",0.0530973451327434,1.6992405698864,2.7155433422904,0.00812419483598287,0.115904682335954,0.102000977645051,"5590/8431/5208/89780/1131/3552/7273/7855/7476/5593/1950/2243/1080/6469/114/27063/5950/3767/6833/1128/5319/123264/27346/2867",24,FALSE,"Higher_in_IPF","GO_Biological_Process"
"GO:0001562","response to protozoan","4/423","26/13537",0.153846153846154,4.92344062556829,3.59631544830089,0.00814585184680549,0.115904682335954,0.102000977645051,"115361/5196/383/116071",4,FALSE,"Higher_in_IPF","GO_Biological_Process"
"GO:0002092","positive regulation of receptor internalization","4/423","26/13537",0.153846153846154,4.92344062556829,3.59631544830089,0.00814585184680549,0.115904682335954,0.102000977645051,"255738/89780/1950/408",4,FALSE,"Higher_in_IPF","GO_Biological_Process"
"GO:0006026","aminoglycan catabolic process","4/423","26/13537",0.153846153846154,4.92344062556829,3.59631544830089,0.00814585184680549,0.115904682335954,0.102000977645051,"1117/27159/3373/8993",4,FALSE,"Higher_in_IPF","GO_Biological_Process"
"GO:0030878","thyroid gland development","4/423","26/13537",0.153846153846154,4.92344062556829,3.59631544830089,0.00814585184680549,0.115904682335954,0.102000977645051,"5909/6469/7080/81027",4,FALSE,"Higher_in_IPF","GO_Biological_Process"
"GO:0071542","dopaminergic neuron differentiation","4/423","26/13537",0.153846153846154,4.92344062556829,3.59631544830089,0.00814585184680549,0.115904682335954,0.102000977645051,"89780/6469/3170/2277",4,FALSE,"Higher_in_IPF","GO_Biological_Process"
"GO:0007159","leukocyte cell-cell adhesion","21/423","379/13537",0.0554089709762533,1.77321806171523,2.74204401051012,0.00816668402162252,0.115904682335954,0.102000977645051,"5590/11126/79626/6280/6279/3552/3549/1524/729230/64116/84830/3135/177/383/6469/29126/2529/6441/2811/126259/57126",21,FALSE,"Higher_in_IPF","GO_Biological_Process"
"GO:0042632","cholesterol homeostasis","7/423","74/13537",0.0945945945945946,3.02725065491023,3.14050980192568,0.00823476908433521,0.115904682335954,0.102000977645051,"255738/338328/84647/84649/335/6296/27346",7,FALSE,"Higher_in_IPF","GO_Biological_Process"
"GO:0071219","cellular response to molecule of bacterial origin","13/423","195/13537",0.0666666666666667,2.13349093774626,2.86333826215478,0.00833247374864169,0.115904682335954,0.102000977645051,"3552/7855/1524/820/5196/1437/1669/1668/29126/27063/4317/11027/671",13,FALSE,"Higher_in_IPF","GO_Biological_Process"
"GO:0032757","positive regulation of interleukin-8 production","6/423","57/13537",0.105263157894737,3.36866990170462,3.21843535353969,0.0084927994331741,0.115904682335954,0.102000977645051,"51744/820/5319/2867/11027/51311",6,FALSE,"Higher_in_IPF","GO_Biological_Process"
"GO:0007213","G protein-coupled acetylcholine receptor signaling pathway","3/423","14/13537",0.214285714285714,6.85764944275583,3.93820789063233,0.00852997403984373,0.115904682335954,0.102000977645051,"1131/1129/1128",3,FALSE,"Higher_in_IPF","GO_Biological_Process"
"GO:0007379","segment specification","3/423","14/13537",0.214285714285714,6.85764944275583,3.93820789063233,0.00852997403984373,0.115904682335954,0.102000977645051,"153572/79192/79191",3,FALSE,"Higher_in_IPF","GO_Biological_Process"
"GO:0008228","opsonization","3/423","14/13537",0.214285714285714,6.85764944275583,3.93820789063233,0.00852997403984373,0.115904682335954,0.102000977645051,"8547/722/653509",3,FALSE,"Higher_in_IPF","GO_Biological_Process"
"GO:0033079","immature T cell proliferation","3/423","14/13537",0.214285714285714,6.85764944275583,3.93820789063233,0.00852997403984373,0.115904682335954,0.102000977645051,"3552/3549/6469",3,FALSE,"Higher_in_IPF","GO_Biological_Process"
"GO:0033080","immature T cell proliferation in thymus","3/423","14/13537",0.214285714285714,6.85764944275583,3.93820789063233,0.00852997403984373,0.115904682335954,0.102000977645051,"3552/3549/6469",3,FALSE,"Higher_in_IPF","GO_Biological_Process"
"GO:0046322","negative regulation of fatty acid oxidation","3/423","14/13537",0.214285714285714,6.85764944275583,3.93820789063233,0.00852997403984373,0.115904682335954,0.102000977645051,"84879/33/440503",3,FALSE,"Higher_in_IPF","GO_Biological_Process"
"GO:0050910","detection of mechanical stimulus involved in sensory perception of sound","3/423","14/13537",0.214285714285714,6.85764944275583,3.93820789063233,0.00852997403984373,0.115904682335954,0.102000977645051,"84059/374462/3249",3,FALSE,"Higher_in_IPF","GO_Biological_Process"
"GO:0050912","detection of chemical stimulus involved in sensory perception of taste","3/423","14/13537",0.214285714285714,6.85764944275583,3.93820789063233,0.00852997403984373,0.115904682335954,0.102000977645051,"5284/563/338557",3,FALSE,"Higher_in_IPF","GO_Biological_Process"
"GO:0002700","regulation of production of molecular mediator of immune response","12/423","174/13537",0.0689655172413793,2.20705959077199,2.87805519096209,0.0085408884320374,0.115904682335954,0.102000977645051,"5590/11126/51744/8809/7855/729230/3135/5225/383/5950/335/2867",12,FALSE,"Higher_in_IPF","GO_Biological_Process"
"GO:0031341","regulation of cell killing","8/423","93/13537",0.0860215053763441,2.75289153257582,3.04635163965219,0.00856079633806677,0.115904682335954,0.102000977645051,"11126/922/8807/1524/3135/177/383/563",8,FALSE,"Higher_in_IPF","GO_Biological_Process"
"GO:0006968","cellular defense response","5/423","41/13537",0.121951219512195,3.90272732514559,3.34305407621121,0.00863872595439434,0.116546486550804,0.102565792250053,"922/3579/1524/729230/3135",5,FALSE,"Higher_in_IPF","GO_Biological_Process"
"GO:0031640","killing of cells of another organism","7/423","75/13537",0.0933333333333333,2.98688731284476,3.09882350912326,0.00884557338931974,0.118031010597926,0.10387223562311,"6283/820/5196/383/1669/1668/8993",7,FALSE,"Higher_in_IPF","GO_Biological_Process"
"GO:0055092","sterol homeostasis","7/423","75/13537",0.0933333333333333,2.98688731284476,3.09882350912326,0.00884557338931974,0.118031010597926,0.10387223562311,"255738/338328/84647/84649/335/6296/27346",7,FALSE,"Higher_in_IPF","GO_Biological_Process"
"GO:0141061","disruption of cell in another organism","7/423","75/13537",0.0933333333333333,2.98688731284476,3.09882350912326,0.00884557338931974,0.118031010597926,0.10387223562311,"6283/820/5196/383/1669/1668/8993",7,FALSE,"Higher_in_IPF","GO_Biological_Process"
"GO:0002460","adaptive immune response based on somatic recombination of immune receptors built from immunoglobulin superfamily domains","17/423","287/13537",0.0592334494773519,1.89561041507072,2.75422814180302,0.00888732567517915,0.118031010597926,0.10387223562311,"5590/713/2209/722/9173/8809/7855/729230/3135/177/383/563/29126/2529/1512/2013/51311",17,FALSE,"Higher_in_IPF","GO_Biological_Process"
"GO:0051092","positive regulation of NF-kappaB transcription factor activity","9/423","113/13537",0.079646017699115,2.5488608548296,2.96932968900743,0.00890333448198082,0.118031010597926,0.10387223562311,"5590/6280/6283/6279/8809/8807/177/219790/5319",9,FALSE,"Higher_in_IPF","GO_Biological_Process"
"GO:0002717","positive regulation of natural killer cell mediated immunity","4/423","27/13537",0.148148148148148,4.74109097276946,3.49462229727826,0.00933119988227719,0.122008634077172,0.107372710974148,"11126/117157/8807/3135",4,FALSE,"Higher_in_IPF","GO_Biological_Process"
"GO:0006656","phosphatidylcholine biosynthetic process","4/423","27/13537",0.148148148148148,4.74109097276946,3.49462229727826,0.00933119988227719,0.122008634077172,0.107372710974148,"84879/79888/2171/335",4,FALSE,"Higher_in_IPF","GO_Biological_Process"
"GO:0042044","fluid transport","4/423","27/13537",0.148148148148148,4.74109097276946,3.49462229727826,0.00933119988227719,0.122008634077172,0.107372710974148,"51208/1437/1080/361",4,FALSE,"Higher_in_IPF","GO_Biological_Process"
"GO:0046337","phosphatidylethanolamine metabolic process","4/423","27/13537",0.148148148148148,4.74109097276946,3.49462229727826,0.00933119988227719,0.122008634077172,0.107372710974148,"84879/123745/5833/50487",4,FALSE,"Higher_in_IPF","GO_Biological_Process"
"GO:0002718","regulation of cytokine production involved in immune response","9/423","114/13537",0.0789473684210526,2.52650242627846,2.93949615442526,0.00940850791063177,0.122182595927864,0.107525804692934,"5590/11126/8809/7855/729230/3135/383/335/2867",9,FALSE,"Higher_in_IPF","GO_Biological_Process"
"GO:0032368","regulation of lipid transport","9/423","114/13537",0.0789473684210526,2.52650242627846,2.93949615442526,0.00940850791063177,0.122182595927864,0.107525804692934,"255738/3552/1950/6469/335/21/27346/56729/50487",9,FALSE,"Higher_in_IPF","GO_Biological_Process"
"GO:0071715","icosanoid transport","5/423","42/13537",0.119047619047619,3.80980524597546,3.27538372417856,0.00956068842011094,0.123737994535537,0.108894620649399,"3552/84647/5319/255189/50487",5,FALSE,"Higher_in_IPF","GO_Biological_Process"
"GO:0002367","cytokine production involved in immune response","9/423","115/13537",0.0782608695652174,2.504532839963,2.90997824011526,0.00993505086857814,0.127288671866548,0.112019365498062,"5590/11126/8809/7855/729230/3135/383/335/2867",9,FALSE,"Higher_in_IPF","GO_Biological_Process"
"GO:0002708","positive regulation of lymphocyte mediated immunity","9/423","115/13537",0.0782608695652174,2.504532839963,2.90997824011526,0.00993505086857814,0.127288671866548,0.112019365498062,"5590/11126/2209/117157/8809/8807/7855/3135/563",9,FALSE,"Higher_in_IPF","GO_Biological_Process"
"GO:0098754","detoxification","9/423","115/13537",0.0782608695652174,2.504532839963,2.90997824011526,0.00993505086857814,0.127288671866548,0.112019365498062,"2944/6280/64757/64116/2878/6581/4257/53905/4353",9,FALSE,"Higher_in_IPF","GO_Biological_Process"
"GO:0001523","retinoid metabolic process","6/423","59/13537",0.101694915254237,3.25447770164683,3.11678604611813,0.0100116759237586,0.127415262256368,0.112130770346097,"4036/5948/195814/5950/84649/8630",6,FALSE,"Higher_in_IPF","GO_Biological_Process"
"GO:0031343","positive regulation of cell killing","6/423","59/13537",0.101694915254237,3.25447770164683,3.11678604611813,0.0100116759237586,0.127415262256368,0.112130770346097,"11126/922/8807/3135/383/563",6,FALSE,"Higher_in_IPF","GO_Biological_Process"
"GO:0042116","macrophage activation","8/423","96/13537",0.0833333333333333,2.66686367218282,2.94352463230228,0.0102865352134343,0.129171921484201,0.113676704082482,"9173/1524/177/4317/120892/1050/671/50487",8,FALSE,"Higher_in_IPF","GO_Biological_Process"
"GO:0051048","negative regulation of secretion","10/423","136/13537",0.0735294117647059,2.35311500486719,2.84828424407301,0.0102959434330384,0.129171921484201,0.113676704082482,"729230/5028/1950/84830/80223/338557/3767/6833/29091/2867",10,FALSE,"Higher_in_IPF","GO_Biological_Process"
"GO:0046890","regulation of lipid biosynthetic process","11/423","157/13537",0.0700636942675159,2.24220385177154,2.81165744565747,0.0103284087950352,0.129171921484201,0.113676704082482,"84879/3552/33/79888/51085/2171/21/440503/57761/50487/58526",11,FALSE,"Higher_in_IPF","GO_Biological_Process"
"GO:0007620","copulation","3/423","15/13537",0.2,6.40047281323877,3.75841484413857,0.0104185979769493,0.129171921484201,0.113676704082482,"5028/6532/5266",3,FALSE,"Higher_in_IPF","GO_Biological_Process"
"GO:0036065","fucosylation","3/423","15/13537",0.2,6.40047281323877,3.75841484413857,0.0104185979769493,0.129171921484201,0.113676704082482,"2529/2525/2523",3,FALSE,"Higher_in_IPF","GO_Biological_Process"
"GO:0051917","regulation of fibrinolysis","3/423","15/13537",0.2,6.40047281323877,3.75841484413857,0.0104185979769493,0.129171921484201,0.113676704082482,"2160/1361/350",3,FALSE,"Higher_in_IPF","GO_Biological_Process"
"GO:0072376","protein activation cascade","3/423","15/13537",0.2,6.40047281323877,3.75841484413857,0.0104185979769493,0.129171921484201,0.113676704082482,"2243/2811/350",3,FALSE,"Higher_in_IPF","GO_Biological_Process"
"GO:0042063","gliogenesis","17/423","292/13537",0.0582191780821918,1.86315133262087,2.67793577223368,0.0104421827541782,0.129171921484201,0.113676704082482,"400746/6280/6279/4036/1524/729230/10675/5028/177/6469/10319/6833/745/1128/7080/4099/57716",17,FALSE,"Higher_in_IPF","GO_Biological_Process"
"GO:0043300","regulation of leukocyte degranulation","5/423","43/13537",0.116279069767442,3.72120512397603,3.20976266977291,0.0105481362719379,0.129171921484201,0.113676704082482,"11126/729230/84106/57126/50487",5,FALSE,"Higher_in_IPF","GO_Biological_Process"
"GO:0097028","dendritic cell differentiation","5/423","43/13537",0.116279069767442,3.72120512397603,3.20976266977291,0.0105481362719379,0.129171921484201,0.113676704082482,"1437/3135/177/116071/5657",5,FALSE,"Higher_in_IPF","GO_Biological_Process"
"GO:0007617","mating behavior","4/423","28/13537",0.142857142857143,4.57176629517055,3.39780316424118,0.0106233586553272,0.129171921484201,0.113676704082482,"5028/6532/84152/5266",4,FALSE,"Higher_in_IPF","GO_Biological_Process"
"GO:0010743","regulation of macrophage derived foam cell differentiation","4/423","28/13537",0.142857142857143,4.57176629517055,3.39780316424118,0.0106233586553272,0.129171921484201,0.113676704082482,"5196/1437/247/50487",4,FALSE,"Higher_in_IPF","GO_Biological_Process"
"GO:0050909","sensory perception of taste","4/423","28/13537",0.142857142857143,4.57176629517055,3.39780316424118,0.0106233586553272,0.129171921484201,0.113676704082482,"5284/563/338557/6337",4,FALSE,"Higher_in_IPF","GO_Biological_Process"
"GO:1990573","potassium ion import across plasma membrane","4/423","28/13537",0.142857142857143,4.57176629517055,3.39780316424118,0.0106233586553272,0.129171921484201,0.113676704082482,"3767/6833/3759/3772",4,FALSE,"Higher_in_IPF","GO_Biological_Process"
"GO:0009749","response to glucose","11/423","158/13537",0.069620253164557,2.22801268815274,2.78847873918251,0.0108007466415707,0.130911906912753,0.115207964176755,"8431/5208/177/51085/1080/114/3767/6833/1361/6928/3170",11,FALSE,"Higher_in_IPF","GO_Biological_Process"
"GO:0045807","positive regulation of endocytosis","10/423","138/13537",0.072463768115942,2.31901188885463,2.79704740250289,0.0113392782282376,0.13657212705177,0.120189195100562,"8547/255738/2209/89780/1950/6441/408/335/120892/146722",10,FALSE,"Higher_in_IPF","GO_Biological_Process"
"GO:1905952","regulation of lipid localization","10/423","138/13537",0.072463768115942,2.31901188885463,2.79704740250289,0.0113392782282376,0.13657212705177,0.120189195100562,"255738/3552/1950/6469/335/21/27346/440503/56729/50487",10,FALSE,"Higher_in_IPF","GO_Biological_Process"
"GO:0061756","leukocyte adhesion to vascular endothelial cell","5/423","44/13537",0.113636363636364,3.6366322802493,3.14607744931858,0.0116031356995108,0.138939760625698,0.122272811865465,"1524/729230/64116/2529/2811",5,FALSE,"Higher_in_IPF","GO_Biological_Process"
"GO:0141060","disruption of anatomical structure in another organism","7/423","79/13537",0.0886075949367089,2.83565251219439,2.93874243066143,0.0116243627163669,0.138939760625698,0.122272811865465,"6283/820/5196/383/1669/1668/8993",7,FALSE,"Higher_in_IPF","GO_Biological_Process"
"GO:0006650","glycerophospholipid metabolic process","16/423","272/13537",0.0588235294117647,1.88249200389376,2.64051944939321,0.0116450297014728,0.138939760625698,0.122272811865465,"84879/22979/200879/79888/2171/8395/138429/335/374462/5319/123745/255189/21/5833/50487/80339",16,FALSE,"Higher_in_IPF","GO_Biological_Process"
"GO:0006836","neurotransmitter transport","11/423","160/13537",0.06875,2.20016252955083,2.74263780517726,0.0117949343188387,0.140289904141204,0.123460994739247,"7476/10675/5028/8676/6581/6833/3177/120892/27345/6532/140730",11,FALSE,"Higher_in_IPF","GO_Biological_Process"
"GO:0042593","glucose homeostasis","13/423","204/13537",0.0637254901960784,2.03936633755157,2.68638069614161,0.0118854638085715,0.140927642301633,0.124022231045963,"177/51085/1080/2171/114/80201/5950/3767/6833/1361/1050/2867/3170",13,FALSE,"Higher_in_IPF","GO_Biological_Process"
"GO:0015698","inorganic anion transport","9/423","119/13537",0.0756302521008403,2.42034686214911,2.79493537147327,0.0122657671438069,0.144969378896111,0.127579128625179,"115019/10568/5593/116369/53405/1080/760/9022/11254",9,FALSE,"Higher_in_IPF","GO_Biological_Process"
"GO:0033500","carbohydrate homeostasis","13/423","205/13537",0.0634146341463415,2.02941820907571,2.66728173485975,0.0123432152117451,0.144969378896111,0.127579128625179,"177/51085/1080/2171/114/80201/5950/3767/6833/1361/1050/2867/3170",13,FALSE,"Higher_in_IPF","GO_Biological_Process"
"GO:0010984","regulation of lipoprotein particle clearance","3/423","16/13537",0.1875,6.00044326241135,3.59427958130701,0.0125300929899729,0.144969378896111,0.127579128625179,"255738/338328/6833",3,FALSE,"Higher_in_IPF","GO_Biological_Process"
"GO:0016264","gap junction assembly","3/423","16/13537",0.1875,6.00044326241135,3.59427958130701,0.0125300929899729,0.144969378896111,0.127579128625179,"84525/79191/2705",3,FALSE,"Higher_in_IPF","GO_Biological_Process"
"GO:0035743","CD4-positive, alpha-beta T cell cytokine production","3/423","16/13537",0.1875,6.00044326241135,3.59427958130701,0.0125300929899729,0.144969378896111,0.127579128625179,"5590/8809/383",3,FALSE,"Higher_in_IPF","GO_Biological_Process"
"GO:0048557","embryonic digestive tract morphogenesis","3/423","16/13537",0.1875,6.00044326241135,3.59427958130701,0.0125300929899729,0.144969378896111,0.127579128625179,"3549/6469/6928",3,FALSE,"Higher_in_IPF","GO_Biological_Process"
"GO:0050872","white fat cell differentiation","3/423","16/13537",0.1875,6.00044326241135,3.59427958130701,0.0125300929899729,0.144969378896111,0.127579128625179,"338557/1050/80339",3,FALSE,"Higher_in_IPF","GO_Biological_Process"
"GO:1903236","regulation of leukocyte tethering or rolling","3/423","16/13537",0.1875,6.00044326241135,3.59427958130701,0.0125300929899729,0.144969378896111,0.127579128625179,"729230/2529/2811",3,FALSE,"Higher_in_IPF","GO_Biological_Process"
"GO:0002820","negative regulation of adaptive immune response","6/423","62/13537",0.0967741935483871,3.09700297414779,2.97220165115186,0.0126379830223762,0.145775888759614,0.128288891103275,"11126/722/9173/3135/383/29126",6,FALSE,"Higher_in_IPF","GO_Biological_Process"
"GO:0050982","detection of mechanical stimulus","5/423","45/13537",0.111111111111111,3.55581822957709,3.08422335113681,0.0127276839294868,0.146368365189098,0.128810295189987,"6323/7273/84059/374462/3249",5,FALSE,"Higher_in_IPF","GO_Biological_Process"
"GO:0050796","regulation of insulin secretion","10/423","141/13537",0.0709219858156028,2.26967121036836,2.7218301838445,0.0130519512688589,0.149646696530039,0.131695364154252,"8431/5208/1131/1080/114/5950/3767/6833/2867/3170",10,FALSE,"Higher_in_IPF","GO_Biological_Process"
"GO:0070201","regulation of establishment of protein localization","24/423","472/13537",0.0508474576271186,1.62723885082342,2.491133543555,0.0133305968053317,0.152383888032205,0.134104207382978,"5590/8431/5208/1131/3552/7273/7855/2243/84830/1080/6469/80223/114/27063/5950/3767/6833/1128/120892/5319/123264/27346/2867/3170",24,FALSE,"Higher_in_IPF","GO_Biological_Process"
"GO:0009746","response to hexose","11/423","163/13537",0.0674846625766871,2.15966874066339,2.67512980678886,0.0134152877353753,0.152401326955177,0.134119554366001,"8431/5208/177/51085/1080/114/3767/6833/1361/6928/3170",11,FALSE,"Higher_in_IPF","GO_Biological_Process"
"GO:0071222","cellular response to lipopolysaccharide","12/423","185/13537",0.0648648648648649,2.07582902050987,2.64608459516627,0.0134689124768697,0.152401326955177,0.134119554366001,"3552/1524/820/5196/1437/1669/1668/29126/27063/4317/11027/671",12,FALSE,"Higher_in_IPF","GO_Biological_Process"
"GO:0045922","negative regulation of fatty acid metabolic process","4/423","30/13537",0.133333333333333,4.26698187549251,3.21718229061198,0.0135413093536718,0.152401326955177,0.134119554366001,"84879/33/440503/57761",4,FALSE,"Higher_in_IPF","GO_Biological_Process"
"GO:0050901","leukocyte tethering or rolling","4/423","30/13537",0.133333333333333,4.26698187549251,3.21718229061198,0.0135413093536718,0.152401326955177,0.134119554366001,"1524/729230/2529/2811",4,FALSE,"Higher_in_IPF","GO_Biological_Process"
"GO:0140058","neuron projection arborization","4/423","30/13537",0.133333333333333,4.26698187549251,3.21718229061198,0.0135413093536718,0.152401326955177,0.134119554366001,"84879/4036/221692/120892",4,FALSE,"Higher_in_IPF","GO_Biological_Process"
"GO:0016101","diterpenoid metabolic process","6/423","63/13537",0.0952380952380952,3.04784419678037,2.925948527327,0.0136115381067876,0.152401326955177,0.134119554366001,"4036/5948/195814/5950/84649/8630",6,FALSE,"Higher_in_IPF","GO_Biological_Process"
"GO:0032722","positive regulation of chemokine production","6/423","63/13537",0.0952380952380952,3.04784419678037,2.925948527327,0.0136115381067876,0.152401326955177,0.134119554366001,"27159/9173/177/247/2867/3162",6,FALSE,"Higher_in_IPF","GO_Biological_Process"
"GO:0032102","negative regulation of response to external stimulus","19/423","349/13537",0.0544412607449857,1.74224904658362,2.52301980448429,0.0137007869945683,0.15295206065866,0.13460422310453,"79626/89780/5196/64116/2243/2160/84830/3135/383/338557/335/1361/4210/2811/350/8993/89790/91662/11027",19,FALSE,"Higher_in_IPF","GO_Biological_Process"
"GO:0060541","respiratory system development","13/423","208/13537",0.0625,2.00014775413712,2.61062693456849,0.0137985263562419,0.153594092210296,0.135169237775431,"51208/4311/84525/64399/59350/6469/6441/5950/7080/1512/21/80004/1050",13,FALSE,"Higher_in_IPF","GO_Biological_Process"
"GO:0046456","icosanoid biosynthetic process","5/423","46/13537",0.108695652173913,3.47851783328194,3.02410356133325,0.0139237051672605,0.154536937001746,0.135998980703475,"2171/5319/255189/92086/50487",5,FALSE,"Higher_in_IPF","GO_Biological_Process"
"GO:0006641","triglyceride metabolic process","7/423","82/13537",0.0853658536585366,2.73190912760191,2.82512678745756,0.0140873443702255,0.155449366489945,0.136801956890051,"84879/255738/338328/84649/350/440503/80339",7,FALSE,"Higher_in_IPF","GO_Biological_Process"
"GO:0034308","primary alcohol metabolic process","7/423","82/13537",0.0853658536585366,2.73190912760191,2.82512678745756,0.0140873443702255,0.155449366489945,0.136801956890051,"55/195814/5950/84649/8630/6799/55902",7,FALSE,"Higher_in_IPF","GO_Biological_Process"
"GO:0008037","cell recognition","9/423","122/13537",0.0737704918032787,2.36083013603069,2.71166641351003,0.0142647070733499,0.15640896505677,0.137646443842522,"8547/2209/722/27255/653509/55118/2352/2525/284359",9,FALSE,"Higher_in_IPF","GO_Biological_Process"
"GO:1903531","negative regulation of secretion by cell","9/423","122/13537",0.0737704918032787,2.36083013603069,2.71166641351003,0.0142647070733499,0.15640896505677,0.137646443842522,"729230/5028/84830/80223/338557/3767/6833/29091/2867",9,FALSE,"Higher_in_IPF","GO_Biological_Process"
"GO:0002687","positive regulation of leukocyte migration","10/423","143/13537",0.0699300699300699,2.23792755707649,2.67273480405575,0.0142972050300714,0.15640896505677,0.137646443842522,"57402/3552/3579/1524/729230/177/2529/23604/3674/2277",10,FALSE,"Higher_in_IPF","GO_Biological_Process"
"GO:0030073","insulin secretion","11/423","165/13537",0.0666666666666667,2.13349093774626,2.63093190312783,0.0145856884097465,0.159109023852606,0.140022608733567,"8431/5208/1131/1080/114/5950/3767/6833/6928/2867/3170",11,FALSE,"Higher_in_IPF","GO_Biological_Process"
"GO:0015721","bile acid and bile salt transport","3/423","17/13537",0.176470588235294,5.64747601168127,3.44350754233477,0.0148682713720133,0.159907211544639,0.140725047352013,"8431/6579/123264",3,FALSE,"Higher_in_IPF","GO_Biological_Process"
"GO:0031643","positive regulation of myelination","3/423","17/13537",0.176470588235294,5.64747601168127,3.44350754233477,0.0148682713720133,0.159907211544639,0.140725047352013,"400746/745/4099",3,FALSE,"Higher_in_IPF","GO_Biological_Process"
"GO:0045723","positive regulation of fatty acid biosynthetic process","3/423","17/13537",0.176470588235294,5.64747601168127,3.44350754233477,0.0148682713720133,0.159907211544639,0.140725047352013,"51085/50487/58526",3,FALSE,"Higher_in_IPF","GO_Biological_Process"
"GO:0050907","detection of chemical stimulus involved in sensory perception","3/423","17/13537",0.176470588235294,5.64747601168127,3.44350754233477,0.0148682713720133,0.159907211544639,0.140725047352013,"5284/563/338557",3,FALSE,"Higher_in_IPF","GO_Biological_Process"
"GO:2000345","regulation of hepatocyte proliferation","3/423","17/13537",0.176470588235294,5.64747601168127,3.44350754233477,0.0148682713720133,0.159907211544639,0.140725047352013,"89780/1361/3249",3,FALSE,"Higher_in_IPF","GO_Biological_Process"
"GO:0036336","dendritic cell migration","4/423","31/13537",0.129032258064516,4.12933729886372,3.1326914202488,0.0151730919270991,0.162271330469648,0.14280557107858,"3579/3577/729230/91662",4,FALSE,"Higher_in_IPF","GO_Biological_Process"
"GO:0045923","positive regulation of fatty acid metabolic process","4/423","31/13537",0.129032258064516,4.12933729886372,3.1326914202488,0.0151730919270991,0.162271330469648,0.14280557107858,"51085/440503/50487/58526",4,FALSE,"Higher_in_IPF","GO_Biological_Process"
"GO:0046928","regulation of neurotransmitter secretion","6/423","65/13537",0.0923076923076923,2.95406437534097,2.83613745450695,0.0157134864111444,0.167581260105445,0.147478531680015,"7476/10675/5028/120892/27345/140730",6,FALSE,"Higher_in_IPF","GO_Biological_Process"
"GO:0045216","cell-cell junction organization","12/423","190/13537",0.0631578947368421,2.02120194102277,2.5459177486055,0.0163215531817016,0.173581309325172,0.152758826435982,"7855/51208/84525/100506658/6833/94/79191/5657/57662/57126/84612/2705",12,FALSE,"Higher_in_IPF","GO_Biological_Process"
"GO:0002685","regulation of leukocyte migration","13/423","213/13537",0.0610328638497653,1.95319592892263,2.51827083272921,0.0165126605997483,0.175125939360663,0.15411816559765,"57402/3552/3579/1524/729230/84830/177/2529/23604/2811/3674/3162/2277",13,FALSE,"Higher_in_IPF","GO_Biological_Process"
"GO:0032602","chemokine production","7/423","85/13537",0.0823529411764706,2.63548880545126,2.71651042618405,0.0169026627980313,0.177390725345292,0.15611127217396,"27159/9173/177/4210/247/2867/3162",7,FALSE,"Higher_in_IPF","GO_Biological_Process"
"GO:0032642","regulation of chemokine production","7/423","85/13537",0.0823529411764706,2.63548880545126,2.71651042618405,0.0169026627980313,0.177390725345292,0.15611127217396,"27159/9173/177/4210/247/2867/3162",7,FALSE,"Higher_in_IPF","GO_Biological_Process"
"GO:0010742","macrophage derived foam cell differentiation","4/423","32/13537",0.125,4.00029550827423,3.05168352850702,0.0169236612367491,0.177390725345292,0.15611127217396,"5196/1437/247/50487",4,FALSE,"Higher_in_IPF","GO_Biological_Process"
"GO:0050974","detection of mechanical stimulus involved in sensory perception","4/423","32/13537",0.125,4.00029550827423,3.05168352850702,0.0169236612367491,0.177390725345292,0.15611127217396,"6323/84059/374462/3249",4,FALSE,"Higher_in_IPF","GO_Biological_Process"
"GO:0045785","positive regulation of cell adhesion","23/423","457/13537",0.050328227571116,1.61062226153711,2.38492446288463,0.0169664143324231,0.177390725345292,0.15611127217396,"5590/11126/89780/3552/3549/729230/10675/3373/2243/3135/177/6469/29126/2529/9806/335/10562/2013/2811/126259/2525/2523/3170",23,FALSE,"Higher_in_IPF","GO_Biological_Process"
"GO:0010565","regulation of ketone metabolic process","8/423","105/13537",0.0761904761904762,2.43827535742429,2.657138024934,0.017011866136953,0.177390725345292,0.15611127217396,"84879/33/51085/2171/440503/57761/50487/58526",8,FALSE,"Higher_in_IPF","GO_Biological_Process"
"GO:0045664","regulation of neuron differentiation","10/423","147/13537",0.0680272108843537,2.17703156912883,2.57693970410858,0.0170514395499534,0.177390725345292,0.15611127217396,"5909/89780/6469/1620/120892/90527/6457/79191/6532/4099",10,FALSE,"Higher_in_IPF","GO_Biological_Process"
"GO:0051345","positive regulation of hydrolase activity","11/423","169/13537",0.0650887573964497,2.08299411081735,2.54439184953159,0.0171555433041514,0.177988761780571,0.156637569298774,"5909/54959/177/338328/335/5319/1512/5923/350/5657/440503",11,FALSE,"Higher_in_IPF","GO_Biological_Process"
"GO:0002702","positive regulation of production of molecular mediator of immune response","9/423","126/13537",0.0714285714285714,2.28588314758528,2.60437766851632,0.0172919076983261,0.178917353908425,0.157454769285571,"5590/11126/51744/8809/7855/3135/5225/5950/2867",9,FALSE,"Higher_in_IPF","GO_Biological_Process"
"GO:0006590","thyroid hormone generation","3/423","18/13537",0.166666666666667,5.33372734436564,3.30425320323152,0.0174358863901612,0.178952188810848,0.15748542545952,"90527/53905/3249",3,FALSE,"Higher_in_IPF","GO_Biological_Process"
"GO:0032695","negative regulation of interleukin-12 production","3/423","18/13537",0.166666666666667,5.33372734436564,3.30425320323152,0.0174358863901612,0.178952188810848,0.15748542545952,"4210/353514/51311",3,FALSE,"Higher_in_IPF","GO_Biological_Process"
"GO:0045217","cell-cell junction maintenance","3/423","18/13537",0.166666666666667,5.33372734436564,3.30425320323152,0.0174358863901612,0.178952188810848,0.15748542545952,"5657/57662/57126",3,FALSE,"Higher_in_IPF","GO_Biological_Process"
"GO:0050890","cognition","15/423","262/13537",0.0572519083969466,1.83219641600346,2.44290730820357,0.017871171219063,0.182927967062688,0.160984276933115,"5590/84879/1524/4311/2890/177/114/1620/6833/1128/5923/6532/84152/164312/55902",15,FALSE,"Higher_in_IPF","GO_Biological_Process"
"GO:0001910","regulation of leukocyte mediated cytotoxicity","7/423","86/13537",0.0813953488372093,2.60484358678322,2.68134327353697,0.0179235170804174,0.182973230516133,0.16102411066899,"11126/8807/1524/3135/177/383/563",7,FALSE,"Higher_in_IPF","GO_Biological_Process"
"GO:0070098","chemokine-mediated signaling pathway","6/423","67/13537",0.0895522388059701,2.86588334921139,2.74970345598988,0.0180299805767533,0.18356924224545,0.161548625967709,"3579/3577/1524/729230/9034/6368",6,FALSE,"Higher_in_IPF","GO_Biological_Process"
"GO:1990845","adaptive thermogenesis","10/423","149/13537",0.0671140939597315,2.14780966887207,2.53018879460319,0.0185671778096213,0.188535864034931,0.165919461277467,"249/8809/6344/33/729230/4883/2171/338557/6319/83401",10,FALSE,"Higher_in_IPF","GO_Biological_Process"
"GO:0090077","foam cell differentiation","4/423","33/13537",0.121212121212121,3.87907443226592,2.97390037005561,0.0187953930335411,0.189843414291164,0.167070160298143,"5196/1437/247/50487",4,FALSE,"Higher_in_IPF","GO_Biological_Process"
"GO:0098926","postsynaptic signal transduction","4/423","33/13537",0.121212121212121,3.87907443226592,2.97390037005561,0.0187953930335411,0.189843414291164,0.167070160298143,"89780/1131/1129/1128",4,FALSE,"Higher_in_IPF","GO_Biological_Process"
"GO:0007586","digestion","7/423","87/13537",0.0804597701149425,2.57490285590065,2.64667138260176,0.0189869955012575,0.190769339010003,0.167885012853225,"27159/10753/1131/5225/5950/1128/335",7,FALSE,"Higher_in_IPF","GO_Biological_Process"
"GO:0120162","positive regulation of cold-induced thermogenesis","7/423","87/13537",0.0804597701149425,2.57490285590065,2.64667138260176,0.0189869955012575,0.190769339010003,0.167885012853225,"249/33/729230/2171/338557/6319/83401",7,FALSE,"Higher_in_IPF","GO_Biological_Process"
"GO:0072078","nephron tubule morphogenesis","6/423","68/13537",0.0882352941176471,2.82373800584063,2.70767786995543,0.0192715882179632,0.193120534950613,0.169954163811959,"153572/79192/6469/79191/6928/186",6,FALSE,"Higher_in_IPF","GO_Biological_Process"
"GO:0002275","myeloid cell activation involved in immune response","7/423","88/13537",0.0795454545454545,2.54564259617451,2.61248126139847,0.0200939208885072,0.199113748626018,0.175228443002467,"1524/729230/306/84106/57126/11027/50487",7,FALSE,"Higher_in_IPF","GO_Biological_Process"
"GO:0030301","cholesterol transport","7/423","88/13537",0.0795454545454545,2.54564259617451,2.61248126139847,0.0200939208885072,0.199113748626018,0.175228443002467,"255738/1950/1080/6469/335/21/27346",7,FALSE,"Higher_in_IPF","GO_Biological_Process"
"GO:0060993","kidney morphogenesis","7/423","88/13537",0.0795454545454545,2.54564259617451,2.61248126139847,0.0200939208885072,0.199113748626018,0.175228443002467,"153572/79192/6469/120892/79191/6928/186",7,FALSE,"Higher_in_IPF","GO_Biological_Process"
"GO:0010955","negative regulation of protein processing","3/423","19/13537",0.157894736842105,5.05300485255692,3.1750127234048,0.0202347130609992,0.199113748626018,0.175228443002467,"7850/120892/1361",3,FALSE,"Higher_in_IPF","GO_Biological_Process"
"GO:0042744","hydrogen peroxide catabolic process","3/423","19/13537",0.157894736842105,5.05300485255692,3.1750127234048,0.0202347130609992,0.199113748626018,0.175228443002467,"2878/53905/4353",3,FALSE,"Higher_in_IPF","GO_Biological_Process"
"GO:0051873","killing by host of symbiont cells","3/423","19/13537",0.157894736842105,5.05300485255692,3.1750127234048,0.0202347130609992,0.199113748626018,0.175228443002467,"820/5196/383",3,FALSE,"Higher_in_IPF","GO_Biological_Process"
"GO:0097186","amelogenesis","3/423","19/13537",0.157894736842105,5.05300485255692,3.1750127234048,0.0202347130609992,0.199113748626018,0.175228443002467,"1441/1080/256764",3,FALSE,"Higher_in_IPF","GO_Biological_Process"
"GO:0007585","respiratory gaseous exchange by respiratory system","6/423","69/13537",0.0869565217391304,2.78281426662555,2.66640956868563,0.0205702451921189,0.201466505206278,0.177298967389496,"6439/7134/6440/729238/653509/6441",6,FALSE,"Higher_in_IPF","GO_Biological_Process"
"GO:0001678","intracellular glucose homeostasis","9/423","130/13537",0.0692307692307692,2.21554828150573,2.50107002915433,0.0207632877581667,0.201466505206278,0.177298967389496,"177/51085/1080/114/80201/3767/6833/1361/3170",9,FALSE,"Higher_in_IPF","GO_Biological_Process"
"GO:0010874","regulation of cholesterol efflux","4/423","34/13537",0.117647058823529,3.76498400778751,2.89911014257587,0.0207904146284111,0.201466505206278,0.177298967389496,"1950/6469/335/21",4,FALSE,"Higher_in_IPF","GO_Biological_Process"
"GO:0046006","regulation of activated T cell proliferation","4/423","34/13537",0.117647058823529,3.76498400778751,2.89911014257587,0.0207904146284111,0.201466505206278,0.177298967389496,"177/383/29126/126259",4,FALSE,"Higher_in_IPF","GO_Biological_Process"
"GO:0046473","phosphatidic acid metabolic process","4/423","34/13537",0.117647058823529,3.76498400778751,2.89911014257587,0.0207904146284111,0.201466505206278,0.177298967389496,"200879/79888/50487/80339",4,FALSE,"Higher_in_IPF","GO_Biological_Process"
"GO:1902624","positive regulation of neutrophil migration","4/423","34/13537",0.117647058823529,3.76498400778751,2.89911014257587,0.0207904146284111,0.201466505206278,0.177298967389496,"3552/3579/2529/23604",4,FALSE,"Higher_in_IPF","GO_Biological_Process"
"GO:0001913","T cell mediated cytotoxicity","5/423","51/13537",0.0980392156862745,3.13748667315626,2.74659542873816,0.0210377017285124,0.203346696707495,0.178953614703295,"3135/177/563/1512/2013",5,FALSE,"Higher_in_IPF","GO_Biological_Process"
"GO:0050679","positive regulation of epithelial cell proliferation","11/423","175/13537",0.0628571428571429,2.01157716987504,2.41896774128311,0.0216245991431999,0.20849171598166,0.183481447275636,"89780/3549/7476/54959/1950/114821/6469/94/80004/3249/3162",11,FALSE,"Higher_in_IPF","GO_Biological_Process"
"GO:0050678","regulation of epithelial cell proliferation","17/423","317/13537",0.0536277602523659,1.71621510765077,2.31742212021633,0.021718648569032,0.208771372495676,0.183727556727468,"5909/126695/89780/3549/7476/54959/1950/114821/6469/94/1361/26471/80004/350/3249/2523/3162",17,FALSE,"Higher_in_IPF","GO_Biological_Process"
"GO:0010927","cellular component assembly involved in morphogenesis","8/423","110/13537",0.0727272727272727,2.32744465935955,2.51056251173078,0.0218861016745924,0.208771372495676,0.183727556727468,"400746/7273/3549/27063/51090/4099/7138/50487",8,FALSE,"Higher_in_IPF","GO_Biological_Process"
"GO:0032989","cellular anatomical entity morphogenesis","8/423","110/13537",0.0727272727272727,2.32744465935955,2.51056251173078,0.0218861016745924,0.208771372495676,0.183727556727468,"400746/7273/3549/27063/51090/4099/7138/50487",8,FALSE,"Higher_in_IPF","GO_Biological_Process"
"GO:0072088","nephron epithelium morphogenesis","6/423","70/13537",0.0857142857142857,2.74305977710233,2.62587251848735,0.021927009002296,0.208771372495676,0.183727556727468,"153572/79192/6469/79191/6928/186",6,FALSE,"Higher_in_IPF","GO_Biological_Process"
"GO:0150076","neuroinflammatory response","6/423","70/13537",0.0857142857142857,2.74305977710233,2.62587251848735,0.021927009002296,0.208771372495676,0.183727556727468,"1524/177/114/4317/120892/26471",6,FALSE,"Higher_in_IPF","GO_Biological_Process"
"GO:0071216","cellular response to biotic stimulus","13/423","222/13537",0.0585585585585586,1.87401231018252,2.35814886802748,0.0223967472749291,0.212607697450248,0.187103683455431,"3552/7855/1524/820/5196/1437/1669/1668/29126/27063/4317/11027/671",13,FALSE,"Higher_in_IPF","GO_Biological_Process"
"GO:0033559","unsaturated fatty acid metabolic process","7/423","90/13537",0.0777777777777778,2.48907276070397,2.54549494188817,0.0224413048906365,0.212607697450248,0.187103683455431,"2944/2171/6319/83401/255189/247/50487",7,FALSE,"Higher_in_IPF","GO_Biological_Process"
"GO:0003229","ventricular cardiac muscle tissue development","5/423","52/13537",0.0961538461538462,3.07715039098018,2.69520562890622,0.0226984534936732,0.213724644678247,0.188086643823706,"4036/7134/84525/3767/79191",5,FALSE,"Higher_in_IPF","GO_Biological_Process"
"GO:0060425","lung morphogenesis","5/423","52/13537",0.0961538461538462,3.07715039098018,2.69520562890622,0.0226984534936732,0.213724644678247,0.188086643823706,"64399/6469/7080/1512/80004",5,FALSE,"Higher_in_IPF","GO_Biological_Process"
"GO:0006575","modified amino acid metabolic process","10/423","154/13537",0.0649350649350649,2.07807558871389,2.41646550825893,0.022787324283523,0.213724644678247,0.188086643823706,"84879/2944/33/8875/90527/53905/3249/92086/5625/50487",10,FALSE,"Higher_in_IPF","GO_Biological_Process"
"GO:0006953","acute-phase response","4/423","35/13537",0.114285714285714,3.65741303613644,2.82710408648088,0.0229106061428595,0.213724644678247,0.188086643823706,"3552/5004/5005/5265",4,FALSE,"Higher_in_IPF","GO_Biological_Process"
"GO:0072337","modified amino acid transport","4/423","35/13537",0.114285714285714,3.65741303613644,2.82710408648088,0.0229106061428595,0.213724644678247,0.188086643823706,"4036/2352/4257/11254",4,FALSE,"Higher_in_IPF","GO_Biological_Process"
"GO:0007611","learning or memory","13/423","223/13537",0.0582959641255605,1.86560866753596,2.34081730041919,0.0231359873628167,0.213724644678247,0.188086643823706,"5590/1524/4311/2890/177/114/1620/6833/5923/6532/84152/164312/55902",13,FALSE,"Higher_in_IPF","GO_Biological_Process"
"GO:0045017","glycerolipid biosynthetic process","13/423","223/13537",0.0582959641255605,1.86560866753596,2.34081730041919,0.0231359873628167,0.213724644678247,0.188086643823706,"84879/22979/200879/79888/2171/8395/138429/84649/335/374462/5833/440503/80339",13,FALSE,"Higher_in_IPF","GO_Biological_Process"
"GO:0002544","chronic inflammatory response","3/423","20/13537",0.15,4.80035460992908,3.05454642491205,0.0232656243642641,0.213724644678247,0.188086643823706,"6280/6279/820",3,FALSE,"Higher_in_IPF","GO_Biological_Process"
"GO:0009954","proximal/distal pattern formation","3/423","20/13537",0.15,4.80035460992908,3.05454642491205,0.0232656243642641,0.213724644678247,0.188086643823706,"153572/79192/79191",3,FALSE,"Higher_in_IPF","GO_Biological_Process"
"GO:0019433","triglyceride catabolic process","3/423","20/13537",0.15,4.80035460992908,3.05454642491205,0.0232656243642641,0.213724644678247,0.188086643823706,"338328/440503/80339",3,FALSE,"Higher_in_IPF","GO_Biological_Process"
"GO:0090026","positive regulation of monocyte chemotaxis","3/423","20/13537",0.15,4.80035460992908,3.05454642491205,0.0232656243642641,0.213724644678247,0.188086643823706,"57402/1524/729230",3,FALSE,"Higher_in_IPF","GO_Biological_Process"
"GO:0002704","negative regulation of leukocyte mediated immunity","6/423","71/13537",0.0845070422535211,2.70442513235441,2.58604194981295,0.0233428959745493,0.213724644678247,0.188086643823706,"722/1524/729230/3135/383/29126",6,FALSE,"Higher_in_IPF","GO_Biological_Process"
"GO:0042130","negative regulation of T cell proliferation","6/423","71/13537",0.0845070422535211,2.70442513235441,2.58604194981295,0.0233428959745493,0.213724644678247,0.188086643823706,"3549/3135/383/6469/29126/6441",6,FALSE,"Higher_in_IPF","GO_Biological_Process"
"GO:0060291","long-term synaptic potentiation","6/423","71/13537",0.0845070422535211,2.70442513235441,2.58604194981295,0.0233428959745493,0.213724644678247,0.188086643823706,"5590/1524/4311/2890/177/114",6,FALSE,"Higher_in_IPF","GO_Biological_Process"
"GO:0071333","cellular response to glucose stimulus","8/423","112/13537",0.0714285714285714,2.28588314758528,2.45415018049302,0.0240872997480449,0.220012704397214,0.193620399888591,"177/51085/1080/114/3767/6833/1361/3170",8,FALSE,"Higher_in_IPF","GO_Biological_Process"
"GO:0030858","positive regulation of epithelial cell differentiation","5/423","53/13537",0.0943396226415094,3.01909094964093,2.64503980362022,0.0244418323287964,0.22166013261602,0.195070205759515,"126695/79413/94/247/55273",5,FALSE,"Higher_in_IPF","GO_Biological_Process"
"GO:0043030","regulation of macrophage activation","5/423","53/13537",0.0943396226415094,3.01909094964093,2.64503980362022,0.0244418323287964,0.22166013261602,0.195070205759515,"9173/4317/120892/1050/671",5,FALSE,"Higher_in_IPF","GO_Biological_Process"
"GO:0046503","glycerolipid catabolic process","5/423","53/13537",0.0943396226415094,3.01909094964093,2.64503980362022,0.0244418323287964,0.22166013261602,0.195070205759515,"338328/123745/255189/440503/80339",5,FALSE,"Higher_in_IPF","GO_Biological_Process"
"GO:0120161","regulation of cold-induced thermogenesis","9/423","134/13537",0.0671641791044776,2.14941251190854,2.40145845388104,0.0247108554442831,0.223486989050295,0.196677915979307,"249/8809/33/729230/4883/2171/338557/6319/83401",9,FALSE,"Higher_in_IPF","GO_Biological_Process"
"GO:0043299","leukocyte degranulation","6/423","72/13537",0.0833333333333333,2.66686367218282,2.54689427880289,0.0248188798735792,0.223486989050295,0.196677915979307,"11126/729230/306/84106/57126/50487",6,FALSE,"Higher_in_IPF","GO_Biological_Process"
"GO:0072028","nephron morphogenesis","6/423","72/13537",0.0833333333333333,2.66686367218282,2.54689427880289,0.0248188798735792,0.223486989050295,0.196677915979307,"153572/79192/6469/79191/6928/186",6,FALSE,"Higher_in_IPF","GO_Biological_Process"
"GO:0050867","positive regulation of cell activation","18/423","347/13537",0.0518731988472622,1.66006499478815,2.23705575296628,0.0248945536863438,0.223640955234025,0.196813412673212,"5590/11126/89780/9173/3552/3549/729230/3135/177/6469/29126/4317/120892/2811/126259/1050/353514/11027",18,FALSE,"Higher_in_IPF","GO_Biological_Process"
"GO:0006690","icosanoid metabolic process","7/423","92/13537",0.0760869565217391,2.43496248329736,2.48028635449532,0.024971842163668,0.223808669908179,0.196961008614846,"2944/2171/5319/255189/247/92086/50487",7,FALSE,"Higher_in_IPF","GO_Biological_Process"
"GO:0014002","astrocyte development","4/423","36/13537",0.111111111111111,3.55581822957709,2.75769360545503,0.0251576026420436,0.223896799271148,0.197038566147474,"6280/6279/177/10319",4,FALSE,"Higher_in_IPF","GO_Biological_Process"
"GO:0019432","triglyceride biosynthetic process","4/423","36/13537",0.111111111111111,3.55581822957709,2.75769360545503,0.0251576026420436,0.223896799271148,0.197038566147474,"84879/84649/440503/80339",4,FALSE,"Higher_in_IPF","GO_Biological_Process"
"GO:1900271","regulation of long-term synaptic potentiation","4/423","36/13537",0.111111111111111,3.55581822957709,2.75769360545503,0.0251576026420436,0.223896799271148,0.197038566147474,"1524/4311/177/114",4,FALSE,"Higher_in_IPF","GO_Biological_Process"
"GO:0051606","detection of stimulus","10/423","157/13537",0.0636942675159236,2.03836713797413,2.35028469010732,0.0256307826125788,0.227577507011223,0.200277743205267,"5284/6323/7273/84059/563/338557/27345/374462/3249/8993",10,FALSE,"Higher_in_IPF","GO_Biological_Process"
"GO:0106106","cold-induced thermogenesis","9/423","135/13537",0.0666666666666667,2.13349093774626,2.37710243334559,0.0257757368274684,0.228333557325462,0.200943099165415,"249/8809/33/729230/4883/2171/338557/6319/83401",9,FALSE,"Higher_in_IPF","GO_Biological_Process"
"GO:0032615","interleukin-12 production","5/423","54/13537",0.0925925925925926,2.96318185798091,2.59604317844502,0.0262690718031925,0.22974153056342,0.202182174618411,"3135/177/4210/353514/51311",5,FALSE,"Higher_in_IPF","GO_Biological_Process"
"GO:0032655","regulation of interleukin-12 production","5/423","54/13537",0.0925925925925926,2.96318185798091,2.59604317844502,0.0262690718031925,0.22974153056342,0.202182174618411,"3135/177/4210/353514/51311",5,FALSE,"Higher_in_IPF","GO_Biological_Process"
"GO:0043627","response to estrogen","5/423","54/13537",0.0925925925925926,2.96318185798091,2.59604317844502,0.0262690718031925,0.22974153056342,0.202182174618411,"7476/51208/4311/10568/4091",5,FALSE,"Higher_in_IPF","GO_Biological_Process"
"GO:0090303","positive regulation of wound healing","5/423","54/13537",0.0925925925925926,2.96318185798091,2.59604317844502,0.0262690718031925,0.22974153056342,0.202182174618411,"100506658/1361/53905/27346/350",5,FALSE,"Higher_in_IPF","GO_Biological_Process"
"GO:1903317","regulation of protein maturation","5/423","54/13537",0.0925925925925926,2.96318185798091,2.59604317844502,0.0262690718031925,0.22974153056342,0.202182174618411,"7850/2243/120892/1361/3249",5,FALSE,"Higher_in_IPF","GO_Biological_Process"
"GO:0048708","astrocyte differentiation","6/423","73/13537",0.0821917808219178,2.63033129311182,2.50840703472011,0.0263558906199,0.22974153056342,0.202182174618411,"6280/6279/177/6469/10319/4099",6,FALSE,"Higher_in_IPF","GO_Biological_Process"
"GO:0061333","renal tubule morphogenesis","6/423","73/13537",0.0821917808219178,2.63033129311182,2.50840703472011,0.0263558906199,0.22974153056342,0.202182174618411,"153572/79192/6469/79191/6928/186",6,FALSE,"Higher_in_IPF","GO_Biological_Process"
"GO:0002888","positive regulation of myeloid leukocyte mediated immunity","3/423","21/13537",0.142857142857143,4.57176629517055,2.94182176959397,0.0265286631170166,0.230196444956294,0.202582518348127,"2209/383/57126",3,FALSE,"Higher_in_IPF","GO_Biological_Process"
"GO:0034114","regulation of heterotypic cell-cell adhesion","3/423","21/13537",0.142857142857143,4.57176629517055,2.94182176959397,0.0265286631170166,0.230196444956294,0.202582518348127,"2243/177/335",3,FALSE,"Higher_in_IPF","GO_Biological_Process"
"GO:0016054","organic acid catabolic process","12/423","204/13537",0.0588235294117647,1.88249200389376,2.28091809221394,0.0267350975275824,0.230938014389841,0.203235130526418,"84879/55289/33/56922/84830/383/5446/197257/51181/440503/5625/7263",12,FALSE,"Higher_in_IPF","GO_Biological_Process"
"GO:0046395","carboxylic acid catabolic process","12/423","204/13537",0.0588235294117647,1.88249200389376,2.28091809221394,0.0267350975275824,0.230938014389841,0.203235130526418,"84879/55289/33/56922/84830/383/5446/197257/51181/440503/5625/7263",12,FALSE,"Higher_in_IPF","GO_Biological_Process"
"GO:0032635","interleukin-6 production","9/423","136/13537",0.0661764705882353,2.11780350438048,2.3529575077094,0.0268727300601445,0.231081268850522,0.203361200455148,"3552/177/5004/408/91662/353514/11027/671/51311",9,FALSE,"Higher_in_IPF","GO_Biological_Process"
"GO:0032675","regulation of interleukin-6 production","9/423","136/13537",0.0661764705882353,2.11780350438048,2.3529575077094,0.0268727300601445,0.231081268850522,0.203361200455148,"3552/177/5004/408/91662/353514/11027/671/51311",9,FALSE,"Higher_in_IPF","GO_Biological_Process"
"GO:0002691","regulation of cellular extravasation","4/423","37/13537",0.108108108108108,3.45971503418312,2.69070781596922,0.0275327970615002,0.233753516961524,0.205712890778083,"729230/177/2529/2811",4,FALSE,"Higher_in_IPF","GO_Biological_Process"
"GO:0042743","hydrogen peroxide metabolic process","4/423","37/13537",0.108108108108108,3.45971503418312,2.69070781596922,0.0275327970615002,0.233753516961524,0.205712890778083,"2878/90527/53905/4353",4,FALSE,"Higher_in_IPF","GO_Biological_Process"
"GO:0046677","response to antibiotic","4/423","37/13537",0.108108108108108,3.45971503418312,2.69070781596922,0.0275327970615002,0.233753516961524,0.205712890778083,"249/3373/2890/255189",4,FALSE,"Higher_in_IPF","GO_Biological_Process"
"GO:0050798","activated T cell proliferation","4/423","37/13537",0.108108108108108,3.45971503418312,2.69070781596922,0.0275327970615002,0.233753516961524,0.205712890778083,"177/383/29126/126259",4,FALSE,"Higher_in_IPF","GO_Biological_Process"
"GO:0098815","modulation of excitatory postsynaptic potential","4/423","37/13537",0.108108108108108,3.45971503418312,2.69070781596922,0.0275327970615002,0.233753516961524,0.205712890778083,"5590/7476/2890/120892",4,FALSE,"Higher_in_IPF","GO_Biological_Process"
"GO:0002440","production of molecular mediator of immune response","12/423","205/13537",0.0585365853658537,1.87330911606988,2.26279410412916,0.0276299295886708,0.233753516961524,0.205712890778083,"5590/11126/51744/8809/7855/729230/3135/5225/383/5950/335/2867",12,FALSE,"Higher_in_IPF","GO_Biological_Process"
"GO:0071326","cellular response to monosaccharide stimulus","8/423","115/13537",0.0695652173913043,2.22625141330044,2.37174279938125,0.0276732817356231,0.233753516961524,0.205712890778083,"177/51085/1080/114/3767/6833/1361/3170",8,FALSE,"Higher_in_IPF","GO_Biological_Process"
"GO:0071331","cellular response to hexose stimulus","8/423","115/13537",0.0695652173913043,2.22625141330044,2.37174279938125,0.0276732817356231,0.233753516961524,0.205712890778083,"177/51085/1080/114/3767/6833/1361/3170",8,FALSE,"Higher_in_IPF","GO_Biological_Process"
"GO:0001763","morphogenesis of a branching structure","11/423","182/13537",0.0604395604395604,1.93420881718754,2.27879614755636,0.0278569153003845,0.234785215489775,0.206620828718084,"7855/3549/1950/64399/6469/120892/7080/1512/80004/6928/186",11,FALSE,"Higher_in_IPF","GO_Biological_Process"
"GO:0016331","morphogenesis of embryonic epithelium","9/423","137/13537",0.0656934306569343,2.10234508464047,2.32902001724707,0.0280022776168427,0.235490519694065,0.207241525974871,"126695/4036/131405/153572/79192/6469/79191/6928/27443",9,FALSE,"Higher_in_IPF","GO_Biological_Process"
"GO:0007405","neuroblast proliferation","5/423","55/13537",0.0909090909090909,2.90930582419944,2.54816442112929,0.028181310506124,0.235956674369257,0.207651761624071,"89780/1524/64399/6469/120892",5,FALSE,"Higher_in_IPF","GO_Biological_Process"
"GO:0019226","transmission of nerve impulse","5/423","55/13537",0.0909090909090909,2.90930582419944,2.54816442112929,0.028181310506124,0.235956674369257,0.207651761624071,"6323/2890/27345/27092/4099",5,FALSE,"Higher_in_IPF","GO_Biological_Process"
"GO:0022409","positive regulation of cell-cell adhesion","16/423","304/13537",0.0526315789473684,1.68433495085231,2.16732541422647,0.0295997443964264,0.247290643557015,0.217626129479196,"5590/11126/89780/3552/3549/729230/2243/3135/177/6469/29126/2529/2811/126259/2525/3170",16,FALSE,"Higher_in_IPF","GO_Biological_Process"
"GO:0043302","positive regulation of leukocyte degranulation","3/423","22/13537",0.136363636363636,4.36395873629916,2.83597071692876,0.0300231097207572,0.249309953910016,0.219403207212586,"11126/57126/50487",3,FALSE,"Higher_in_IPF","GO_Biological_Process"
"GO:1903523","negative regulation of blood circulation","3/423","22/13537",0.136363636363636,4.36395873629916,2.83597071692876,0.0300231097207572,0.249309953910016,0.219403207212586,"177/148/186",3,FALSE,"Higher_in_IPF","GO_Biological_Process"
"GO:0035633","maintenance of blood-brain barrier","4/423","38/13537",0.105263157894737,3.36866990170462,2.62599145213603,0.0300373438445803,0.249309953910016,0.219403207212586,"84879/100506658/6456/6833",4,FALSE,"Higher_in_IPF","GO_Biological_Process"
"GO:0001912","positive regulation of leukocyte mediated cytotoxicity","5/423","56/13537",0.0892857142857143,2.85735393448159,2.50135536641726,0.0301795910789579,0.249947242384949,0.21996404777722,"11126/8807/3135/383/563",5,FALSE,"Higher_in_IPF","GO_Biological_Process"
"GO:0035148","tube formation","9/423","139/13537",0.0647482014388489,2.0720955150773,2.28175315387295,0.0303607576534454,0.250903404157694,0.220805510206876,"4036/131405/1950/153572/79192/6469/79191/6928/27443",9,FALSE,"Higher_in_IPF","GO_Biological_Process"
"GO:0006766","vitamin metabolic process","7/423","96/13537",0.0729166666666667,2.33350571315997,2.35484579783419,0.0306052465009417,0.251833687803008,0.221624198799923,"249/4036/80704/55/5948/56922/8875",7,FALSE,"Higher_in_IPF","GO_Biological_Process"
"GO:0015918","sterol transport","7/423","96/13537",0.0729166666666667,2.33350571315997,2.35484579783419,0.0306052465009417,0.251833687803008,0.221624198799923,"255738/1950/1080/6469/335/21/27346",7,FALSE,"Higher_in_IPF","GO_Biological_Process"
"GO:0001659","temperature homeostasis","10/423","162/13537",0.0617283950617284,1.97545457198727,2.24318673141013,0.0309217739650621,0.253151607588434,0.222784023440843,"249/8809/3552/33/729230/4883/2171/338557/6319/83401",10,FALSE,"Higher_in_IPF","GO_Biological_Process"
"GO:0042129","regulation of T cell proliferation","10/423","162/13537",0.0617283950617284,1.97545457198727,2.24318673141013,0.0309217739650621,0.253151607588434,0.222784023440843,"3552/3549/729230/3135/177/383/6469/29126/6441/126259",10,FALSE,"Higher_in_IPF","GO_Biological_Process"
"GO:0010038","response to metal ion","15/423","281/13537",0.0533807829181495,1.70831124908508,2.15485880267363,0.0309643270675219,0.253151607588434,0.222784023440843,"6279/3552/7273/7134/64116/2243/84059/2890/6469/114/6833/120892/27345/1050/3162",15,FALSE,"Higher_in_IPF","GO_Biological_Process"
"GO:1990868","response to chemokine","6/423","76/13537",0.0789473684210526,2.52650242627846,2.39669847644688,0.0313417013787804,0.255144170286105,0.224537562116635,"3579/3577/1524/729230/9034/6368",6,FALSE,"Higher_in_IPF","GO_Biological_Process"
"GO:1990869","cellular response to chemokine","6/423","76/13537",0.0789473684210526,2.52650242627846,2.39669847644688,0.0313417013787804,0.255144170286105,0.224537562116635,"3579/3577/1524/729230/9034/6368",6,FALSE,"Higher_in_IPF","GO_Biological_Process"
"GO:0002823","negative regulation of adaptive immune response based on somatic recombination of immune receptors built from immunoglobulin superfamily domains","5/423","57/13537",0.087719298245614,2.80722491808718,2.45557076736773,0.0322648595064371,0.261544020372775,0.23016969838987,"722/9173/3135/383/29126",5,FALSE,"Higher_in_IPF","GO_Biological_Process"
"GO:0046888","negative regulation of hormone secretion","5/423","57/13537",0.087719298245614,2.80722491808718,2.45557076736773,0.0322648595064371,0.261544020372775,0.23016969838987,"80223/338557/3767/6833/2867",5,FALSE,"Higher_in_IPF","GO_Biological_Process"
"GO:0030574","collagen catabolic process","4/423","39/13537",0.102564102564103,3.28229375037886,2.56340306649031,0.0326721632133422,0.263169449680465,0.231600144297109,"4317/64386/5657/164656",4,FALSE,"Higher_in_IPF","GO_Biological_Process"
"GO:0042572","retinol metabolic process","4/423","39/13537",0.102564102564103,3.28229375037886,2.56340306649031,0.0326721632133422,0.263169449680465,0.231600144297109,"195814/5950/84649/8630",4,FALSE,"Higher_in_IPF","GO_Biological_Process"
"GO:0071827","plasma lipoprotein particle organization","4/423","39/13537",0.102564102564103,3.28229375037886,2.56340306649031,0.0326721632133422,0.263169449680465,0.231600144297109,"84879/335/4353/50487",4,FALSE,"Higher_in_IPF","GO_Biological_Process"
"GO:0002698","negative regulation of immune effector process","8/423","119/13537",0.0672268907563025,2.15141943302144,2.26574436605152,0.033007767292635,0.264575216773235,0.232837278249888,"722/1524/729230/3135/383/29126/335/8993",8,FALSE,"Higher_in_IPF","GO_Biological_Process"
"GO:0051051","negative regulation of transport","18/423","359/13537",0.0501392757660167,1.60457535707936,2.08507019640758,0.0332895990007235,0.264575216773235,0.232837278249888,"255738/729230/5028/5593/1950/84830/6469/80223/2171/338557/3767/6833/120892/29091/6457/146722/5657/2867",18,FALSE,"Higher_in_IPF","GO_Biological_Process"
"GO:0016525","negative regulation of angiogenesis","7/423","98/13537",0.0714285714285714,2.28588314758528,2.29445123760014,0.0337185580845338,0.264575216773235,0.232837278249888,"11126/1524/729230/5196/3135/6833/350",7,FALSE,"Higher_in_IPF","GO_Biological_Process"
"GO:0008209","androgen metabolic process","3/423","23/13537",0.130434782608696,4.17422139993833,2.73625736050412,0.0337475459844331,0.264575216773235,0.232837278249888,"6469/8630/3294",3,FALSE,"Higher_in_IPF","GO_Biological_Process"
"GO:0009312","oligosaccharide biosynthetic process","3/423","23/13537",0.130434782608696,4.17422139993833,2.73625736050412,0.0337475459844331,0.264575216773235,0.232837278249888,"2529/2525/2523",3,FALSE,"Higher_in_IPF","GO_Biological_Process"
"GO:0032369","negative regulation of lipid transport","3/423","23/13537",0.130434782608696,4.17422139993833,2.73625736050412,0.0337475459844331,0.264575216773235,0.232837278249888,"255738/1950/6469",3,FALSE,"Higher_in_IPF","GO_Biological_Process"
"GO:0035116","embryonic hindlimb morphogenesis","3/423","23/13537",0.130434782608696,4.17422139993833,2.73625736050412,0.0337475459844331,0.264575216773235,0.232837278249888,"3899/7476/6469",3,FALSE,"Higher_in_IPF","GO_Biological_Process"
"GO:0042403","thyroid hormone metabolic process","3/423","23/13537",0.130434782608696,4.17422139993833,2.73625736050412,0.0337475459844331,0.264575216773235,0.232837278249888,"90527/53905/3249",3,FALSE,"Higher_in_IPF","GO_Biological_Process"
"GO:0044342","type B pancreatic cell proliferation","3/423","23/13537",0.130434782608696,4.17422139993833,2.73625736050412,0.0337475459844331,0.264575216773235,0.232837278249888,"89780/5923/26471",3,FALSE,"Higher_in_IPF","GO_Biological_Process"
"GO:0051702","biological process involved in interaction with symbiont","3/423","23/13537",0.130434782608696,4.17422139993833,2.73625736050412,0.0337475459844331,0.264575216773235,0.232837278249888,"820/5196/383",3,FALSE,"Higher_in_IPF","GO_Biological_Process"
"GO:0062009","secondary palate development","3/423","23/13537",0.130434782608696,4.17422139993833,2.73625736050412,0.0337475459844331,0.264575216773235,0.232837278249888,"89780/7476/64386",3,FALSE,"Higher_in_IPF","GO_Biological_Process"
"GO:0072574","hepatocyte proliferation","3/423","23/13537",0.130434782608696,4.17422139993833,2.73625736050412,0.0337475459844331,0.264575216773235,0.232837278249888,"89780/1361/3249",3,FALSE,"Higher_in_IPF","GO_Biological_Process"
"GO:0072575","epithelial cell proliferation involved in liver morphogenesis","3/423","23/13537",0.130434782608696,4.17422139993833,2.73625736050412,0.0337475459844331,0.264575216773235,0.232837278249888,"89780/1361/3249",3,FALSE,"Higher_in_IPF","GO_Biological_Process"
"GO:0046474","glycerophospholipid biosynthetic process","11/423","188/13537",0.0585106382978723,1.8724787485539,2.16350140904082,0.0341502725064578,0.266659817387468,0.234671814149265,"84879/22979/200879/79888/2171/8395/138429/335/374462/5833/80339",11,FALSE,"Higher_in_IPF","GO_Biological_Process"
"GO:0048754","branching morphogenesis of an epithelial tube","9/423","142/13537",0.0633802816901408,2.02831884926581,2.21232219635871,0.0341531300949376,0.266659817387468,0.234671814149265,"3549/1950/64399/6469/7080/1512/80004/6928/186",9,FALSE,"Higher_in_IPF","GO_Biological_Process"
"GO:0050709","negative regulation of protein secretion","5/423","58/13537",0.0862068965517241,2.75882448846499,2.41076807020946,0.0344379646564635,0.267287283151983,0.235224010317094,"84830/80223/3767/6833/2867",5,FALSE,"Higher_in_IPF","GO_Biological_Process"
"GO:0007269","neurotransmitter secretion","8/423","120/13537",0.0666666666666667,2.13349093774626,2.23990052888487,0.0344435157964316,0.267287283151983,0.235224010317094,"7476/10675/5028/8676/6833/120892/27345/140730",8,FALSE,"Higher_in_IPF","GO_Biological_Process"
"GO:0099643","signal release from synapse","8/423","120/13537",0.0666666666666667,2.13349093774626,2.23990052888487,0.0344435157964316,0.267287283151983,0.235224010317094,"7476/10675/5028/8676/6833/120892/27345/140730",8,FALSE,"Higher_in_IPF","GO_Biological_Process"
"GO:0010232","vascular transport","6/423","78/13537",0.0769230769230769,2.46172031278414,2.325160592655,0.0349856847630132,0.269849180656938,0.237478587482272,"84879/4036/177/6581/2171/3177",6,FALSE,"Higher_in_IPF","GO_Biological_Process"
"GO:0051588","regulation of neurotransmitter transport","6/423","78/13537",0.0769230769230769,2.46172031278414,2.325160592655,0.0349856847630132,0.269849180656938,0.237478587482272,"7476/10675/5028/120892/27345/140730",6,FALSE,"Higher_in_IPF","GO_Biological_Process"
"GO:0150104","transport across blood-brain barrier","6/423","78/13537",0.0769230769230769,2.46172031278414,2.325160592655,0.0349856847630132,0.269849180656938,0.237478587482272,"84879/4036/177/6581/2171/3177",6,FALSE,"Higher_in_IPF","GO_Biological_Process"
"GO:0035270","endocrine system development","7/423","99/13537",0.0707070707070707,2.26279341882179,2.26480260374726,0.0353514432238266,0.271146448560702,0.238620237601875,"5909/6469/335/7080/6928/3170/81027",7,FALSE,"Higher_in_IPF","GO_Biological_Process"
"GO:2000181","negative regulation of blood vessel morphogenesis","7/423","99/13537",0.0707070707070707,2.26279341882179,2.26480260374726,0.0353514432238266,0.271146448560702,0.238620237601875,"11126/1524/729230/5196/3135/6833/350",7,FALSE,"Higher_in_IPF","GO_Biological_Process"
"GO:0001974","blood vessel remodeling","4/423","40/13537",0.1,3.20023640661939,2.50281347846525,0.0354379460009928,0.271146448560702,0.238620237601875,"729230/4883/94/186",4,FALSE,"Higher_in_IPF","GO_Biological_Process"
"GO:0090278","negative regulation of peptide hormone secretion","4/423","40/13537",0.1,3.20023640661939,2.50281347846525,0.0354379460009928,0.271146448560702,0.238620237601875,"338557/3767/6833/2867",4,FALSE,"Higher_in_IPF","GO_Biological_Process"
"GO:0010811","positive regulation of cell-substrate adhesion","8/423","121/13537",0.0661157024793388,2.11585878123596,2.21430868109231,0.0359210444670085,0.272618583543655,0.239915778079277,"5590/10675/2243/9806/335/10562/2013/2523",8,FALSE,"Higher_in_IPF","GO_Biological_Process"
"GO:0042391","regulation of membrane potential","17/423","337/13537",0.0504451038575668,1.61436257900681,2.05116457118187,0.0360579420880031,0.272618583543655,0.239915778079277,"5590/6323/7476/64116/2890/1080/148/138429/3767/6833/1128/120892/27345/6532/3759/140730/3787",17,FALSE,"Higher_in_IPF","GO_Biological_Process"
"GO:0034612","response to tumor necrosis factor","12/423","214/13537",0.0560747663551402,1.79452508782395,2.10407518579872,0.0366853447788818,0.272618583543655,0.239915778079277,"3899/1524/820/3373/51208/27063/3767/4317/335/2819/1050/79444",12,FALSE,"Higher_in_IPF","GO_Biological_Process"
"GO:0050766","positive regulation of phagocytosis","5/423","59/13537",0.0847457627118644,2.71206475137236,2.36690721014015,0.0366996580576399,0.272618583543655,0.239915778079277,"8547/2209/6441/335/146722",5,FALSE,"Higher_in_IPF","GO_Biological_Process"
"GO:1901343","negative regulation of vasculature development","7/423","100/13537",0.07,2.24016548463357,2.23550810361506,0.0370358653473371,0.272618583543655,0.239915778079277,"11126/1524/729230/5196/3135/6833/350",7,FALSE,"Higher_in_IPF","GO_Biological_Process"
"GO:0000050","urea cycle","2/423","10/13537",0.2,6.40047281323877,3.06816566796276,0.0371298227979834,0.272618583543655,0.239915778079277,"383/1050",2,FALSE,"Higher_in_IPF","GO_Biological_Process"
"GO:0001821","histamine secretion","2/423","10/13537",0.2,6.40047281323877,3.06816566796276,0.0371298227979834,0.272618583543655,0.239915778079277,"1437/50487",2,FALSE,"Higher_in_IPF","GO_Biological_Process"
"GO:0002323","natural killer cell activation involved in immune response","2/423","10/13537",0.2,6.40047281323877,3.06816566796276,0.0371298227979834,0.272618583543655,0.239915778079277,"11126/51744",2,FALSE,"Higher_in_IPF","GO_Biological_Process"
"GO:0002883","regulation of hypersensitivity","2/423","10/13537",0.2,6.40047281323877,3.06816566796276,0.0371298227979834,0.272618583543655,0.239915778079277,"2209/2529",2,FALSE,"Higher_in_IPF","GO_Biological_Process"
"GO:0006828","manganese ion transport","2/423","10/13537",0.2,6.40047281323877,3.06816566796276,0.0371298227979834,0.272618583543655,0.239915778079277,"64116/9914",2,FALSE,"Higher_in_IPF","GO_Biological_Process"
"GO:0007342","fusion of sperm to egg plasma membrane involved in single fertilization","2/423","10/13537",0.2,6.40047281323877,3.06816566796276,0.0371298227979834,0.272618583543655,0.239915778079277,"2352/284359",2,FALSE,"Higher_in_IPF","GO_Biological_Process"
"GO:0019627","urea metabolic process","2/423","10/13537",0.2,6.40047281323877,3.06816566796276,0.0371298227979834,0.272618583543655,0.239915778079277,"383/1050",2,FALSE,"Higher_in_IPF","GO_Biological_Process"
"GO:0033085","negative regulation of T cell differentiation in thymus","2/423","10/13537",0.2,6.40047281323877,3.06816566796276,0.0371298227979834,0.272618583543655,0.239915778079277,"3549/6469",2,FALSE,"Higher_in_IPF","GO_Biological_Process"
"GO:0035666","TRIF-dependent toll-like receptor signaling pathway","2/423","10/13537",0.2,6.40047281323877,3.06816566796276,0.0371298227979834,0.272618583543655,0.239915778079277,"29126/146722",2,FALSE,"Higher_in_IPF","GO_Biological_Process"
"GO:0035745","T-helper 2 cell cytokine production","2/423","10/13537",0.2,6.40047281323877,3.06816566796276,0.0371298227979834,0.272618583543655,0.239915778079277,"5590/383",2,FALSE,"Higher_in_IPF","GO_Biological_Process"
"GO:0051918","negative regulation of fibrinolysis","2/423","10/13537",0.2,6.40047281323877,3.06816566796276,0.0371298227979834,0.272618583543655,0.239915778079277,"1361/350",2,FALSE,"Higher_in_IPF","GO_Biological_Process"
"GO:0061762","CAMKK-AMPK signaling cascade","2/423","10/13537",0.2,6.40047281323877,3.06816566796276,0.0371298227979834,0.272618583543655,0.239915778079277,"3767/120892",2,FALSE,"Higher_in_IPF","GO_Biological_Process"
"GO:1901072","glucosamine-containing compound catabolic process","2/423","10/13537",0.2,6.40047281323877,3.06816566796276,0.0371298227979834,0.272618583543655,0.239915778079277,"1117/27159",2,FALSE,"Higher_in_IPF","GO_Biological_Process"
"GO:1905939","regulation of gonad development","2/423","10/13537",0.2,6.40047281323877,3.06816566796276,0.0371298227979834,0.272618583543655,0.239915778079277,"26471/56729",2,FALSE,"Higher_in_IPF","GO_Biological_Process"
"GO:2000551","regulation of T-helper 2 cell cytokine production","2/423","10/13537",0.2,6.40047281323877,3.06816566796276,0.0371298227979834,0.272618583543655,0.239915778079277,"5590/383",2,FALSE,"Higher_in_IPF","GO_Biological_Process"
"GO:2001279","regulation of unsaturated fatty acid biosynthetic process","2/423","10/13537",0.2,6.40047281323877,3.06816566796276,0.0371298227979834,0.272618583543655,0.239915778079277,"2171/50487",2,FALSE,"Higher_in_IPF","GO_Biological_Process"
"GO:0002407","dendritic cell chemotaxis","3/423","24/13537",0.125,4.00029550827423,2.64205303515329,0.0376999152171906,0.274168145331874,0.24127945739002,"3579/3577/729230",3,FALSE,"Higher_in_IPF","GO_Biological_Process"
"GO:0010804","negative regulation of tumor necrosis factor-mediated signaling pathway","3/423","24/13537",0.125,4.00029550827423,2.64205303515329,0.0376999152171906,0.274168145331874,0.24127945739002,"51208/335/79444",3,FALSE,"Higher_in_IPF","GO_Biological_Process"
"GO:0032288","myelin assembly","3/423","24/13537",0.125,4.00029550827423,2.64205303515329,0.0376999152171906,0.274168145331874,0.24127945739002,"400746/51090/4099",3,FALSE,"Higher_in_IPF","GO_Biological_Process"
"GO:0042219","modified amino acid catabolic process","3/423","24/13537",0.125,4.00029550827423,2.64205303515329,0.0376999152171906,0.274168145331874,0.24127945739002,"33/92086/5625",3,FALSE,"Higher_in_IPF","GO_Biological_Process"
"GO:1904996","positive regulation of leukocyte adhesion to vascular endothelial cell","3/423","24/13537",0.125,4.00029550827423,2.64205303515329,0.0376999152171906,0.274168145331874,0.24127945739002,"729230/2529/2811",3,FALSE,"Higher_in_IPF","GO_Biological_Process"
"GO:0002792","negative regulation of peptide secretion","4/423","41/13537",0.0975609756097561,3.12218186011647,2.44410443118973,0.0383351589790034,0.277729861445608,0.244413916830079,"338557/3767/6833/2867",4,FALSE,"Higher_in_IPF","GO_Biological_Process"
"GO:1900026","positive regulation of substrate adhesion-dependent cell spreading","4/423","41/13537",0.0975609756097561,3.12218186011647,2.44410443118973,0.0383351589790034,0.277729861445608,0.244413916830079,"10675/2243/335/10562",4,FALSE,"Higher_in_IPF","GO_Biological_Process"
"GO:0002720","positive regulation of cytokine production involved in immune response","6/423","80/13537",0.075,2.40017730496454,2.25580558826039,0.0388921240979679,0.280170056237814,0.246561390507872,"5590/11126/8809/7855/3135/2867",6,FALSE,"Higher_in_IPF","GO_Biological_Process"
"GO:0035282","segmentation","6/423","80/13537",0.075,2.40017730496454,2.25580558826039,0.0388921240979679,0.280170056237814,0.246561390507872,"89780/7855/153572/79192/6469/79191",6,FALSE,"Higher_in_IPF","GO_Biological_Process"
"GO:0046889","positive regulation of lipid biosynthetic process","6/423","80/13537",0.075,2.40017730496454,2.25580558826039,0.0388921240979679,0.280170056237814,0.246561390507872,"84879/3552/51085/440503/50487/58526",6,FALSE,"Higher_in_IPF","GO_Biological_Process"
"GO:0031623","receptor internalization","8/423","123/13537",0.0650406504065041,2.08145457341098,2.16386146648911,0.039003160747899,0.280254074294007,0.246635329918246,"255738/89780/3579/3577/1950/2890/408/27092",8,FALSE,"Higher_in_IPF","GO_Biological_Process"
"GO:0006767","water-soluble vitamin metabolic process","5/423","60/13537",0.0833333333333333,2.66686367218282,2.32395042580062,0.0390505939037222,0.280254074294007,0.246635329918246,"249/80704/55/56922/8875",5,FALSE,"Higher_in_IPF","GO_Biological_Process"
"GO:0061138","morphogenesis of a branching epithelium","10/423","169/13537",0.0591715976331361,1.89363100983396,2.09950122092,0.0395613323045711,0.283386804388091,0.2493922636836,"7855/3549/1950/64399/6469/7080/1512/80004/6928/186",10,FALSE,"Higher_in_IPF","GO_Biological_Process"
"GO:0002683","negative regulation of immune system process","22/423","471/13537",0.0467091295116773,1.4948025678477,1.96299339498441,0.0396918162664801,0.283602734317717,0.249582291070594,"11126/79626/722/9173/3549/1524/729230/51208/84830/3135/383/6469/29126/6441/335/4210/146722/1050/8993/11027/671/3162",22,FALSE,"Higher_in_IPF","GO_Biological_Process"
"GO:0006898","receptor-mediated endocytosis","13/423","241/13537",0.0539419087136929,1.726268601081,2.04311613509534,0.0397400374174905,0.283602734317717,0.249582291070594,"255738/2209/89780/4036/3579/3577/1950/2890/6441/408/6457/27092/6614",13,FALSE,"Higher_in_IPF","GO_Biological_Process"
"GO:0030100","regulation of endocytosis","14/423","266/13537",0.0526315789473684,1.68433495085231,2.0244426664138,0.0401202738351914,0.285782099818584,0.251500224041499,"8547/255738/2209/89780/1950/6441/408/335/120892/6457/51090/146722/5657/57126",14,FALSE,"Higher_in_IPF","GO_Biological_Process"
"GO:1903131","mononuclear cell differentiation","22/423","472/13537",0.0466101694915254,1.4916356132548,1.95257351450325,0.0404730028014809,0.286187106484264,0.251856646879813,"5590/9173/8809/3552/7855/3549/729230/5196/1437/3135/177/6469/57864/2529/8325/116071/84101/57546/2194/5657/1050/8993",22,FALSE,"Higher_in_IPF","GO_Biological_Process"
"GO:0062013","positive regulation of small molecule metabolic process","8/423","124/13537",0.0645161290322581,2.06466864943186,2.13899669255838,0.0406085619140844,0.286187106484264,0.251856646879813,"51744/5028/51085/335/2819/440503/50487/58526",8,FALSE,"Higher_in_IPF","GO_Biological_Process"
"GO:0002764","immune response-regulating signaling pathway","23/423","499/13537",0.0460921843687375,1.47505886477447,1.94195864849056,0.0408614579649973,0.286187106484264,0.251856646879813,"8547/11126/2209/6280/6279/57402/5284/79908/153579/3135/29126/57864/1512/4210/146722/84106/2867/126014/353514/11027/11024/3811/51311",23,FALSE,"Higher_in_IPF","GO_Biological_Process"
"GO:0001774","microglial cell activation","4/423","42/13537",0.0952380952380952,3.04784419678037,2.38716742428863,0.0413640506167816,0.286187106484264,0.251856646879813,"1524/177/4317/120892",4,FALSE,"Higher_in_IPF","GO_Biological_Process"
"GO:0006693","prostaglandin metabolic process","4/423","42/13537",0.0952380952380952,3.04784419678037,2.38716742428863,0.0413640506167816,0.286187106484264,0.251856646879813,"2944/2171/255189/50487",4,FALSE,"Higher_in_IPF","GO_Biological_Process"
"GO:0006956","complement activation","4/423","42/13537",0.0952380952380952,3.04784419678037,2.38716742428863,0.0413640506167816,0.286187106484264,0.251856646879813,"713/8547/922/722",4,FALSE,"Higher_in_IPF","GO_Biological_Process"
"GO:0032715","negative regulation of interleukin-6 production","4/423","42/13537",0.0952380952380952,3.04784419678037,2.38716742428863,0.0413640506167816,0.286187106484264,0.251856646879813,"5004/408/91662/671",4,FALSE,"Higher_in_IPF","GO_Biological_Process"
"GO:0051180","vitamin transport","4/423","42/13537",0.0952380952380952,3.04784419678037,2.38716742428863,0.0413640506167816,0.286187106484264,0.251856646879813,"4036/80704/2352/335",4,FALSE,"Higher_in_IPF","GO_Biological_Process"
"GO:0071825","protein-lipid complex organization","4/423","42/13537",0.0952380952380952,3.04784419678037,2.38716742428863,0.0413640506167816,0.286187106484264,0.251856646879813,"84879/335/4353/50487",4,FALSE,"Higher_in_IPF","GO_Biological_Process"
"GO:1901570","fatty acid derivative biosynthetic process","4/423","42/13537",0.0952380952380952,3.04784419678037,2.38716742428863,0.0413640506167816,0.286187106484264,0.251856646879813,"83401/247/2194/92086",4,FALSE,"Higher_in_IPF","GO_Biological_Process"
"GO:0071356","cellular response to tumor necrosis factor","11/423","194/13537",0.0567010309278351,1.81456703468109,2.05233720966406,0.0413877962208963,0.286187106484264,0.251856646879813,"1524/820/3373/51208/27063/3767/4317/335/2819/1050/79444",11,FALSE,"Higher_in_IPF","GO_Biological_Process"
"GO:0002066","columnar/cuboidal epithelial cell development","3/423","25/13537",0.12,3.84028368794326,2.55281693673042,0.0418775787760122,0.286187106484264,0.251856646879813,"7855/6098/2194",3,FALSE,"Higher_in_IPF","GO_Biological_Process"
"GO:0002438","acute inflammatory response to antigenic stimulus","3/423","25/13537",0.12,3.84028368794326,2.55281693673042,0.0418775787760122,0.286187106484264,0.251856646879813,"2209/3579/2529",3,FALSE,"Higher_in_IPF","GO_Biological_Process"
"GO:0034368","protein-lipid complex remodeling","3/423","25/13537",0.12,3.84028368794326,2.55281693673042,0.0418775787760122,0.286187106484264,0.251856646879813,"335/4353/50487",3,FALSE,"Higher_in_IPF","GO_Biological_Process"
"GO:0034369","plasma lipoprotein particle remodeling","3/423","25/13537",0.12,3.84028368794326,2.55281693673042,0.0418775787760122,0.286187106484264,0.251856646879813,"335/4353/50487",3,FALSE,"Higher_in_IPF","GO_Biological_Process"
"GO:0034505","tooth mineralization","3/423","25/13537",0.12,3.84028368794326,2.55281693673042,0.0418775787760122,0.286187106484264,0.251856646879813,"249/1080/256764",3,FALSE,"Higher_in_IPF","GO_Biological_Process"
"GO:0035590","purinergic nucleotide receptor signaling pathway","3/423","25/13537",0.12,3.84028368794326,2.55281693673042,0.0418775787760122,0.286187106484264,0.251856646879813,"55/53829/5028",3,FALSE,"Higher_in_IPF","GO_Biological_Process"
"GO:0035774","positive regulation of insulin secretion involved in cellular response to glucose stimulus","3/423","25/13537",0.12,3.84028368794326,2.55281693673042,0.0418775787760122,0.286187106484264,0.251856646879813,"1080/114/6833",3,FALSE,"Higher_in_IPF","GO_Biological_Process"
"GO:0050891","multicellular organismal-level water homeostasis","3/423","25/13537",0.12,3.84028368794326,2.55281693673042,0.0418775787760122,0.286187106484264,0.251856646879813,"1080/6337/361",3,FALSE,"Higher_in_IPF","GO_Biological_Process"
"GO:0072576","liver morphogenesis","3/423","25/13537",0.12,3.84028368794326,2.55281693673042,0.0418775787760122,0.286187106484264,0.251856646879813,"89780/1361/3249",3,FALSE,"Higher_in_IPF","GO_Biological_Process"
"GO:0099174","regulation of presynapse organization","3/423","25/13537",0.12,3.84028368794326,2.55281693673042,0.0418775787760122,0.286187106484264,0.251856646879813,"89780/7476/55799",3,FALSE,"Higher_in_IPF","GO_Biological_Process"
"GO:0001889","liver development","8/423","125/13537",0.064,2.04815130023641,2.11436508418096,0.0422573696088784,0.286187106484264,0.251856646879813,"255738/89780/3549/1361/6928/1050/3249/51733",8,FALSE,"Higher_in_IPF","GO_Biological_Process"
"GO:0006820","monoatomic anion transport","8/423","125/13537",0.064,2.04815130023641,2.11436508418096,0.0422573696088784,0.286187106484264,0.251856646879813,"115019/5593/116369/53405/1080/760/9022/11254",8,FALSE,"Higher_in_IPF","GO_Biological_Process"
"GO:0071322","cellular response to carbohydrate stimulus","8/423","125/13537",0.064,2.04815130023641,2.11436508418096,0.0422573696088784,0.286187106484264,0.251856646879813,"177/51085/1080/114/3767/6833/1361/3170",8,FALSE,"Higher_in_IPF","GO_Biological_Process"
"GO:0030216","keratinocyte differentiation","7/423","103/13537",0.0679611650485437,2.17491794624618,2.14966727298315,0.0424032284044158,0.286187106484264,0.251856646879813,"126695/3552/79413/25833/8796/5493/247",7,FALSE,"Higher_in_IPF","GO_Biological_Process"
"GO:0022407","regulation of cell-cell adhesion","21/423","448/13537",0.046875,1.50011081560284,1.93330238584608,0.0424098979841525,0.286187106484264,0.251856646879813,"5590/11126/79626/89780/3552/3549/729230/2243/84830/3135/177/383/6469/29126/2529/6441/335/2811/126259/2525/3170",21,FALSE,"Higher_in_IPF","GO_Biological_Process"
"GO:0072175","epithelial tube formation","8/423","126/13537",0.0634920634920635,2.03189613118691,2.08996225305407,0.0439499432977294,0.286187106484264,0.251856646879813,"4036/131405/1950/153572/79192/79191/6928/27443",8,FALSE,"Higher_in_IPF","GO_Biological_Process"
"GO:0098739","import across plasma membrane","9/423","149/13537",0.0604026845637584,1.93302870198486,2.0567336474218,0.0442430814187079,0.286187106484264,0.251856646879813,"4036/64116/57864/3767/6833/6337/3759/3772/11254",9,FALSE,"Higher_in_IPF","GO_Biological_Process"
"GO:0072329","monocarboxylic acid catabolic process","7/423","104/13537",0.0673076923076923,2.15400527368612,2.12170853122587,0.0442985249507361,0.286187106484264,0.251856646879813,"84879/55289/33/84830/197257/51181/440503",7,FALSE,"Higher_in_IPF","GO_Biological_Process"
"GO:0001580","detection of chemical stimulus involved in sensory perception of bitter taste","2/423","11/13537",0.181818181818182,5.81861164839888,2.87131833416494,0.0444596750038206,0.286187106484264,0.251856646879813,"5284/563",2,FALSE,"Higher_in_IPF","GO_Biological_Process"
"GO:0002068","glandular epithelial cell development","2/423","11/13537",0.181818181818182,5.81861164839888,2.87131833416494,0.0444596750038206,0.286187106484264,0.251856646879813,"7855/2194",2,FALSE,"Higher_in_IPF","GO_Biological_Process"
"GO:0002887","negative regulation of myeloid leukocyte mediated immunity","2/423","11/13537",0.181818181818182,5.81861164839888,2.87131833416494,0.0444596750038206,0.286187106484264,0.251856646879813,"1524/729230",2,FALSE,"Higher_in_IPF","GO_Biological_Process"
"GO:0006067","ethanol metabolic process","2/423","11/13537",0.181818181818182,5.81861164839888,2.87131833416494,0.0444596750038206,0.286187106484264,0.251856646879813,"6799/55902",2,FALSE,"Higher_in_IPF","GO_Biological_Process"
"GO:0006068","ethanol catabolic process","2/423","11/13537",0.181818181818182,5.81861164839888,2.87131833416494,0.0444596750038206,0.286187106484264,0.251856646879813,"6799/55902",2,FALSE,"Higher_in_IPF","GO_Biological_Process"
"GO:0010459","negative regulation of heart rate","2/423","11/13537",0.181818181818182,5.81861164839888,2.87131833416494,0.0444596750038206,0.286187106484264,0.251856646879813,"148/186",2,FALSE,"Higher_in_IPF","GO_Biological_Process"
"GO:0010919","regulation of inositol phosphate biosynthetic process","2/423","11/13537",0.181818181818182,5.81861164839888,2.87131833416494,0.0444596750038206,0.286187106484264,0.251856646879813,"51744/5028",2,FALSE,"Higher_in_IPF","GO_Biological_Process"
"GO:0010988","regulation of low-density lipoprotein particle clearance","2/423","11/13537",0.181818181818182,5.81861164839888,2.87131833416494,0.0444596750038206,0.286187106484264,0.251856646879813,"255738/6833",2,FALSE,"Higher_in_IPF","GO_Biological_Process"
"GO:0030223","neutrophil differentiation","2/423","11/13537",0.181818181818182,5.81861164839888,2.87131833416494,0.0444596750038206,0.286187106484264,0.251856646879813,"1437/2194",2,FALSE,"Higher_in_IPF","GO_Biological_Process"
"GO:0033089","positive regulation of T cell differentiation in thymus","2/423","11/13537",0.181818181818182,5.81861164839888,2.87131833416494,0.0444596750038206,0.286187106484264,0.251856646879813,"3549/6469",2,FALSE,"Higher_in_IPF","GO_Biological_Process"
"GO:0035589","G protein-coupled purinergic nucleotide receptor signaling pathway","2/423","11/13537",0.181818181818182,5.81861164839888,2.87131833416494,0.0444596750038206,0.286187106484264,0.251856646879813,"53829/5028",2,FALSE,"Higher_in_IPF","GO_Biological_Process"
"GO:0048103","somatic stem cell division","2/423","11/13537",0.181818181818182,5.81861164839888,2.87131833416494,0.0444596750038206,0.286187106484264,0.251856646879813,"89780/7476",2,FALSE,"Higher_in_IPF","GO_Biological_Process"
"GO:0048711","positive regulation of astrocyte differentiation","2/423","11/13537",0.181818181818182,5.81861164839888,2.87131833416494,0.0444596750038206,0.286187106484264,0.251856646879813,"6469/4099",2,FALSE,"Higher_in_IPF","GO_Biological_Process"
"GO:0055062","phosphate ion homeostasis","2/423","11/13537",0.181818181818182,5.81861164839888,2.87131833416494,0.0444596750038206,0.286187106484264,0.251856646879813,"249/10568",2,FALSE,"Higher_in_IPF","GO_Biological_Process"
"GO:0060352","cell adhesion molecule production","2/423","11/13537",0.181818181818182,5.81861164839888,2.87131833416494,0.0444596750038206,0.286187106484264,0.251856646879813,"2529/335",2,FALSE,"Higher_in_IPF","GO_Biological_Process"
"GO:0061469","regulation of type B pancreatic cell proliferation","2/423","11/13537",0.181818181818182,5.81861164839888,2.87131833416494,0.0444596750038206,0.286187106484264,0.251856646879813,"89780/26471",2,FALSE,"Higher_in_IPF","GO_Biological_Process"
"GO:0070673","response to interleukin-18","2/423","11/13537",0.181818181818182,5.81861164839888,2.87131833416494,0.0444596750038206,0.286187106484264,0.251856646879813,"8809/8807",2,FALSE,"Higher_in_IPF","GO_Biological_Process"
"GO:0071285","cellular response to lithium ion","2/423","11/13537",0.181818181818182,5.81861164839888,2.87131833416494,0.0444596750038206,0.286187106484264,0.251856646879813,"6469/1050",2,FALSE,"Higher_in_IPF","GO_Biological_Process"
"GO:0097709","connective tissue replacement","2/423","11/13537",0.181818181818182,5.81861164839888,2.87131833416494,0.0444596750038206,0.286187106484264,0.251856646879813,"3552/177",2,FALSE,"Higher_in_IPF","GO_Biological_Process"
"GO:0140105","interleukin-10-mediated signaling pathway","2/423","11/13537",0.181818181818182,5.81861164839888,2.87131833416494,0.0444596750038206,0.286187106484264,0.251856646879813,"11027/11024",2,FALSE,"Higher_in_IPF","GO_Biological_Process"
"GO:1900452","regulation of long-term synaptic depression","2/423","11/13537",0.181818181818182,5.81861164839888,2.87131833416494,0.0444596750038206,0.286187106484264,0.251856646879813,"177/114",2,FALSE,"Higher_in_IPF","GO_Biological_Process"
"GO:1902047","polyamine transmembrane transport","2/423","11/13537",0.181818181818182,5.81861164839888,2.87131833416494,0.0444596750038206,0.286187106484264,0.251856646879813,"84239/6581",2,FALSE,"Higher_in_IPF","GO_Biological_Process"
"GO:1902358","sulfate transmembrane transport","2/423","11/13537",0.181818181818182,5.81861164839888,2.87131833416494,0.0444596750038206,0.286187106484264,0.251856646879813,"115019/116369",2,FALSE,"Higher_in_IPF","GO_Biological_Process"
"GO:1903977","positive regulation of glial cell migration","2/423","11/13537",0.181818181818182,5.81861164839888,2.87131833416494,0.0444596750038206,0.286187106484264,0.251856646879813,"1524/729230",2,FALSE,"Higher_in_IPF","GO_Biological_Process"
"GO:2000347","positive regulation of hepatocyte proliferation","2/423","11/13537",0.181818181818182,5.81861164839888,2.87131833416494,0.0444596750038206,0.286187106484264,0.251856646879813,"89780/3249",2,FALSE,"Higher_in_IPF","GO_Biological_Process"
"GO:2001053","regulation of mesenchymal cell apoptotic process","2/423","11/13537",0.181818181818182,5.81861164839888,2.87131833416494,0.0444596750038206,0.286187106484264,0.251856646879813,"6469/6928",2,FALSE,"Higher_in_IPF","GO_Biological_Process"
"GO:0006692","prostanoid metabolic process","4/423","43/13537",0.0930232558139535,2.97696409918082,2.33190269602319,0.0445246572162527,0.286187106484264,0.251856646879813,"2944/2171/255189/50487",4,FALSE,"Higher_in_IPF","GO_Biological_Process"
"GO:0042220","response to cocaine","4/423","43/13537",0.0930232558139535,2.97696409918082,2.33190269602319,0.0445246572162527,0.286187106484264,0.251856646879813,"2890/6532/84152/27092",4,FALSE,"Higher_in_IPF","GO_Biological_Process"
"GO:0050805","negative regulation of synaptic transmission","4/423","43/13537",0.0930232558139535,2.97696409918082,2.33190269602319,0.0445246572162527,0.286187106484264,0.251856646879813,"2890/177/114/6532",4,FALSE,"Higher_in_IPF","GO_Biological_Process"
"GO:0051260","protein homooligomerization","10/423","173/13537",0.0578034682080925,1.84984763388404,2.02042928411884,0.04518031601467,0.289411071197623,0.254693870933476,"3135/23089/114/65987/21/3759/361/3787/51733/6247",10,FALSE,"Higher_in_IPF","GO_Biological_Process"
"GO:0016079","synaptic vesicle exocytosis","6/423","83/13537",0.072289156626506,2.31342390839956,2.15558929879361,0.045253643139073,0.289411071197623,0.254693870933476,"7476/10675/5028/8676/120892/140730",6,FALSE,"Higher_in_IPF","GO_Biological_Process"
"GO:0050672","negative regulation of lymphocyte proliferation","6/423","83/13537",0.072289156626506,2.31342390839956,2.15558929879361,0.045253643139073,0.289411071197623,0.254693870933476,"3549/3135/383/6469/29126/6441",6,FALSE,"Higher_in_IPF","GO_Biological_Process"
"GO:0072001","renal system development","15/423","296/13537",0.0506756756756757,1.62174142227334,1.94241951179209,0.0454628840457642,0.290263028907571,0.255443629421016,"255738/4036/3579/4311/153572/79192/6469/5950/120892/341640/4091/1512/79191/6928/186",15,FALSE,"Higher_in_IPF","GO_Biological_Process"
"GO:0002366","leukocyte activation involved in immune response","14/423","271/13537",0.0516605166051661,1.65325866024618,1.95095652496814,0.0456666800537554,0.29060361147625,0.255743356354164,"5590/11126/51744/117157/8809/1524/729230/306/57546/84106/57126/8993/11027/50487",14,FALSE,"Higher_in_IPF","GO_Biological_Process"
"GO:0016052","carbohydrate catabolic process","9/423","150/13537",0.06,1.92014184397163,2.03519743042448,0.0458312892139912,0.29060361147625,0.255743356354164,"27159/5208/51085/8972/2529/80201/2819/26471/2523",9,FALSE,"Higher_in_IPF","GO_Biological_Process"
"GO:0042476","odontogenesis","7/423","105/13537",0.0666666666666667,2.13349093774626,2.09406485069547,0.0462475720088634,0.29060361147625,0.255743356354164,"249/1441/54959/1080/6469/256764/80320",7,FALSE,"Higher_in_IPF","GO_Biological_Process"
"GO:0002825","regulation of T-helper 1 type immune response","3/423","26/13537",0.115384615384615,3.69258046917621,2.46808086606105,0.0462773692450392,0.29060361147625,0.255743356354164,"9173/8809/729230",3,FALSE,"Higher_in_IPF","GO_Biological_Process"
"GO:0031646","positive regulation of nervous system process","3/423","26/13537",0.115384615384615,3.69258046917621,2.46808086606105,0.0462773692450392,0.29060361147625,0.255743356354164,"400746/745/4099",3,FALSE,"Higher_in_IPF","GO_Biological_Process"
"GO:0045606","positive regulation of epidermal cell differentiation","3/423","26/13537",0.115384615384615,3.69258046917621,2.46808086606105,0.0462773692450392,0.29060361147625,0.255743356354164,"126695/79413/247",3,FALSE,"Higher_in_IPF","GO_Biological_Process"
"GO:0045987","positive regulation of smooth muscle contraction","3/423","26/13537",0.115384615384615,3.69258046917621,2.46808086606105,0.0462773692450392,0.29060361147625,0.255743356354164,"1131/60675/148",3,FALSE,"Higher_in_IPF","GO_Biological_Process"
"GO:0071624","positive regulation of granulocyte chemotaxis","3/423","26/13537",0.115384615384615,3.69258046917621,2.46808086606105,0.0462773692450392,0.29060361147625,0.255743356354164,"57402/3579/23604",3,FALSE,"Higher_in_IPF","GO_Biological_Process"
"GO:0095500","acetylcholine receptor signaling pathway","3/423","26/13537",0.115384615384615,3.69258046917621,2.46808086606105,0.0462773692450392,0.29060361147625,0.255743356354164,"1131/1129/1128",3,FALSE,"Higher_in_IPF","GO_Biological_Process"
"GO:2000463","positive regulation of excitatory postsynaptic potential","3/423","26/13537",0.115384615384615,3.69258046917621,2.46808086606105,0.0462773692450392,0.29060361147625,0.255743356354164,"5590/7476/2890",3,FALSE,"Higher_in_IPF","GO_Biological_Process"
"GO:0010827","regulation of D-glucose transmembrane transport","5/423","63/13537",0.0793650793650794,2.53987016398364,2.20015802260075,0.0466439440810963,0.291945210658403,0.256924019856531,"100506658/2171/338557/5319/57761",5,FALSE,"Higher_in_IPF","GO_Biological_Process"
"GO:1901568","fatty acid derivative metabolic process","5/423","63/13537",0.0793650793650794,2.53987016398364,2.20015802260075,0.0466439440810963,0.291945210658403,0.256924019856531,"83401/84649/247/2194/92086",5,FALSE,"Higher_in_IPF","GO_Biological_Process"
"GO:2001233","regulation of apoptotic signaling pathway","17/423","349/13537",0.0487106017191977,1.55885441010113,1.89963294799557,0.0474515182412553,0.293990956446061,0.258724361880242,"6280/6279/4582/3552/1524/5196/2243/1437/219790/627/120892/23604/1512/26471/5625/3162/186",17,FALSE,"Higher_in_IPF","GO_Biological_Process"
"GO:0061008","hepaticobiliary system development","8/423","128/13537",0.0625,2.00014775413712,2.04182595618836,0.0474677286103182,0.293990956446061,0.258724361880242,"255738/89780/3549/1361/6928/1050/3249/51733",8,FALSE,"Higher_in_IPF","GO_Biological_Process"
"GO:1903038","negative regulation of leukocyte cell-cell adhesion","8/423","128/13537",0.0625,2.00014775413712,2.04182595618836,0.0474677286103182,0.293990956446061,0.258724361880242,"79626/3549/84830/3135/383/6469/29126/6441",8,FALSE,"Higher_in_IPF","GO_Biological_Process"
"GO:0032945","negative regulation of mononuclear cell proliferation","6/423","84/13537",0.0714285714285714,2.28588314758528,2.12314347540428,0.047509800976223,0.293990956446061,0.258724361880242,"3549/3135/383/6469/29126/6441",6,FALSE,"Higher_in_IPF","GO_Biological_Process"
"GO:0072080","nephron tubule development","6/423","84/13537",0.0714285714285714,2.28588314758528,2.12314347540428,0.047509800976223,0.293990956446061,0.258724361880242,"153572/79192/6469/79191/6928/186",6,FALSE,"Higher_in_IPF","GO_Biological_Process"
"GO:0098659","inorganic cation import across plasma membrane","6/423","84/13537",0.0714285714285714,2.28588314758528,2.12314347540428,0.047509800976223,0.293990956446061,0.258724361880242,"64116/3767/6833/6337/3759/3772",6,FALSE,"Higher_in_IPF","GO_Biological_Process"
"GO:0099587","inorganic ion import across plasma membrane","6/423","84/13537",0.0714285714285714,2.28588314758528,2.12314347540428,0.047509800976223,0.293990956446061,0.258724361880242,"64116/3767/6833/6337/3759/3772",6,FALSE,"Higher_in_IPF","GO_Biological_Process"
"GO:0046460","neutral lipid biosynthetic process","4/423","44/13537",0.0909090909090909,2.90930582419944,2.27821833266735,0.047816809367927,0.294934698169217,0.259554894145775,"84879/84649/440503/80339",4,FALSE,"Higher_in_IPF","GO_Biological_Process"
"GO:0046463","acylglycerol biosynthetic process","4/423","44/13537",0.0909090909090909,2.90930582419944,2.27821833266735,0.047816809367927,0.294934698169217,0.259554894145775,"84879/84649/440503/80339",4,FALSE,"Higher_in_IPF","GO_Biological_Process"
"GO:0006639","acylglycerol metabolic process","7/423","106/13537",0.0660377358490566,2.11336366474865,2.06672916772136,0.0482507211547305,0.297131053820583,0.26148777916112,"84879/255738/338328/84649/350/440503/80339",7,FALSE,"Higher_in_IPF","GO_Biological_Process"
"GO:0002711","positive regulation of T cell mediated immunity","5/423","64/13537",0.078125,2.50018469267139,2.1604803901433,0.0493564568954845,0.301469480001039,0.265305776009296,"5590/8809/7855/3135/563",5,FALSE,"Higher_in_IPF","GO_Biological_Process"
"GO:0034394","protein localization to cell surface","5/423","64/13537",0.078125,2.50018469267139,2.1604803901433,0.0493564568954845,0.301469480001039,0.265305776009296,"1950/338328/627/2013/57126",5,FALSE,"Higher_in_IPF","GO_Biological_Process"
"GO:0048738","cardiac muscle tissue development","11/423","200/13537",0.055,1.76013002364066,1.94500882318102,0.0496242721662477,0.301469480001039,0.265305776009296,"89780/4036/7273/7134/84525/148/27063/5950/3767/6445/79191",11,FALSE,"Higher_in_IPF","GO_Biological_Process"
"GO:0006022","aminoglycan metabolic process","6/423","85/13537",0.0705882352941176,2.25899040467251,2.09115498030871,0.0498343937492502,0.301469480001039,0.265305776009296,"1117/27159/3373/1950/374907/8993",6,FALSE,"Higher_in_IPF","GO_Biological_Process"
"GO:0015695","organic cation transport","6/423","85/13537",0.0705882352941176,2.25899040467251,2.09115498030871,0.0498343937492502,0.301469480001039,0.265305776009296,"80704/5028/7432/6581/6579/11254",6,FALSE,"Higher_in_IPF","GO_Biological_Process"
"GO:0050764","regulation of phagocytosis","6/423","85/13537",0.0705882352941176,2.25899040467251,2.09115498030871,0.0498343937492502,0.301469480001039,0.265305776009296,"8547/2209/6441/335/146722/5657",6,FALSE,"Higher_in_IPF","GO_Biological_Process"
"GO:0006638","neutral lipid metabolic process","7/423","107/13537",0.0654205607476635,2.09361260246128,2.03969464473432,0.050308292839748,0.301469480001039,0.265305776009296,"84879/255738/338328/84649/350/440503/80339",7,FALSE,"Higher_in_IPF","GO_Biological_Process"
"GO:0045834","positive regulation of lipid metabolic process","7/423","107/13537",0.0654205607476635,2.09361260246128,2.03969464473432,0.050308292839748,0.301469480001039,0.265305776009296,"84879/3552/51085/335/440503/50487/58526",7,FALSE,"Higher_in_IPF","GO_Biological_Process"
"GO:0010721","negative regulation of cell development","12/423","225/13537",0.0533333333333333,1.70679275019701,1.92003638003873,0.0503826032533074,0.301469480001039,0.265305776009296,"89780/3552/3549/7476/51208/3135/6469/1620/6833/1050/4099/8993",12,FALSE,"Higher_in_IPF","GO_Biological_Process"
"GO:0002263","cell activation involved in immune response","14/423","275/13537",0.0509090909090909,1.62921126155169,1.89324181954949,0.0504754900702938,0.301469480001039,0.265305776009296,"5590/11126/51744/117157/8809/1524/729230/306/57546/84106/57126/8993/11027/50487",14,FALSE,"Higher_in_IPF","GO_Biological_Process"
"GO:0001516","prostaglandin biosynthetic process","3/423","27/13537",0.111111111111111,3.55581822957709,2.38743709732845,0.0508956404153845,0.301469480001039,0.265305776009296,"2171/255189/50487",3,FALSE,"Higher_in_IPF","GO_Biological_Process"
"GO:0002726","positive regulation of T cell cytokine production","3/423","27/13537",0.111111111111111,3.55581822957709,2.38743709732845,0.0508956404153845,0.301469480001039,0.265305776009296,"5590/8809/7855",3,FALSE,"Higher_in_IPF","GO_Biological_Process"
"GO:0034367","protein-containing complex remodeling","3/423","27/13537",0.111111111111111,3.55581822957709,2.38743709732845,0.0508956404153845,0.301469480001039,0.265305776009296,"335/4353/50487",3,FALSE,"Higher_in_IPF","GO_Biological_Process"
"GO:0046457","prostanoid biosynthetic process","3/423","27/13537",0.111111111111111,3.55581822957709,2.38743709732845,0.0508956404153845,0.301469480001039,0.265305776009296,"2171/255189/50487",3,FALSE,"Higher_in_IPF","GO_Biological_Process"
"GO:0060292","long-term synaptic depression","3/423","27/13537",0.111111111111111,3.55581822957709,2.38743709732845,0.0508956404153845,0.301469480001039,0.265305776009296,"2890/177/114",3,FALSE,"Higher_in_IPF","GO_Biological_Process"
"GO:0090025","regulation of monocyte chemotaxis","3/423","27/13537",0.111111111111111,3.55581822957709,2.38743709732845,0.0508956404153845,0.301469480001039,0.265305776009296,"57402/1524/729230",3,FALSE,"Higher_in_IPF","GO_Biological_Process"
"GO:1990806","ligand-gated ion channel signaling pathway","3/423","27/13537",0.111111111111111,3.55581822957709,2.38743709732845,0.0508956404153845,0.301469480001039,0.265305776009296,"1131/2890/2867",3,FALSE,"Higher_in_IPF","GO_Biological_Process"
"GO:0002269","leukocyte activation involved in inflammatory response","4/423","45/13537",0.0888888888888889,2.84465458366168,2.22602948671052,0.0512401386789943,0.301469480001039,0.265305776009296,"1524/177/4317/120892",4,FALSE,"Higher_in_IPF","GO_Biological_Process"
"GO:0007218","neuropeptide signaling pathway","4/423","45/13537",0.0888888888888889,2.84465458366168,2.22602948671052,0.0512401386789943,0.301469480001039,0.265305776009296,"60675/64106/6751/181",4,FALSE,"Higher_in_IPF","GO_Biological_Process"
"GO:0045197","establishment or maintenance of epithelial cell apical/basal polarity","4/423","45/13537",0.0888888888888889,2.84465458366168,2.22602948671052,0.0512401386789943,0.301469480001039,0.265305776009296,"5590/92359/57662/84612",4,FALSE,"Higher_in_IPF","GO_Biological_Process"
"GO:0055008","cardiac muscle tissue morphogenesis","4/423","45/13537",0.0888888888888889,2.84465458366168,2.22602948671052,0.0512401386789943,0.301469480001039,0.265305776009296,"4036/7273/7134/27063",4,FALSE,"Higher_in_IPF","GO_Biological_Process"
"GO:1902622","regulation of neutrophil migration","4/423","45/13537",0.0888888888888889,2.84465458366168,2.22602948671052,0.0512401386789943,0.301469480001039,0.265305776009296,"3552/3579/2529/23604",4,FALSE,"Higher_in_IPF","GO_Biological_Process"
"GO:0002695","negative regulation of leukocyte activation","10/423","177/13537",0.0564971751412429,1.80804316758157,1.94341581873667,0.0513169048478563,0.301469480001039,0.265305776009296,"79626/3549/3135/383/6469/29126/6441/146722/8993/671",10,FALSE,"Higher_in_IPF","GO_Biological_Process"
"GO:0046631","alpha-beta T cell activation","10/423","177/13537",0.0564971751412429,1.80804316758157,1.94341581873667,0.0513169048478563,0.301469480001039,0.265305776009296,"5590/11126/8809/3549/729230/177/6469/29126/2529/57546",10,FALSE,"Higher_in_IPF","GO_Biological_Process"
"GO:0002486","antigen processing and presentation of endogenous peptide antigen via MHC class I via ER pathway, TAP-independent","2/423","12/13537",0.166666666666667,5.33372734436564,2.69731294889743,0.0522715546780219,0.301469480001039,0.265305776009296,"3135/563",2,FALSE,"Higher_in_IPF","GO_Biological_Process"
"GO:0002829","negative regulation of type 2 immune response","2/423","12/13537",0.166666666666667,5.33372734436564,2.69731294889743,0.0522715546780219,0.301469480001039,0.265305776009296,"729230/383",2,FALSE,"Higher_in_IPF","GO_Biological_Process"
"GO:0016114","terpenoid biosynthetic process","2/423","12/13537",0.166666666666667,5.33372734436564,2.69731294889743,0.0522715546780219,0.301469480001039,0.265305776009296,"3157/4047",2,FALSE,"Higher_in_IPF","GO_Biological_Process"
"GO:0017038","protein import","2/423","12/13537",0.166666666666667,5.33372734436564,2.69731294889743,0.0522715546780219,0.301469480001039,0.265305776009296,"338328/256764",2,FALSE,"Higher_in_IPF","GO_Biological_Process"
"GO:0021871","forebrain regionalization","2/423","12/13537",0.166666666666667,5.33372734436564,2.69731294889743,0.0522715546780219,0.301469480001039,0.265305776009296,"6469/7080",2,FALSE,"Higher_in_IPF","GO_Biological_Process"
"GO:0032308","positive regulation of prostaglandin secretion","2/423","12/13537",0.166666666666667,5.33372734436564,2.69731294889743,0.0522715546780219,0.301469480001039,0.265305776009296,"3552/50487",2,FALSE,"Higher_in_IPF","GO_Biological_Process"
"GO:0042447","hormone catabolic process","2/423","12/13537",0.166666666666667,5.33372734436564,2.69731294889743,0.0522715546780219,0.301469480001039,0.265305776009296,"4311/8630",2,FALSE,"Higher_in_IPF","GO_Biological_Process"
"GO:0045026","plasma membrane fusion","2/423","12/13537",0.166666666666667,5.33372734436564,2.69731294889743,0.0522715546780219,0.301469480001039,0.265305776009296,"2352/284359",2,FALSE,"Higher_in_IPF","GO_Biological_Process"
"GO:0048148","behavioral response to cocaine","2/423","12/13537",0.166666666666667,5.33372734436564,2.69731294889743,0.0522715546780219,0.301469480001039,0.265305776009296,"6532/84152",2,FALSE,"Higher_in_IPF","GO_Biological_Process"
"GO:0050665","hydrogen peroxide biosynthetic process","2/423","12/13537",0.166666666666667,5.33372734436564,2.69731294889743,0.0522715546780219,0.301469480001039,0.265305776009296,"90527/53905",2,FALSE,"Higher_in_IPF","GO_Biological_Process"
"GO:0051350","negative regulation of lyase activity","2/423","12/13537",0.166666666666667,5.33372734436564,2.69731294889743,0.0522715546780219,0.301469480001039,0.265305776009296,"729230/84059",2,FALSE,"Higher_in_IPF","GO_Biological_Process"
"GO:0071493","cellular response to UV-B","2/423","12/13537",0.166666666666667,5.33372734436564,2.69731294889743,0.0522715546780219,0.301469480001039,0.265305776009296,"3373/4311",2,FALSE,"Higher_in_IPF","GO_Biological_Process"
"GO:0071941","nitrogen cycle metabolic process","2/423","12/13537",0.166666666666667,5.33372734436564,2.69731294889743,0.0522715546780219,0.301469480001039,0.265305776009296,"383/1050",2,FALSE,"Higher_in_IPF","GO_Biological_Process"
"GO:0072498","embryonic skeletal joint development","2/423","12/13537",0.166666666666667,5.33372734436564,2.69731294889743,0.0522715546780219,0.301469480001039,0.265305776009296,"3549/3373",2,FALSE,"Higher_in_IPF","GO_Biological_Process"
"GO:0072531","pyrimidine-containing compound transmembrane transport","2/423","12/13537",0.166666666666667,5.33372734436564,2.69731294889743,0.0522715546780219,0.301469480001039,0.265305776009296,"80704/3177",2,FALSE,"Higher_in_IPF","GO_Biological_Process"
"GO:0110075","regulation of ferroptosis","2/423","12/13537",0.166666666666667,5.33372734436564,2.69731294889743,0.0522715546780219,0.301469480001039,0.265305776009296,"1717/3162",2,FALSE,"Higher_in_IPF","GO_Biological_Process"
"GO:1902902","negative regulation of autophagosome assembly","2/423","12/13537",0.166666666666667,5.33372734436564,2.69731294889743,0.0522715546780219,0.301469480001039,0.265305776009296,"120892/26471",2,FALSE,"Higher_in_IPF","GO_Biological_Process"
"GO:2000049","positive regulation of cell-cell adhesion mediated by cadherin","2/423","12/13537",0.166666666666667,5.33372734436564,2.69731294889743,0.0522715546780219,0.301469480001039,0.265305776009296,"89780/3170",2,FALSE,"Higher_in_IPF","GO_Biological_Process"
"GO:0046634","regulation of alpha-beta T cell activation","7/423","108/13537",0.0648148148148148,2.07422730058664,2.01295466095147,0.0524205761542157,0.301872940809646,0.265660838428604,"5590/11126/3549/729230/177/6469/29126",7,FALSE,"Higher_in_IPF","GO_Biological_Process"
"GO:0042445","hormone metabolic process","10/423","178/13537",0.0561797752808989,1.79788562169628,1.92447127018329,0.0529336607941665,0.304368549566457,0.267857078717469,"4311/6469/195814/5950/84649/8630/90527/53905/3294/3249",10,FALSE,"Higher_in_IPF","GO_Biological_Process"
"GO:0006637","acyl-CoA metabolic process","6/423","87/13537",0.0689655172413793,2.20705959077199,2.02849976684069,0.0546899846103871,0.313179364506701,0.275610965097568,"3157/83401/84649/6296/2194/55902",6,FALSE,"Higher_in_IPF","GO_Biological_Process"
"GO:0035383","thioester metabolic process","6/423","87/13537",0.0689655172413793,2.20705959077199,2.02849976684069,0.0546899846103871,0.313179364506701,0.275610965097568,"3157/83401/84649/6296/2194/55902",6,FALSE,"Higher_in_IPF","GO_Biological_Process"
"GO:0033344","cholesterol efflux","4/423","46/13537",0.0869565217391304,2.78281426662555,2.17525768848675,0.0547940847277308,0.313179364506701,0.275610965097568,"1950/6469/335/21",4,FALSE,"Higher_in_IPF","GO_Biological_Process"
"GO:0043114","regulation of vascular permeability","4/423","46/13537",0.0869565217391304,2.78281426662555,2.17525768848675,0.0547940847277308,0.313179364506701,0.275610965097568,"3579/100506658/6456/6833",4,FALSE,"Higher_in_IPF","GO_Biological_Process"
"GO:1903036","positive regulation of response to wounding","5/423","66/13537",0.0757575757575758,2.4244215201662,2.08333132012144,0.0550547683179546,0.314198961790658,0.276508253435467,"100506658/1361/53905/27346/350",5,FALSE,"Higher_in_IPF","GO_Biological_Process"
"GO:0016042","lipid catabolic process","14/423","279/13537",0.0501792114695341,1.60585339400256,1.83644703058968,0.055624708264785,0.315215857358705,0.277403164150144,"84879/55289/33/200879/84830/338328/84647/8630/5319/374569/123745/255189/440503/80339",14,FALSE,"Higher_in_IPF","GO_Biological_Process"
"GO:0062012","regulation of small molecule metabolic process","14/423","279/13537",0.0501792114695341,1.60585339400256,1.83644703058968,0.055624708264785,0.315215857358705,0.277403164150144,"84879/2330/51744/33/5028/51085/2171/335/2819/26471/440503/57761/50487/58526",14,FALSE,"Higher_in_IPF","GO_Biological_Process"
"GO:0003401","axis elongation","3/423","28/13537",0.107142857142857,3.42882472137791,2.31052864092583,0.0557283142265914,0.315215857358705,0.277403164150144,"89780/6469/6928",3,FALSE,"Higher_in_IPF","GO_Biological_Process"
"GO:0035640","exploration behavior","3/423","28/13537",0.107142857142857,3.42882472137791,2.31052864092583,0.0557283142265914,0.315215857358705,0.277403164150144,"1620/120892/186",3,FALSE,"Higher_in_IPF","GO_Biological_Process"
"GO:1902473","regulation of protein localization to synapse","3/423","28/13537",0.107142857142857,3.42882472137791,2.31052864092583,0.0557283142265914,0.315215857358705,0.277403164150144,"5590/7476/9254",3,FALSE,"Higher_in_IPF","GO_Biological_Process"
"GO:1905145","cellular response to acetylcholine","3/423","28/13537",0.107142857142857,3.42882472137791,2.31052864092583,0.0557283142265914,0.315215857358705,0.277403164150144,"1131/1129/1128",3,FALSE,"Higher_in_IPF","GO_Biological_Process"
"GO:0001894","tissue homeostasis","12/423","229/13537",0.0524017467248908,1.67697977639444,1.85560189353767,0.0561296148484433,0.316080928453328,0.278164462965737,"249/84879/3549/729230/51208/64116/100506658/84059/6456/1620/5950/6833",12,FALSE,"Higher_in_IPF","GO_Biological_Process"
"GO:0003007","heart morphogenesis","12/423","229/13537",0.0524017467248908,1.67697977639444,1.85560189353767,0.0561296148484433,0.316080928453328,0.278164462965737,"89780/4036/7273/3549/7134/6469/27063/5950/94/4091/2013/55273",12,FALSE,"Higher_in_IPF","GO_Biological_Process"
"GO:0060249","anatomical structure homeostasis","12/423","229/13537",0.0524017467248908,1.67697977639444,1.85560189353767,0.0561296148484433,0.316080928453328,0.278164462965737,"249/84879/3549/729230/51208/64116/100506658/84059/6456/1620/5950/6833",12,FALSE,"Higher_in_IPF","GO_Biological_Process"
"GO:0008643","carbohydrate transport","7/423","110/13537",0.0636363636363636,2.03651407693961,1.96033285915008,0.0568102760949854,0.319442760133511,0.281123015727763,"84879/200010/100506658/2171/338557/5319/57761",7,FALSE,"Higher_in_IPF","GO_Biological_Process"
"GO:0072073","kidney epithelium development","8/423","133/13537",0.0601503759398496,1.92495422954549,1.92520340183798,0.0570494321846683,0.320315782472152,0.281891311971302,"3579/153572/79192/6469/4091/79191/6928/186",8,FALSE,"Higher_in_IPF","GO_Biological_Process"
"GO:1901890","positive regulation of cell junction assembly","6/423","88/13537",0.0681818181818182,2.18197936814958,1.99780916901034,0.0572214039071101,0.320809574327968,0.282325869497636,"7476/84525/627/94/79191/92359",6,FALSE,"Higher_in_IPF","GO_Biological_Process"
"GO:0007548","sex differentiation","12/423","230/13537",0.0521739130434783,1.66968855997533,1.83968931753695,0.0576324881454972,0.320917553217655,0.282420895445605,"1718/56956/3552/4036/7476/8999/6469/5950/7080/26471/6928/56729",12,FALSE,"Higher_in_IPF","GO_Biological_Process"
"GO:0006790","sulfur compound metabolic process","14/423","281/13537",0.0498220640569395,1.59442383247941,1.80838498554382,0.0583295816196005,0.320917553217655,0.282420895445605,"2944/80704/3373/55/56922/3157/83401/84649/6296/6799/2194/92086/55902/7263",14,FALSE,"Higher_in_IPF","GO_Biological_Process"
"GO:0009311","oligosaccharide metabolic process","4/423","47/13537",0.0851063829787234,2.72360545244203,2.12583023829374,0.0584779022020123,0.320917553217655,0.282420895445605,"8972/2529/2525/2523",4,FALSE,"Higher_in_IPF","GO_Biological_Process"
"GO:0034331","cell junction maintenance","4/423","47/13537",0.0851063829787234,2.72360545244203,2.12583023829374,0.0584779022020123,0.320917553217655,0.282420895445605,"5657/57662/57126/140730",4,FALSE,"Higher_in_IPF","GO_Biological_Process"
"GO:0061178","regulation of insulin secretion involved in cellular response to glucose stimulus","4/423","47/13537",0.0851063829787234,2.72360545244203,2.12583023829374,0.0584779022020123,0.320917553217655,0.282420895445605,"1080/114/6833/3170",4,FALSE,"Higher_in_IPF","GO_Biological_Process"
"GO:0007043","cell-cell junction assembly","8/423","134/13537",0.0597014925373134,1.91058889947426,1.90248617271594,0.0591026751523118,0.320917553217655,0.282420895445605,"7855/51208/84525/100506658/94/79191/84612/2705",8,FALSE,"Higher_in_IPF","GO_Biological_Process"
"GO:0008654","phospholipid biosynthetic process","12/423","231/13537",0.051948051948052,1.66246047097111,1.82385356445451,0.059162098999854,0.320917553217655,0.282420895445605,"84879/22979/200879/79888/3157/2171/8395/138429/335/374462/5833/80339",12,FALSE,"Higher_in_IPF","GO_Biological_Process"
"GO:0002690","positive regulation of leukocyte chemotaxis","6/423","89/13537",0.0674157303370786,2.15746274603554,1.96752809148987,0.0598221008301496,0.320917553217655,0.282420895445605,"57402/3579/1524/729230/23604/2277",6,FALSE,"Higher_in_IPF","GO_Biological_Process"
"GO:0042102","positive regulation of T cell proliferation","6/423","89/13537",0.0674157303370786,2.15746274603554,1.96752809148987,0.0598221008301496,0.320917553217655,0.282420895445605,"3552/729230/177/6469/29126/126259",6,FALSE,"Higher_in_IPF","GO_Biological_Process"
"GO:0061326","renal tubule development","6/423","89/13537",0.0674157303370786,2.15746274603554,1.96752809148987,0.0598221008301496,0.320917553217655,0.282420895445605,"153572/79192/6469/79191/6928/186",6,FALSE,"Higher_in_IPF","GO_Biological_Process"
"GO:0002476","antigen processing and presentation of endogenous peptide antigen via MHC class Ib","2/423","13/13537",0.153846153846154,4.92344062556829,2.54175652244876,0.0605283347486576,0.320917553217655,0.282420895445605,"3135/563",2,FALSE,"Higher_in_IPF","GO_Biological_Process"
"GO:0002484","antigen processing and presentation of endogenous peptide antigen via MHC class I via ER pathway","2/423","13/13537",0.153846153846154,4.92344062556829,2.54175652244876,0.0605283347486576,0.320917553217655,0.282420895445605,"3135/563",2,FALSE,"Higher_in_IPF","GO_Biological_Process"
"GO:0006089","lactate metabolic process","2/423","13/13537",0.153846153846154,4.92344062556829,2.54175652244876,0.0605283347486576,0.320917553217655,0.282420895445605,"5208/197257",2,FALSE,"Higher_in_IPF","GO_Biological_Process"
"GO:0010867","positive regulation of triglyceride biosynthetic process","2/423","13/13537",0.153846153846154,4.92344062556829,2.54175652244876,0.0605283347486576,0.320917553217655,0.282420895445605,"84879/440503",2,FALSE,"Higher_in_IPF","GO_Biological_Process"
"GO:0015846","polyamine transport","2/423","13/13537",0.153846153846154,4.92344062556829,2.54175652244876,0.0605283347486576,0.320917553217655,0.282420895445605,"84239/6581",2,FALSE,"Higher_in_IPF","GO_Biological_Process"
"GO:0017014","protein nitrosylation","2/423","13/13537",0.153846153846154,4.92344062556829,2.54175652244876,0.0605283347486576,0.320917553217655,0.282420895445605,"6280/6279",2,FALSE,"Higher_in_IPF","GO_Biological_Process"
"GO:0018119","peptidyl-cysteine S-nitrosylation","2/423","13/13537",0.153846153846154,4.92344062556829,2.54175652244876,0.0605283347486576,0.320917553217655,0.282420895445605,"6280/6279",2,FALSE,"Higher_in_IPF","GO_Biological_Process"
"GO:0032230","positive regulation of synaptic transmission, GABAergic","2/423","13/13537",0.153846153846154,4.92344062556829,2.54175652244876,0.0605283347486576,0.320917553217655,0.282420895445605,"148/760",2,FALSE,"Higher_in_IPF","GO_Biological_Process"
"GO:0032305","positive regulation of icosanoid secretion","2/423","13/13537",0.153846153846154,4.92344062556829,2.54175652244876,0.0605283347486576,0.320917553217655,0.282420895445605,"3552/50487",2,FALSE,"Higher_in_IPF","GO_Biological_Process"
"GO:0032306","regulation of prostaglandin secretion","2/423","13/13537",0.153846153846154,4.92344062556829,2.54175652244876,0.0605283347486576,0.320917553217655,0.282420895445605,"3552/50487",2,FALSE,"Higher_in_IPF","GO_Biological_Process"
"GO:0034116","positive regulation of heterotypic cell-cell adhesion","2/423","13/13537",0.153846153846154,4.92344062556829,2.54175652244876,0.0605283347486576,0.320917553217655,0.282420895445605,"2243/177",2,FALSE,"Higher_in_IPF","GO_Biological_Process"
"GO:0034310","primary alcohol catabolic process","2/423","13/13537",0.153846153846154,4.92344062556829,2.54175652244876,0.0605283347486576,0.320917553217655,0.282420895445605,"6799/55902",2,FALSE,"Higher_in_IPF","GO_Biological_Process"
"GO:0034374","low-density lipoprotein particle remodeling","2/423","13/13537",0.153846153846154,4.92344062556829,2.54175652244876,0.0605283347486576,0.320917553217655,0.282420895445605,"4353/50487",2,FALSE,"Higher_in_IPF","GO_Biological_Process"
"GO:0050913","sensory perception of bitter taste","2/423","13/13537",0.153846153846154,4.92344062556829,2.54175652244876,0.0605283347486576,0.320917553217655,0.282420895445605,"5284/563",2,FALSE,"Higher_in_IPF","GO_Biological_Process"
"GO:0055089","fatty acid homeostasis","2/423","13/13537",0.153846153846154,4.92344062556829,2.54175652244876,0.0605283347486576,0.320917553217655,0.282420895445605,"51085/84649",2,FALSE,"Higher_in_IPF","GO_Biological_Process"
"GO:0070278","extracellular matrix constituent secretion","2/423","13/13537",0.153846153846154,4.92344062556829,2.54175652244876,0.0605283347486576,0.320917553217655,0.282420895445605,"84830/1361",2,FALSE,"Higher_in_IPF","GO_Biological_Process"
"GO:0070486","leukocyte aggregation","2/423","13/13537",0.153846153846154,4.92344062556829,2.54175652244876,0.0605283347486576,0.320917553217655,0.282420895445605,"6280/6279",2,FALSE,"Higher_in_IPF","GO_Biological_Process"
"GO:0097152","mesenchymal cell apoptotic process","2/423","13/13537",0.153846153846154,4.92344062556829,2.54175652244876,0.0605283347486576,0.320917553217655,0.282420895445605,"6469/6928",2,FALSE,"Higher_in_IPF","GO_Biological_Process"
"GO:0097707","ferroptosis","2/423","13/13537",0.153846153846154,4.92344062556829,2.54175652244876,0.0605283347486576,0.320917553217655,0.282420895445605,"1717/3162",2,FALSE,"Higher_in_IPF","GO_Biological_Process"
"GO:1900120","regulation of receptor binding","2/423","13/13537",0.153846153846154,4.92344062556829,2.54175652244876,0.0605283347486576,0.320917553217655,0.282420895445605,"255738/627",2,FALSE,"Higher_in_IPF","GO_Biological_Process"
"GO:1900272","negative regulation of long-term synaptic potentiation","2/423","13/13537",0.153846153846154,4.92344062556829,2.54175652244876,0.0605283347486576,0.320917553217655,0.282420895445605,"1524/177",2,FALSE,"Higher_in_IPF","GO_Biological_Process"
"GO:1904321","response to forskolin","2/423","13/13537",0.153846153846154,4.92344062556829,2.54175652244876,0.0605283347486576,0.320917553217655,0.282420895445605,"1080/114",2,FALSE,"Higher_in_IPF","GO_Biological_Process"
"GO:1904322","cellular response to forskolin","2/423","13/13537",0.153846153846154,4.92344062556829,2.54175652244876,0.0605283347486576,0.320917553217655,0.282420895445605,"1080/114",2,FALSE,"Higher_in_IPF","GO_Biological_Process"
"GO:2001198","regulation of dendritic cell differentiation","2/423","13/13537",0.153846153846154,4.92344062556829,2.54175652244876,0.0605283347486576,0.320917553217655,0.282420895445605,"3135/177",2,FALSE,"Higher_in_IPF","GO_Biological_Process"
"GO:0002710","negative regulation of T cell mediated immunity","3/423","29/13537",0.103448275862069,3.31058938615798,2.23704136090045,0.0607709248235633,0.320917553217655,0.282420895445605,"3135/383/29126",3,FALSE,"Higher_in_IPF","GO_Biological_Process"
"GO:0035137","hindlimb morphogenesis","3/423","29/13537",0.103448275862069,3.31058938615798,2.23704136090045,0.0607709248235633,0.320917553217655,0.282420895445605,"3899/7476/6469",3,FALSE,"Higher_in_IPF","GO_Biological_Process"
"GO:0046461","neutral lipid catabolic process","3/423","29/13537",0.103448275862069,3.31058938615798,2.23704136090045,0.0607709248235633,0.320917553217655,0.282420895445605,"338328/440503/80339",3,FALSE,"Higher_in_IPF","GO_Biological_Process"
"GO:0046464","acylglycerol catabolic process","3/423","29/13537",0.103448275862069,3.31058938615798,2.23704136090045,0.0607709248235633,0.320917553217655,0.282420895445605,"338328/440503/80339",3,FALSE,"Higher_in_IPF","GO_Biological_Process"
"GO:0046621","negative regulation of organ growth","3/423","29/13537",0.103448275862069,3.31058938615798,2.23704136090045,0.0607709248235633,0.320917553217655,0.282420895445605,"23286/5950/6532",3,FALSE,"Higher_in_IPF","GO_Biological_Process"
"GO:0072530","purine-containing compound transmembrane transport","3/423","29/13537",0.103448275862069,3.31058938615798,2.23704136090045,0.0607709248235633,0.320917553217655,0.282420895445605,"6581/57864/3177",3,FALSE,"Higher_in_IPF","GO_Biological_Process"
"GO:0090075","relaxation of muscle","3/423","29/13537",0.103448275862069,3.31058938615798,2.23704136090045,0.0607709248235633,0.320917553217655,0.282420895445605,"5028/6833/3759",3,FALSE,"Higher_in_IPF","GO_Biological_Process"
"GO:1904994","regulation of leukocyte adhesion to vascular endothelial cell","3/423","29/13537",0.103448275862069,3.31058938615798,2.23704136090045,0.0607709248235633,0.320917553217655,0.282420895445605,"729230/2529/2811",3,FALSE,"Higher_in_IPF","GO_Biological_Process"
"GO:0046635","positive regulation of alpha-beta T cell activation","5/423","68/13537",0.0735294117647059,2.35311500486719,2.00895059622051,0.0611175470335217,0.321857647688257,0.283248217976046,"5590/11126/3549/729230/6469",5,FALSE,"Higher_in_IPF","GO_Biological_Process"
"GO:0097009","energy homeostasis","5/423","68/13537",0.0735294117647059,2.35311500486719,2.00895059622051,0.0611175470335217,0.321857647688257,0.283248217976046,"84879/6344/51085/79191/1050",5,FALSE,"Higher_in_IPF","GO_Biological_Process"
"GO:0070371","ERK1 and ERK2 cascade","13/423","258/13537",0.0503875968992248,1.61252222038961,1.78400793847516,0.0618882075318376,0.325467185064127,0.286424762130819,"5590/3552/5028/1950/2243/177/6098/148/338557/408/55885/1512/91662",13,FALSE,"Higher_in_IPF","GO_Biological_Process"
"GO:0035088","establishment or maintenance of apical/basal cell polarity","4/423","48/13537",0.0833333333333333,2.66686367218282,2.07767966809105,0.0622906681830381,0.325504854070378,0.286457912434906,"5590/92359/57662/84612",4,FALSE,"Higher_in_IPF","GO_Biological_Process"
"GO:0061245","establishment or maintenance of bipolar cell polarity","4/423","48/13537",0.0833333333333333,2.66686367218282,2.07767966809105,0.0622906681830381,0.325504854070378,0.286457912434906,"5590/92359/57662/84612",4,FALSE,"Higher_in_IPF","GO_Biological_Process"
"GO:0070613","regulation of protein processing","4/423","48/13537",0.0833333333333333,2.66686367218282,2.07767966809105,0.0622906681830381,0.325504854070378,0.286457912434906,"7850/120892/1361/3249",4,FALSE,"Higher_in_IPF","GO_Biological_Process"
"GO:0007389","pattern specification process","17/423","362/13537",0.0469613259668508,1.50287345062236,1.74174851003478,0.0624551354990243,0.325504854070378,0.286457912434906,"89780/4036/7855/3549/7476/64399/153572/79192/6469/10718/94/7080/4091/79191/6928/3170/53820",17,FALSE,"Higher_in_IPF","GO_Biological_Process"
"GO:0034762","regulation of transmembrane transport","17/423","362/13537",0.0469613259668508,1.50287345062236,1.74174851003478,0.0624551354990243,0.325504854070378,0.286457912434906,"255738/1131/729230/100506658/2890/1080/56704/2171/760/338557/3767/5319/27092/3759/57761/3787/3772",17,FALSE,"Higher_in_IPF","GO_Biological_Process"
"GO:0001676","long-chain fatty acid metabolic process","6/423","90/13537",0.0666666666666667,2.13349093774626,1.9376457113789,0.0624921576829719,0.325504854070378,0.286457912434906,"2944/33/84830/83401/247/80339",6,FALSE,"Higher_in_IPF","GO_Biological_Process"
"GO:0032526","response to retinoic acid","6/423","90/13537",0.0666666666666667,2.13349093774626,1.9376457113789,0.0624921576829719,0.325504854070378,0.286457912434906,"89780/1620/5950/1512/3294/6532",6,FALSE,"Higher_in_IPF","GO_Biological_Process"
"GO:0001508","action potential","8/423","136/13537",0.0588235294117647,1.88249200389376,1.85763077134579,0.0633475898368019,0.329511032693337,0.289983517509066,"6323/2890/148/3767/6833/27345/3759/3787",8,FALSE,"Higher_in_IPF","GO_Biological_Process"
"GO:0071695","anatomical structure maturation","11/423","209/13537",0.0526315789473684,1.68433495085231,1.79063528878234,0.063949947692024,0.33219170107231,0.292342618020681,"25893/7855/3549/1524/1080/120892/94/1050/994/50487/10682",11,FALSE,"Higher_in_IPF","GO_Biological_Process"
"GO:0042475","odontogenesis of dentin-containing tooth","5/423","69/13537",0.072463768115942,2.31901188885463,1.97273826415412,0.0642853049898813,0.333027536569019,0.293078188284941,"1441/54959/1080/6469/256764",5,FALSE,"Higher_in_IPF","GO_Biological_Process"
"GO:0045913","positive regulation of carbohydrate metabolic process","5/423","69/13537",0.072463768115942,2.31901188885463,1.97273826415412,0.0642853049898813,0.333027536569019,0.293078188284941,"51744/5028/1950/51085/2819",5,FALSE,"Higher_in_IPF","GO_Biological_Process"
"GO:0070664","negative regulation of leukocyte proliferation","6/423","91/13537",0.0659340659340659,2.11004598238641,1.90815161339812,0.0652316059494166,0.335940480890125,0.295641701359565,"3549/3135/383/6469/29126/6441",6,FALSE,"Higher_in_IPF","GO_Biological_Process"
"GO:1905954","positive regulation of lipid localization","6/423","91/13537",0.0659340659340659,2.11004598238641,1.90815161339812,0.0652316059494166,0.335940480890125,0.295641701359565,"3552/335/21/440503/56729/50487",6,FALSE,"Higher_in_IPF","GO_Biological_Process"
"GO:0001822","kidney development","14/423","286/13537",0.048951048951049,1.56654928995355,1.73917849229815,0.065479115560902,0.335940480890125,0.295641701359565,"255738/4036/3579/4311/153572/79192/6469/120892/341640/4091/1512/79191/6928/186",14,FALSE,"Higher_in_IPF","GO_Biological_Process"
"GO:0010594","regulation of endothelial cell migration","9/423","161/13537",0.0559006211180124,1.788952028545,1.80862351056422,0.0658339904203105,0.335940480890125,0.295641701359565,"7476/306/1950/94/2013/350/2523/3162/186",9,FALSE,"Higher_in_IPF","GO_Biological_Process"
"GO:0000578","embryonic axis specification","3/423","30/13537",0.1,3.20023640661939,2.16669754296341,0.0660186598757734,0.335940480890125,0.295641701359565,"7855/7476/4091",3,FALSE,"Higher_in_IPF","GO_Biological_Process"
"GO:0002828","regulation of type 2 immune response","3/423","30/13537",0.1,3.20023640661939,2.16669754296341,0.0660186598757734,0.335940480890125,0.295641701359565,"5590/729230/383",3,FALSE,"Higher_in_IPF","GO_Biological_Process"
"GO:0019228","neuronal action potential","3/423","30/13537",0.1,3.20023640661939,2.16669754296341,0.0660186598757734,0.335940480890125,0.295641701359565,"6323/2890/27345",3,FALSE,"Higher_in_IPF","GO_Biological_Process"
"GO:0045684","positive regulation of epidermis development","3/423","30/13537",0.1,3.20023640661939,2.16669754296341,0.0660186598757734,0.335940480890125,0.295641701359565,"126695/79413/247",3,FALSE,"Higher_in_IPF","GO_Biological_Process"
"GO:0048566","embryonic digestive tract development","3/423","30/13537",0.1,3.20023640661939,2.16669754296341,0.0660186598757734,0.335940480890125,0.295641701359565,"3549/6469/6928",3,FALSE,"Higher_in_IPF","GO_Biological_Process"
"GO:0070633","transepithelial transport","3/423","30/13537",0.1,3.20023640661939,2.16669754296341,0.0660186598757734,0.335940480890125,0.295641701359565,"51208/1437/1080",3,FALSE,"Higher_in_IPF","GO_Biological_Process"
"GO:0150077","regulation of neuroinflammatory response","3/423","30/13537",0.1,3.20023640661939,2.16669754296341,0.0660186598757734,0.335940480890125,0.295641701359565,"4317/120892/26471",3,FALSE,"Higher_in_IPF","GO_Biological_Process"
"GO:0150146","cell junction disassembly","3/423","30/13537",0.1,3.20023640661939,2.16669754296341,0.0660186598757734,0.335940480890125,0.295641701359565,"713/1524/6833",3,FALSE,"Higher_in_IPF","GO_Biological_Process"
"GO:0009593","detection of chemical stimulus","4/423","49/13537",0.0816326530612245,2.6124378829546,2.0307432635403,0.0662312895384741,0.335940480890125,0.295641701359565,"5284/563/338557/27345",4,FALSE,"Higher_in_IPF","GO_Biological_Process"
"GO:0048260","positive regulation of receptor-mediated endocytosis","4/423","49/13537",0.0816326530612245,2.6124378829546,2.0307432635403,0.0662312895384741,0.335940480890125,0.295641701359565,"255738/89780/1950/408",4,FALSE,"Higher_in_IPF","GO_Biological_Process"
"GO:0061900","glial cell activation","4/423","49/13537",0.0816326530612245,2.6124378829546,2.0307432635403,0.0662312895384741,0.335940480890125,0.295641701359565,"1524/177/4317/120892",4,FALSE,"Higher_in_IPF","GO_Biological_Process"
"GO:0001838","embryonic epithelial tube formation","7/423","114/13537",0.0614035087719298,1.96505744266103,1.8583544923787,0.0662554170011168,0.335940480890125,0.295641701359565,"4036/131405/153572/79192/79191/6928/27443",7,FALSE,"Higher_in_IPF","GO_Biological_Process"
"GO:0070663","regulation of leukocyte proliferation","12/423","237/13537",0.0506329113924051,1.62037286411108,1.73040958620048,0.0689082683719296,0.34265301202086,0.301549010055026,"89780/3552/3549/729230/1437/3135/177/383/6469/29126/6441/126259",12,FALSE,"Higher_in_IPF","GO_Biological_Process"
"GO:0002428","antigen processing and presentation of peptide antigen via MHC class Ib","2/423","14/13537",0.142857142857143,4.57176629517055,2.40136565777783,0.0691947282001265,0.34265301202086,0.301549010055026,"3135/563",2,FALSE,"Higher_in_IPF","GO_Biological_Process"
"GO:0002827","positive regulation of T-helper 1 type immune response","2/423","14/13537",0.142857142857143,4.57176629517055,2.40136565777783,0.0691947282001265,0.34265301202086,0.301549010055026,"8809/729230",2,FALSE,"Higher_in_IPF","GO_Biological_Process"
"GO:0002864","regulation of acute inflammatory response to antigenic stimulus","2/423","14/13537",0.142857142857143,4.57176629517055,2.40136565777783,0.0691947282001265,0.34265301202086,0.301549010055026,"2209/2529",2,FALSE,"Higher_in_IPF","GO_Biological_Process"
"GO:0006004","fucose metabolic process","2/423","14/13537",0.142857142857143,4.57176629517055,2.40136565777783,0.0691947282001265,0.34265301202086,0.301549010055026,"2529/2523",2,FALSE,"Higher_in_IPF","GO_Biological_Process"
"GO:0015697","quaternary ammonium group transport","2/423","14/13537",0.142857142857143,4.57176629517055,2.40136565777783,0.0691947282001265,0.34265301202086,0.301549010055026,"6581/11254",2,FALSE,"Higher_in_IPF","GO_Biological_Process"
"GO:0015874","norepinephrine transport","2/423","14/13537",0.142857142857143,4.57176629517055,2.40136565777783,0.0691947282001265,0.34265301202086,0.301549010055026,"5028/6581",2,FALSE,"Higher_in_IPF","GO_Biological_Process"
"GO:0019370","leukotriene biosynthetic process","2/423","14/13537",0.142857142857143,4.57176629517055,2.40136565777783,0.0691947282001265,0.34265301202086,0.301549010055026,"5319/92086",2,FALSE,"Higher_in_IPF","GO_Biological_Process"
"GO:0034375","high-density lipoprotein particle remodeling","2/423","14/13537",0.142857142857143,4.57176629517055,2.40136565777783,0.0691947282001265,0.34265301202086,0.301549010055026,"335/50487",2,FALSE,"Higher_in_IPF","GO_Biological_Process"
"GO:0043651","linoleic acid metabolic process","2/423","14/13537",0.142857142857143,4.57176629517055,2.40136565777783,0.0691947282001265,0.34265301202086,0.301549010055026,"83401/247",2,FALSE,"Higher_in_IPF","GO_Biological_Process"
"GO:0046007","negative regulation of activated T cell proliferation","2/423","14/13537",0.142857142857143,4.57176629517055,2.40136565777783,0.0691947282001265,0.34265301202086,0.301549010055026,"383/29126",2,FALSE,"Higher_in_IPF","GO_Biological_Process"
"GO:0046348","amino sugar catabolic process","2/423","14/13537",0.142857142857143,4.57176629517055,2.40136565777783,0.0691947282001265,0.34265301202086,0.301549010055026,"1117/27159",2,FALSE,"Higher_in_IPF","GO_Biological_Process"
"GO:0048643","positive regulation of skeletal muscle tissue development","2/423","14/13537",0.142857142857143,4.57176629517055,2.40136565777783,0.0691947282001265,0.34265301202086,0.301549010055026,"89780/6469",2,FALSE,"Higher_in_IPF","GO_Biological_Process"
"GO:0060856","establishment of blood-brain barrier","2/423","14/13537",0.142857142857143,4.57176629517055,2.40136565777783,0.0691947282001265,0.34265301202086,0.301549010055026,"84879/7476",2,FALSE,"Higher_in_IPF","GO_Biological_Process"
"GO:1900273","positive regulation of long-term synaptic potentiation","2/423","14/13537",0.142857142857143,4.57176629517055,2.40136565777783,0.0691947282001265,0.34265301202086,0.301549010055026,"4311/114",2,FALSE,"Higher_in_IPF","GO_Biological_Process"
"GO:1904350","regulation of protein catabolic process in the vacuole","2/423","14/13537",0.142857142857143,4.57176629517055,2.40136565777783,0.0691947282001265,0.34265301202086,0.301549010055026,"4036/79589",2,FALSE,"Higher_in_IPF","GO_Biological_Process"
"GO:2001138","regulation of phospholipid transport","2/423","14/13537",0.142857142857143,4.57176629517055,2.40136565777783,0.0691947282001265,0.34265301202086,0.301549010055026,"335/21",2,FALSE,"Higher_in_IPF","GO_Biological_Process"
"GO:2001140","positive regulation of phospholipid transport","2/423","14/13537",0.142857142857143,4.57176629517055,2.40136565777783,0.0691947282001265,0.34265301202086,0.301549010055026,"335/21",2,FALSE,"Higher_in_IPF","GO_Biological_Process"
"GO:0030900","forebrain development","15/423","315/13537",0.0476190476190476,1.52392209839018,1.68974505511375,0.0699746687049668,0.345828532982247,0.304343601576833,"84879/89780/4036/285025/7476/306/2890/221692/6469/10718/120892/5101/7080/6751/2523",15,FALSE,"Higher_in_IPF","GO_Biological_Process"
"GO:0002715","regulation of natural killer cell mediated immunity","4/423","50/13537",0.08,2.56018912529551,1.98496263853832,0.07029851039214,0.345828532982247,0.304343601576833,"11126/117157/8807/3135",4,FALSE,"Higher_in_IPF","GO_Biological_Process"
"GO:0006940","regulation of smooth muscle contraction","4/423","50/13537",0.08,2.56018912529551,1.98496263853832,0.07029851039214,0.345828532982247,0.304343601576833,"1131/60675/1129/148",4,FALSE,"Higher_in_IPF","GO_Biological_Process"
"GO:0007606","sensory perception of chemical stimulus","4/423","50/13537",0.08,2.56018912529551,1.98496263853832,0.07029851039214,0.345828532982247,0.304343601576833,"5284/563/338557/6337",4,FALSE,"Higher_in_IPF","GO_Biological_Process"
"GO:0001708","cell fate specification","5/423","71/13537",0.0704225352112676,2.25368761029534,1.90215967286638,0.0708921763198524,0.345828532982247,0.304343601576833,"89780/3549/6469/6928/3170",5,FALSE,"Higher_in_IPF","GO_Biological_Process"
"GO:0009798","axis specification","5/423","71/13537",0.0704225352112676,2.25368761029534,1.90215967286638,0.0708921763198524,0.345828532982247,0.304343601576833,"7855/7476/6469/4091/3170",5,FALSE,"Higher_in_IPF","GO_Biological_Process"
"GO:0030101","natural killer cell activation","5/423","71/13537",0.0704225352112676,2.25368761029534,1.90215967286638,0.0708921763198524,0.345828532982247,0.304343601576833,"11126/51744/8809/2013/8993",5,FALSE,"Higher_in_IPF","GO_Biological_Process"
"GO:0051899","membrane depolarization","5/423","71/13537",0.0704225352112676,2.25368761029534,1.90215967286638,0.0708921763198524,0.345828532982247,0.304343601576833,"5590/6323/120892/6532/3759",5,FALSE,"Higher_in_IPF","GO_Biological_Process"
"GO:0032963","collagen metabolic process","6/423","93/13537",0.0645161290322581,2.06466864943186,1.85028852362418,0.0709185509348775,0.345828532982247,0.304343601576833,"3549/55214/4317/64386/5657/164656",6,FALSE,"Higher_in_IPF","GO_Biological_Process"
"GO:0050670","regulation of lymphocyte proliferation","11/423","213/13537",0.0516431924882629,1.65270424754992,1.72439476410819,0.0711022524440311,0.345828532982247,0.304343601576833,"89780/3552/3549/729230/3135/177/383/6469/29126/6441/126259",11,FALSE,"Higher_in_IPF","GO_Biological_Process"
"GO:0002824","positive regulation of adaptive immune response based on somatic recombination of immune receptors built from immunoglobulin superfamily domains","7/423","116/13537",0.0603448275862069,1.93117714192549,1.8089086265844,0.0713126851509147,0.345828532982247,0.304343601576833,"5590/2209/8809/7855/729230/3135/563",7,FALSE,"Higher_in_IPF","GO_Biological_Process"
"GO:0006654","phosphatidic acid biosynthetic process","3/423","31/13537",0.0967741935483871,3.09700297414779,2.09925060738398,0.0714663992988457,0.345828532982247,0.304343601576833,"200879/79888/80339",3,FALSE,"Higher_in_IPF","GO_Biological_Process"
"GO:0070741","response to interleukin-6","3/423","31/13537",0.0967741935483871,3.09700297414779,2.09925060738398,0.0714663992988457,0.345828532982247,0.304343601576833,"820/1050/3170",3,FALSE,"Higher_in_IPF","GO_Biological_Process"
"GO:1901099","negative regulation of signal transduction in absence of ligand","3/423","31/13537",0.0967741935483871,3.09700297414779,2.09925060738398,0.0714663992988457,0.345828532982247,0.304343601576833,"3552/5196/1437",3,FALSE,"Higher_in_IPF","GO_Biological_Process"
"GO:1902692","regulation of neuroblast proliferation","3/423","31/13537",0.0967741935483871,3.09700297414779,2.09925060738398,0.0714663992988457,0.345828532982247,0.304343601576833,"1524/6469/120892",3,FALSE,"Higher_in_IPF","GO_Biological_Process"
"GO:1903725","regulation of phospholipid metabolic process","3/423","31/13537",0.0967741935483871,3.09700297414779,2.09925060738398,0.0714663992988457,0.345828532982247,0.304343601576833,"84879/79888/21",3,FALSE,"Higher_in_IPF","GO_Biological_Process"
"GO:1905144","response to acetylcholine","3/423","31/13537",0.0967741935483871,3.09700297414779,2.09925060738398,0.0714663992988457,0.345828532982247,0.304343601576833,"1131/1129/1128",3,FALSE,"Higher_in_IPF","GO_Biological_Process"
"GO:2001240","negative regulation of extrinsic apoptotic signaling pathway in absence of ligand","3/423","31/13537",0.0967741935483871,3.09700297414779,2.09925060738398,0.0714663992988457,0.345828532982247,0.304343601576833,"3552/5196/1437",3,FALSE,"Higher_in_IPF","GO_Biological_Process"
"GO:0010001","glial cell differentiation","11/423","214/13537",0.0514018691588785,1.64498133050529,1.70805080118543,0.0729672080317979,0.352644050968866,0.310341543021318,"400746/6280/6279/10675/177/6469/10319/745/7080/4099/57716",11,FALSE,"Higher_in_IPF","GO_Biological_Process"
"GO:0002833","positive regulation of response to biotic stimulus","17/423","370/13537",0.0459459459459459,1.47037888952783,1.6476047434247,0.0731534647794052,0.353097254775941,0.310740381363845,"8547/11126/6280/6279/57402/117157/8807/3135/5225/383/29126/57864/4210/146722/2867/11027/51311",17,FALSE,"Higher_in_IPF","GO_Biological_Process"
"GO:1903037","regulation of leukocyte cell-cell adhesion","16/423","344/13537",0.0465116279069767,1.48848204959041,1.64817687390698,0.0739493604962571,0.356488205018573,0.313724559681091,"5590/11126/79626/3552/3549/729230/84830/3135/177/383/6469/29126/2529/6441/2811/126259",16,FALSE,"Higher_in_IPF","GO_Biological_Process"
"GO:0045921","positive regulation of exocytosis","5/423","72/13537",0.0694444444444444,2.22238639348568,1.86775257269733,0.0743304820247982,0.356846086807947,0.314039510653405,"11126/2243/1080/57126/50487",5,FALSE,"Higher_in_IPF","GO_Biological_Process"
"GO:0071260","cellular response to mechanical stimulus","5/423","72/13537",0.0694444444444444,2.22238639348568,1.86775257269733,0.0743304820247982,0.356846086807947,0.314039510653405,"27063/838/3759/4099/51311",5,FALSE,"Higher_in_IPF","GO_Biological_Process"
"GO:0007193","adenylate cyclase-inhibiting G protein-coupled receptor signaling pathway","4/423","51/13537",0.0784313725490196,2.50998933852501,1.94028335555052,0.0744909196401083,0.356846086807947,0.314039510653405,"1131/5028/1129/1128",4,FALSE,"Higher_in_IPF","GO_Biological_Process"
"GO:0015844","monoamine transport","4/423","51/13537",0.0784313725490196,2.50998933852501,1.94028335555052,0.0744909196401083,0.356846086807947,0.314039510653405,"5028/7432/6581/6532",4,FALSE,"Higher_in_IPF","GO_Biological_Process"
"GO:0022029","telencephalon cell migration","4/423","51/13537",0.0784313725490196,2.50998933852501,1.94028335555052,0.0744909196401083,0.356846086807947,0.314039510653405,"285025/10718/120892/7080",4,FALSE,"Higher_in_IPF","GO_Biological_Process"
"GO:0022612","gland morphogenesis","7/423","118/13537",0.0593220338983051,1.89844532596065,1.76043643238676,0.0765934537721455,0.362075773162685,0.318641853804773,"89780/59350/6469/10718/1361/80004/3249",7,FALSE,"Higher_in_IPF","GO_Biological_Process"
"GO:0035710","CD4-positive, alpha-beta T cell activation","7/423","118/13537",0.0593220338983051,1.89844532596065,1.76043643238676,0.0765934537721455,0.362075773162685,0.318641853804773,"5590/11126/8809/177/29126/2529/57546",7,FALSE,"Higher_in_IPF","GO_Biological_Process"
"GO:0050868","negative regulation of T cell activation","7/423","118/13537",0.0593220338983051,1.89844532596065,1.76043643238676,0.0765934537721455,0.362075773162685,0.318641853804773,"79626/3549/3135/383/6469/29126/6441",7,FALSE,"Higher_in_IPF","GO_Biological_Process"
"GO:0009268","response to pH","3/423","32/13537",0.09375,3.00022163120567,2.03448073314113,0.077108751512166,0.362075773162685,0.318641853804773,"3373/6833/6337",3,FALSE,"Higher_in_IPF","GO_Biological_Process"
"GO:0018198","peptidyl-cysteine modification","3/423","32/13537",0.09375,3.00022163120567,2.03448073314113,0.077108751512166,0.362075773162685,0.318641853804773,"6280/6279/131540",3,FALSE,"Higher_in_IPF","GO_Biological_Process"
"GO:0070665","positive regulation of leukocyte proliferation","8/423","142/13537",0.0563380281690141,1.80295008823627,1.72746449609631,0.0771981048511853,0.362075773162685,0.318641853804773,"89780/3552/729230/1437/177/6469/29126/126259",8,FALSE,"Higher_in_IPF","GO_Biological_Process"
"GO:0002224","toll-like receptor signaling pathway","5/423","73/13537",0.0684931506849315,2.19194274425985,1.83390797767134,0.0778580255104524,0.362075773162685,0.318641853804773,"6280/6279/29126/146722/51311",5,FALSE,"Higher_in_IPF","GO_Biological_Process"
"GO:0032370","positive regulation of lipid transport","5/423","73/13537",0.0684931506849315,2.19194274425985,1.83390797767134,0.0778580255104524,0.362075773162685,0.318641853804773,"3552/335/21/56729/50487",5,FALSE,"Higher_in_IPF","GO_Biological_Process"
"GO:0071496","cellular response to external stimulus","5/423","73/13537",0.0684931506849315,2.19194274425985,1.83390797767134,0.0778580255104524,0.362075773162685,0.318641853804773,"27063/838/3759/4099/51311",5,FALSE,"Higher_in_IPF","GO_Biological_Process"
"GO:0019216","regulation of lipid metabolic process","13/423","268/13537",0.0485074626865672,1.55235348082284,1.6402617670936,0.0781729411544703,0.362075773162685,0.318641853804773,"84879/2330/3552/33/79888/51085/2171/335/21/440503/57761/50487/58526",13,FALSE,"Higher_in_IPF","GO_Biological_Process"
"GO:0002524","hypersensitivity","2/423","15/13537",0.133333333333333,4.26698187549251,2.27362929154697,0.078237209772923,0.362075773162685,0.318641853804773,"2209/2529",2,FALSE,"Higher_in_IPF","GO_Biological_Process"
"GO:0002756","MyD88-independent toll-like receptor signaling pathway","2/423","15/13537",0.133333333333333,4.26698187549251,2.27362929154697,0.078237209772923,0.362075773162685,0.318641853804773,"29126/146722",2,FALSE,"Higher_in_IPF","GO_Biological_Process"
"GO:0003085","negative regulation of systemic arterial blood pressure","2/423","15/13537",0.133333333333333,4.26698187549251,2.27362929154697,0.078237209772923,0.362075773162685,0.318641853804773,"148/186",2,FALSE,"Higher_in_IPF","GO_Biological_Process"
"GO:0006837","serotonin transport","2/423","15/13537",0.133333333333333,4.26698187549251,2.27362929154697,0.078237209772923,0.362075773162685,0.318641853804773,"6581/6532",2,FALSE,"Higher_in_IPF","GO_Biological_Process"
"GO:0006855","xenobiotic transmembrane transport","2/423","15/13537",0.133333333333333,4.26698187549251,2.27362929154697,0.078237209772923,0.362075773162685,0.318641853804773,"3177/21",2,FALSE,"Higher_in_IPF","GO_Biological_Process"
"GO:0010737","protein kinase A signaling","2/423","15/13537",0.133333333333333,4.26698187549251,2.27362929154697,0.078237209772923,0.362075773162685,0.318641853804773,"7273/84059",2,FALSE,"Higher_in_IPF","GO_Biological_Process"
"GO:0021904","dorsal/ventral neural tube patterning","2/423","15/13537",0.133333333333333,4.26698187549251,2.27362929154697,0.078237209772923,0.362075773162685,0.318641853804773,"89780/6469",2,FALSE,"Higher_in_IPF","GO_Biological_Process"
"GO:0032098","regulation of appetite","2/423","15/13537",0.133333333333333,4.26698187549251,2.27362929154697,0.078237209772923,0.362075773162685,0.318641853804773,"6344/6581",2,FALSE,"Higher_in_IPF","GO_Biological_Process"
"GO:0032303","regulation of icosanoid secretion","2/423","15/13537",0.133333333333333,4.26698187549251,2.27362929154697,0.078237209772923,0.362075773162685,0.318641853804773,"3552/50487",2,FALSE,"Higher_in_IPF","GO_Biological_Process"
"GO:0032634","interleukin-5 production","2/423","15/13537",0.133333333333333,4.26698187549251,2.27362929154697,0.078237209772923,0.362075773162685,0.318641853804773,"5590/9173",2,FALSE,"Higher_in_IPF","GO_Biological_Process"
"GO:0032674","regulation of interleukin-5 production","2/423","15/13537",0.133333333333333,4.26698187549251,2.27362929154697,0.078237209772923,0.362075773162685,0.318641853804773,"5590/9173",2,FALSE,"Higher_in_IPF","GO_Biological_Process"
"GO:0050930","induction of positive chemotaxis","2/423","15/13537",0.133333333333333,4.26698187549251,2.27362929154697,0.078237209772923,0.362075773162685,0.318641853804773,"177/2277",2,FALSE,"Higher_in_IPF","GO_Biological_Process"
"GO:0055091","phospholipid homeostasis","2/423","15/13537",0.133333333333333,4.26698187549251,2.27362929154697,0.078237209772923,0.362075773162685,0.318641853804773,"335/21",2,FALSE,"Higher_in_IPF","GO_Biological_Process"
"GO:0060004","reflex","2/423","15/13537",0.133333333333333,4.26698187549251,2.27362929154697,0.078237209772923,0.362075773162685,0.318641853804773,"148/3249",2,FALSE,"Higher_in_IPF","GO_Biological_Process"
"GO:0060259","regulation of feeding behavior","2/423","15/13537",0.133333333333333,4.26698187549251,2.27362929154697,0.078237209772923,0.362075773162685,0.318641853804773,"181/56729",2,FALSE,"Higher_in_IPF","GO_Biological_Process"
"GO:0098883","synapse pruning","2/423","15/13537",0.133333333333333,4.26698187549251,2.27362929154697,0.078237209772923,0.362075773162685,0.318641853804773,"713/1524",2,FALSE,"Higher_in_IPF","GO_Biological_Process"
"GO:0032944","regulation of mononuclear cell proliferation","11/423","217/13537",0.0506912442396313,1.62223965312503,1.65952272956869,0.0787478637321402,0.362075773162685,0.318641853804773,"89780/3552/3549/729230/3135/177/383/6469/29126/6441/126259",11,FALSE,"Higher_in_IPF","GO_Biological_Process"
"GO:0032613","interleukin-10 production","4/423","52/13537",0.0769230769230769,2.46172031278414,1.89665458601836,0.0788069584856446,0.362075773162685,0.318641853804773,"5590/177/29126/353514",4,FALSE,"Higher_in_IPF","GO_Biological_Process"
"GO:0032653","regulation of interleukin-10 production","4/423","52/13537",0.0769230769230769,2.46172031278414,1.89665458601836,0.0788069584856446,0.362075773162685,0.318641853804773,"5590/177/29126/353514",4,FALSE,"Higher_in_IPF","GO_Biological_Process"
"GO:0042733","embryonic digit morphogenesis","4/423","52/13537",0.0769230769230769,2.46172031278414,1.89665458601836,0.0788069584856446,0.362075773162685,0.318641853804773,"3549/7476/6469/341640",4,FALSE,"Higher_in_IPF","GO_Biological_Process"
"GO:0046854","phosphatidylinositol phosphate biosynthetic process","4/423","52/13537",0.0769230769230769,2.46172031278414,1.89665458601836,0.0788069584856446,0.362075773162685,0.318641853804773,"22979/8395/138429/374462",4,FALSE,"Higher_in_IPF","GO_Biological_Process"
"GO:0050795","regulation of behavior","4/423","52/13537",0.0769230769230769,2.46172031278414,1.89665458601836,0.0788069584856446,0.362075773162685,0.318641853804773,"1437/2890/181/56729",4,FALSE,"Higher_in_IPF","GO_Biological_Process"
"GO:0060042","retina morphogenesis in camera-type eye","4/423","52/13537",0.0769230769230769,2.46172031278414,1.89665458601836,0.0788069584856446,0.362075773162685,0.318641853804773,"84879/3549/5950/6247",4,FALSE,"Higher_in_IPF","GO_Biological_Process"
"GO:0072348","sulfur compound transport","4/423","52/13537",0.0769230769230769,2.46172031278414,1.89665458601836,0.0788069584856446,0.362075773162685,0.318641853804773,"115019/80704/116369/4257",4,FALSE,"Higher_in_IPF","GO_Biological_Process"
"GO:0002064","epithelial cell development","10/423","192/13537",0.0520833333333333,1.66678979511426,1.67119849822419,0.0791512106834324,0.36322033941027,0.319649120067708,"126695/57111/3552/7855/3549/7476/26084/6098/2194/1050",10,FALSE,"Higher_in_IPF","GO_Biological_Process"
"GO:0008645","hexose transmembrane transport","6/423","96/13537",0.0625,2.00014775413712,1.7661669633661,0.0799673168883249,0.366524869003151,0.322557244591563,"200010/100506658/2171/338557/5319/57761",6,FALSE,"Higher_in_IPF","GO_Biological_Process"
"GO:0055080","monoatomic cation homeostasis","21/423","484/13537",0.0433884297520661,1.3885323251861,1.56330038859511,0.0810766586013561,0.371163887937623,0.32663977566014,"249/57402/3552/729230/5028/84239/64116/2890/1080/56704/760/114/6337/120892/256764/9914/2811/6368/3759/3162/164656",21,FALSE,"Higher_in_IPF","GO_Biological_Process"
"GO:0001960","negative regulation of cytokine-mediated signaling pathway","5/423","74/13537",0.0675675675675676,2.16232189636445,1.80060778359302,0.0814742003222003,0.37209150338536,0.327456116127503,"7850/51208/383/335/79444",5,FALSE,"Higher_in_IPF","GO_Biological_Process"
"GO:0120193","tight junction organization","5/423","74/13537",0.0675675675675676,2.16232189636445,1.80060778359302,0.0814742003222003,0.37209150338536,0.327456116127503,"7855/51208/100506658/6833/94",5,FALSE,"Higher_in_IPF","GO_Biological_Process"
"GO:0050728","negative regulation of inflammatory response","8/423","144/13537",0.0555555555555556,1.77790911478855,1.68546189594681,0.082188370836545,0.37490465932369,0.329931811243478,"79626/64116/338557/335/4210/8993/89790/91662",8,FALSE,"Higher_in_IPF","GO_Biological_Process"
"GO:0001504","neurotransmitter uptake","3/423","33/13537",0.0909090909090909,2.90930582419944,1.97219121308622,0.0829400873600285,0.376086999454381,0.330972320106527,"6581/3177/6532",3,FALSE,"Higher_in_IPF","GO_Biological_Process"
"GO:0002474","antigen processing and presentation of peptide antigen via MHC class I","3/423","33/13537",0.0909090909090909,2.90930582419944,1.97219121308622,0.0829400873600285,0.376086999454381,0.330972320106527,"2209/3135/563",3,FALSE,"Higher_in_IPF","GO_Biological_Process"
"GO:0003382","epithelial cell morphogenesis","3/423","33/13537",0.0909090909090909,2.90930582419944,1.97219121308622,0.0829400873600285,0.376086999454381,0.330972320106527,"57111/3549/26084",3,FALSE,"Higher_in_IPF","GO_Biological_Process"
"GO:0008340","determination of adult lifespan","3/423","33/13537",0.0909090909090909,2.90930582419944,1.97219121308622,0.0829400873600285,0.376086999454381,0.330972320106527,"6323/3767/120892",3,FALSE,"Higher_in_IPF","GO_Biological_Process"
"GO:0046320","regulation of fatty acid oxidation","3/423","33/13537",0.0909090909090909,2.90930582419944,1.97219121308622,0.0829400873600285,0.376086999454381,0.330972320106527,"84879/33/440503",3,FALSE,"Higher_in_IPF","GO_Biological_Process"
"GO:0021885","forebrain cell migration","4/423","53/13537",0.0754716981132075,2.41527275971274,1.85402880592643,0.0832449279678363,0.376574804480093,0.331401608971481,"285025/10718/120892/7080",4,FALSE,"Higher_in_IPF","GO_Biological_Process"
"GO:0060415","muscle tissue morphogenesis","4/423","53/13537",0.0754716981132075,2.41527275971274,1.85402880592643,0.0832449279678363,0.376574804480093,0.331401608971481,"4036/7273/7134/27063",4,FALSE,"Higher_in_IPF","GO_Biological_Process"
"GO:0021537","telencephalon development","11/423","220/13537",0.05,1.60011820330969,1.61173155136716,0.0848083602858459,0.383193277599242,0.33722614267508,"84879/89780/285025/306/2890/221692/6469/10718/120892/7080/2523",11,FALSE,"Higher_in_IPF","GO_Biological_Process"
"GO:0005975","carbohydrate metabolic process","21/423","487/13537",0.0431211498973306,1.37997873796729,1.53379136213336,0.0851109525443105,0.383503344711766,0.337499014728008,"1117/27159/51744/5208/3373/5028/152831/1950/51085/8972/2171/2529/80201/5950/3767/84649/2819/26471/51181/2525/2523",21,FALSE,"Higher_in_IPF","GO_Biological_Process"
"GO:0008306","associative learning","5/423","75/13537",0.0666666666666667,2.13349093774626,1.76783471440925,0.0851783227646877,0.383503344711766,0.337499014728008,"2890/6833/6532/84152/164312",5,FALSE,"Higher_in_IPF","GO_Biological_Process"
"GO:1902476","chloride transmembrane transport","5/423","75/13537",0.0666666666666667,2.13349093774626,1.76783471440925,0.0851783227646877,0.383503344711766,0.337499014728008,"115019/116369/53405/1080/9022",5,FALSE,"Higher_in_IPF","GO_Biological_Process"
"GO:0042098","T cell proliferation","10/423","195/13537",0.0512820512820513,1.64114687518943,1.61961628298596,0.0856561107504737,0.384747095112128,0.338593567201873,"3552/3549/729230/3135/177/383/6469/29126/6441/126259",10,FALSE,"Higher_in_IPF","GO_Biological_Process"
"GO:0072593","reactive oxygen species metabolic process","10/423","195/13537",0.0512820512820513,1.64114687518943,1.61961628298596,0.0856561107504737,0.384747095112128,0.338593567201873,"2878/5446/6441/120892/90527/53905/4353/51181/440503/57126",10,FALSE,"Higher_in_IPF","GO_Biological_Process"
"GO:0002679","respiratory burst involved in defense response","2/423","16/13537",0.125,4.00029550827423,2.15658898968827,0.0876239407419157,0.38764207342587,0.341141269437119,"6280/4353",2,FALSE,"Higher_in_IPF","GO_Biological_Process"
"GO:0030033","microvillus assembly","2/423","16/13537",0.125,4.00029550827423,2.15658898968827,0.0876239407419157,0.38764207342587,0.341141269437119,"5909/4640",2,FALSE,"Higher_in_IPF","GO_Biological_Process"
"GO:0032310","prostaglandin secretion","2/423","16/13537",0.125,4.00029550827423,2.15658898968827,0.0876239407419157,0.38764207342587,0.341141269437119,"3552/50487",2,FALSE,"Higher_in_IPF","GO_Biological_Process"
"GO:0032693","negative regulation of interleukin-10 production","2/423","16/13537",0.125,4.00029550827423,2.15658898968827,0.0876239407419157,0.38764207342587,0.341141269437119,"177/29126",2,FALSE,"Higher_in_IPF","GO_Biological_Process"
"GO:0040019","positive regulation of embryonic development","2/423","16/13537",0.125,4.00029550827423,2.15658898968827,0.0876239407419157,0.38764207342587,0.341141269437119,"89780/3170",2,FALSE,"Higher_in_IPF","GO_Biological_Process"
"GO:0043501","skeletal muscle adaptation","2/423","16/13537",0.125,4.00029550827423,2.15658898968827,0.0876239407419157,0.38764207342587,0.341141269437119,"7134/7138",2,FALSE,"Higher_in_IPF","GO_Biological_Process"
"GO:0045717","negative regulation of fatty acid biosynthetic process","2/423","16/13537",0.125,4.00029550827423,2.15658898968827,0.0876239407419157,0.38764207342587,0.341141269437119,"33/57761",2,FALSE,"Higher_in_IPF","GO_Biological_Process"
"GO:0048520","positive regulation of behavior","2/423","16/13537",0.125,4.00029550827423,2.15658898968827,0.0876239407419157,0.38764207342587,0.341141269437119,"2890/181",2,FALSE,"Higher_in_IPF","GO_Biological_Process"
"GO:0070166","enamel mineralization","2/423","16/13537",0.125,4.00029550827423,2.15658898968827,0.0876239407419157,0.38764207342587,0.341141269437119,"1080/256764",2,FALSE,"Higher_in_IPF","GO_Biological_Process"
"GO:1903429","regulation of cell maturation","2/423","16/13537",0.125,4.00029550827423,2.15658898968827,0.0876239407419157,0.38764207342587,0.341141269437119,"25893/120892",2,FALSE,"Higher_in_IPF","GO_Biological_Process"
"GO:1904037","positive regulation of epithelial cell apoptotic process","2/423","16/13537",0.125,4.00029550827423,2.15658898968827,0.0876239407419157,0.38764207342587,0.341141269437119,"5319/3162",2,FALSE,"Higher_in_IPF","GO_Biological_Process"
"GO:0022617","extracellular matrix disassembly","4/423","54/13537",0.0740740740740741,2.37054548638473,1.81236152229779,0.0878029964610079,0.38764207342587,0.341141269437119,"4317/256764/3249/164656",4,FALSE,"Higher_in_IPF","GO_Biological_Process"
"GO:0048286","lung alveolus development","4/423","54/13537",0.0740740740740741,2.37054548638473,1.81236152229779,0.0878029964610079,0.38764207342587,0.341141269437119,"51208/84525/6441/7080",4,FALSE,"Higher_in_IPF","GO_Biological_Process"
"GO:0002821","positive regulation of adaptive immune response","7/423","122/13537",0.0573770491803279,1.83620121691276,1.66626141999798,0.0878235708521156,0.38764207342587,0.341141269437119,"5590/2209/8809/7855/729230/3135/563",7,FALSE,"Higher_in_IPF","GO_Biological_Process"
"GO:0050680","negative regulation of epithelial cell proliferation","7/423","122/13537",0.0573770491803279,1.83620121691276,1.66626141999798,0.0878235708521156,0.38764207342587,0.341141269437119,"5909/126695/94/1361/26471/350/3249",7,FALSE,"Higher_in_IPF","GO_Biological_Process"
"GO:0034121","regulation of toll-like receptor signaling pathway","3/423","34/13537",0.0882352941176471,2.82373800584063,1.91220539982957,0.0889545718179269,0.389102019596712,0.342426083249071,"6280/6279/146722",3,FALSE,"Higher_in_IPF","GO_Biological_Process"
"GO:0042908","xenobiotic transport","3/423","34/13537",0.0882352941176471,2.82373800584063,1.91220539982957,0.0889545718179269,0.389102019596712,0.342426083249071,"6581/3177/21",3,FALSE,"Higher_in_IPF","GO_Biological_Process"
"GO:0060251","regulation of glial cell proliferation","3/423","34/13537",0.0882352941176471,2.82373800584063,1.91220539982957,0.0889545718179269,0.389102019596712,0.342426083249071,"6469/6833/1128",3,FALSE,"Higher_in_IPF","GO_Biological_Process"
"GO:0072210","metanephric nephron development","3/423","34/13537",0.0882352941176471,2.82373800584063,1.91220539982957,0.0889545718179269,0.389102019596712,0.342426083249071,"153572/79192/186",3,FALSE,"Higher_in_IPF","GO_Biological_Process"
"GO:0002228","natural killer cell mediated immunity","5/423","76/13537",0.0657894736842105,2.10541868856538,1.73557227365801,0.0889696341298924,0.389102019596712,0.342426083249071,"11126/117157/8807/3135/3811",5,FALSE,"Higher_in_IPF","GO_Biological_Process"
"GO:0002532","production of molecular mediator involved in inflammatory response","5/423","76/13537",0.0657894736842105,2.10541868856538,1.73557227365801,0.0889696341298924,0.389102019596712,0.342426083249071,"27159/6280/7850/4210/50487",5,FALSE,"Higher_in_IPF","GO_Biological_Process"
"GO:0030901","midbrain development","5/423","76/13537",0.0657894736842105,2.10541868856538,1.73557227365801,0.0889696341298924,0.389102019596712,0.342426083249071,"89780/3579/6469/838/4099",5,FALSE,"Higher_in_IPF","GO_Biological_Process"
"GO:0098869","cellular oxidant detoxification","5/423","76/13537",0.0657894736842105,2.10541868856538,1.73557227365801,0.0889696341298924,0.389102019596712,0.342426083249071,"6280/2878/4257/53905/4353",5,FALSE,"Higher_in_IPF","GO_Biological_Process"
"GO:0003002","regionalization","15/423","327/13537",0.0458715596330275,1.46799835166027,1.53856042697526,0.0893043010689022,0.390118788879941,0.343320882827816,"89780/4036/7855/3549/7476/64399/153572/79192/6469/94/7080/4091/79191/6928/3170",15,FALSE,"Higher_in_IPF","GO_Biological_Process"
"GO:0015749","monosaccharide transmembrane transport","6/423","99/13537",0.0606060606060606,1.93953721613296,1.68504705654922,0.08963265304573,0.391105679232682,0.344189387695603,"200010/100506658/2171/338557/5319/57761",6,FALSE,"Higher_in_IPF","GO_Biological_Process"
"GO:0050866","negative regulation of cell activation","10/423","197/13537",0.050761421319797,1.6244854855936,1.58571565589161,0.0901682328067061,0.392993507826489,0.345850755970928,"79626/3549/3135/383/6469/29126/6441/146722/8993/671",10,FALSE,"Higher_in_IPF","GO_Biological_Process"
"GO:0050801","monoatomic ion homeostasis","21/423","493/13537",0.0425963488843813,1.36318386488858,1.47534088341864,0.0935730737135056,0.407368295824589,0.35850117181001,"249/57402/3552/729230/5028/84239/64116/2890/1080/56704/760/114/6337/120892/256764/9914/2811/6368/3759/3162/164656",21,FALSE,"Higher_in_IPF","GO_Biological_Process"
"GO:0070661","leukocyte proliferation","14/423","303/13537",0.0462046204620462,1.47865708556671,1.51338006223171,0.0940535671376013,0.408785139537814,0.359748053652974,"89780/3552/3549/729230/4883/1437/3135/177/383/6469/29126/6441/2013/126259",14,FALSE,"Higher_in_IPF","GO_Biological_Process"
"GO:0043410","positive regulation of MAPK cascade","17/423","384/13537",0.0442708333333333,1.41677132584712,1.48798584743326,0.0946846790982667,0.408785139537814,0.359748053652974,"5590/6283/3552/7476/5028/152831/1950/2243/23286/177/148/338557/408/120892/5319/353514/79444",17,FALSE,"Higher_in_IPF","GO_Biological_Process"
"GO:0032689","negative regulation of type II interferon production","3/423","35/13537",0.0857142857142857,2.74305977710233,1.8543641322656,0.0951461935999645,0.408785139537814,0.359748053652974,"9173/29126/8993",3,FALSE,"Higher_in_IPF","GO_Biological_Process"
"GO:0032733","positive regulation of interleukin-10 production","3/423","35/13537",0.0857142857142857,2.74305977710233,1.8543641322656,0.0951461935999645,0.408785139537814,0.359748053652974,"5590/29126/353514",3,FALSE,"Higher_in_IPF","GO_Biological_Process"
"GO:0042554","superoxide anion generation","3/423","35/13537",0.0857142857142857,2.74305977710233,1.8543641322656,0.0951461935999645,0.408785139537814,0.359748053652974,"5446/53905/57126",3,FALSE,"Higher_in_IPF","GO_Biological_Process"
"GO:0048663","neuron fate commitment","3/423","35/13537",0.0857142857142857,2.74305977710233,1.8543641322656,0.0951461935999645,0.408785139537814,0.359748053652974,"3549/6469/7080",3,FALSE,"Higher_in_IPF","GO_Biological_Process"
"GO:0051155","positive regulation of striated muscle cell differentiation","3/423","35/13537",0.0857142857142857,2.74305977710233,1.8543641322656,0.0951461935999645,0.408785139537814,0.359748053652974,"89780/84525/6469",3,FALSE,"Higher_in_IPF","GO_Biological_Process"
"GO:0048771","tissue remodeling","8/423","149/13537",0.0536912751677852,1.71824773509766,1.58327850024041,0.0954790475952201,0.408785139537814,0.359748053652974,"3552/3549/729230/51208/4883/177/94/186",8,FALSE,"Higher_in_IPF","GO_Biological_Process"
"GO:0051250","negative regulation of lymphocyte activation","8/423","149/13537",0.0536912751677852,1.71824773509766,1.58327850024041,0.0954790475952201,0.408785139537814,0.359748053652974,"79626/3549/3135/383/6469/29126/6441/8993",8,FALSE,"Higher_in_IPF","GO_Biological_Process"
"GO:0006814","sodium ion transport","9/423","174/13537",0.0517241379310345,1.65529469307899,1.56245334318557,0.0956507479210641,0.408785139537814,0.359748053652974,"200010/255738/6323/10568/5446/6337/5652/6532/11254",9,FALSE,"Higher_in_IPF","GO_Biological_Process"
"GO:0032355","response to estradiol","6/423","101/13537",0.0594059405940594,1.90113053858577,1.63252997451868,0.0964141622777951,0.408785139537814,0.359748053652974,"3549/7476/2890/3767/6751/6532",6,FALSE,"Higher_in_IPF","GO_Biological_Process"
"GO:0002696","positive regulation of leukocyte activation","15/423","331/13537",0.0453172205438066,1.4502581903109,1.48949050397314,0.0964333895074578,0.408785139537814,0.359748053652974,"5590/11126/89780/9173/3552/3549/729230/3135/177/6469/29126/4317/120892/126259/1050",15,FALSE,"Higher_in_IPF","GO_Biological_Process"
"GO:0060761","negative regulation of response to cytokine stimulus","5/423","78/13537",0.0641025641025641,2.05143359398679,1.67251692211567,0.0968104275222347,0.408785139537814,0.359748053652974,"7850/51208/383/335/79444",5,FALSE,"Higher_in_IPF","GO_Biological_Process"
"GO:0035773","insulin secretion involved in cellular response to glucose stimulus","4/423","56/13537",0.0714285714285714,2.28588314758528,1.7317381744453,0.0972714852814573,0.408785139537814,0.359748053652974,"1080/114/6833/3170",4,FALSE,"Higher_in_IPF","GO_Biological_Process"
"GO:0006833","water transport","2/423","17/13537",0.117647058823529,3.76498400778751,2.04869121676368,0.0973246966579029,0.408785139537814,0.359748053652974,"1080/361",2,FALSE,"Higher_in_IPF","GO_Biological_Process"
"GO:0006857","oligopeptide transport","2/423","17/13537",0.117647058823529,3.76498400778751,2.04869121676368,0.0973246966579029,0.408785139537814,0.359748053652974,"760/4257",2,FALSE,"Higher_in_IPF","GO_Biological_Process"
"GO:0006883","intracellular sodium ion homeostasis","2/423","17/13537",0.117647058823529,3.76498400778751,2.04869121676368,0.0973246966579029,0.408785139537814,0.359748053652974,"3552/6337",2,FALSE,"Higher_in_IPF","GO_Biological_Process"
"GO:0010755","regulation of plasminogen activation","2/423","17/13537",0.117647058823529,3.76498400778751,2.04869121676368,0.0973246966579029,0.408785139537814,0.359748053652974,"1361/3249",2,FALSE,"Higher_in_IPF","GO_Biological_Process"
"GO:0021846","cell proliferation in forebrain","2/423","17/13537",0.117647058823529,3.76498400778751,2.04869121676368,0.0973246966579029,0.408785139537814,0.359748053652974,"89780/7476",2,FALSE,"Higher_in_IPF","GO_Biological_Process"
"GO:0032717","negative regulation of interleukin-8 production","2/423","17/13537",0.117647058823529,3.76498400778751,2.04869121676368,0.0973246966579029,0.408785139537814,0.359748053652974,"408/671",2,FALSE,"Higher_in_IPF","GO_Biological_Process"
"GO:0035461","vitamin transmembrane transport","2/423","17/13537",0.117647058823529,3.76498400778751,2.04869121676368,0.0973246966579029,0.408785139537814,0.359748053652974,"4036/80704",2,FALSE,"Higher_in_IPF","GO_Biological_Process"
"GO:0036342","post-anal tail morphogenesis","2/423","17/13537",0.117647058823529,3.76498400778751,2.04869121676368,0.0973246966579029,0.408785139537814,0.359748053652974,"89780/389058",2,FALSE,"Higher_in_IPF","GO_Biological_Process"
"GO:0038166","angiotensin-activated signaling pathway","2/423","17/13537",0.117647058823529,3.76498400778751,2.04869121676368,0.0973246966579029,0.408785139537814,0.359748053652974,"760/186",2,FALSE,"Higher_in_IPF","GO_Biological_Process"
"GO:0042481","regulation of odontogenesis","2/423","17/13537",0.117647058823529,3.76498400778751,2.04869121676368,0.0973246966579029,0.408785139537814,0.359748053652974,"6469/80320",2,FALSE,"Higher_in_IPF","GO_Biological_Process"
"GO:0043011","myeloid dendritic cell differentiation","2/423","17/13537",0.117647058823529,3.76498400778751,2.04869121676368,0.0973246966579029,0.408785139537814,0.359748053652974,"1437/116071",2,FALSE,"Higher_in_IPF","GO_Biological_Process"
"GO:0043217","myelin maintenance","2/423","17/13537",0.117647058823529,3.76498400778751,2.04869121676368,0.0973246966579029,0.408785139537814,0.359748053652974,"745/57716",2,FALSE,"Higher_in_IPF","GO_Biological_Process"
"GO:0071276","cellular response to cadmium ion","2/423","17/13537",0.117647058823529,3.76498400778751,2.04869121676368,0.0973246966579029,0.408785139537814,0.359748053652974,"64116/3162",2,FALSE,"Higher_in_IPF","GO_Biological_Process"
"GO:0090136","epithelial cell-cell adhesion","2/423","17/13537",0.117647058823529,3.76498400778751,2.04869121676368,0.0973246966579029,0.408785139537814,0.359748053652974,"3549/57662",2,FALSE,"Higher_in_IPF","GO_Biological_Process"
"GO:0090208","positive regulation of triglyceride metabolic process","2/423","17/13537",0.117647058823529,3.76498400778751,2.04869121676368,0.0973246966579029,0.408785139537814,0.359748053652974,"84879/440503",2,FALSE,"Higher_in_IPF","GO_Biological_Process"
"GO:1903978","regulation of microglial cell activation","2/423","17/13537",0.117647058823529,3.76498400778751,2.04869121676368,0.0973246966579029,0.408785139537814,0.359748053652974,"4317/120892",2,FALSE,"Higher_in_IPF","GO_Biological_Process"
"GO:2000193","positive regulation of fatty acid transport","2/423","17/13537",0.117647058823529,3.76498400778751,2.04869121676368,0.0973246966579029,0.408785139537814,0.359748053652974,"3552/50487",2,FALSE,"Higher_in_IPF","GO_Biological_Process"
"GO:2001212","regulation of vasculogenesis","2/423","17/13537",0.117647058823529,3.76498400778751,2.04869121676368,0.0973246966579029,0.408785139537814,0.359748053652974,"2013/55273",2,FALSE,"Higher_in_IPF","GO_Biological_Process"
"GO:0048608","reproductive structure development","12/423","252/13537",0.0476190476190476,1.52392209839018,1.50776610049888,0.0976365780233649,0.409644455926601,0.36050428808627,"1718/56956/3552/4036/7476/6469/5950/7080/26471/247/6928/56729",12,FALSE,"Higher_in_IPF","GO_Biological_Process"
"GO:0050671","positive regulation of lymphocyte proliferation","7/423","126/13537",0.0555555555555556,1.77790911478855,1.57554683759182,0.0999369876819965,0.418835805674932,0.368593061044466,"89780/3552/729230/177/6469/29126/126259",7,FALSE,"Higher_in_IPF","GO_Biological_Process"
"GO:0016242","negative regulation of macroautophagy","3/423","36/13537",0.0833333333333333,2.66686367218282,1.79852355568513,0.101508792777957,0.42356346538387,0.37275359970922,"120892/26471/3162",3,FALSE,"Higher_in_IPF","GO_Biological_Process"
"GO:0030851","granulocyte differentiation","3/423","36/13537",0.0833333333333333,2.66686367218282,1.79852355568513,0.101508792777957,0.42356346538387,0.37275359970922,"1437/2194/1050",3,FALSE,"Higher_in_IPF","GO_Biological_Process"
"GO:0045066","regulatory T cell differentiation","3/423","36/13537",0.0833333333333333,2.66686367218282,1.79852355568513,0.101508792777957,0.42356346538387,0.37275359970922,"3135/2529/84101",3,FALSE,"Higher_in_IPF","GO_Biological_Process"
"GO:0097242","amyloid-beta clearance","3/423","36/13537",0.0833333333333333,2.66686367218282,1.79852355568513,0.101508792777957,0.42356346538387,0.37275359970922,"4036/4311/50487",3,FALSE,"Higher_in_IPF","GO_Biological_Process"
"GO:0034113","heterotypic cell-cell adhesion","4/423","57/13537",0.0701754385964912,2.24577993446974,1.69270618119577,0.102177645717308,0.425888920686334,0.37480009782768,"2243/177/335/284359",4,FALSE,"Higher_in_IPF","GO_Biological_Process"
"GO:0022408","negative regulation of cell-cell adhesion","9/423","177/13537",0.0508474576271186,1.62723885082342,1.50856532636096,0.103490478380959,0.430421183505993,0.378788679041419,"79626/3549/84830/3135/383/6469/29126/6441/335",9,FALSE,"Higher_in_IPF","GO_Biological_Process"
"GO:0042180","ketone metabolic process","9/423","177/13537",0.0508474576271186,1.62723885082342,1.50856532636096,0.103490478380959,0.430421183505993,0.378788679041419,"84879/33/51085/2171/8630/440503/57761/50487/58526",9,FALSE,"Higher_in_IPF","GO_Biological_Process"
"GO:0061458","reproductive system development","12/423","255/13537",0.0470588235294118,1.505993603115,1.46497814420076,0.104139057334534,0.432647356804407,0.380747804835728,"1718/56956/3552/4036/7476/6469/5950/7080/26471/247/6928/56729",12,FALSE,"Higher_in_IPF","GO_Biological_Process"
"GO:0043279","response to alkaloid","5/423","80/13537",0.0625,2.00014775413712,1.6113237122678,0.104989098856671,0.434477864835793,0.382358728614003,"2890/114/6532/84152/27092",5,FALSE,"Higher_in_IPF","GO_Biological_Process"
"GO:0010810","regulation of cell-substrate adhesion","10/423","204/13537",0.0490196078431373,1.56874333657813,1.46999288435859,0.107063300131602,0.434477864835793,0.382358728614003,"5590/10675/2243/9806/335/94/10562/2013/57662/2523",10,FALSE,"Higher_in_IPF","GO_Biological_Process"
"GO:0060047","heart contraction","10/423","204/13537",0.0490196078431373,1.56874333657813,1.46999288435859,0.107063300131602,0.434477864835793,0.382358728614003,"6323/7273/7134/84525/1129/148/6445/79191/3759/186",10,FALSE,"Higher_in_IPF","GO_Biological_Process"
"GO:0072009","nephron epithelium development","6/423","104/13537",0.0576923076923077,1.84629023458811,1.55595581022197,0.107084014475496,0.434477864835793,0.382358728614003,"153572/79192/6469/79191/6928/186",6,FALSE,"Higher_in_IPF","GO_Biological_Process"
"GO:0031016","pancreas development","4/423","58/13537",0.0689655172413793,2.20705959077199,1.65448044381782,0.107195399869963,0.434477864835793,0.382358728614003,"3549/6469/6928/3170",4,FALSE,"Higher_in_IPF","GO_Biological_Process"
"GO:2000243","positive regulation of reproductive process","4/423","58/13537",0.0689655172413793,2.20705959077199,1.65448044381782,0.107195399869963,0.434477864835793,0.382358728614003,"5028/6469/56729/994",4,FALSE,"Higher_in_IPF","GO_Biological_Process"
"GO:0002693","positive regulation of cellular extravasation","2/423","18/13537",0.111111111111111,3.55581822957709,1.94868525426207,0.10731079794137,0.434477864835793,0.382358728614003,"729230/177",2,FALSE,"Higher_in_IPF","GO_Biological_Process"
"GO:0030540","female genitalia development","2/423","18/13537",0.111111111111111,3.55581822957709,1.94868525426207,0.10731079794137,0.434477864835793,0.382358728614003,"4036/5950",2,FALSE,"Higher_in_IPF","GO_Biological_Process"
"GO:0031998","regulation of fatty acid beta-oxidation","2/423","18/13537",0.111111111111111,3.55581822957709,1.94868525426207,0.10731079794137,0.434477864835793,0.382358728614003,"84879/440503",2,FALSE,"Higher_in_IPF","GO_Biological_Process"
"GO:0032332","positive regulation of chondrocyte differentiation","2/423","18/13537",0.111111111111111,3.55581822957709,1.94868525426207,0.10731079794137,0.434477864835793,0.382358728614003,"5593/94",2,FALSE,"Higher_in_IPF","GO_Biological_Process"
"GO:0032616","interleukin-13 production","2/423","18/13537",0.111111111111111,3.55581822957709,1.94868525426207,0.10731079794137,0.434477864835793,0.382358728614003,"5590/353514",2,FALSE,"Higher_in_IPF","GO_Biological_Process"
"GO:0032656","regulation of interleukin-13 production","2/423","18/13537",0.111111111111111,3.55581822957709,1.94868525426207,0.10731079794137,0.434477864835793,0.382358728614003,"5590/353514",2,FALSE,"Higher_in_IPF","GO_Biological_Process"
"GO:0033033","negative regulation of myeloid cell apoptotic process","2/423","18/13537",0.111111111111111,3.55581822957709,1.94868525426207,0.10731079794137,0.434477864835793,0.382358728614003,"3579/350",2,FALSE,"Higher_in_IPF","GO_Biological_Process"
"GO:0033194","response to hydroperoxide","2/423","18/13537",0.111111111111111,3.55581822957709,1.94868525426207,0.10731079794137,0.434477864835793,0.382358728614003,"2878/4257",2,FALSE,"Higher_in_IPF","GO_Biological_Process"
"GO:0042104","positive regulation of activated T cell proliferation","2/423","18/13537",0.111111111111111,3.55581822957709,1.94868525426207,0.10731079794137,0.434477864835793,0.382358728614003,"177/126259",2,FALSE,"Higher_in_IPF","GO_Biological_Process"
"GO:0043116","negative regulation of vascular permeability","2/423","18/13537",0.111111111111111,3.55581822957709,1.94868525426207,0.10731079794137,0.434477864835793,0.382358728614003,"6456/6833",2,FALSE,"Higher_in_IPF","GO_Biological_Process"
"GO:0043117","positive regulation of vascular permeability","2/423","18/13537",0.111111111111111,3.55581822957709,1.94868525426207,0.10731079794137,0.434477864835793,0.382358728614003,"3579/100506658",2,FALSE,"Higher_in_IPF","GO_Biological_Process"
"GO:0045618","positive regulation of keratinocyte differentiation","2/423","18/13537",0.111111111111111,3.55581822957709,1.94868525426207,0.10731079794137,0.434477864835793,0.382358728614003,"79413/247",2,FALSE,"Higher_in_IPF","GO_Biological_Process"
"GO:0045844","positive regulation of striated muscle tissue development","2/423","18/13537",0.111111111111111,3.55581822957709,1.94868525426207,0.10731079794137,0.434477864835793,0.382358728614003,"89780/6469",2,FALSE,"Higher_in_IPF","GO_Biological_Process"
"GO:0048636","positive regulation of muscle organ development","2/423","18/13537",0.111111111111111,3.55581822957709,1.94868525426207,0.10731079794137,0.434477864835793,0.382358728614003,"89780/6469",2,FALSE,"Higher_in_IPF","GO_Biological_Process"
"GO:0098696","regulation of neurotransmitter receptor localization to postsynaptic specialization membrane","2/423","18/13537",0.111111111111111,3.55581822957709,1.94868525426207,0.10731079794137,0.434477864835793,0.382358728614003,"5590/9254",2,FALSE,"Higher_in_IPF","GO_Biological_Process"
"GO:0099601","regulation of neurotransmitter receptor activity","2/423","18/13537",0.111111111111111,3.55581822957709,1.94868525426207,0.10731079794137,0.434477864835793,0.382358728614003,"729230/27092",2,FALSE,"Higher_in_IPF","GO_Biological_Process"
"GO:1901863","positive regulation of muscle tissue development","2/423","18/13537",0.111111111111111,3.55581822957709,1.94868525426207,0.10731079794137,0.434477864835793,0.382358728614003,"89780/6469",2,FALSE,"Higher_in_IPF","GO_Biological_Process"
"GO:1903975","regulation of glial cell migration","2/423","18/13537",0.111111111111111,3.55581822957709,1.94868525426207,0.10731079794137,0.434477864835793,0.382358728614003,"1524/729230",2,FALSE,"Higher_in_IPF","GO_Biological_Process"
"GO:0002920","regulation of humoral immune response","3/423","37/13537",0.0810810810810811,2.59478627563734,1.74455326614,0.108036086517645,0.434648870731684,0.38250922096869,"922/722/5225",3,FALSE,"Higher_in_IPF","GO_Biological_Process"
"GO:0003009","skeletal muscle contraction","3/423","37/13537",0.0810810810810811,2.59478627563734,1.74455326614,0.108036086517645,0.434648870731684,0.38250922096869,"7134/3759/7138",3,FALSE,"Higher_in_IPF","GO_Biological_Process"
"GO:0014003","oligodendrocyte development","3/423","37/13537",0.0810810810810811,2.59478627563734,1.74455326614,0.108036086517645,0.434648870731684,0.38250922096869,"6469/745/4099",3,FALSE,"Higher_in_IPF","GO_Biological_Process"
"GO:0035337","fatty-acyl-CoA metabolic process","3/423","37/13537",0.0810810810810811,2.59478627563734,1.74455326614,0.108036086517645,0.434648870731684,0.38250922096869,"83401/84649/2194",3,FALSE,"Higher_in_IPF","GO_Biological_Process"
"GO:0043277","apoptotic cell clearance","3/423","37/13537",0.0810810810810811,2.59478627563734,1.74455326614,0.108036086517645,0.434648870731684,0.38250922096869,"8547/729230/146722",3,FALSE,"Higher_in_IPF","GO_Biological_Process"
"GO:0045933","positive regulation of muscle contraction","3/423","37/13537",0.0810810810810811,2.59478627563734,1.74455326614,0.108036086517645,0.434648870731684,0.38250922096869,"1131/60675/148",3,FALSE,"Higher_in_IPF","GO_Biological_Process"
"GO:0006835","dicarboxylic acid transport","5/423","81/13537",0.0617283950617284,1.97545457198727,1.58139126540497,0.109202511822525,0.438694026327592,0.386069127412443,"115019/4036/116369/6833/2352",5,FALSE,"Higher_in_IPF","GO_Biological_Process"
"GO:0030168","platelet activation","7/423","129/13537",0.0542635658914729,1.73656239118881,1.50962876147809,0.109592093710709,0.438694026327592,0.386069127412443,"89780/5028/5196/2243/2811/6532/81027",7,FALSE,"Higher_in_IPF","GO_Biological_Process"
"GO:0032946","positive regulation of mononuclear cell proliferation","7/423","129/13537",0.0542635658914729,1.73656239118881,1.50962876147809,0.109592093710709,0.438694026327592,0.386069127412443,"89780/3552/729230/177/6469/29126/126259",7,FALSE,"Higher_in_IPF","GO_Biological_Process"
"GO:0019722","calcium-mediated signaling","10/423","205/13537",0.0487804878048781,1.56109093005824,1.45381884266799,0.10961605581889,0.438694026327592,0.386069127412443,"1131/3579/3577/1524/729230/9034/2890/3767/120892/55273",10,FALSE,"Higher_in_IPF","GO_Biological_Process"
"GO:0045732","positive regulation of protein catabolic process","10/423","205/13537",0.0487804878048781,1.56109093005824,1.45381884266799,0.10961605581889,0.438694026327592,0.386069127412443,"255738/722/4036/79888/7432/120892/26471/1050/57761/79589",10,FALSE,"Higher_in_IPF","GO_Biological_Process"
"GO:0007219","Notch signaling pathway","8/423","154/13537",0.051948051948052,1.66246047097111,1.48487999862456,0.109921999400583,0.439457794462226,0.386741275377967,"8431/27255/408/120892/94/6928/55273/1050",8,FALSE,"Higher_in_IPF","GO_Biological_Process"
"GO:0043603","amide metabolic process","17/423","393/13537",0.0432569974554707,1.3843261809804,1.38860983611941,0.110453682194712,0.441121504832018,0.388205410224091,"2944/4311/56922/3157/383/8875/2529/83401/84649/123745/1512/6296/2194/2525/1050/92086/55902",17,FALSE,"Higher_in_IPF","GO_Biological_Process"
"GO:1903039","positive regulation of leukocyte cell-cell adhesion","12/423","258/13537",0.0465116279069767,1.48848204959041,1.42273345400857,0.110893285768059,0.442414383555327,0.389343197680958,"5590/11126/3552/3549/729230/3135/177/6469/29126/2529/2811/126259",12,FALSE,"Higher_in_IPF","GO_Biological_Process"
"GO:0030003","intracellular monoatomic cation homeostasis","18/423","421/13537",0.0427553444180523,1.36827209784202,1.37865921035167,0.111250281771453,0.443375340087066,0.390188879699461,"3552/729230/5028/84239/64116/2890/1080/56704/760/114/6337/120892/9914/2811/6368/3759/3162/164656",18,FALSE,"Higher_in_IPF","GO_Biological_Process"
"GO:2001234","negative regulation of apoptotic signaling pathway","10/423","206/13537",0.0485436893203883,1.55351281874727,1.43773119520695,0.112203319161972,0.444400809941617,0.391091336145582,"4582/3552/1524/5196/2243/1437/219790/627/120892/3162",10,FALSE,"Higher_in_IPF","GO_Biological_Process"
"GO:0006801","superoxide metabolic process","4/423","59/13537",0.0677966101694915,2.16965180109789,1.61702837416217,0.112322362910859,0.444400809941617,0.391091336145582,"5446/53905/4353/57126",4,FALSE,"Higher_in_IPF","GO_Biological_Process"
"GO:0010803","regulation of tumor necrosis factor-mediated signaling pathway","4/423","59/13537",0.0677966101694915,2.16965180109789,1.61702837416217,0.112322362910859,0.444400809941617,0.391091336145582,"51208/4317/335/79444",4,FALSE,"Higher_in_IPF","GO_Biological_Process"
"GO:0031100","animal organ regeneration","4/423","59/13537",0.0677966101694915,2.16965180109789,1.61702837416217,0.112322362910859,0.444400809941617,0.391091336145582,"8431/3549/306/1361",4,FALSE,"Higher_in_IPF","GO_Biological_Process"
"GO:0048644","muscle organ morphogenesis","4/423","59/13537",0.0677966101694915,2.16965180109789,1.61702837416217,0.112322362910859,0.444400809941617,0.391091336145582,"4036/7273/7134/27063",4,FALSE,"Higher_in_IPF","GO_Biological_Process"
"GO:0070228","regulation of lymphocyte apoptotic process","4/423","59/13537",0.0677966101694915,2.16965180109789,1.61702837416217,0.112322362910859,0.444400809941617,0.391091336145582,"171558/29126/57864/79444",4,FALSE,"Higher_in_IPF","GO_Biological_Process"
"GO:1901224","positive regulation of non-canonical NF-kappaB signal transduction","4/423","59/13537",0.0677966101694915,2.16965180109789,1.61702837416217,0.112322362910859,0.444400809941617,0.391091336145582,"8809/177/219790/91662",4,FALSE,"Higher_in_IPF","GO_Biological_Process"
"GO:0035249","synaptic transmission, glutamatergic","5/423","82/13537",0.0609756097560976,1.9513636625728,1.55188452148739,0.113497117751375,0.448119954058686,0.394364338825873,"729230/2890/6833/120892/27092",5,FALSE,"Higher_in_IPF","GO_Biological_Process"
"GO:0045833","negative regulation of lipid metabolic process","5/423","82/13537",0.0609756097560976,1.9513636625728,1.55188452148739,0.113497117751375,0.448119954058686,0.394364338825873,"84879/33/79888/440503/57761",5,FALSE,"Higher_in_IPF","GO_Biological_Process"
"GO:0034219","carbohydrate transmembrane transport","6/423","106/13537",0.0566037735849057,1.81145456978456,1.506297430708,0.114522292621083,0.450104435366253,0.396110765539709,"200010/100506658/2171/338557/5319/57761",6,FALSE,"Higher_in_IPF","GO_Biological_Process"
"GO:1903707","negative regulation of hemopoiesis","6/423","106/13537",0.0566037735849057,1.81145456978456,1.506297430708,0.114522292621083,0.450104435366253,0.396110765539709,"3549/51208/3135/6469/1050/8993",6,FALSE,"Higher_in_IPF","GO_Biological_Process"
"GO:0009948","anterior/posterior axis specification","3/423","38/13537",0.0789473684210526,2.52650242627846,1.6923347234612,0.114721693032479,0.450104435366253,0.396110765539709,"7855/6469/3170",3,FALSE,"Higher_in_IPF","GO_Biological_Process"
"GO:0044273","sulfur compound catabolic process","3/423","38/13537",0.0789473684210526,2.52650242627846,1.6923347234612,0.114721693032479,0.450104435366253,0.396110765539709,"3373/92086/7263",3,FALSE,"Higher_in_IPF","GO_Biological_Process"
"GO:0046676","negative regulation of insulin secretion","3/423","38/13537",0.0789473684210526,2.52650242627846,1.6923347234612,0.114721693032479,0.450104435366253,0.396110765539709,"3767/6833/2867",3,FALSE,"Higher_in_IPF","GO_Biological_Process"
"GO:0090181","regulation of cholesterol metabolic process","3/423","38/13537",0.0789473684210526,2.52650242627846,1.6923347234612,0.114721693032479,0.450104435366253,0.396110765539709,"2330/33/335",3,FALSE,"Higher_in_IPF","GO_Biological_Process"
"GO:0006909","phagocytosis","10/423","207/13537",0.0483091787439614,1.54600792590308,1.42172896655764,0.114824965962999,0.450104435366253,0.396110765539709,"8547/2209/722/729230/306/653509/6441/335/146722/5657",10,FALSE,"Higher_in_IPF","GO_Biological_Process"
"GO:0048469","cell maturation","8/423","156/13537",0.0512820512820513,1.64114687518943,1.44651622942284,0.116016420926999,0.453821071528275,0.399381561114459,"25893/7855/3549/1080/120892/1050/994/50487",8,FALSE,"Higher_in_IPF","GO_Biological_Process"
"GO:0070374","positive regulation of ERK1 and ERK2 cascade","8/423","156/13537",0.0512820512820513,1.64114687518943,1.44651622942284,0.116016420926999,0.453821071528275,0.399381561114459,"5590/3552/5028/2243/177/148/338557/408",8,FALSE,"Higher_in_IPF","GO_Biological_Process"
"GO:0045926","negative regulation of growth","10/423","208/13537",0.0480769230769231,1.53857519549009,1.40581119721652,0.117480860629042,0.453821071528275,0.399381561114459,"89780/3373/23286/5950/94/29948/247/6532/4099/186",10,FALSE,"Higher_in_IPF","GO_Biological_Process"
"GO:0007350","blastoderm segmentation","2/423","19/13537",0.105263157894737,3.36866990170462,1.85555096750345,0.117555043221414,0.453821071528275,0.399381561114459,"7855/6469",2,FALSE,"Higher_in_IPF","GO_Biological_Process"
"GO:0010866","regulation of triglyceride biosynthetic process","2/423","19/13537",0.105263157894737,3.36866990170462,1.85555096750345,0.117555043221414,0.453821071528275,0.399381561114459,"84879/440503",2,FALSE,"Higher_in_IPF","GO_Biological_Process"
"GO:0030449","regulation of complement activation","2/423","19/13537",0.105263157894737,3.36866990170462,1.85555096750345,0.117555043221414,0.453821071528275,0.399381561114459,"922/722",2,FALSE,"Higher_in_IPF","GO_Biological_Process"
"GO:0030539","male genitalia development","2/423","19/13537",0.105263157894737,3.36866990170462,1.85555096750345,0.117555043221414,0.453821071528275,0.399381561114459,"1718/6469",2,FALSE,"Higher_in_IPF","GO_Biological_Process"
"GO:0042759","long-chain fatty acid biosynthetic process","2/423","19/13537",0.105263157894737,3.36866990170462,1.85555096750345,0.117555043221414,0.453821071528275,0.399381561114459,"2944/247",2,FALSE,"Higher_in_IPF","GO_Biological_Process"
"GO:0043171","peptide catabolic process","2/423","19/13537",0.105263157894737,3.36866990170462,1.85555096750345,0.117555043221414,0.453821071528275,0.399381561114459,"4311/1512",2,FALSE,"Higher_in_IPF","GO_Biological_Process"
"GO:0048641","regulation of skeletal muscle tissue development","2/423","19/13537",0.105263157894737,3.36866990170462,1.85555096750345,0.117555043221414,0.453821071528275,0.399381561114459,"89780/6469",2,FALSE,"Higher_in_IPF","GO_Biological_Process"
"GO:0060602","branch elongation of an epithelium","2/423","19/13537",0.105263157894737,3.36866990170462,1.85555096750345,0.117555043221414,0.453821071528275,0.399381561114459,"6469/6928",2,FALSE,"Higher_in_IPF","GO_Biological_Process"
"GO:0002707","negative regulation of lymphocyte mediated immunity","4/423","60/13537",0.0666666666666667,2.13349093774626,1.58031924948427,0.117556060697083,0.453821071528275,0.399381561114459,"722/3135/383/29126",4,FALSE,"Higher_in_IPF","GO_Biological_Process"
"GO:0030225","macrophage differentiation","4/423","60/13537",0.0666666666666667,2.13349093774626,1.58031924948427,0.117556060697083,0.453821071528275,0.399381561114459,"9173/5196/1437/1050",4,FALSE,"Higher_in_IPF","GO_Biological_Process"
"GO:0070830","bicellular tight junction assembly","4/423","60/13537",0.0666666666666667,2.13349093774626,1.58031924948427,0.117556060697083,0.453821071528275,0.399381561114459,"7855/51208/100506658/94",4,FALSE,"Higher_in_IPF","GO_Biological_Process"
"GO:1900024","regulation of substrate adhesion-dependent cell spreading","4/423","60/13537",0.0666666666666667,2.13349093774626,1.58031924948427,0.117556060697083,0.453821071528275,0.399381561114459,"10675/2243/335/10562",4,FALSE,"Higher_in_IPF","GO_Biological_Process"
"GO:0006096","glycolytic process","5/423","83/13537",0.0602409638554217,1.92785325699963,1.52279133861385,0.117871699457292,0.454121239685105,0.399645721671544,"5208/51085/80201/2819/26471",5,FALSE,"Higher_in_IPF","GO_Biological_Process"
"GO:0033077","T cell differentiation in thymus","5/423","83/13537",0.0602409638554217,1.92785325699963,1.52279133861385,0.117871699457292,0.454121239685105,0.399645721671544,"3552/7855/3549/6469/8325",5,FALSE,"Higher_in_IPF","GO_Biological_Process"
"GO:0007229","integrin-mediated signaling pathway","6/423","107/13537",0.0560747663551402,1.79452508782395,1.4818671283545,0.1183369856774,0.455454245278541,0.400818822455709,"80739/335/2013/3674/84106/57126",6,FALSE,"Higher_in_IPF","GO_Biological_Process"
"GO:0070372","regulation of ERK1 and ERK2 cascade","11/423","235/13537",0.0468085106382979,1.49798299884312,1.38304955874589,0.11931283585732,0.458747640788769,0.403717148520237,"5590/3552/5028/2243/177/6098/148/338557/408/55885/91662",11,FALSE,"Higher_in_IPF","GO_Biological_Process"
"GO:0035725","sodium ion transmembrane transport","7/423","132/13537",0.053030303030303,1.69709506411634,1.44541757474662,0.119725297226329,0.459408225939822,0.404298491136145,"200010/255738/6323/10568/6337/6532/11254",7,FALSE,"Higher_in_IPF","GO_Biological_Process"
"GO:0060041","retina development in camera-type eye","7/423","132/13537",0.053030303030303,1.69709506411634,1.44541757474662,0.119725297226329,0.459408225939822,0.404298491136145,"84879/3549/79888/10319/5950/94/6247",7,FALSE,"Higher_in_IPF","GO_Biological_Process"
"GO:0098771","inorganic ion homeostasis","18/423","426/13537",0.0422535211267606,1.3522125661772,1.32659850737467,0.120375930518527,0.461441066987686,0.406087476448042,"249/57402/3552/729230/5028/84239/10568/64116/2890/56704/114/6337/9914/2811/6368/3759/3162/164656",18,FALSE,"Higher_in_IPF","GO_Biological_Process"
"GO:0042092","type 2 immune response","3/423","39/13537",0.0769230769230769,2.46172031278414,1.64175988806001,0.12155915385074,0.465042935272671,0.40925727148145,"5590/729230/383",3,FALSE,"Higher_in_IPF","GO_Biological_Process"
"GO:1905953","negative regulation of lipid localization","3/423","39/13537",0.0769230769230769,2.46172031278414,1.64175988806001,0.12155915385074,0.465042935272671,0.40925727148145,"255738/1950/6469",3,FALSE,"Higher_in_IPF","GO_Biological_Process"
"GO:0048167","regulation of synaptic plasticity","8/423","158/13537",0.0506329113924051,1.62037286411108,1.40869598386784,0.122288968311344,0.467366647660372,0.411302235761878,"5590/6344/1524/4311/2890/177/114/5923",8,FALSE,"Higher_in_IPF","GO_Biological_Process"
"GO:0010469","regulation of signaling receptor activity","4/423","61/13537",0.0655737704918033,2.09851567647173,1.54432407605599,0.122893936586416,0.469209049886938,0.412923626930359,"255738/729230/9052/27092",4,FALSE,"Higher_in_IPF","GO_Biological_Process"
"GO:0006873","intracellular monoatomic ion homeostasis","18/423","428/13537",0.0420560747663551,1.34589381586797,1.30595336003637,0.124148602823837,0.473525839741668,0.416722582905187,"3552/729230/5028/84239/64116/2890/1080/56704/760/114/6337/120892/9914/2811/6368/3759/3162/164656",18,FALSE,"Higher_in_IPF","GO_Biological_Process"
"GO:0030217","T cell differentiation","13/423","291/13537",0.0446735395189003,1.42965887580935,1.33068626368824,0.125240803976536,0.475555409139683,0.418508689028113,"5590/8809/3552/7855/3549/729230/3135/6469/57864/2529/8325/84101/57546",13,FALSE,"Higher_in_IPF","GO_Biological_Process"
"GO:0006805","xenobiotic metabolic process","5/423","85/13537",0.0588235294117647,1.88249200389376,1.46579953443337,0.12685564607266,0.475555409139683,0.418508689028113,"2944/2330/6283/6579/6799",5,FALSE,"Higher_in_IPF","GO_Biological_Process"
"GO:0046032","ADP catabolic process","5/423","85/13537",0.0588235294117647,1.88249200389376,1.46579953443337,0.12685564607266,0.475555409139683,0.418508689028113,"5208/51085/80201/2819/26471",5,FALSE,"Higher_in_IPF","GO_Biological_Process"
"GO:0051336","regulation of hydrolase activity","13/423","292/13537",0.0445205479452055,1.4247627837689,1.31783084886684,0.127590956533783,0.475555409139683,0.418508689028113,"5909/54959/177/338328/9806/335/120892/5319/1512/5923/350/5657/440503",13,FALSE,"Higher_in_IPF","GO_Biological_Process"
"GO:0003071","renal system process involved in regulation of systemic arterial blood pressure","2/423","20/13537",0.1,3.20023640661939,1.76844661607144,0.128031645316653,0.475555409139683,0.418508689028113,"2013/186",2,FALSE,"Higher_in_IPF","GO_Biological_Process"
"GO:0006027","glycosaminoglycan catabolic process","2/423","20/13537",0.1,3.20023640661939,1.76844661607144,0.128031645316653,0.475555409139683,0.418508689028113,"3373/8993",2,FALSE,"Higher_in_IPF","GO_Biological_Process"
"GO:0006658","phosphatidylserine metabolic process","2/423","20/13537",0.1,3.20023640661939,1.76844661607144,0.128031645316653,0.475555409139683,0.418508689028113,"84879/50487",2,FALSE,"Higher_in_IPF","GO_Biological_Process"
"GO:0010224","response to UV-B","2/423","20/13537",0.1,3.20023640661939,1.76844661607144,0.128031645316653,0.475555409139683,0.418508689028113,"3373/4311",2,FALSE,"Higher_in_IPF","GO_Biological_Process"
"GO:0015732","prostaglandin transport","2/423","20/13537",0.1,3.20023640661939,1.76844661607144,0.128031645316653,0.475555409139683,0.418508689028113,"3552/50487",2,FALSE,"Higher_in_IPF","GO_Biological_Process"
"GO:0019885","antigen processing and presentation of endogenous peptide antigen via MHC class I","2/423","20/13537",0.1,3.20023640661939,1.76844661607144,0.128031645316653,0.475555409139683,0.418508689028113,"3135/563",2,FALSE,"Higher_in_IPF","GO_Biological_Process"
"GO:0022010","central nervous system myelination","2/423","20/13537",0.1,3.20023640661939,1.76844661607144,0.128031645316653,0.475555409139683,0.418508689028113,"745/4099",2,FALSE,"Higher_in_IPF","GO_Biological_Process"
"GO:0032291","axon ensheathment in central nervous system","2/423","20/13537",0.1,3.20023640661939,1.76844661607144,0.128031645316653,0.475555409139683,0.418508689028113,"745/4099",2,FALSE,"Higher_in_IPF","GO_Biological_Process"
"GO:0032402","melanosome transport","2/423","20/13537",0.1,3.20023640661939,1.76844661607144,0.128031645316653,0.475555409139683,0.418508689028113,"79083/64284",2,FALSE,"Higher_in_IPF","GO_Biological_Process"
"GO:0034104","negative regulation of tissue remodeling","2/423","20/13537",0.1,3.20023640661939,1.76844661607144,0.128031645316653,0.475555409139683,0.418508689028113,"51208/177",2,FALSE,"Higher_in_IPF","GO_Biological_Process"
"GO:0035855","megakaryocyte development","2/423","20/13537",0.1,3.20023640661939,1.76844661607144,0.128031645316653,0.475555409139683,0.418508689028113,"80739/2811",2,FALSE,"Higher_in_IPF","GO_Biological_Process"
"GO:0042755","eating behavior","2/423","20/13537",0.1,3.20023640661939,1.76844661607144,0.128031645316653,0.475555409139683,0.418508689028113,"5028/181",2,FALSE,"Higher_in_IPF","GO_Biological_Process"
"GO:0045822","negative regulation of heart contraction","2/423","20/13537",0.1,3.20023640661939,1.76844661607144,0.128031645316653,0.475555409139683,0.418508689028113,"148/186",2,FALSE,"Higher_in_IPF","GO_Biological_Process"
"GO:0048596","embryonic camera-type eye morphogenesis","2/423","20/13537",0.1,3.20023640661939,1.76844661607144,0.128031645316653,0.475555409139683,0.418508689028113,"7855/3549",2,FALSE,"Higher_in_IPF","GO_Biological_Process"
"GO:0048670","regulation of collateral sprouting","2/423","20/13537",0.1,3.20023640661939,1.76844661607144,0.128031645316653,0.475555409139683,0.418508689028113,"89780/627",2,FALSE,"Higher_in_IPF","GO_Biological_Process"
"GO:0050765","negative regulation of phagocytosis","2/423","20/13537",0.1,3.20023640661939,1.76844661607144,0.128031645316653,0.475555409139683,0.418508689028113,"146722/5657",2,FALSE,"Higher_in_IPF","GO_Biological_Process"
"GO:1903672","positive regulation of sprouting angiogenesis","2/423","20/13537",0.1,3.20023640661939,1.76844661607144,0.128031645316653,0.475555409139683,0.418508689028113,"9022/2523",2,FALSE,"Higher_in_IPF","GO_Biological_Process"
"GO:2001044","regulation of integrin-mediated signaling pathway","2/423","20/13537",0.1,3.20023640661939,1.76844661607144,0.128031645316653,0.475555409139683,0.418508689028113,"2013/57126",2,FALSE,"Higher_in_IPF","GO_Biological_Process"
"GO:0033619","membrane protein proteolysis","4/423","62/13537",0.0645161290322581,2.06466864943186,1.50901546482403,0.128333358105526,0.475555409139683,0.418508689028113,"1512/5657/9476/164656",4,FALSE,"Higher_in_IPF","GO_Biological_Process"
"GO:0045806","negative regulation of endocytosis","4/423","62/13537",0.0645161290322581,2.06466864943186,1.50901546482403,0.128333358105526,0.475555409139683,0.418508689028113,"255738/6457/146722/5657",4,FALSE,"Higher_in_IPF","GO_Biological_Process"
"GO:0003015","heart process","10/423","212/13537",0.0471698113207547,1.50954547482046,1.34296606124535,0.128443812027918,0.475555409139683,0.418508689028113,"6323/7273/7134/84525/1129/148/6445/79191/3759/186",10,FALSE,"Higher_in_IPF","GO_Biological_Process"
"GO:0002673","regulation of acute inflammatory response","3/423","40/13537",0.075,2.40017730496454,1.5927300450822,0.128541954487206,0.475555409139683,0.418508689028113,"2209/2529/2867",3,FALSE,"Higher_in_IPF","GO_Biological_Process"
"GO:0010719","negative regulation of epithelial to mesenchymal transition","3/423","40/13537",0.075,2.40017730496454,1.5927300450822,0.128541954487206,0.475555409139683,0.418508689028113,"7080/3249/3170",3,FALSE,"Higher_in_IPF","GO_Biological_Process"
"GO:0019320","hexose catabolic process","3/423","40/13537",0.075,2.40017730496454,1.5927300450822,0.128541954487206,0.475555409139683,0.418508689028113,"5208/2529/2523",3,FALSE,"Higher_in_IPF","GO_Biological_Process"
"GO:0051480","regulation of cytosolic calcium ion concentration","3/423","40/13537",0.075,2.40017730496454,1.5927300450822,0.128541954487206,0.475555409139683,0.418508689028113,"5028/2890/114",3,FALSE,"Higher_in_IPF","GO_Biological_Process"
"GO:1903307","positive regulation of regulated secretory pathway","3/423","40/13537",0.075,2.40017730496454,1.5927300450822,0.128541954487206,0.475555409139683,0.418508689028113,"11126/57126/50487",3,FALSE,"Higher_in_IPF","GO_Biological_Process"
"GO:1904035","regulation of epithelial cell apoptotic process","3/423","40/13537",0.075,2.40017730496454,1.5927300450822,0.128541954487206,0.475555409139683,0.418508689028113,"5319/26471/3162",3,FALSE,"Higher_in_IPF","GO_Biological_Process"
"GO:0046651","lymphocyte proliferation","12/423","266/13537",0.0451127819548872,1.44371567215912,1.31262759173215,0.13012260773863,0.480753549547509,0.423083270424209,"89780/3552/3549/729230/3135/177/383/6469/29126/6441/2013/126259",12,FALSE,"Higher_in_IPF","GO_Biological_Process"
"GO:0006937","regulation of muscle contraction","7/423","135/13537",0.0518518518518519,1.65938184046931,1.38282373972925,0.130324757407457,0.480753549547509,0.423083270424209,"1131/7134/60675/1129/148/3759/7138",7,FALSE,"Higher_in_IPF","GO_Biological_Process"
"GO:0050921","positive regulation of chemotaxis","7/423","135/13537",0.0518518518518519,1.65938184046931,1.38282373972925,0.130324757407457,0.480753549547509,0.423083270424209,"57402/3579/1524/729230/177/23604/2277",7,FALSE,"Higher_in_IPF","GO_Biological_Process"
"GO:0045089","positive regulation of innate immune response","15/423","348/13537",0.0431034482758621,1.37941224423249,1.28778332374955,0.130578891678646,0.481226069912229,0.423499108146959,"8547/11126/6280/6279/57402/117157/8807/3135/29126/57864/4210/146722/2867/11027/51311",15,FALSE,"Higher_in_IPF","GO_Biological_Process"
"GO:0036465","synaptic vesicle recycling","5/423","86/13537",0.0581395348837209,1.86060256198801,1.43787899941114,0.131462308824095,0.4840145564999,0.425953093200541,"89780/7476/6456/120892/6457",5,FALSE,"Higher_in_IPF","GO_Biological_Process"
"GO:0016049","cell growth","18/423","433/13537",0.0415704387990762,1.33035231683947,1.25477867662606,0.133884463567165,0.492258074239011,0.433207734270057,"5590/84879/6280/6279/89780/3373/55540/6098/148/6456/10718/627/94/29948/27346/3249/4099/186",18,FALSE,"Higher_in_IPF","GO_Biological_Process"
"GO:0090101","negative regulation of transmembrane receptor protein serine/threonine kinase signaling pathway","7/423","136/13537",0.0514705882352941,1.64718050340704,1.36230403498217,0.133959177353152,0.492258074239011,0.433207734270057,"4036/79674/83891/23089/7080/4091/164656",7,FALSE,"Higher_in_IPF","GO_Biological_Process"
"GO:0032924","activin receptor signaling pathway","3/423","41/13537",0.0731707317073171,2.34163639508736,1.54515478616826,0.135663543606275,0.495897318482016,0.436410421712827,"6469/94/4091",3,FALSE,"Higher_in_IPF","GO_Biological_Process"
"GO:0048546","digestive tract morphogenesis","3/423","41/13537",0.0731707317073171,2.34163639508736,1.54515478616826,0.135663543606275,0.495897318482016,0.436410421712827,"3549/6469/6928",3,FALSE,"Higher_in_IPF","GO_Biological_Process"
"GO:0051937","catecholamine transport","3/423","41/13537",0.0731707317073171,2.34163639508736,1.54515478616826,0.135663543606275,0.495897318482016,0.436410421712827,"5028/7432/6581",3,FALSE,"Higher_in_IPF","GO_Biological_Process"
"GO:0070232","regulation of T cell apoptotic process","3/423","41/13537",0.0731707317073171,2.34163639508736,1.54515478616826,0.135663543606275,0.495897318482016,0.436410421712827,"171558/29126/57864",3,FALSE,"Higher_in_IPF","GO_Biological_Process"
"GO:2001239","regulation of extrinsic apoptotic signaling pathway in absence of ligand","3/423","41/13537",0.0731707317073171,2.34163639508736,1.54515478616826,0.135663543606275,0.495897318482016,0.436410421712827,"3552/5196/1437",3,FALSE,"Higher_in_IPF","GO_Biological_Process"
"GO:0019364","pyridine nucleotide catabolic process","5/423","87/13537",0.0574712643678161,1.83921632564332,1.41032815107962,0.136143548105419,0.495897318482016,0.436410421712827,"5208/51085/80201/2819/26471",5,FALSE,"Higher_in_IPF","GO_Biological_Process"
"GO:0019751","polyol metabolic process","5/423","87/13537",0.0574712643678161,1.83921632564332,1.41032815107962,0.136143548105419,0.495897318482016,0.436410421712827,"51744/4036/5028/5593/84649",5,FALSE,"Higher_in_IPF","GO_Biological_Process"
"GO:0002573","myeloid leukocyte differentiation","10/423","215/13537",0.0465116279069767,1.48848204959041,1.29667426450505,0.137017321581244,0.495897318482016,0.436410421712827,"9173/51208/5196/1437/116071/2194/5657/1050/126014/50487",10,FALSE,"Higher_in_IPF","GO_Biological_Process"
"GO:0001780","neutrophil homeostasis","2/423","21/13537",0.0952380952380952,3.04784419678037,1.68667044284808,0.13871616975872,0.495897318482016,0.436410421712827,"3579/729230",2,FALSE,"Higher_in_IPF","GO_Biological_Process"
"GO:0002052","positive regulation of neuroblast proliferation","2/423","21/13537",0.0952380952380952,3.04784419678037,1.68667044284808,0.13871616975872,0.495897318482016,0.436410421712827,"1524/6469",2,FALSE,"Higher_in_IPF","GO_Biological_Process"
"GO:0002475","antigen processing and presentation via MHC class Ib","2/423","21/13537",0.0952380952380952,3.04784419678037,1.68667044284808,0.13871616975872,0.495897318482016,0.436410421712827,"3135/563",2,FALSE,"Higher_in_IPF","GO_Biological_Process"
"GO:0006525","arginine metabolic process","2/423","21/13537",0.0952380952380952,3.04784419678037,1.68667044284808,0.13871616975872,0.495897318482016,0.436410421712827,"64116/383",2,FALSE,"Higher_in_IPF","GO_Biological_Process"
"GO:0006662","glycerol ether metabolic process","2/423","21/13537",0.0952380952380952,3.04784419678037,1.68667044284808,0.13871616975872,0.495897318482016,0.436410421712827,"2194/11264",2,FALSE,"Higher_in_IPF","GO_Biological_Process"
"GO:0009065","glutamine family amino acid catabolic process","2/423","21/13537",0.0952380952380952,3.04784419678037,1.68667044284808,0.13871616975872,0.495897318482016,0.436410421712827,"383/5625",2,FALSE,"Higher_in_IPF","GO_Biological_Process"
"GO:0030813","positive regulation of nucleotide catabolic process","2/423","21/13537",0.0952380952380952,3.04784419678037,1.68667044284808,0.13871616975872,0.495897318482016,0.436410421712827,"51085/2819",2,FALSE,"Higher_in_IPF","GO_Biological_Process"
"GO:0032401","establishment of melanosome localization","2/423","21/13537",0.0952380952380952,3.04784419678037,1.68667044284808,0.13871616975872,0.495897318482016,0.436410421712827,"79083/64284",2,FALSE,"Higher_in_IPF","GO_Biological_Process"
"GO:0032528","microvillus organization","2/423","21/13537",0.0952380952380952,3.04784419678037,1.68667044284808,0.13871616975872,0.495897318482016,0.436410421712827,"5909/4640",2,FALSE,"Higher_in_IPF","GO_Biological_Process"
"GO:0032958","inositol phosphate biosynthetic process","2/423","21/13537",0.0952380952380952,3.04784419678037,1.68667044284808,0.13871616975872,0.495897318482016,0.436410421712827,"51744/5028",2,FALSE,"Higher_in_IPF","GO_Biological_Process"
"GO:0033123","positive regulation of purine nucleotide catabolic process","2/423","21/13537",0.0952380952380952,3.04784419678037,1.68667044284808,0.13871616975872,0.495897318482016,0.436410421712827,"51085/2819",2,FALSE,"Higher_in_IPF","GO_Biological_Process"
"GO:0034377","plasma lipoprotein particle assembly","2/423","21/13537",0.0952380952380952,3.04784419678037,1.68667044284808,0.13871616975872,0.495897318482016,0.436410421712827,"84879/335",2,FALSE,"Higher_in_IPF","GO_Biological_Process"
"GO:0045821","positive regulation of glycolytic process","2/423","21/13537",0.0952380952380952,3.04784419678037,1.68667044284808,0.13871616975872,0.495897318482016,0.436410421712827,"51085/2819",2,FALSE,"Higher_in_IPF","GO_Biological_Process"
"GO:0046485","ether lipid metabolic process","2/423","21/13537",0.0952380952380952,3.04784419678037,1.68667044284808,0.13871616975872,0.495897318482016,0.436410421712827,"2194/11264",2,FALSE,"Higher_in_IPF","GO_Biological_Process"
"GO:0051904","pigment granule transport","2/423","21/13537",0.0952380952380952,3.04784419678037,1.68667044284808,0.13871616975872,0.495897318482016,0.436410421712827,"79083/64284",2,FALSE,"Higher_in_IPF","GO_Biological_Process"
"GO:0060445","branching involved in salivary gland morphogenesis","2/423","21/13537",0.0952380952380952,3.04784419678037,1.68667044284808,0.13871616975872,0.495897318482016,0.436410421712827,"6469/80004",2,FALSE,"Higher_in_IPF","GO_Biological_Process"
"GO:0071467","cellular response to pH","2/423","21/13537",0.0952380952380952,3.04784419678037,1.68667044284808,0.13871616975872,0.495897318482016,0.436410421712827,"3373/6337",2,FALSE,"Higher_in_IPF","GO_Biological_Process"
"GO:0097066","response to thyroid hormone","2/423","21/13537",0.0952380952380952,3.04784419678037,1.68667044284808,0.13871616975872,0.495897318482016,0.436410421712827,"1512/3249",2,FALSE,"Higher_in_IPF","GO_Biological_Process"
"GO:1900016","negative regulation of cytokine production involved in inflammatory response","2/423","21/13537",0.0952380952380952,3.04784419678037,1.68667044284808,0.13871616975872,0.495897318482016,0.436410421712827,"7850/4210",2,FALSE,"Higher_in_IPF","GO_Biological_Process"
"GO:1900078","positive regulation of cellular response to insulin stimulus","2/423","21/13537",0.0952380952380952,3.04784419678037,1.68667044284808,0.13871616975872,0.495897318482016,0.436410421712827,"5590/79746",2,FALSE,"Higher_in_IPF","GO_Biological_Process"
"GO:2001135","regulation of endocytic recycling","2/423","21/13537",0.0952380952380952,3.04784419678037,1.68667044284808,0.13871616975872,0.495897318482016,0.436410421712827,"123745/50487",2,FALSE,"Higher_in_IPF","GO_Biological_Process"
"GO:0045444","fat cell differentiation","10/423","216/13537",0.0462962962962963,1.48159092899046,1.28139942998255,0.139940980421208,0.499807916976774,0.439851912268717,"89780/338557/55885/374462/4091/56729/1050/2867/57761/80339",10,FALSE,"Higher_in_IPF","GO_Biological_Process"
"GO:0043434","response to peptide hormone","17/423","408/13537",0.0416666666666667,1.33343183609141,1.22819998625445,0.140090563923659,0.499874554262179,0.439910555872426,"5590/249/255738/2890/6098/760/114/2529/79746/6833/6337/5319/181/56729/57761/80339/186",17,FALSE,"Higher_in_IPF","GO_Biological_Process"
"GO:0009137","purine nucleoside diphosphate catabolic process","5/423","88/13537",0.0568181818181818,1.81831614012465,1.38313707662221,0.140897894141462,0.501349636376609,0.441208689949032,"5208/51085/80201/2819/26471",5,FALSE,"Higher_in_IPF","GO_Biological_Process"
"GO:0009181","purine ribonucleoside diphosphate catabolic process","5/423","88/13537",0.0568181818181818,1.81831614012465,1.38313707662221,0.140897894141462,0.501349636376609,0.441208689949032,"5208/51085/80201/2819/26471",5,FALSE,"Higher_in_IPF","GO_Biological_Process"
"GO:0032755","positive regulation of interleukin-6 production","5/423","88/13537",0.0568181818181818,1.81831614012465,1.38313707662221,0.140897894141462,0.501349636376609,0.441208689949032,"3552/177/353514/11027/51311",5,FALSE,"Higher_in_IPF","GO_Biological_Process"
"GO:0046661","male sex differentiation","7/423","138/13537",0.0507246376811594,1.62330832219824,1.32176437399433,0.141376572599957,0.502584501104876,0.442295422659084,"1718/56956/3552/4036/6469/7080/26471",7,FALSE,"Higher_in_IPF","GO_Biological_Process"
"GO:0044703","multi-organism reproductive process","8/423","164/13537",0.0487804878048781,1.56109093005824,1.29834023844257,0.14214862966558,0.504389840207419,0.44388419672523,"3549/59350/53405/2529/6833/2013/181/6532",8,FALSE,"Higher_in_IPF","GO_Biological_Process"
"GO:2001242","regulation of intrinsic apoptotic signaling pathway","8/423","164/13537",0.0487804878048781,1.56109093005824,1.29834023844257,0.14214862966558,0.504389840207419,0.44388419672523,"6280/6279/4582/219790/120892/23604/26471/5625",8,FALSE,"Higher_in_IPF","GO_Biological_Process"
"GO:1904950","negative regulation of establishment of protein localization","6/423","113/13537",0.0530973451327434,1.6992405698864,1.34051795385492,0.14251474662544,0.505219408185635,0.444614251310564,"84830/80223/3767/6833/120892/2867",6,FALSE,"Higher_in_IPF","GO_Biological_Process"
"GO:1901136","carbohydrate derivative catabolic process","10/423","217/13537",0.0460829493087558,1.47476332102276,1.2662010825666,0.14289716963324,0.505239301110237,0.444631757917862,"1117/27159/5208/3373/51085/80201/2819/26471/8993/51733",10,FALSE,"Higher_in_IPF","GO_Biological_Process"
"GO:0001914","regulation of T cell mediated cytotoxicity","3/423","42/13537",0.0714285714285714,2.28588314758528,1.49895112439871,0.142917350759313,0.505239301110237,0.444631757917862,"3135/177/563",3,FALSE,"Higher_in_IPF","GO_Biological_Process"
"GO:0008542","visual learning","3/423","42/13537",0.0714285714285714,2.28588314758528,1.49895112439871,0.142917350759313,0.505239301110237,0.444631757917862,"6833/84152/164312",3,FALSE,"Higher_in_IPF","GO_Biological_Process"
"GO:0002090","regulation of receptor internalization","4/423","65/13537",0.0615384615384615,1.96937625022731,1.40695686665873,0.145233569876811,0.511843237396607,0.450443498599424,"255738/89780/1950/408",4,FALSE,"Higher_in_IPF","GO_Biological_Process"
"GO:0035914","skeletal muscle cell differentiation","4/423","65/13537",0.0615384615384615,1.96937625022731,1.40695686665873,0.145233569876811,0.511843237396607,0.450443498599424,"89780/6469/27063/26471",4,FALSE,"Higher_in_IPF","GO_Biological_Process"
"GO:0030512","negative regulation of transforming growth factor beta receptor signaling pathway","5/423","89/13537",0.0561797752808989,1.79788562169628,1.3562962435381,0.145723834219516,0.511843237396607,0.450443498599424,"79674/83891/23089/7080/4091",5,FALSE,"Higher_in_IPF","GO_Biological_Process"
"GO:0048640","negative regulation of developmental growth","5/423","89/13537",0.0561797752808989,1.79788562169628,1.3562962435381,0.145723834219516,0.511843237396607,0.450443498599424,"89780/23286/5950/6532/4099",5,FALSE,"Higher_in_IPF","GO_Biological_Process"
"GO:0072526","pyridine-containing compound catabolic process","5/423","89/13537",0.0561797752808989,1.79788562169628,1.3562962435381,0.145723834219516,0.511843237396607,0.450443498599424,"5208/51085/80201/2819/26471",5,FALSE,"Higher_in_IPF","GO_Biological_Process"
"GO:2000106","regulation of leukocyte apoptotic process","5/423","89/13537",0.0561797752808989,1.79788562169628,1.3562962435381,0.145723834219516,0.511843237396607,0.450443498599424,"3579/171558/29126/57864/79444",5,FALSE,"Higher_in_IPF","GO_Biological_Process"
"GO:2001237","negative regulation of extrinsic apoptotic signaling pathway","5/423","89/13537",0.0561797752808989,1.79788562169628,1.3562962435381,0.145723834219516,0.511843237396607,0.450443498599424,"3552/5196/2243/1437/3162",5,FALSE,"Higher_in_IPF","GO_Biological_Process"
"GO:0002688","regulation of leukocyte chemotaxis","6/423","114/13537",0.0526315789473684,1.68433495085231,1.31778366135542,0.146751376049013,0.513594736026338,0.451984890793215,"57402/3579/1524/729230/23604/2277",6,FALSE,"Higher_in_IPF","GO_Biological_Process"
"GO:0043534","blood vessel endothelial cell migration","6/423","114/13537",0.0526315789473684,1.68433495085231,1.31778366135542,0.146751376049013,0.513594736026338,0.451984890793215,"84830/335/94/2013/3162/186",6,FALSE,"Higher_in_IPF","GO_Biological_Process"
"GO:0099504","synaptic vesicle cycle","9/423","192/13537",0.046875,1.50011081560284,1.25344516383594,0.147913599330527,0.513594736026338,0.451984890793215,"89780/7476/10675/5028/8676/6456/120892/6457/140730",9,FALSE,"Higher_in_IPF","GO_Biological_Process"
"GO:0032943","mononuclear cell proliferation","12/423","273/13537",0.043956043956044,1.40669732159094,1.21916685184913,0.148370039694971,0.513594736026338,0.451984890793215,"89780/3552/3549/729230/3135/177/383/6469/29126/6441/2013/126259",12,FALSE,"Higher_in_IPF","GO_Biological_Process"
"GO:0030307","positive regulation of cell growth","7/423","140/13537",0.05,1.60011820330969,1.28187242818079,0.148988019144066,0.513594736026338,0.451984890793215,"84879/6280/6279/89780/3373/627/3249",7,FALSE,"Higher_in_IPF","GO_Biological_Process"
"GO:0031099","regeneration","8/423","166/13537",0.0481927710843374,1.5422826055997,1.26254114599079,0.149105505785855,0.513594736026338,0.451984890793215,"8431/3549/7476/10675/84525/306/1361/4099",8,FALSE,"Higher_in_IPF","GO_Biological_Process"
"GO:0072524","pyridine-containing compound metabolic process","8/423","166/13537",0.0481927710843374,1.5422826055997,1.26254114599079,0.149105505785855,0.513594736026338,0.451984890793215,"249/2330/5208/51085/80201/2819/26471/51181",8,FALSE,"Higher_in_IPF","GO_Biological_Process"
"GO:0001835","blastocyst hatching","2/423","22/13537",0.0909090909090909,2.90930582419944,1.60963193414439,0.149585475762516,0.513594736026338,0.451984890793215,"64168/57718",2,FALSE,"Higher_in_IPF","GO_Biological_Process"
"GO:0002043","blood vessel endothelial cell proliferation involved in sprouting angiogenesis","2/423","22/13537",0.0909090909090909,2.90930582419944,1.60963193414439,0.149585475762516,0.513594736026338,0.451984890793215,"94/3162",2,FALSE,"Higher_in_IPF","GO_Biological_Process"
"GO:0002082","regulation of oxidative phosphorylation","2/423","22/13537",0.0909090909090909,2.90930582419944,1.60963193414439,0.149585475762516,0.513594736026338,0.451984890793215,"51085/26471",2,FALSE,"Higher_in_IPF","GO_Biological_Process"
"GO:0002483","antigen processing and presentation of endogenous peptide antigen","2/423","22/13537",0.0909090909090909,2.90930582419944,1.60963193414439,0.149585475762516,0.513594736026338,0.451984890793215,"3135/563",2,FALSE,"Higher_in_IPF","GO_Biological_Process"
"GO:0003148","outflow tract septum morphogenesis","2/423","22/13537",0.0909090909090909,2.90930582419944,1.60963193414439,0.149585475762516,0.513594736026338,0.451984890793215,"4036/4091",2,FALSE,"Higher_in_IPF","GO_Biological_Process"
"GO:0032928","regulation of superoxide anion generation","2/423","22/13537",0.0909090909090909,2.90930582419944,1.60963193414439,0.149585475762516,0.513594736026338,0.451984890793215,"5446/57126",2,FALSE,"Higher_in_IPF","GO_Biological_Process"
"GO:0035188","hatching","2/423","22/13537",0.0909090909090909,2.90930582419944,1.60963193414439,0.149585475762516,0.513594736026338,0.451984890793215,"64168/57718",2,FALSE,"Higher_in_IPF","GO_Biological_Process"
"GO:0045954","positive regulation of natural killer cell mediated cytotoxicity","2/423","22/13537",0.0909090909090909,2.90930582419944,1.60963193414439,0.149585475762516,0.513594736026338,0.451984890793215,"11126/8807",2,FALSE,"Higher_in_IPF","GO_Biological_Process"
"GO:0046835","carbohydrate phosphorylation","2/423","22/13537",0.0909090909090909,2.90930582419944,1.60963193414439,0.149585475762516,0.513594736026338,0.451984890793215,"5208/80201",2,FALSE,"Higher_in_IPF","GO_Biological_Process"
"GO:0050995","negative regulation of lipid catabolic process","2/423","22/13537",0.0909090909090909,2.90930582419944,1.60963193414439,0.149585475762516,0.513594736026338,0.451984890793215,"84879/440503",2,FALSE,"Higher_in_IPF","GO_Biological_Process"
"GO:0051905","establishment of pigment granule localization","2/423","22/13537",0.0909090909090909,2.90930582419944,1.60963193414439,0.149585475762516,0.513594736026338,0.451984890793215,"79083/64284",2,FALSE,"Higher_in_IPF","GO_Biological_Process"
"GO:0060065","uterus development","2/423","22/13537",0.0909090909090909,2.90930582419944,1.60963193414439,0.149585475762516,0.513594736026338,0.451984890793215,"7476/5950",2,FALSE,"Higher_in_IPF","GO_Biological_Process"
"GO:0060392","negative regulation of SMAD protein signal transduction","2/423","22/13537",0.0909090909090909,2.90930582419944,1.60963193414439,0.149585475762516,0.513594736026338,0.451984890793215,"79674/4091",2,FALSE,"Higher_in_IPF","GO_Biological_Process"
"GO:0060561","apoptotic process involved in morphogenesis","2/423","22/13537",0.0909090909090909,2.90930582419944,1.60963193414439,0.149585475762516,0.513594736026338,0.451984890793215,"7855/6928",2,FALSE,"Higher_in_IPF","GO_Biological_Process"
"GO:0060571","morphogenesis of an epithelial fold","2/423","22/13537",0.0909090909090909,2.90930582419944,1.60963193414439,0.149585475762516,0.513594736026338,0.451984890793215,"6469/27443",2,FALSE,"Higher_in_IPF","GO_Biological_Process"
"GO:0071684","organism emergence from protective structure","2/423","22/13537",0.0909090909090909,2.90930582419944,1.60963193414439,0.149585475762516,0.513594736026338,0.451984890793215,"64168/57718",2,FALSE,"Higher_in_IPF","GO_Biological_Process"
"GO:2000047","regulation of cell-cell adhesion mediated by cadherin","2/423","22/13537",0.0909090909090909,2.90930582419944,1.60963193414439,0.149585475762516,0.513594736026338,0.451984890793215,"89780/3170",2,FALSE,"Higher_in_IPF","GO_Biological_Process"
"GO:2000810","regulation of bicellular tight junction assembly","2/423","22/13537",0.0909090909090909,2.90930582419944,1.60963193414439,0.149585475762516,0.513594736026338,0.451984890793215,"7855/94",2,FALSE,"Higher_in_IPF","GO_Biological_Process"
"GO:0031641","regulation of myelination","3/423","43/13537",0.0697674418604651,2.23272307438562,1.45404272227348,0.150296802775042,0.514006100632022,0.452346908885174,"400746/745/4099",3,FALSE,"Higher_in_IPF","GO_Biological_Process"
"GO:0045214","sarcomere organization","3/423","43/13537",0.0697674418604651,2.23272307438562,1.45404272227348,0.150296802775042,0.514006100632022,0.452346908885174,"7273/27063/7138",3,FALSE,"Higher_in_IPF","GO_Biological_Process"
"GO:0046636","negative regulation of alpha-beta T cell activation","3/423","43/13537",0.0697674418604651,2.23272307438562,1.45404272227348,0.150296802775042,0.514006100632022,0.452346908885174,"3549/6469/29126",3,FALSE,"Higher_in_IPF","GO_Biological_Process"
"GO:0046031","ADP metabolic process","5/423","90/13537",0.0555555555555556,1.77790911478855,1.32979648086962,0.150619815192254,0.514006100632022,0.452346908885174,"5208/51085/80201/2819/26471",5,FALSE,"Higher_in_IPF","GO_Biological_Process"
"GO:0098661","inorganic anion transmembrane transport","5/423","90/13537",0.0555555555555556,1.77790911478855,1.32979648086962,0.150619815192254,0.514006100632022,0.452346908885174,"115019/116369/53405/1080/9022",5,FALSE,"Higher_in_IPF","GO_Biological_Process"
"GO:1904659","D-glucose transmembrane transport","5/423","90/13537",0.0555555555555556,1.77790911478855,1.32979648086962,0.150619815192254,0.514006100632022,0.452346908885174,"100506658/2171/338557/5319/57761",5,FALSE,"Higher_in_IPF","GO_Biological_Process"
"GO:0043068","positive regulation of programmed cell death","20/423","498/13537",0.0401606425702811,1.28523550466642,1.16477993020252,0.150708118336527,0.514006100632022,0.452346908885174,"255738/11126/6280/6279/3579/3135/383/6196/29126/138429/27063/1717/838/120892/5319/23604/1512/26471/3162/186",20,FALSE,"Higher_in_IPF","GO_Biological_Process"
"GO:0046683","response to organophosphorus","6/423","115/13537",0.0521739130434783,1.66968855997533,1.29527191791325,0.15104469339372,0.514006100632022,0.452346908885174,"5028/1080/3767/2819/53905/6532",6,FALSE,"Higher_in_IPF","GO_Biological_Process"
"GO:0045666","positive regulation of neuron differentiation","4/423","66/13537",0.0606060606060606,1.93953721613296,1.37414893069091,0.151051557074156,0.514006100632022,0.452346908885174,"1620/90527/6457/79191",4,FALSE,"Higher_in_IPF","GO_Biological_Process"
"GO:0120192","tight junction assembly","4/423","66/13537",0.0606060606060606,1.93953721613296,1.37414893069091,0.151051557074156,0.514006100632022,0.452346908885174,"7855/51208/100506658/94",4,FALSE,"Higher_in_IPF","GO_Biological_Process"
"GO:0034329","cell junction assembly","18/423","443/13537",0.0406320541760722,1.30032179049998,1.15425112419798,0.154641942684378,0.525755064264429,0.462686489242661,"89780/7855/64284/7476/51208/84525/100506658/2890/9806/10718/627/94/54621/79191/92359/57662/84612/2705",18,FALSE,"Higher_in_IPF","GO_Biological_Process"
"GO:0009191","ribonucleoside diphosphate catabolic process","5/423","91/13537",0.0549450549450549,1.75837165198867,1.3036289615558,0.155584245962186,0.527549423697716,0.464265600739739,"5208/51085/80201/2819/26471",5,FALSE,"Higher_in_IPF","GO_Biological_Process"
"GO:0009581","detection of external stimulus","5/423","91/13537",0.0549450549450549,1.75837165198867,1.3036289615558,0.155584245962186,0.527549423697716,0.464265600739739,"6323/7273/84059/374462/3249",5,FALSE,"Higher_in_IPF","GO_Biological_Process"
"GO:0090288","negative regulation of cellular response to growth factor stimulus","5/423","91/13537",0.0549450549450549,1.75837165198867,1.3036289615558,0.155584245962186,0.527549423697716,0.464265600739739,"4036/387914/4091/164656/186",5,FALSE,"Higher_in_IPF","GO_Biological_Process"
"GO:0030336","negative regulation of cell migration","12/423","276/13537",0.0434782608695652,1.39140713331278,1.17989376644693,0.156584214437142,0.529998697447701,0.466421064280847,"1524/84830/6469/138429/10718/6833/94/7080/247/350/3162/186",12,FALSE,"Higher_in_IPF","GO_Biological_Process"
"GO:0032868","response to insulin","12/423","276/13537",0.0434782608695652,1.39140713331278,1.17989376644693,0.156584214437142,0.529998697447701,0.466421064280847,"5590/249/255738/6098/2529/79746/6833/5319/181/56729/57761/80339",12,FALSE,"Higher_in_IPF","GO_Biological_Process"
"GO:0032092","positive regulation of protein binding","3/423","44/13537",0.0681818181818182,2.18197936814958,1.41035921601613,0.157795338878002,0.531741044868678,0.467954403027438,"627/120892/57761",3,FALSE,"Higher_in_IPF","GO_Biological_Process"
"GO:0042088","T-helper 1 type immune response","3/423","44/13537",0.0681818181818182,2.18197936814958,1.41035921601613,0.157795338878002,0.531741044868678,0.467954403027438,"9173/8809/729230",3,FALSE,"Higher_in_IPF","GO_Biological_Process"
"GO:0042269","regulation of natural killer cell mediated cytotoxicity","3/423","44/13537",0.0681818181818182,2.18197936814958,1.41035921601613,0.157795338878002,0.531741044868678,0.467954403027438,"11126/8807/3135",3,FALSE,"Higher_in_IPF","GO_Biological_Process"
"GO:0046365","monosaccharide catabolic process","3/423","44/13537",0.0681818181818182,2.18197936814958,1.41035921601613,0.157795338878002,0.531741044868678,0.467954403027438,"5208/2529/2523",3,FALSE,"Higher_in_IPF","GO_Biological_Process"
"GO:0140353","lipid export from cell","3/423","44/13537",0.0681818181818182,2.18197936814958,1.41035921601613,0.157795338878002,0.531741044868678,0.467954403027438,"3552/56729/50487",3,FALSE,"Higher_in_IPF","GO_Biological_Process"
"GO:0044706","multi-multicellular organism process","8/423","169/13537",0.0473372781065089,1.51490480786716,1.20971996369683,0.159844556806632,0.532787336373029,0.468875183397951,"3549/59350/53405/2529/6833/2013/181/6532",8,FALSE,"Higher_in_IPF","GO_Biological_Process"
"GO:0040013","negative regulation of locomotion","13/423","305/13537",0.0426229508196721,1.36403518970662,1.15485725628761,0.160364588136041,0.532787336373029,0.468875183397951,"89780/1524/84830/6469/138429/10718/6833/94/7080/247/350/3162/186",13,FALSE,"Higher_in_IPF","GO_Biological_Process"
"GO:0009582","detection of abiotic stimulus","5/423","92/13537",0.0543478260869565,1.73925891664097,1.27778518583307,0.160615499943999,0.532787336373029,0.468875183397951,"6323/7273/84059/374462/3249",5,FALSE,"Higher_in_IPF","GO_Biological_Process"
"GO:0060078","regulation of postsynaptic membrane potential","5/423","92/13537",0.0543478260869565,1.73925891664097,1.27778518583307,0.160615499943999,0.532787336373029,0.468875183397951,"5590/7476/2890/1128/120892",5,FALSE,"Higher_in_IPF","GO_Biological_Process"
"GO:0062014","negative regulation of small molecule metabolic process","5/423","92/13537",0.0543478260869565,1.73925891664097,1.27778518583307,0.160615499943999,0.532787336373029,0.468875183397951,"84879/33/26471/440503/57761",5,FALSE,"Higher_in_IPF","GO_Biological_Process"
"GO:0002675","positive regulation of acute inflammatory response","2/423","23/13537",0.0869565217391304,2.78281426662555,1.53682999540004,0.160617659550905,0.532787336373029,0.468875183397951,"2209/2867",2,FALSE,"Higher_in_IPF","GO_Biological_Process"
"GO:0002837","regulation of immune response to tumor cell","2/423","23/13537",0.0869565217391304,2.78281426662555,1.53682999540004,0.160617659550905,0.532787336373029,0.468875183397951,"11126/29126",2,FALSE,"Higher_in_IPF","GO_Biological_Process"
"GO:0006691","leukotriene metabolic process","2/423","23/13537",0.0869565217391304,2.78281426662555,1.53682999540004,0.160617659550905,0.532787336373029,0.468875183397951,"5319/92086",2,FALSE,"Higher_in_IPF","GO_Biological_Process"
"GO:0030194","positive regulation of blood coagulation","2/423","23/13537",0.0869565217391304,2.78281426662555,1.53682999540004,0.160617659550905,0.532787336373029,0.468875183397951,"1361/350",2,FALSE,"Higher_in_IPF","GO_Biological_Process"
"GO:0030220","platelet formation","2/423","23/13537",0.0869565217391304,2.78281426662555,1.53682999540004,0.160617659550905,0.532787336373029,0.468875183397951,"80739/81027",2,FALSE,"Higher_in_IPF","GO_Biological_Process"
"GO:0032400","melanosome localization","2/423","23/13537",0.0869565217391304,2.78281426662555,1.53682999540004,0.160617659550905,0.532787336373029,0.468875183397951,"79083/64284",2,FALSE,"Higher_in_IPF","GO_Biological_Process"
"GO:0032925","regulation of activin receptor signaling pathway","2/423","23/13537",0.0869565217391304,2.78281426662555,1.53682999540004,0.160617659550905,0.532787336373029,0.468875183397951,"6469/4091",2,FALSE,"Higher_in_IPF","GO_Biological_Process"
"GO:0035313","wound healing, spreading of epidermal cells","2/423","23/13537",0.0869565217391304,2.78281426662555,1.53682999540004,0.160617659550905,0.532787336373029,0.468875183397951,"7476/94",2,FALSE,"Higher_in_IPF","GO_Biological_Process"
"GO:0035336","long-chain fatty-acyl-CoA metabolic process","2/423","23/13537",0.0869565217391304,2.78281426662555,1.53682999540004,0.160617659550905,0.532787336373029,0.468875183397951,"83401/84649",2,FALSE,"Higher_in_IPF","GO_Biological_Process"
"GO:0035994","response to muscle stretch","2/423","23/13537",0.0869565217391304,2.78281426662555,1.53682999540004,0.160617659550905,0.532787336373029,0.468875183397951,"7273/27063",2,FALSE,"Higher_in_IPF","GO_Biological_Process"
"GO:1900048","positive regulation of hemostasis","2/423","23/13537",0.0869565217391304,2.78281426662555,1.53682999540004,0.160617659550905,0.532787336373029,0.468875183397951,"1361/350",2,FALSE,"Higher_in_IPF","GO_Biological_Process"
"GO:2000353","positive regulation of endothelial cell apoptotic process","2/423","23/13537",0.0869565217391304,2.78281426662555,1.53682999540004,0.160617659550905,0.532787336373029,0.468875183397951,"11126/3135",2,FALSE,"Higher_in_IPF","GO_Biological_Process"
"GO:2000647","negative regulation of stem cell proliferation","2/423","23/13537",0.0869565217391304,2.78281426662555,1.53682999540004,0.160617659550905,0.532787336373029,0.468875183397951,"126695/1050",2,FALSE,"Higher_in_IPF","GO_Biological_Process"
"GO:0035567","non-canonical Wnt signaling pathway","4/423","68/13537",0.0588235294117647,1.88249200389376,1.31022332248558,0.162946978809673,0.540044761367476,0.475262021528213,"89780/7855/7476/8325",4,FALSE,"Higher_in_IPF","GO_Biological_Process"
"GO:0009261","ribonucleotide catabolic process","6/423","118/13537",0.0508474576271186,1.62723885082342,1.2290276245995,0.164254773746449,0.543906961113565,0.47866091915704,"5208/51085/80201/2819/26471/51733",6,FALSE,"Higher_in_IPF","GO_Biological_Process"
"GO:0001935","endothelial cell proliferation","7/423","144/13537",0.0486111111111111,1.55567047543998,1.20394708745804,0.164772212475791,0.544204418021253,0.47892269370126,"60675/1950/335/94/350/2523/3162",7,FALSE,"Higher_in_IPF","GO_Biological_Process"
"GO:0042552","myelination","7/423","144/13537",0.0486111111111111,1.55567047543998,1.20394708745804,0.164772212475791,0.544204418021253,0.47892269370126,"400746/81615/114569/745/51090/4099/57716",7,FALSE,"Higher_in_IPF","GO_Biological_Process"
"GO:0071805","potassium ion transmembrane transport","7/423","144/13537",0.0486111111111111,1.55567047543998,1.20394708745804,0.164772212475791,0.544204418021253,0.47892269370126,"3767/6833/27345/3759/3249/3787/3772",7,FALSE,"Higher_in_IPF","GO_Biological_Process"
"GO:0009062","fatty acid catabolic process","5/423","93/13537",0.0537634408602151,1.72055720785988,1.25225696561018,0.165711917501335,0.546362781537217,0.480822144045324,"84879/55289/33/84830/440503",5,FALSE,"Higher_in_IPF","GO_Biological_Process"
"GO:0009134","nucleoside diphosphate catabolic process","5/423","93/13537",0.0537634408602151,1.72055720785988,1.25225696561018,0.165711917501335,0.546362781537217,0.480822144045324,"5208/51085/80201/2819/26471",5,FALSE,"Higher_in_IPF","GO_Biological_Process"
"GO:0032386","regulation of intracellular transport","11/423","252/13537",0.0436507936507936,1.396928590191,1.14229858684659,0.166623703439045,0.548894995453214,0.483050598408276,"255738/25893/7134/23286/6469/1128/120892/123745/123264/27346/50487",11,FALSE,"Higher_in_IPF","GO_Biological_Process"
"GO:0071375","cellular response to peptide hormone stimulus","13/423","308/13537",0.0422077922077922,1.35074913266403,1.11829458680525,0.168495778460698,0.553916313156453,0.48746956841427,"5590/255738/2890/6098/760/114/2529/79746/6337/5319/57761/80339/186",13,FALSE,"Higher_in_IPF","GO_Biological_Process"
"GO:0035265","organ growth","7/423","145/13537",0.0482758620689655,1.54494171354039,1.18483834458493,0.168831132282843,0.553916313156453,0.48746956841427,"9254/51208/23286/6469/148/5950/6532",7,FALSE,"Higher_in_IPF","GO_Biological_Process"
"GO:0071248","cellular response to metal ion","7/423","145/13537",0.0482758620689655,1.54494171354039,1.18483834458493,0.168831132282843,0.553916313156453,0.48746956841427,"64116/84059/6469/114/120892/1050/3162",7,FALSE,"Higher_in_IPF","GO_Biological_Process"
"GO:0071466","cellular response to xenobiotic stimulus","7/423","145/13537",0.0482758620689655,1.54494171354039,1.18483834458493,0.168831132282843,0.553916313156453,0.48746956841427,"2944/2330/6283/5446/27063/6579/6799",7,FALSE,"Higher_in_IPF","GO_Biological_Process"
"GO:0006635","fatty acid beta-oxidation","4/423","69/13537",0.0579710144927536,1.8552095110837,1.2790669596226,0.169018466429353,0.553916313156453,0.48746956841427,"84879/55289/33/440503",4,FALSE,"Higher_in_IPF","GO_Biological_Process"
"GO:0043297","apical junction assembly","4/423","69/13537",0.0579710144927536,1.8552095110837,1.2790669596226,0.169018466429353,0.553916313156453,0.48746956841427,"7855/51208/100506658/94",4,FALSE,"Higher_in_IPF","GO_Biological_Process"
"GO:0016051","carbohydrate biosynthetic process","8/423","172/13537",0.0465116279069767,1.48848204959041,1.15791350161813,0.170936127010856,0.554439438537235,0.487929940671846,"51744/5028/1950/2529/5950/2819/2525/2523",8,FALSE,"Higher_in_IPF","GO_Biological_Process"
"GO:0002070","epithelial cell maturation","2/423","24/13537",0.0833333333333333,2.66686367218282,1.46783615551607,0.171791999944879,0.554439438537235,0.487929940671846,"7855/1050",2,FALSE,"Higher_in_IPF","GO_Biological_Process"
"GO:0002834","regulation of response to tumor cell","2/423","24/13537",0.0833333333333333,2.66686367218282,1.46783615551607,0.171791999944879,0.554439438537235,0.487929940671846,"11126/29126",2,FALSE,"Higher_in_IPF","GO_Biological_Process"
"GO:0008299","isoprenoid biosynthetic process","2/423","24/13537",0.0833333333333333,2.66686367218282,1.46783615551607,0.171791999944879,0.554439438537235,0.487929940671846,"3157/4047",2,FALSE,"Higher_in_IPF","GO_Biological_Process"
"GO:0010818","T cell chemotaxis","2/423","24/13537",0.0833333333333333,2.66686367218282,1.46783615551607,0.171791999944879,0.554439438537235,0.487929940671846,"729230/1669",2,FALSE,"Higher_in_IPF","GO_Biological_Process"
"GO:0010875","positive regulation of cholesterol efflux","2/423","24/13537",0.0833333333333333,2.66686367218282,1.46783615551607,0.171791999944879,0.554439438537235,0.487929940671846,"335/21",2,FALSE,"Higher_in_IPF","GO_Biological_Process"
"GO:0021772","olfactory bulb development","2/423","24/13537",0.0833333333333333,2.66686367218282,1.46783615551607,0.171791999944879,0.554439438537235,0.487929940671846,"120892/2523",2,FALSE,"Higher_in_IPF","GO_Biological_Process"
"GO:0042278","purine nucleoside metabolic process","2/423","24/13537",0.0833333333333333,2.66686367218282,1.46783615551607,0.171791999944879,0.554439438537235,0.487929940671846,"55/140733",2,FALSE,"Higher_in_IPF","GO_Biological_Process"
"GO:0048710","regulation of astrocyte differentiation","2/423","24/13537",0.0833333333333333,2.66686367218282,1.46783615551607,0.171791999944879,0.554439438537235,0.487929940671846,"6469/4099",2,FALSE,"Higher_in_IPF","GO_Biological_Process"
"GO:0048745","smooth muscle tissue development","2/423","24/13537",0.0833333333333333,2.66686367218282,1.46783615551607,0.171791999944879,0.554439438537235,0.487929940671846,"3549/6469",2,FALSE,"Higher_in_IPF","GO_Biological_Process"
"GO:0050927","positive regulation of positive chemotaxis","2/423","24/13537",0.0833333333333333,2.66686367218282,1.46783615551607,0.171791999944879,0.554439438537235,0.487929940671846,"177/2277",2,FALSE,"Higher_in_IPF","GO_Biological_Process"
"GO:0051875","pigment granule localization","2/423","24/13537",0.0833333333333333,2.66686367218282,1.46783615551607,0.171791999944879,0.554439438537235,0.487929940671846,"79083/64284",2,FALSE,"Higher_in_IPF","GO_Biological_Process"
"GO:0060402","calcium ion transport into cytosol","2/423","24/13537",0.0833333333333333,2.66686367218282,1.46783615551607,0.171791999944879,0.554439438537235,0.487929940671846,"56704/5319",2,FALSE,"Higher_in_IPF","GO_Biological_Process"
"GO:0060586","multicellular organismal-level iron ion homeostasis","2/423","24/13537",0.0833333333333333,2.66686367218282,1.46783615551607,0.171791999944879,0.554439438537235,0.487929940671846,"3162/164656",2,FALSE,"Higher_in_IPF","GO_Biological_Process"
"GO:0065005","protein-lipid complex assembly","2/423","24/13537",0.0833333333333333,2.66686367218282,1.46783615551607,0.171791999944879,0.554439438537235,0.487929940671846,"84879/335",2,FALSE,"Higher_in_IPF","GO_Biological_Process"
"GO:0098810","neurotransmitter reuptake","2/423","24/13537",0.0833333333333333,2.66686367218282,1.46783615551607,0.171791999944879,0.554439438537235,0.487929940671846,"6581/6532",2,FALSE,"Higher_in_IPF","GO_Biological_Process"
"GO:1901071","glucosamine-containing compound metabolic process","2/423","24/13537",0.0833333333333333,2.66686367218282,1.46783615551607,0.171791999944879,0.554439438537235,0.487929940671846,"1117/27159",2,FALSE,"Higher_in_IPF","GO_Biological_Process"
"GO:1905606","regulation of presynapse assembly","2/423","24/13537",0.0833333333333333,2.66686367218282,1.46783615551607,0.171791999944879,0.554439438537235,0.487929940671846,"89780/7476",2,FALSE,"Higher_in_IPF","GO_Biological_Process"
"GO:0007272","ensheathment of neurons","7/423","146/13537",0.0479452054794521,1.5343599209819,1.16587386425297,0.172933731276425,0.554750782836054,0.488203936702237,"400746/81615/114569/745/51090/4099/57716",7,FALSE,"Higher_in_IPF","GO_Biological_Process"
"GO:0008217","regulation of blood pressure","7/423","146/13537",0.0479452054794521,1.5343599209819,1.16587386425297,0.172933731276425,0.554750782836054,0.488203936702237,"4883/148/6337/94/2013/6296/186",7,FALSE,"Higher_in_IPF","GO_Biological_Process"
"GO:0008366","axon ensheathment","7/423","146/13537",0.0479452054794521,1.5343599209819,1.16587386425297,0.172933731276425,0.554750782836054,0.488203936702237,"400746/81615/114569/745/51090/4099/57716",7,FALSE,"Higher_in_IPF","GO_Biological_Process"
"GO:0006110","regulation of glycolytic process","3/423","46/13537",0.0652173913043478,2.08711069996916,1.32641181564025,0.173123564598045,0.554750782836054,0.488203936702237,"51085/2819/26471",3,FALSE,"Higher_in_IPF","GO_Biological_Process"
"GO:0030811","regulation of nucleotide catabolic process","3/423","46/13537",0.0652173913043478,2.08711069996916,1.32641181564025,0.173123564598045,0.554750782836054,0.488203936702237,"51085/2819/26471",3,FALSE,"Higher_in_IPF","GO_Biological_Process"
"GO:0031295","T cell costimulation","3/423","46/13537",0.0652173913043478,2.08711069996916,1.32641181564025,0.173123564598045,0.554750782836054,0.488203936702237,"11126/29126/126259",3,FALSE,"Higher_in_IPF","GO_Biological_Process"
"GO:0033121","regulation of purine nucleotide catabolic process","3/423","46/13537",0.0652173913043478,2.08711069996916,1.32641181564025,0.173123564598045,0.554750782836054,0.488203936702237,"51085/2819/26471",3,FALSE,"Higher_in_IPF","GO_Biological_Process"
"GO:1903409","reactive oxygen species biosynthetic process","3/423","46/13537",0.0652173913043478,2.08711069996916,1.32641181564025,0.173123564598045,0.554750782836054,0.488203936702237,"90527/53905/4353",3,FALSE,"Higher_in_IPF","GO_Biological_Process"
"GO:0045598","regulation of fat cell differentiation","6/423","120/13537",0.05,1.60011820330969,1.18589839250019,0.173326153667729,0.554750782836054,0.488203936702237,"89780/338557/55885/374462/1050/57761",6,FALSE,"Higher_in_IPF","GO_Biological_Process"
"GO:0001558","regulation of cell growth","15/423","366/13537",0.040983606557377,1.31157229779483,1.08526993460078,0.173341457287431,0.554750782836054,0.488203936702237,"84879/6280/6279/89780/3373/55540/6098/10718/627/94/29948/27346/3249/4099/186",15,FALSE,"Higher_in_IPF","GO_Biological_Process"
"GO:0043085","positive regulation of catalytic activity","18/423","452/13537",0.0398230088495575,1.2744304274148,1.06576727979219,0.174748225121387,0.558784525555657,0.491753799336566,"5909/6283/54959/4883/177/114/338328/335/120892/5319/1512/5923/350/5657/440503/353514/57761/58526",18,FALSE,"Higher_in_IPF","GO_Biological_Process"
"GO:0002752","cell surface pattern recognition receptor signaling pathway","4/423","70/13537",0.0571428571428571,1.82870651806822,1.24842400718133,0.175168456185649,0.559659552901094,0.492523860070109,"8547/57402/2867/11027",4,FALSE,"Higher_in_IPF","GO_Biological_Process"
"GO:0007632","visual behavior","3/423","47/13537",0.0638297872340425,2.04270408933152,1.28603206699826,0.180940314306865,0.571572725770738,0.503007951437842,"6833/84152/164312",3,FALSE,"Higher_in_IPF","GO_Biological_Process"
"GO:0031294","lymphocyte costimulation","3/423","47/13537",0.0638297872340425,2.04270408933152,1.28603206699826,0.180940314306865,0.571572725770738,0.503007951437842,"11126/29126/126259",3,FALSE,"Higher_in_IPF","GO_Biological_Process"
"GO:0032330","regulation of chondrocyte differentiation","3/423","47/13537",0.0638297872340425,2.04270408933152,1.28603206699826,0.180940314306865,0.571572725770738,0.503007951437842,"3549/5593/94",3,FALSE,"Higher_in_IPF","GO_Biological_Process"
"GO:0070542","response to fatty acid","3/423","47/13537",0.0638297872340425,2.04270408933152,1.28603206699826,0.180940314306865,0.571572725770738,0.503007951437842,"6319/84649/2867",3,FALSE,"Higher_in_IPF","GO_Biological_Process"
"GO:0051851","host-mediated perturbation of symbiont process","5/423","96/13537",0.0520833333333333,1.66678979511426,1.17748812889801,0.181375109841469,0.571572725770738,0.503007951437842,"8547/1524/25833/2194/3249",5,FALSE,"Higher_in_IPF","GO_Biological_Process"
"GO:0021766","hippocampus development","4/423","71/13537",0.0563380281690141,1.80295008823627,1.21827739591981,0.181393905729875,0.571572725770738,0.503007951437842,"84879/89780/306/7080",4,FALSE,"Higher_in_IPF","GO_Biological_Process"
"GO:0042267","natural killer cell mediated cytotoxicity","4/423","71/13537",0.0563380281690141,1.80295008823627,1.21827739591981,0.181393905729875,0.571572725770738,0.503007951437842,"11126/8807/3135/3811",4,FALSE,"Higher_in_IPF","GO_Biological_Process"
"GO:0043954","cellular component maintenance","4/423","71/13537",0.0563380281690141,1.80295008823627,1.21827739591981,0.181393905729875,0.571572725770738,0.503007951437842,"5657/57662/57126/140730",4,FALSE,"Higher_in_IPF","GO_Biological_Process"
"GO:0060079","excitatory postsynaptic potential","4/423","71/13537",0.0563380281690141,1.80295008823627,1.21827739591981,0.181393905729875,0.571572725770738,0.503007951437842,"5590/7476/2890/120892",4,FALSE,"Higher_in_IPF","GO_Biological_Process"
"GO:0002221","pattern recognition receptor signaling pathway","11/423","257/13537",0.0428015564202335,1.36975099116005,1.07479252633422,0.182082871085703,0.571572725770738,0.503007951437842,"8547/6280/6279/57402/29126/57864/4210/146722/2867/11027/51311",11,FALSE,"Higher_in_IPF","GO_Biological_Process"
"GO:0001919","regulation of receptor recycling","2/423","25/13537",0.08,2.56018912529551,1.40228148352361,0.183088906133476,0.571572725770738,0.503007951437842,"255738/2890",2,FALSE,"Higher_in_IPF","GO_Biological_Process"
"GO:0006829","zinc ion transport","2/423","25/13537",0.08,2.56018912529551,1.40228148352361,0.183088906133476,0.571572725770738,0.503007951437842,"81615/64116",2,FALSE,"Higher_in_IPF","GO_Biological_Process"
"GO:0006958","complement activation, classical pathway","2/423","25/13537",0.08,2.56018912529551,1.40228148352361,0.183088906133476,0.571572725770738,0.503007951437842,"713/722",2,FALSE,"Higher_in_IPF","GO_Biological_Process"
"GO:0007039","protein catabolic process in the vacuole","2/423","25/13537",0.08,2.56018912529551,1.40228148352361,0.183088906133476,0.571572725770738,0.503007951437842,"4036/79589",2,FALSE,"Higher_in_IPF","GO_Biological_Process"
"GO:0010952","positive regulation of peptidase activity","2/423","25/13537",0.08,2.56018912529551,1.40228148352361,0.183088906133476,0.571572725770738,0.503007951437842,"177/1512",2,FALSE,"Higher_in_IPF","GO_Biological_Process"
"GO:0018904","ether metabolic process","2/423","25/13537",0.08,2.56018912529551,1.40228148352361,0.183088906133476,0.571572725770738,0.503007951437842,"2194/11264",2,FALSE,"Higher_in_IPF","GO_Biological_Process"
"GO:0021515","cell differentiation in spinal cord","2/423","25/13537",0.08,2.56018912529551,1.40228148352361,0.183088906133476,0.571572725770738,0.503007951437842,"89780/6469",2,FALSE,"Higher_in_IPF","GO_Biological_Process"
"GO:0031424","keratinization","2/423","25/13537",0.08,2.56018912529551,1.40228148352361,0.183088906133476,0.571572725770738,0.503007951437842,"3552/5493",2,FALSE,"Higher_in_IPF","GO_Biological_Process"
"GO:0036344","platelet morphogenesis","2/423","25/13537",0.08,2.56018912529551,1.40228148352361,0.183088906133476,0.571572725770738,0.503007951437842,"80739/81027",2,FALSE,"Higher_in_IPF","GO_Biological_Process"
"GO:0048261","negative regulation of receptor-mediated endocytosis","2/423","25/13537",0.08,2.56018912529551,1.40228148352361,0.183088906133476,0.571572725770738,0.503007951437842,"255738/6457",2,FALSE,"Higher_in_IPF","GO_Biological_Process"
"GO:0050926","regulation of positive chemotaxis","2/423","25/13537",0.08,2.56018912529551,1.40228148352361,0.183088906133476,0.571572725770738,0.503007951437842,"177/2277",2,FALSE,"Higher_in_IPF","GO_Biological_Process"
"GO:0051968","positive regulation of synaptic transmission, glutamatergic","2/423","25/13537",0.08,2.56018912529551,1.40228148352361,0.183088906133476,0.571572725770738,0.503007951437842,"729230/27092",2,FALSE,"Higher_in_IPF","GO_Biological_Process"
"GO:0070233","negative regulation of T cell apoptotic process","2/423","25/13537",0.08,2.56018912529551,1.40228148352361,0.183088906133476,0.571572725770738,0.503007951437842,"171558/57864",2,FALSE,"Higher_in_IPF","GO_Biological_Process"
"GO:0071577","zinc ion transmembrane transport","2/423","25/13537",0.08,2.56018912529551,1.40228148352361,0.183088906133476,0.571572725770738,0.503007951437842,"81615/64116",2,FALSE,"Higher_in_IPF","GO_Biological_Process"
"GO:0086010","membrane depolarization during action potential","2/423","25/13537",0.08,2.56018912529551,1.40228148352361,0.183088906133476,0.571572725770738,0.503007951437842,"6323/3759",2,FALSE,"Higher_in_IPF","GO_Biological_Process"
"GO:0090023","positive regulation of neutrophil chemotaxis","2/423","25/13537",0.08,2.56018912529551,1.40228148352361,0.183088906133476,0.571572725770738,0.503007951437842,"3579/23604",2,FALSE,"Higher_in_IPF","GO_Biological_Process"
"GO:0099633","protein localization to postsynaptic specialization membrane","2/423","25/13537",0.08,2.56018912529551,1.40228148352361,0.183088906133476,0.571572725770738,0.503007951437842,"5590/9254",2,FALSE,"Higher_in_IPF","GO_Biological_Process"
"GO:0099645","neurotransmitter receptor localization to postsynaptic specialization membrane","2/423","25/13537",0.08,2.56018912529551,1.40228148352361,0.183088906133476,0.571572725770738,0.503007951437842,"5590/9254",2,FALSE,"Higher_in_IPF","GO_Biological_Process"
"GO:0070527","platelet aggregation","4/423","72/13537",0.0555555555555556,1.77790911478855,1.18861086659177,0.187691754183115,0.584985402017253,0.514811668616545,"89780/2243/6532/81027",4,FALSE,"Higher_in_IPF","GO_Biological_Process"
"GO:2000514","regulation of CD4-positive, alpha-beta T cell activation","4/423","72/13537",0.0555555555555556,1.77790911478855,1.18861086659177,0.187691754183115,0.584985402017253,0.514811668616545,"5590/11126/177/29126",4,FALSE,"Higher_in_IPF","GO_Biological_Process"
"GO:0009988","cell-cell recognition","3/423","48/13537",0.0625,2.00014775413712,1.24664463479273,0.18885029071512,0.585727384200105,0.515464644031522,"2352/2525/284359",3,FALSE,"Higher_in_IPF","GO_Biological_Process"
"GO:0035384","thioester biosynthetic process","3/423","48/13537",0.0625,2.00014775413712,1.24664463479273,0.18885029071512,0.585727384200105,0.515464644031522,"83401/2194/55902",3,FALSE,"Higher_in_IPF","GO_Biological_Process"
"GO:0050881","musculoskeletal movement","3/423","48/13537",0.0625,2.00014775413712,1.24664463479273,0.18885029071512,0.585727384200105,0.515464644031522,"7134/3759/7138",3,FALSE,"Higher_in_IPF","GO_Biological_Process"
"GO:0071616","acyl-CoA biosynthetic process","3/423","48/13537",0.0625,2.00014775413712,1.24664463479273,0.18885029071512,0.585727384200105,0.515464644031522,"83401/2194/55902",3,FALSE,"Higher_in_IPF","GO_Biological_Process"
"GO:1990089","response to nerve growth factor","3/423","48/13537",0.0625,2.00014775413712,1.24664463479273,0.18885029071512,0.585727384200105,0.515464644031522,"2890/6456/627",3,FALSE,"Higher_in_IPF","GO_Biological_Process"
"GO:1990090","cellular response to nerve growth factor stimulus","3/423","48/13537",0.0625,2.00014775413712,1.24664463479273,0.18885029071512,0.585727384200105,0.515464644031522,"2890/6456/627",3,FALSE,"Higher_in_IPF","GO_Biological_Process"
"GO:0001701","in utero embryonic development","15/423","372/13537",0.0403225806451613,1.29041790589491,1.02007521287572,0.189016181653655,0.585766056455888,0.51549867723724,"89780/7855/3549/10568/84525/1437/64168/94/57718/3294/6928/55273/57662/1050/51733",15,FALSE,"Higher_in_IPF","GO_Biological_Process"
"GO:0019318","hexose metabolic process","9/423","204/13537",0.0441176470588235,1.41186900292032,1.06453028043092,0.189275598630663,0.586094270536796,0.515787519382827,"5208/2171/2529/80201/5950/3767/2819/51181/2523",9,FALSE,"Higher_in_IPF","GO_Biological_Process"
"GO:0021543","pallium development","7/423","150/13537",0.0466666666666667,1.49344365642238,1.09141353389103,0.189765365118629,0.587134654799777,0.516703101133381,"84879/89780/285025/306/2890/221692/7080",7,FALSE,"Higher_in_IPF","GO_Biological_Process"
"GO:0120254","olefinic compound metabolic process","6/423","124/13537",0.0483870967741935,1.5485014870739,1.1019793504209,0.192064422572488,0.593766773588468,0.522539643598023,"195814/5950/83401/84649/8630/247",6,FALSE,"Higher_in_IPF","GO_Biological_Process"
"GO:0009410","response to xenobiotic stimulus","14/423","345/13537",0.0405797101449275,1.29864665775859,1.00915912581998,0.19304054155375,0.595479001019207,0.524046475490973,"2944/2330/6283/2890/5446/148/27063/3767/6833/6579/1361/21/6799/6532",14,FALSE,"Higher_in_IPF","GO_Biological_Process"
"GO:0031397","negative regulation of protein ubiquitination","4/423","73/13537",0.0547945205479452,1.75355419540788,1.15940892062257,0.194058926859791,0.595479001019207,0.524046475490973,"408/84101/55859/84707",4,FALSE,"Higher_in_IPF","GO_Biological_Process"
"GO:0050954","sensory perception of mechanical stimulus","7/423","151/13537",0.0463576158940397,1.48355330108183,1.07313703394492,0.1940745572894,0.595479001019207,0.524046475490973,"6323/4036/84059/53405/4640/374462/3249",7,FALSE,"Higher_in_IPF","GO_Biological_Process"
"GO:0000272","polysaccharide catabolic process","2/423","26/13537",0.0769230769230769,2.46172031278414,1.33984628382121,0.194489867540846,0.595479001019207,0.524046475490973,"27159/8972",2,FALSE,"Higher_in_IPF","GO_Biological_Process"
"GO:0001773","myeloid dendritic cell activation","2/423","26/13537",0.0769230769230769,2.46172031278414,1.33984628382121,0.194489867540846,0.595479001019207,0.524046475490973,"1437/116071",2,FALSE,"Higher_in_IPF","GO_Biological_Process"
"GO:0002053","positive regulation of mesenchymal cell proliferation","2/423","26/13537",0.0769230769230769,2.46172031278414,1.33984628382121,0.194489867540846,0.595479001019207,0.524046475490973,"3549/6469",2,FALSE,"Higher_in_IPF","GO_Biological_Process"
"GO:0021532","neural tube patterning","2/423","26/13537",0.0769230769230769,2.46172031278414,1.33984628382121,0.194489867540846,0.595479001019207,0.524046475490973,"89780/6469",2,FALSE,"Higher_in_IPF","GO_Biological_Process"
"GO:0021988","olfactory lobe development","2/423","26/13537",0.0769230769230769,2.46172031278414,1.33984628382121,0.194489867540846,0.595479001019207,0.524046475490973,"120892/2523",2,FALSE,"Higher_in_IPF","GO_Biological_Process"
"GO:0033081","regulation of T cell differentiation in thymus","2/423","26/13537",0.0769230769230769,2.46172031278414,1.33984628382121,0.194489867540846,0.595479001019207,0.524046475490973,"3549/6469",2,FALSE,"Higher_in_IPF","GO_Biological_Process"
"GO:0035115","embryonic forelimb morphogenesis","2/423","26/13537",0.0769230769230769,2.46172031278414,1.33984628382121,0.194489867540846,0.595479001019207,0.524046475490973,"7476/6469",2,FALSE,"Higher_in_IPF","GO_Biological_Process"
"GO:0046949","fatty-acyl-CoA biosynthetic process","2/423","26/13537",0.0769230769230769,2.46172031278414,1.33984628382121,0.194489867540846,0.595479001019207,0.524046475490973,"83401/2194",2,FALSE,"Higher_in_IPF","GO_Biological_Process"
"GO:1902932","positive regulation of alcohol biosynthetic process","2/423","26/13537",0.0769230769230769,2.46172031278414,1.33984628382121,0.194489867540846,0.595479001019207,0.524046475490973,"51744/5028",2,FALSE,"Higher_in_IPF","GO_Biological_Process"
"GO:2000146","negative regulation of cell motility","12/423","289/13537",0.041522491349481,1.32881788510147,1.01479182564952,0.194758653617661,0.595824150250184,0.524350221278318,"1524/84830/6469/138429/10718/6833/94/7080/247/350/3162/186",12,FALSE,"Higher_in_IPF","GO_Biological_Process"
"GO:0050879","multicellular organismal movement","3/423","49/13537",0.0612244897959184,1.95932841221595,1.20820140188012,0.196847182096206,0.600827855389997,0.528753691490412,"7134/3759/7138",3,FALSE,"Higher_in_IPF","GO_Biological_Process"
"GO:0099172","presynapse organization","3/423","49/13537",0.0612244897959184,1.95932841221595,1.20820140188012,0.196847182096206,0.600827855389997,0.528753691490412,"89780/7476/55799",3,FALSE,"Higher_in_IPF","GO_Biological_Process"
"GO:0046632","alpha-beta T cell differentiation","6/423","125/13537",0.048,1.53611347517731,1.08146563651464,0.196866329778126,0.600827855389997,0.528753691490412,"5590/8809/3549/6469/2529/57546",6,FALSE,"Higher_in_IPF","GO_Biological_Process"
"GO:0003014","renal system process","5/423","99/13537",0.0505050505050505,1.61628101344413,1.10529150935118,0.197562353711159,0.602470500374764,0.530199287914931,"4883/5446/2013/361/186",5,FALSE,"Higher_in_IPF","GO_Biological_Process"
"GO:0022600","digestive system process","4/423","74/13537",0.0540540540540541,1.72985751709156,1.13065677442668,0.200492339804797,0.609287546280885,0.536198573992607,"1131/5950/1128/335",4,FALSE,"Higher_in_IPF","GO_Biological_Process"
"GO:0042310","vasoconstriction","4/423","74/13537",0.0540540540540541,1.72985751709156,1.13065677442668,0.200492339804797,0.609287546280885,0.536198573992607,"2243/148/27345/6532",4,FALSE,"Higher_in_IPF","GO_Biological_Process"
"GO:0051153","regulation of striated muscle cell differentiation","4/423","74/13537",0.0540540540540541,1.72985751709156,1.13065677442668,0.200492339804797,0.609287546280885,0.536198573992607,"89780/84525/6469/627",4,FALSE,"Higher_in_IPF","GO_Biological_Process"
"GO:1901264","carbohydrate derivative transport","4/423","74/13537",0.0540540540540541,1.72985751709156,1.13065677442668,0.200492339804797,0.609287546280885,0.536198573992607,"84879/57864/3177/2705",4,FALSE,"Higher_in_IPF","GO_Biological_Process"
"GO:0031348","negative regulation of defense response","10/423","235/13537",0.0425531914893617,1.36180272622102,1.00483571129037,0.201346336283436,0.609287546280885,0.536198573992607,"79626/64116/3135/383/338557/335/4210/8993/89790/91662",10,FALSE,"Higher_in_IPF","GO_Biological_Process"
"GO:0050870","positive regulation of T cell activation","10/423","235/13537",0.0425531914893617,1.36180272622102,1.00483571129037,0.201346336283436,0.609287546280885,0.536198573992607,"5590/11126/3552/3549/729230/3135/177/6469/29126/126259",10,FALSE,"Higher_in_IPF","GO_Biological_Process"
"GO:0051259","protein complex oligomerization","10/423","235/13537",0.0425531914893617,1.36180272622102,1.00483571129037,0.201346336283436,0.609287546280885,0.536198573992607,"3135/23089/114/65987/21/3759/361/3787/51733/6247",10,FALSE,"Higher_in_IPF","GO_Biological_Process"
"GO:1901888","regulation of cell junction assembly","10/423","235/13537",0.0425531914893617,1.36180272622102,1.00483571129037,0.201346336283436,0.609287546280885,0.536198573992607,"89780/7855/64284/7476/84525/627/94/79191/92359/57662",10,FALSE,"Higher_in_IPF","GO_Biological_Process"
"GO:0055074","calcium ion homeostasis","11/423","263/13537",0.0418250950570342,1.33850191911837,0.99560225064728,0.201481603088945,0.609287546280885,0.536198573992607,"249/57402/729230/5028/84239/2890/56704/114/9914/2811/6368",11,FALSE,"Higher_in_IPF","GO_Biological_Process"
"GO:0002040","sprouting angiogenesis","6/423","126/13537",0.0476190476190476,1.52392209839018,1.06113142212957,0.201712796882933,0.609287546280885,0.536198573992607,"84830/9022/94/2523/3162/2277",6,FALSE,"Higher_in_IPF","GO_Biological_Process"
"GO:0035296","regulation of tube diameter","6/423","126/13537",0.0476190476190476,1.52392209839018,1.06113142212957,0.201712796882933,0.609287546280885,0.536198573992607,"5028/2243/148/27345/6532/186",6,FALSE,"Higher_in_IPF","GO_Biological_Process"
"GO:0097746","blood vessel diameter maintenance","6/423","126/13537",0.0476190476190476,1.52392209839018,1.06113142212957,0.201712796882933,0.609287546280885,0.536198573992607,"5028/2243/148/27345/6532/186",6,FALSE,"Higher_in_IPF","GO_Biological_Process"
"GO:0043393","regulation of protein binding","5/423","100/13537",0.05,1.60011820330969,1.08176620237268,0.20306616733734,0.612406498336465,0.538943382506685,"255738/627/120892/57761/6590",5,FALSE,"Higher_in_IPF","GO_Biological_Process"
"GO:0051224","negative regulation of protein transport","5/423","100/13537",0.05,1.60011820330969,1.08176620237268,0.20306616733734,0.612406498336465,0.538943382506685,"84830/80223/3767/6833/2867",5,FALSE,"Higher_in_IPF","GO_Biological_Process"
"GO:0031400","negative regulation of protein modification process","12/423","292/13537",0.0410958904109589,1.31516564655591,0.977804618025125,0.204128571732781,0.613433490642864,0.539847178774234,"5590/100506658/51085/6456/138429/408/9052/84101/91662/57761/55859/84707",12,FALSE,"Higher_in_IPF","GO_Biological_Process"
"GO:0050863","regulation of T cell activation","14/423","349/13537",0.0401146131805158,1.2837624553774,0.964552663262496,0.204422512080038,0.613433490642864,0.539847178774234,"5590/11126/79626/3552/3549/729230/3135/177/383/6469/29126/57864/6441/126259",14,FALSE,"Higher_in_IPF","GO_Biological_Process"
"GO:0007162","negative regulation of cell adhesion","11/423","264/13537",0.0416666666666667,1.33343183609141,0.982589789850705,0.204800338335578,0.613433490642864,0.539847178774234,"79626/4582/3549/84830/3135/383/6469/29126/6441/335/94",11,FALSE,"Higher_in_IPF","GO_Biological_Process"
"GO:0030514","negative regulation of BMP signaling pathway","3/423","50/13537",0.06,1.92014184397163,1.1706575522333,0.204924756885827,0.613433490642864,0.539847178774234,"4036/4091/164656",3,FALSE,"Higher_in_IPF","GO_Biological_Process"
"GO:0046638","positive regulation of alpha-beta T cell differentiation","3/423","50/13537",0.06,1.92014184397163,1.1706575522333,0.204924756885827,0.613433490642864,0.539847178774234,"5590/3549/6469",3,FALSE,"Higher_in_IPF","GO_Biological_Process"
"GO:0140467","integrated stress response signaling","3/423","50/13537",0.06,1.92014184397163,1.1706575522333,0.204924756885827,0.613433490642864,0.539847178774234,"116071/4778/1050",3,FALSE,"Higher_in_IPF","GO_Biological_Process"
"GO:2000351","regulation of endothelial cell apoptotic process","3/423","50/13537",0.06,1.92014184397163,1.1706575522333,0.204924756885827,0.613433490642864,0.539847178774234,"11126/2243/3135",3,FALSE,"Higher_in_IPF","GO_Biological_Process"
"GO:0022011","myelination in peripheral nervous system","2/423","27/13537",0.0740740740740741,2.37054548638473,1.28025189737863,0.205977405710883,0.613433490642864,0.539847178774234,"400746/57716",2,FALSE,"Higher_in_IPF","GO_Biological_Process"
"GO:0031128","developmental induction","2/423","27/13537",0.0740740740740741,2.37054548638473,1.28025189737863,0.205977405710883,0.613433490642864,0.539847178774234,"7855/7080",2,FALSE,"Higher_in_IPF","GO_Biological_Process"
"GO:0032292","peripheral nervous system axon ensheathment","2/423","27/13537",0.0740740740740741,2.37054548638473,1.28025189737863,0.205977405710883,0.613433490642864,0.539847178774234,"400746/57716",2,FALSE,"Higher_in_IPF","GO_Biological_Process"
"GO:0032367","intracellular cholesterol transport","2/423","27/13537",0.0740740740740741,2.37054548638473,1.28025189737863,0.205977405710883,0.613433490642864,0.539847178774234,"255738/27346",2,FALSE,"Higher_in_IPF","GO_Biological_Process"
"GO:0035025","positive regulation of Rho protein signal transduction","2/423","27/13537",0.0740740740740741,2.37054548638473,1.28025189737863,0.205977405710883,0.613433490642864,0.539847178774234,"408/335",2,FALSE,"Higher_in_IPF","GO_Biological_Process"
"GO:0045907","positive regulation of vasoconstriction","2/423","27/13537",0.0740740740740741,2.37054548638473,1.28025189737863,0.205977405710883,0.613433490642864,0.539847178774234,"2243/148",2,FALSE,"Higher_in_IPF","GO_Biological_Process"
"GO:0048048","embryonic eye morphogenesis","2/423","27/13537",0.0740740740740741,2.37054548638473,1.28025189737863,0.205977405710883,0.613433490642864,0.539847178774234,"7855/3549",2,FALSE,"Higher_in_IPF","GO_Biological_Process"
"GO:0050820","positive regulation of coagulation","2/423","27/13537",0.0740740740740741,2.37054548638473,1.28025189737863,0.205977405710883,0.613433490642864,0.539847178774234,"1361/350",2,FALSE,"Higher_in_IPF","GO_Biological_Process"
"GO:2000191","regulation of fatty acid transport","2/423","27/13537",0.0740740740740741,2.37054548638473,1.28025189737863,0.205977405710883,0.613433490642864,0.539847178774234,"3552/50487",2,FALSE,"Higher_in_IPF","GO_Biological_Process"
"GO:0030879","mammary gland development","6/423","127/13537",0.047244094488189,1.51192271178869,1.04097340967892,0.206602608680786,0.613858957154273,0.540221607134195,"89780/1950/59350/10718/9914/2194",6,FALSE,"Higher_in_IPF","GO_Biological_Process"
"GO:0030902","hindbrain development","6/423","127/13537",0.047244094488189,1.51192271178869,1.04097340967892,0.206602608680786,0.613858957154273,0.540221607134195,"7476/1950/6469/6751/6532/6928",6,FALSE,"Higher_in_IPF","GO_Biological_Process"
"GO:0035150","regulation of tube size","6/423","127/13537",0.047244094488189,1.51192271178869,1.04097340967892,0.206602608680786,0.613858957154273,0.540221607134195,"5028/2243/148/27345/6532/186",6,FALSE,"Higher_in_IPF","GO_Biological_Process"
"GO:0001959","regulation of cytokine-mediated signaling pathway","7/423","154/13537",0.0454545454545455,1.45465291209972,1.01908724380738,0.207231817394372,0.615249672481891,0.541445494902869,"7850/51208/383/4317/335/146722/79444",7,FALSE,"Higher_in_IPF","GO_Biological_Process"
"GO:1902106","negative regulation of leukocyte differentiation","5/423","101/13537",0.0495049504950495,1.58427544882148,1.05850056427271,0.208620959267525,0.618892635962245,0.544651455430367,"3549/51208/3135/6469/8993",5,FALSE,"Higher_in_IPF","GO_Biological_Process"
"GO:0007605","sensory perception of sound","6/423","128/13537",0.046875,1.50011081560284,1.02098838900998,0.211534536307323,0.626272129486411,0.551145718982279,"4036/84059/53405/4640/374462/3249",6,FALSE,"Higher_in_IPF","GO_Biological_Process"
"GO:0014074","response to purine-containing compound","6/423","128/13537",0.046875,1.50011081560284,1.02098838900998,0.211534536307323,0.626272129486411,0.551145718982279,"5028/1080/3767/2819/53905/6532",6,FALSE,"Higher_in_IPF","GO_Biological_Process"
"GO:0045927","positive regulation of growth","9/423","210/13537",0.0428571428571429,1.37152988855117,0.974507021572167,0.211667809448721,0.626272129486411,0.551145718982279,"84879/6280/6279/89780/3373/9254/84525/627/3249",9,FALSE,"Higher_in_IPF","GO_Biological_Process"
"GO:0001947","heart looping","3/423","51/13537",0.0588235294117647,1.88249200389376,1.13397128236288,0.213076871713685,0.626272129486411,0.551145718982279,"89780/3549/6469",3,FALSE,"Higher_in_IPF","GO_Biological_Process"
"GO:0002534","cytokine production involved in inflammatory response","3/423","51/13537",0.0588235294117647,1.88249200389376,1.13397128236288,0.213076871713685,0.626272129486411,0.551145718982279,"7850/4210/50487",3,FALSE,"Higher_in_IPF","GO_Biological_Process"
"GO:0010596","negative regulation of endothelial cell migration","3/423","51/13537",0.0588235294117647,1.88249200389376,1.13397128236288,0.213076871713685,0.626272129486411,0.551145718982279,"94/350/186",3,FALSE,"Higher_in_IPF","GO_Biological_Process"
"GO:0042446","hormone biosynthetic process","3/423","51/13537",0.0588235294117647,1.88249200389376,1.13397128236288,0.213076871713685,0.626272129486411,0.551145718982279,"8630/53905/3294",3,FALSE,"Higher_in_IPF","GO_Biological_Process"
"GO:0045604","regulation of epidermal cell differentiation","3/423","51/13537",0.0588235294117647,1.88249200389376,1.13397128236288,0.213076871713685,0.626272129486411,0.551145718982279,"126695/79413/247",3,FALSE,"Higher_in_IPF","GO_Biological_Process"
"GO:0051055","negative regulation of lipid biosynthetic process","3/423","51/13537",0.0588235294117647,1.88249200389376,1.13397128236288,0.213076871713685,0.626272129486411,0.551145718982279,"33/79888/57761",3,FALSE,"Higher_in_IPF","GO_Biological_Process"
"GO:0060688","regulation of morphogenesis of a branching structure","3/423","51/13537",0.0588235294117647,1.88249200389376,1.13397128236288,0.213076871713685,0.626272129486411,0.551145718982279,"6469/120892/186",3,FALSE,"Higher_in_IPF","GO_Biological_Process"
"GO:0071622","regulation of granulocyte chemotaxis","3/423","51/13537",0.0588235294117647,1.88249200389376,1.13397128236288,0.213076871713685,0.626272129486411,0.551145718982279,"57402/3579/23604",3,FALSE,"Higher_in_IPF","GO_Biological_Process"
"GO:1900015","regulation of cytokine production involved in inflammatory response","3/423","51/13537",0.0588235294117647,1.88249200389376,1.13397128236288,0.213076871713685,0.626272129486411,0.551145718982279,"7850/4210/50487",3,FALSE,"Higher_in_IPF","GO_Biological_Process"
"GO:0001570","vasculogenesis","4/423","76/13537",0.0526315789473684,1.68433495085231,1.07444607086913,0.21354553025704,0.627166795785675,0.551933062818195,"7476/6469/2013/55273",4,FALSE,"Higher_in_IPF","GO_Biological_Process"
"GO:0009135","purine nucleoside diphosphate metabolic process","5/423","102/13537",0.0490196078431373,1.56874333657813,1.03548864021933,0.214224876437324,0.62771341384321,0.552414109615816,"5208/51085/80201/2819/26471",5,FALSE,"Higher_in_IPF","GO_Biological_Process"
"GO:0009179","purine ribonucleoside diphosphate metabolic process","5/423","102/13537",0.0490196078431373,1.56874333657813,1.03548864021933,0.214224876437324,0.62771341384321,0.552414109615816,"5208/51085/80201/2819/26471",5,FALSE,"Higher_in_IPF","GO_Biological_Process"
"GO:0034440","lipid oxidation","5/423","102/13537",0.0490196078431373,1.56874333657813,1.03548864021933,0.214224876437324,0.62771341384321,0.552414109615816,"84879/55289/33/247/440503",5,FALSE,"Higher_in_IPF","GO_Biological_Process"
"GO:0002758","innate immune response-activating signaling pathway","11/423","267/13537",0.0411985018726592,1.31844945591061,0.943861881841289,0.214896705162558,0.62919909533025,0.553721571584505,"8547/6280/6279/57402/29126/57864/4210/146722/2867/11027/51311",11,FALSE,"Higher_in_IPF","GO_Biological_Process"
"GO:0032412","regulation of monoatomic ion transmembrane transporter activity","6/423","129/13537",0.0465116279069767,1.48848204959041,1.00117323440482,0.216507338385206,0.630158374363312,0.554565777333874,"255738/1131/729230/1080/56704/27092",6,FALSE,"Higher_in_IPF","GO_Biological_Process"
"GO:0030198","extracellular matrix organization","12/423","296/13537",0.0405405405405405,1.29739313781867,0.929103664124374,0.216924284865076,0.630158374363312,0.554565777333874,"89780/3549/64116/59350/84830/9806/4317/1361/256764/64386/3249/164656",12,FALSE,"Higher_in_IPF","GO_Biological_Process"
"GO:0002418","immune response to tumor cell","2/423","28/13537",0.0714285714285714,2.28588314758528,1.22325411761047,0.217535028132752,0.630158374363312,0.554565777333874,"11126/29126",2,FALSE,"Higher_in_IPF","GO_Biological_Process"
"GO:0033198","response to ATP","2/423","28/13537",0.0714285714285714,2.28588314758528,1.22325411761047,0.217535028132752,0.630158374363312,0.554565777333874,"5028/3767",2,FALSE,"Higher_in_IPF","GO_Biological_Process"
"GO:0035036","sperm-egg recognition","2/423","28/13537",0.0714285714285714,2.28588314758528,1.22325411761047,0.217535028132752,0.630158374363312,0.554565777333874,"2352/284359",2,FALSE,"Higher_in_IPF","GO_Biological_Process"
"GO:0045940","positive regulation of steroid metabolic process","2/423","28/13537",0.0714285714285714,2.28588314758528,1.22325411761047,0.217535028132752,0.630158374363312,0.554565777333874,"3552/335",2,FALSE,"Higher_in_IPF","GO_Biological_Process"
"GO:0046164","alcohol catabolic process","2/423","28/13537",0.0714285714285714,2.28588314758528,1.22325411761047,0.217535028132752,0.630158374363312,0.554565777333874,"6799/55902",2,FALSE,"Higher_in_IPF","GO_Biological_Process"
"GO:0046639","negative regulation of alpha-beta T cell differentiation","2/423","28/13537",0.0714285714285714,2.28588314758528,1.22325411761047,0.217535028132752,0.630158374363312,0.554565777333874,"3549/6469",2,FALSE,"Higher_in_IPF","GO_Biological_Process"
"GO:0060795","cell fate commitment involved in formation of primary germ layer","2/423","28/13537",0.0714285714285714,2.28588314758528,1.22325411761047,0.217535028132752,0.630158374363312,0.554565777333874,"89780/6928",2,FALSE,"Higher_in_IPF","GO_Biological_Process"
"GO:0061036","positive regulation of cartilage development","2/423","28/13537",0.0714285714285714,2.28588314758528,1.22325411761047,0.217535028132752,0.630158374363312,0.554565777333874,"5593/94",2,FALSE,"Higher_in_IPF","GO_Biological_Process"
"GO:0071354","cellular response to interleukin-6","2/423","28/13537",0.0714285714285714,2.28588314758528,1.22325411761047,0.217535028132752,0.630158374363312,0.554565777333874,"820/1050",2,FALSE,"Higher_in_IPF","GO_Biological_Process"
"GO:0071398","cellular response to fatty acid","2/423","28/13537",0.0714285714285714,2.28588314758528,1.22325411761047,0.217535028132752,0.630158374363312,0.554565777333874,"84649/2867",2,FALSE,"Higher_in_IPF","GO_Biological_Process"
"GO:1902042","negative regulation of extrinsic apoptotic signaling pathway via death domain receptors","2/423","28/13537",0.0714285714285714,2.28588314758528,1.22325411761047,0.217535028132752,0.630158374363312,0.554565777333874,"2243/3162",2,FALSE,"Higher_in_IPF","GO_Biological_Process"
"GO:1902683","regulation of receptor localization to synapse","2/423","28/13537",0.0714285714285714,2.28588314758528,1.22325411761047,0.217535028132752,0.630158374363312,0.554565777333874,"5590/9254",2,FALSE,"Higher_in_IPF","GO_Biological_Process"
"GO:0010595","positive regulation of endothelial cell migration","5/423","103/13537",0.0485436893203883,1.55351281874727,1.01272467191369,0.219876055097635,0.633481020404234,0.557489845091206,"7476/306/1950/2523/3162",5,FALSE,"Higher_in_IPF","GO_Biological_Process"
"GO:0030326","embryonic limb morphogenesis","5/423","103/13537",0.0485436893203883,1.55351281874727,1.01272467191369,0.219876055097635,0.633481020404234,0.557489845091206,"3899/3549/7476/6469/341640",5,FALSE,"Higher_in_IPF","GO_Biological_Process"
"GO:0035113","embryonic appendage morphogenesis","5/423","103/13537",0.0485436893203883,1.55351281874727,1.01272467191369,0.219876055097635,0.633481020404234,0.557489845091206,"3899/3549/7476/6469/341640",5,FALSE,"Higher_in_IPF","GO_Biological_Process"
"GO:0048259","regulation of receptor-mediated endocytosis","5/423","103/13537",0.0485436893203883,1.55351281874727,1.01272467191369,0.219876055097635,0.633481020404234,0.557489845091206,"255738/89780/1950/408/6457",5,FALSE,"Higher_in_IPF","GO_Biological_Process"
"GO:0046620","regulation of organ growth","4/423","77/13537",0.051948051948052,1.66246047097111,1.04696115504478,0.220159131751322,0.633481020404234,0.557489845091206,"9254/23286/5950/6532",4,FALSE,"Higher_in_IPF","GO_Biological_Process"
"GO:0071347","cellular response to interleukin-1","4/423","77/13537",0.051948051948052,1.66246047097111,1.04696115504478,0.220159131751322,0.633481020404234,0.557489845091206,"7850/820/3373/27063",4,FALSE,"Higher_in_IPF","GO_Biological_Process"
"GO:2000027","regulation of animal organ morphogenesis","4/423","77/13537",0.051948051948052,1.66246047097111,1.04696115504478,0.220159131751322,0.633481020404234,0.557489845091206,"89780/6469/80320/186",4,FALSE,"Higher_in_IPF","GO_Biological_Process"
"GO:0043062","extracellular structure organization","12/423","297/13537",0.0404040404040404,1.29302481075531,0.917036016993302,0.220175304891676,0.633481020404234,0.557489845091206,"89780/3549/64116/59350/84830/9806/4317/1361/256764/64386/3249/164656",12,FALSE,"Higher_in_IPF","GO_Biological_Process"
"GO:0045229","external encapsulating structure organization","12/423","297/13537",0.0404040404040404,1.29302481075531,0.917036016993302,0.220175304891676,0.633481020404234,0.557489845091206,"89780/3549/64116/59350/84830/9806/4317/1361/256764/64386/3249/164656",12,FALSE,"Higher_in_IPF","GO_Biological_Process"
"GO:0001658","branching involved in ureteric bud morphogenesis","3/423","52/13537",0.0576923076923077,1.84629023458811,1.0981035431305,0.221297478646013,0.634796223493974,0.558647278926074,"6469/6928/186",3,FALSE,"Higher_in_IPF","GO_Biological_Process"
"GO:0014009","glial cell proliferation","3/423","52/13537",0.0576923076923077,1.84629023458811,1.0981035431305,0.221297478646013,0.634796223493974,0.558647278926074,"6469/6833/1128",3,FALSE,"Higher_in_IPF","GO_Biological_Process"
"GO:0030219","megakaryocyte differentiation","3/423","52/13537",0.0576923076923077,1.84629023458811,1.0981035431305,0.221297478646013,0.634796223493974,0.558647278926074,"5196/80739/2811",3,FALSE,"Higher_in_IPF","GO_Biological_Process"
"GO:0060997","dendritic spine morphogenesis","3/423","52/13537",0.0576923076923077,1.84629023458811,1.0981035431305,0.221297478646013,0.634796223493974,0.558647278926074,"7476/1501/120892",3,FALSE,"Higher_in_IPF","GO_Biological_Process"
"GO:0030856","regulation of epithelial cell differentiation","6/423","130/13537",0.0461538461538462,1.47703218767049,0.981524901706633,0.22151976215568,0.634956795728517,0.558788589221534,"126695/3552/79413/94/247/55273",6,FALSE,"Higher_in_IPF","GO_Biological_Process"
"GO:0050777","negative regulation of immune response","8/423","185/13537",0.0432432432432432,1.38388601367325,0.944197309902599,0.222697669010411,0.637854238771006,0.561338460521367,"11126/722/9173/729230/3135/383/29126/8993",8,FALSE,"Higher_in_IPF","GO_Biological_Process"
"GO:1903522","regulation of blood circulation","9/423","213/13537",0.0422535211267606,1.3522125661772,0.930518695487165,0.223246196840979,0.638946011648318,0.562299266406063,"84525/2243/177/1129/148/27345/79191/3759/186",9,FALSE,"Higher_in_IPF","GO_Biological_Process"
"GO:2000377","regulation of reactive oxygen species metabolic process","6/423","131/13537",0.0458015267175573,1.46575713280277,0.962040425565499,0.226570544595419,0.645811033341981,0.568340773187286,"5446/120892/90527/51181/440503/57126",6,FALSE,"Higher_in_IPF","GO_Biological_Process"
"GO:0051781","positive regulation of cell division","4/423","78/13537",0.0512820512820513,1.64114687518943,1.01987325157634,0.226826629277219,0.645811033341981,0.568340773187286,"3552/6469/994/2277",4,FALSE,"Higher_in_IPF","GO_Biological_Process"
"GO:0099565","chemical synaptic transmission, postsynaptic","4/423","78/13537",0.0512820512820513,1.64114687518943,1.01987325157634,0.226826629277219,0.645811033341981,0.568340773187286,"5590/7476/2890/120892",4,FALSE,"Higher_in_IPF","GO_Biological_Process"
"GO:0002719","negative regulation of cytokine production involved in immune response","2/423","29/13537",0.0689655172413793,2.20705959077199,1.16863785742496,0.229147183933432,0.645811033341981,0.568340773187286,"383/335",2,FALSE,"Higher_in_IPF","GO_Biological_Process"
"GO:0015868","purine ribonucleotide transport","2/423","29/13537",0.0689655172413793,2.20705959077199,1.16863785742496,0.229147183933432,0.645811033341981,0.568340773187286,"57864/2705",2,FALSE,"Higher_in_IPF","GO_Biological_Process"
"GO:0019883","antigen processing and presentation of endogenous antigen","2/423","29/13537",0.0689655172413793,2.20705959077199,1.16863785742496,0.229147183933432,0.645811033341981,0.568340773187286,"3135/563",2,FALSE,"Higher_in_IPF","GO_Biological_Process"
"GO:0030212","hyaluronan metabolic process","2/423","29/13537",0.0689655172413793,2.20705959077199,1.16863785742496,0.229147183933432,0.645811033341981,0.568340773187286,"3373/1950",2,FALSE,"Higher_in_IPF","GO_Biological_Process"
"GO:0032228","regulation of synaptic transmission, GABAergic","2/423","29/13537",0.0689655172413793,2.20705959077199,1.16863785742496,0.229147183933432,0.645811033341981,0.568340773187286,"148/760",2,FALSE,"Higher_in_IPF","GO_Biological_Process"
"GO:0032801","receptor catabolic process","2/423","29/13537",0.0689655172413793,2.20705959077199,1.16863785742496,0.229147183933432,0.645811033341981,0.568340773187286,"255738/83891",2,FALSE,"Higher_in_IPF","GO_Biological_Process"
"GO:0034311","diol metabolic process","2/423","29/13537",0.0689655172413793,2.20705959077199,1.16863785742496,0.229147183933432,0.645811033341981,0.568340773187286,"4036/5593",2,FALSE,"Higher_in_IPF","GO_Biological_Process"
"GO:0045745","positive regulation of G protein-coupled receptor signaling pathway","2/423","29/13537",0.0689655172413793,2.20705959077199,1.16863785742496,0.229147183933432,0.645811033341981,0.568340773187286,"55/120892",2,FALSE,"Higher_in_IPF","GO_Biological_Process"
"GO:0045761","regulation of adenylate cyclase activity","2/423","29/13537",0.0689655172413793,2.20705959077199,1.16863785742496,0.229147183933432,0.645811033341981,0.568340773187286,"729230/84059",2,FALSE,"Higher_in_IPF","GO_Biological_Process"
"GO:0046475","glycerophospholipid catabolic process","2/423","29/13537",0.0689655172413793,2.20705959077199,1.16863785742496,0.229147183933432,0.645811033341981,0.568340773187286,"123745/255189",2,FALSE,"Higher_in_IPF","GO_Biological_Process"
"GO:0046685","response to arsenic-containing substance","2/423","29/13537",0.0689655172413793,2.20705959077199,1.16863785742496,0.229147183933432,0.645811033341981,0.568340773187286,"2890/3162",2,FALSE,"Higher_in_IPF","GO_Biological_Process"
"GO:0048668","collateral sprouting","2/423","29/13537",0.0689655172413793,2.20705959077199,1.16863785742496,0.229147183933432,0.645811033341981,0.568340773187286,"89780/627",2,FALSE,"Higher_in_IPF","GO_Biological_Process"
"GO:0060122","inner ear receptor cell stereocilium organization","2/423","29/13537",0.0689655172413793,2.20705959077199,1.16863785742496,0.229147183933432,0.645811033341981,0.568340773187286,"84059/27443",2,FALSE,"Higher_in_IPF","GO_Biological_Process"
"GO:0097421","liver regeneration","2/423","29/13537",0.0689655172413793,2.20705959077199,1.16863785742496,0.229147183933432,0.645811033341981,0.568340773187286,"3549/1361",2,FALSE,"Higher_in_IPF","GO_Biological_Process"
"GO:0007631","feeding behavior","3/423","53/13537",0.0566037735849057,1.81145456978456,1.06301780823265,0.229580631686704,0.645811033341981,0.568340773187286,"5028/181/56729",3,FALSE,"Higher_in_IPF","GO_Biological_Process"
"GO:0032091","negative regulation of protein binding","3/423","53/13537",0.0566037735849057,1.81145456978456,1.06301780823265,0.229580631686704,0.645811033341981,0.568340773187286,"255738/120892/6590",3,FALSE,"Higher_in_IPF","GO_Biological_Process"
"GO:0045620","negative regulation of lymphocyte differentiation","3/423","53/13537",0.0566037735849057,1.81145456978456,1.06301780823265,0.229580631686704,0.645811033341981,0.568340773187286,"3549/6469/8993",3,FALSE,"Higher_in_IPF","GO_Biological_Process"
"GO:0061371","determination of heart left/right asymmetry","3/423","53/13537",0.0566037735849057,1.81145456978456,1.06301780823265,0.229580631686704,0.645811033341981,0.568340773187286,"89780/3549/6469",3,FALSE,"Higher_in_IPF","GO_Biological_Process"
"GO:0170041","non-proteinogenic amino acid metabolic process","3/423","53/13537",0.0566037735849057,1.81145456978456,1.06301780823265,0.229580631686704,0.645811033341981,0.568340773187286,"383/5625/51733",3,FALSE,"Higher_in_IPF","GO_Biological_Process"
"GO:0007626","locomotory behavior","7/423","159/13537",0.0440251572327044,1.40890910983243,0.931488546590628,0.2298735448695,0.645811033341981,0.568340773187286,"6323/2890/114/120892/7080/84152/3170",7,FALSE,"Higher_in_IPF","GO_Biological_Process"
"GO:0009913","epidermal cell differentiation","7/423","159/13537",0.0440251572327044,1.40890910983243,0.931488546590628,0.2298735448695,0.645811033341981,0.568340773187286,"126695/3552/79413/25833/8796/5493/247",7,FALSE,"Higher_in_IPF","GO_Biological_Process"
"GO:0048839","inner ear development","7/423","159/13537",0.0440251572327044,1.40890910983243,0.931488546590628,0.2298735448695,0.645811033341981,0.568340773187286,"89780/84059/6469/341640/1050/3249/27443",7,FALSE,"Higher_in_IPF","GO_Biological_Process"
"GO:0046660","female sex differentiation","5/423","105/13537",0.0476190476190476,1.52392209839018,0.967918502218408,0.231312700366381,0.649376389705031,0.571478436199294,"56956/4036/5950/26471/56729",5,FALSE,"Higher_in_IPF","GO_Biological_Process"
"GO:0044344","cellular response to fibroblast growth factor stimulus","6/423","132/13537",0.0454545454545455,1.45465291209972,0.942716916797721,0.231658413517757,0.64986908362292,0.571912027494241,"131405/3373/152831/64399/6098/387914",6,FALSE,"Higher_in_IPF","GO_Biological_Process"
"GO:0019362","pyridine nucleotide metabolic process","7/423","160/13537",0.04375,1.40010342789598,0.914325152060215,0.234500701793718,0.656877240974626,0.578079499652893,"2330/5208/51085/80201/2819/26471/51181",7,FALSE,"Higher_in_IPF","GO_Biological_Process"
"GO:0046496","nicotinamide nucleotide metabolic process","7/423","160/13537",0.04375,1.40010342789598,0.914325152060215,0.234500701793718,0.656877240974626,0.578079499652893,"2330/5208/51085/80201/2819/26471/51181",7,FALSE,"Higher_in_IPF","GO_Biological_Process"
"GO:0050920","regulation of chemotaxis","8/423","188/13537",0.0425531914893617,1.36180272622102,0.897168795539577,0.235399702751975,0.658912071192844,0.579870235518061,"57402/89780/3579/1524/729230/177/23604/2277",8,FALSE,"Higher_in_IPF","GO_Biological_Process"
"GO:0045861","negative regulation of proteolysis","6/423","133/13537",0.0451127819548872,1.44371567215912,0.92355155985321,0.2367820886574,0.661602651623707,0.582238059050721,"7850/27074/6469/9806/120892/1361",6,FALSE,"Higher_in_IPF","GO_Biological_Process"
"GO:0090263","positive regulation of canonical Wnt signaling pathway","5/423","106/13537",0.0471698113207547,1.50954547482046,0.945865693694636,0.237094403720108,0.661602651623707,0.582238059050721,"89780/1950/120892/8796/2262",5,FALSE,"Higher_in_IPF","GO_Biological_Process"
"GO:0031589","cell-substrate adhesion","13/423","331/13537",0.0392749244712991,1.25689043160278,0.849814321355698,0.237194423904422,0.661602651623707,0.582238059050721,"5590/10675/2243/9806/335/94/10562/4091/2013/3674/57662/2523/6614",13,FALSE,"Higher_in_IPF","GO_Biological_Process"
"GO:0010563","negative regulation of phosphorus metabolic process","10/423","245/13537",0.0408163265306122,1.3062189414773,0.868695743758579,0.237632130583703,0.661602651623707,0.582238059050721,"5590/79888/100506658/51085/6456/138429/9052/26471/91662/57761",10,FALSE,"Higher_in_IPF","GO_Biological_Process"
"GO:0045936","negative regulation of phosphate metabolic process","10/423","245/13537",0.0408163265306122,1.3062189414773,0.868695743758579,0.237632130583703,0.661602651623707,0.582238059050721,"5590/79888/100506658/51085/6456/138429/9052/26471/91662/57761",10,FALSE,"Higher_in_IPF","GO_Biological_Process"
"GO:0001954","positive regulation of cell-matrix adhesion","3/423","54/13537",0.0555555555555556,1.77790911478855,1.02867986615056,0.237920492582333,0.661602651623707,0.582238059050721,"5590/2013/2523",3,FALSE,"Higher_in_IPF","GO_Biological_Process"
"GO:0009116","nucleoside metabolic process","3/423","54/13537",0.0555555555555556,1.77790911478855,1.02867986615056,0.237920492582333,0.661602651623707,0.582238059050721,"55/140733/51733",3,FALSE,"Higher_in_IPF","GO_Biological_Process"
"GO:0043470","regulation of carbohydrate catabolic process","3/423","54/13537",0.0555555555555556,1.77790911478855,1.02867986615056,0.237920492582333,0.661602651623707,0.582238059050721,"51085/2819/26471",3,FALSE,"Higher_in_IPF","GO_Biological_Process"
"GO:0072132","mesenchyme morphogenesis","3/423","54/13537",0.0555555555555556,1.77790911478855,1.02867986615056,0.237920492582333,0.661602651623707,0.582238059050721,"89780/94/55273",3,FALSE,"Higher_in_IPF","GO_Biological_Process"
"GO:0021700","developmental maturation","11/423","274/13537",0.0401459854014599,1.28476644061362,0.855245839898076,0.239227094742826,0.662371345227561,0.58291454163557,"25893/7855/3549/1524/1080/120892/94/1050/994/50487/10682",11,FALSE,"Higher_in_IPF","GO_Biological_Process"
"GO:0072659","protein localization to plasma membrane","11/423","274/13537",0.0401459854014599,1.28476644061362,0.855245839898076,0.239227094742826,0.662371345227561,0.58291454163557,"5590/89780/22979/5028/5593/3767/256764/2013/9914/92359/84106",11,FALSE,"Higher_in_IPF","GO_Biological_Process"
"GO:0030099","myeloid cell differentiation","15/423","390/13537",0.0384615384615385,1.23086015639207,0.830836800158047,0.239851404649414,0.662371345227561,0.58291454163557,"1441/25893/9173/51208/5196/1437/80739/116071/2811/2194/5657/1050/126014/81027/50487",15,FALSE,"Higher_in_IPF","GO_Biological_Process"
"GO:0001569","branching involved in blood vessel morphogenesis","2/423","30/13537",0.0666666666666667,2.13349093774626,1.11621279531484,0.240799221366122,0.662371345227561,0.58291454163557,"3549/6469",2,FALSE,"Higher_in_IPF","GO_Biological_Process"
"GO:0003161","cardiac conduction system development","2/423","30/13537",0.0666666666666667,2.13349093774626,1.11621279531484,0.240799221366122,0.662371345227561,0.58291454163557,"84525/79191",2,FALSE,"Higher_in_IPF","GO_Biological_Process"
"GO:0006884","cell volume homeostasis","2/423","30/13537",0.0666666666666667,2.13349093774626,1.11621279531484,0.240799221366122,0.662371345227561,0.58291454163557,"6344/361",2,FALSE,"Higher_in_IPF","GO_Biological_Process"
"GO:0010574","regulation of vascular endothelial growth factor production","2/423","30/13537",0.0666666666666667,2.13349093774626,1.11621279531484,0.240799221366122,0.662371345227561,0.58291454163557,"3552/729230",2,FALSE,"Higher_in_IPF","GO_Biological_Process"
"GO:0017145","stem cell division","2/423","30/13537",0.0666666666666667,2.13349093774626,1.11621279531484,0.240799221366122,0.662371345227561,0.58291454163557,"89780/7476",2,FALSE,"Higher_in_IPF","GO_Biological_Process"
"GO:0032366","intracellular sterol transport","2/423","30/13537",0.0666666666666667,2.13349093774626,1.11621279531484,0.240799221366122,0.662371345227561,0.58291454163557,"255738/27346",2,FALSE,"Higher_in_IPF","GO_Biological_Process"
"GO:0033032","regulation of myeloid cell apoptotic process","2/423","30/13537",0.0666666666666667,2.13349093774626,1.11621279531484,0.240799221366122,0.662371345227561,0.58291454163557,"3579/350",2,FALSE,"Higher_in_IPF","GO_Biological_Process"
"GO:0040036","regulation of fibroblast growth factor receptor signaling pathway","2/423","30/13537",0.0666666666666667,2.13349093774626,1.11621279531484,0.240799221366122,0.662371345227561,0.58291454163557,"64399/387914",2,FALSE,"Higher_in_IPF","GO_Biological_Process"
"GO:0043268","positive regulation of potassium ion transport","2/423","30/13537",0.0666666666666667,2.13349093774626,1.11621279531484,0.240799221366122,0.662371345227561,0.58291454163557,"6833/3759",2,FALSE,"Higher_in_IPF","GO_Biological_Process"
"GO:0050732","negative regulation of peptidyl-tyrosine phosphorylation","2/423","30/13537",0.0666666666666667,2.13349093774626,1.11621279531484,0.240799221366122,0.662371345227561,0.58291454163557,"5590/9052",2,FALSE,"Higher_in_IPF","GO_Biological_Process"
"GO:0060914","heart formation","2/423","30/13537",0.0666666666666667,2.13349093774626,1.11621279531484,0.240799221366122,0.662371345227561,0.58291454163557,"4036/2013",2,FALSE,"Higher_in_IPF","GO_Biological_Process"
"GO:0090322","regulation of superoxide metabolic process","2/423","30/13537",0.0666666666666667,2.13349093774626,1.11621279531484,0.240799221366122,0.662371345227561,0.58291454163557,"5446/57126",2,FALSE,"Higher_in_IPF","GO_Biological_Process"
"GO:0008543","fibroblast growth factor receptor signaling pathway","5/423","107/13537",0.0467289719626168,1.49543757318663,0.924039611974673,0.242915845781025,0.666190032681578,0.586275146623913,"131405/152831/64399/6098/387914",5,FALSE,"Higher_in_IPF","GO_Biological_Process"
"GO:0048565","digestive tract development","5/423","107/13537",0.0467289719626168,1.49543757318663,0.924039611974673,0.242915845781025,0.666190032681578,0.586275146623913,"7855/3549/51208/6469/6928",5,FALSE,"Higher_in_IPF","GO_Biological_Process"
"GO:0048706","embryonic skeletal system development","5/423","107/13537",0.0467289719626168,1.49543757318663,0.924039611974673,0.242915845781025,0.666190032681578,0.586275146623913,"3231/3549/3373/6469/5950",5,FALSE,"Higher_in_IPF","GO_Biological_Process"
"GO:0098656","monoatomic anion transmembrane transport","5/423","107/13537",0.0467289719626168,1.49543757318663,0.924039611974673,0.242915845781025,0.666190032681578,0.586275146623913,"115019/116369/53405/1080/9022",5,FALSE,"Higher_in_IPF","GO_Biological_Process"
"GO:0001649","osteoblast differentiation","9/423","218/13537",0.0412844036697248,1.32119851649424,0.858645177255423,0.243059904537831,0.666190032681578,0.586275146623913,"249/89780/3549/651/6469/338557/4091/2194/1050",9,FALSE,"Higher_in_IPF","GO_Biological_Process"
"GO:0048857","neural nucleus development","3/423","55/13537",0.0545454545454545,1.74558349451966,0.995057632798484,0.246311335974152,0.673168704902873,0.592416670632178,"838/7080/4099",3,FALSE,"Higher_in_IPF","GO_Biological_Process"
"GO:0051966","regulation of synaptic transmission, glutamatergic","3/423","55/13537",0.0545454545454545,1.74558349451966,0.995057632798484,0.246311335974152,0.673168704902873,0.592416670632178,"729230/120892/27092",3,FALSE,"Higher_in_IPF","GO_Biological_Process"
"GO:1903556","negative regulation of tumor necrosis factor superfamily cytokine production","3/423","55/13537",0.0545454545454545,1.74558349451966,0.995057632798484,0.246311335974152,0.673168704902873,0.592416670632178,"29126/5004/671",3,FALSE,"Higher_in_IPF","GO_Biological_Process"
"GO:2000107","negative regulation of leukocyte apoptotic process","3/423","55/13537",0.0545454545454545,1.74558349451966,0.995057632798484,0.246311335974152,0.673168704902873,0.592416670632178,"3579/171558/57864",3,FALSE,"Higher_in_IPF","GO_Biological_Process"
"GO:0060537","muscle tissue development","14/423","363/13537",0.0385674931129477,1.23425095572098,0.812500470755783,0.246512615044707,0.67323688429234,0.592476671352086,"89780/4036/7273/3549/7134/84525/6469/148/27063/5950/3767/6445/26471/79191",14,FALSE,"Higher_in_IPF","GO_Biological_Process"
"GO:0002220","innate immune response activating cell surface receptor signaling pathway","4/423","81/13537",0.0493827160493827,1.58036365758982,0.940876228609235,0.247121885041165,0.673482398446683,0.592692734096609,"8547/57402/2867/11027",4,FALSE,"Higher_in_IPF","GO_Biological_Process"
"GO:0061515","myeloid cell development","4/423","81/13537",0.0493827160493827,1.58036365758982,0.940876228609235,0.247121885041165,0.673482398446683,0.592692734096609,"25893/51208/80739/2811",4,FALSE,"Higher_in_IPF","GO_Biological_Process"
"GO:0022898","regulation of transmembrane transporter activity","6/423","135/13537",0.0444444444444444,1.42232729183084,0.885684392921081,0.24713170252064,0.673482398446683,0.592692734096609,"255738/1131/729230/1080/56704/27092",6,FALSE,"Higher_in_IPF","GO_Biological_Process"
"GO:0006006","glucose metabolic process","7/423","163/13537",0.0429447852760736,1.37433465314943,0.863517100392962,0.248563061222238,0.67651244852219,0.59535930514263,"5208/2171/80201/5950/3767/2819/51181",7,FALSE,"Higher_in_IPF","GO_Biological_Process"
"GO:0006090","pyruvate metabolic process","5/423","108/13537",0.0462962962962963,1.48159092899046,0.902435364148614,0.248775138220313,0.67651244852219,0.59535930514263,"5208/51085/80201/2819/26471",5,FALSE,"Higher_in_IPF","GO_Biological_Process"
"GO:0050768","negative regulation of neurogenesis","5/423","108/13537",0.0462962962962963,1.48159092899046,0.902435364148614,0.248775138220313,0.67651244852219,0.59535930514263,"89780/7476/1620/6833/4099",5,FALSE,"Higher_in_IPF","GO_Biological_Process"
"GO:0001911","negative regulation of leukocyte mediated cytotoxicity","2/423","31/13537",0.0645161290322581,2.06466864943186,1.06580979451916,0.252477347025934,0.679410697080427,0.597909885330078,"1524/3135",2,FALSE,"Higher_in_IPF","GO_Biological_Process"
"GO:0002067","glandular epithelial cell differentiation","2/423","31/13537",0.0645161290322581,2.06466864943186,1.06580979451916,0.252477347025934,0.679410697080427,0.597909885330078,"7855/2194",2,FALSE,"Higher_in_IPF","GO_Biological_Process"
"GO:0030517","negative regulation of axon extension","2/423","31/13537",0.0645161290322581,2.06466864943186,1.06580979451916,0.252477347025934,0.679410697080427,0.597909885330078,"89780/4099",2,FALSE,"Higher_in_IPF","GO_Biological_Process"
"GO:0031076","embryonic camera-type eye development","2/423","31/13537",0.0645161290322581,2.06466864943186,1.06580979451916,0.252477347025934,0.679410697080427,0.597909885330078,"7855/3549",2,FALSE,"Higher_in_IPF","GO_Biological_Process"
"GO:0032892","positive regulation of organic acid transport","2/423","31/13537",0.0645161290322581,2.06466864943186,1.06580979451916,0.252477347025934,0.679410697080427,0.597909885330078,"3552/50487",2,FALSE,"Higher_in_IPF","GO_Biological_Process"
"GO:0045601","regulation of endothelial cell differentiation","2/423","31/13537",0.0645161290322581,2.06466864943186,1.06580979451916,0.252477347025934,0.679410697080427,0.597909885330078,"94/55273",2,FALSE,"Higher_in_IPF","GO_Biological_Process"
"GO:0050432","catecholamine secretion","2/423","31/13537",0.0645161290322581,2.06466864943186,1.06580979451916,0.252477347025934,0.679410697080427,0.597909885330078,"5028/7432",2,FALSE,"Higher_in_IPF","GO_Biological_Process"
"GO:0060317","cardiac epithelial to mesenchymal transition","2/423","31/13537",0.0645161290322581,2.06466864943186,1.06580979451916,0.252477347025934,0.679410697080427,0.597909885330078,"2013/55273",2,FALSE,"Higher_in_IPF","GO_Biological_Process"
"GO:1902742","apoptotic process involved in development","2/423","31/13537",0.0645161290322581,2.06466864943186,1.06580979451916,0.252477347025934,0.679410697080427,0.597909885330078,"7855/6928",2,FALSE,"Higher_in_IPF","GO_Biological_Process"
"GO:1903580","positive regulation of ATP metabolic process","2/423","31/13537",0.0645161290322581,2.06466864943186,1.06580979451916,0.252477347025934,0.679410697080427,0.597909885330078,"51085/2819",2,FALSE,"Higher_in_IPF","GO_Biological_Process"
"GO:1903715","regulation of aerobic respiration","2/423","31/13537",0.0645161290322581,2.06466864943186,1.06580979451916,0.252477347025934,0.679410697080427,0.597909885330078,"51085/26471",2,FALSE,"Higher_in_IPF","GO_Biological_Process"
"GO:0070227","lymphocyte apoptotic process","4/423","82/13537",0.0487804878048781,1.56109093005824,0.915263388502306,0.253974437209872,0.679410697080427,0.597909885330078,"171558/29126/57864/79444",4,FALSE,"Higher_in_IPF","GO_Biological_Process"
"GO:0009064","glutamine family amino acid metabolic process","3/423","56/13537",0.0535714285714286,1.71441236068896,0.962120982473335,0.25474755393789,0.679410697080427,0.597909885330078,"284716/383/5625",3,FALSE,"Higher_in_IPF","GO_Biological_Process"
"GO:0051289","protein homotetramerization","3/423","56/13537",0.0535714285714286,1.71441236068896,0.962120982473335,0.25474755393789,0.679410697080427,0.597909885330078,"3759/361/51733",3,FALSE,"Higher_in_IPF","GO_Biological_Process"
"GO:0072577","endothelial cell apoptotic process","3/423","56/13537",0.0535714285714286,1.71441236068896,0.962120982473335,0.25474755393789,0.679410697080427,0.597909885330078,"11126/2243/3135",3,FALSE,"Higher_in_IPF","GO_Biological_Process"
"GO:2001244","positive regulation of intrinsic apoptotic signaling pathway","3/423","56/13537",0.0535714285714286,1.71441236068896,0.962120982473335,0.25474755393789,0.679410697080427,0.597909885330078,"6280/6279/26471",3,FALSE,"Higher_in_IPF","GO_Biological_Process"
"GO:0045088","regulation of innate immune response","16/423","425/13537",0.0376470588235294,1.204794882492,0.770418781673373,0.256542772324951,0.679410697080427,0.597909885330078,"8547/11126/6280/6279/57402/117157/8807/3135/383/29126/57864/4210/146722/2867/11027/51311",16,FALSE,"Higher_in_IPF","GO_Biological_Process"
"GO:0001933","negative regulation of protein phosphorylation","8/423","193/13537",0.0414507772020725,1.32652286284741,0.820534791543547,0.257104150452838,0.679410697080427,0.597909885330078,"5590/100506658/51085/6456/138429/9052/91662/57761",8,FALSE,"Higher_in_IPF","GO_Biological_Process"
"GO:0090257","regulation of muscle system process","8/423","193/13537",0.0414507772020725,1.32652286284741,0.820534791543547,0.257104150452838,0.679410697080427,0.597909885330078,"1131/7134/60675/1129/148/6833/3759/7138",8,FALSE,"Higher_in_IPF","GO_Biological_Process"
"GO:0043010","camera-type eye development","11/423","279/13537",0.039426523297491,1.26174195243058,0.793385390063287,0.257211836066593,0.679410697080427,0.597909885330078,"84879/7855/3549/7476/79888/6469/10319/5950/94/79444/6247",11,FALSE,"Higher_in_IPF","GO_Biological_Process"
"GO:0030177","positive regulation of Wnt signaling pathway","6/423","137/13537",0.0437956204379562,1.40156338976031,0.848417783121325,0.257609022594111,0.679410697080427,0.597909885330078,"89780/1950/6469/120892/8796/2262",6,FALSE,"Higher_in_IPF","GO_Biological_Process"
"GO:0071774","response to fibroblast growth factor","6/423","137/13537",0.0437956204379562,1.40156338976031,0.848417783121325,0.257609022594111,0.679410697080427,0.597909885330078,"131405/3373/152831/64399/6098/387914",6,FALSE,"Higher_in_IPF","GO_Biological_Process"
"GO:0006813","potassium ion transport","7/423","165/13537",0.0424242424242424,1.35767605129307,0.830197492538214,0.258079223634223,0.679410697080427,0.597909885330078,"3767/6833/27345/3759/3249/3787/3772",7,FALSE,"Higher_in_IPF","GO_Biological_Process"
"GO:0060759","regulation of response to cytokine stimulus","7/423","165/13537",0.0424242424242424,1.35767605129307,0.830197492538214,0.258079223634223,0.679410697080427,0.597909885330078,"7850/51208/383/4317/335/146722/79444",7,FALSE,"Higher_in_IPF","GO_Biological_Process"
"GO:0048593","camera-type eye morphogenesis","5/423","110/13537",0.0454545454545455,1.45465291209972,0.859873553988678,0.260599725033245,0.679410697080427,0.597909885330078,"84879/7855/3549/5950/6247",5,FALSE,"Higher_in_IPF","GO_Biological_Process"
"GO:0014013","regulation of gliogenesis","4/423","83/13537",0.0481927710843374,1.5422826055997,0.889993378434097,0.260865715070762,0.679410697080427,0.597909885330078,"4036/6469/6833/4099",4,FALSE,"Higher_in_IPF","GO_Biological_Process"
"GO:0018958","phenol-containing compound metabolic process","4/423","83/13537",0.0481927710843374,1.5422826055997,0.889993378434097,0.260865715070762,0.679410697080427,0.597909885330078,"90527/53905/6799/3249",4,FALSE,"Higher_in_IPF","GO_Biological_Process"
"GO:0019915","lipid storage","4/423","83/13537",0.0481927710843374,1.5422826055997,0.889993378434097,0.260865715070762,0.679410697080427,0.597909885330078,"84649/335/440503/2867",4,FALSE,"Higher_in_IPF","GO_Biological_Process"
"GO:0060021","roof of mouth development","4/423","83/13537",0.0481927710843374,1.5422826055997,0.889993378434097,0.260865715070762,0.679410697080427,0.597909885330078,"89780/7476/6469/64386",4,FALSE,"Higher_in_IPF","GO_Biological_Process"
"GO:0170062","nutrient storage","4/423","83/13537",0.0481927710843374,1.5422826055997,0.889993378434097,0.260865715070762,0.679410697080427,0.597909885330078,"84649/335/440503/2867",4,FALSE,"Higher_in_IPF","GO_Biological_Process"
"GO:1903321","negative regulation of protein modification by small protein conjugation or removal","4/423","83/13537",0.0481927710843374,1.5422826055997,0.889993378434097,0.260865715070762,0.679410697080427,0.597909885330078,"408/84101/55859/84707",4,FALSE,"Higher_in_IPF","GO_Biological_Process"
"GO:0072006","nephron development","6/423","138/13537",0.0434782608695652,1.39140713331278,0.830003364491482,0.262892315775663,0.679410697080427,0.597909885330078,"153572/79192/6469/79191/6928/186",6,FALSE,"Higher_in_IPF","GO_Biological_Process"
"GO:0003143","embryonic heart tube morphogenesis","3/423","57/13537",0.0526315789473684,1.68433495085231,0.929841595023811,0.263223659950145,0.679410697080427,0.597909885330078,"89780/3549/6469",3,FALSE,"Higher_in_IPF","GO_Biological_Process"
"GO:0008347","glial cell migration","3/423","57/13537",0.0526315789473684,1.68433495085231,0.929841595023811,0.263223659950145,0.679410697080427,0.597909885330078,"1524/729230/5028",3,FALSE,"Higher_in_IPF","GO_Biological_Process"
"GO:0019229","regulation of vasoconstriction","3/423","57/13537",0.0526315789473684,1.68433495085231,0.929841595023811,0.263223659950145,0.679410697080427,0.597909885330078,"2243/148/27345",3,FALSE,"Higher_in_IPF","GO_Biological_Process"
"GO:0043525","positive regulation of neuron apoptotic process","3/423","57/13537",0.0526315789473684,1.68433495085231,0.929841595023811,0.263223659950145,0.679410697080427,0.597909885330078,"255738/838/26471",3,FALSE,"Higher_in_IPF","GO_Biological_Process"
"GO:0045682","regulation of epidermis development","3/423","57/13537",0.0526315789473684,1.68433495085231,0.929841595023811,0.263223659950145,0.679410697080427,0.597909885330078,"126695/79413/247",3,FALSE,"Higher_in_IPF","GO_Biological_Process"
"GO:0071300","cellular response to retinoic acid","3/423","57/13537",0.0526315789473684,1.68433495085231,0.929841595023811,0.263223659950145,0.679410697080427,0.597909885330078,"89780/1620/6532",3,FALSE,"Higher_in_IPF","GO_Biological_Process"
"GO:0099003","vesicle-mediated transport in synapse","9/423","223/13537",0.0403587443946188,1.29157523137105,0.788490655841002,0.26345784477512,0.679410697080427,0.597909885330078,"89780/7476/10675/5028/8676/6456/120892/6457/140730",9,FALSE,"Higher_in_IPF","GO_Biological_Process"
"GO:0001916","positive regulation of T cell mediated cytotoxicity","2/423","32/13537",0.0625,2.00014775413712,1.01727793777524,0.264168586726852,0.679410697080427,0.597909885330078,"3135/563",2,FALSE,"Higher_in_IPF","GO_Biological_Process"
"GO:0006775","fat-soluble vitamin metabolic process","2/423","32/13537",0.0625,2.00014775413712,1.01727793777524,0.264168586726852,0.679410697080427,0.597909885330078,"4036/5948",2,FALSE,"Higher_in_IPF","GO_Biological_Process"
"GO:0007435","salivary gland morphogenesis","2/423","32/13537",0.0625,2.00014775413712,1.01727793777524,0.264168586726852,0.679410697080427,0.597909885330078,"6469/80004",2,FALSE,"Higher_in_IPF","GO_Biological_Process"
"GO:0015865","purine nucleotide transport","2/423","32/13537",0.0625,2.00014775413712,1.01727793777524,0.264168586726852,0.679410697080427,0.597909885330078,"57864/2705",2,FALSE,"Higher_in_IPF","GO_Biological_Process"
"GO:0031018","endocrine pancreas development","2/423","32/13537",0.0625,2.00014775413712,1.01727793777524,0.264168586726852,0.679410697080427,0.597909885330078,"6928/3170",2,FALSE,"Higher_in_IPF","GO_Biological_Process"
"GO:0031342","negative regulation of cell killing","2/423","32/13537",0.0625,2.00014775413712,1.01727793777524,0.264168586726852,0.679410697080427,0.597909885330078,"1524/3135",2,FALSE,"Higher_in_IPF","GO_Biological_Process"
"GO:0032373","positive regulation of sterol transport","2/423","32/13537",0.0625,2.00014775413712,1.01727793777524,0.264168586726852,0.679410697080427,0.597909885330078,"335/21",2,FALSE,"Higher_in_IPF","GO_Biological_Process"
"GO:0032376","positive regulation of cholesterol transport","2/423","32/13537",0.0625,2.00014775413712,1.01727793777524,0.264168586726852,0.679410697080427,0.597909885330078,"335/21",2,FALSE,"Higher_in_IPF","GO_Biological_Process"
"GO:0035136","forelimb morphogenesis","2/423","32/13537",0.0625,2.00014775413712,1.01727793777524,0.264168586726852,0.679410697080427,0.597909885330078,"7476/6469",2,FALSE,"Higher_in_IPF","GO_Biological_Process"
"GO:0055078","sodium ion homeostasis","2/423","32/13537",0.0625,2.00014775413712,1.01727793777524,0.264168586726852,0.679410697080427,0.597909885330078,"3552/6337",2,FALSE,"Higher_in_IPF","GO_Biological_Process"
"GO:0071312","cellular response to alkaloid","2/423","32/13537",0.0625,2.00014775413712,1.01727793777524,0.264168586726852,0.679410697080427,0.597909885330078,"114/84152",2,FALSE,"Higher_in_IPF","GO_Biological_Process"
"GO:0090162","establishment of epithelial cell polarity","2/423","32/13537",0.0625,2.00014775413712,1.01727793777524,0.264168586726852,0.679410697080427,0.597909885330078,"6469/57662",2,FALSE,"Higher_in_IPF","GO_Biological_Process"
"GO:0090207","regulation of triglyceride metabolic process","2/423","32/13537",0.0625,2.00014775413712,1.01727793777524,0.264168586726852,0.679410697080427,0.597909885330078,"84879/440503",2,FALSE,"Higher_in_IPF","GO_Biological_Process"
"GO:1904385","cellular response to angiotensin","2/423","32/13537",0.0625,2.00014775413712,1.01727793777524,0.264168586726852,0.679410697080427,0.597909885330078,"760/186",2,FALSE,"Higher_in_IPF","GO_Biological_Process"
"GO:0030534","adult behavior","5/423","111/13537",0.045045045045045,1.44154793090963,0.838906943203081,0.266561251839061,0.679410697080427,0.597909885330078,"6323/181/6532/84152/3170",5,FALSE,"Higher_in_IPF","GO_Biological_Process"
"GO:0007416","synapse assembly","9/423","224/13537",0.0401785714285714,1.28580927051672,0.774658198436006,0.267601120659343,0.679410697080427,0.597909885330078,"89780/7855/64284/7476/2890/9806/10718/627/54621",9,FALSE,"Higher_in_IPF","GO_Biological_Process"
"GO:0006885","regulation of pH","4/423","84/13537",0.0476190476190476,1.52392209839018,0.865056663123793,0.267792751615736,0.679410697080427,0.597909885330078,"1080/760/120892/256764",4,FALSE,"Higher_in_IPF","GO_Biological_Process"
"GO:0008593","regulation of Notch signaling pathway","4/423","84/13537",0.0476190476190476,1.52392209839018,0.865056663123793,0.267792751615736,0.679410697080427,0.597909885330078,"27255/408/120892/94",4,FALSE,"Higher_in_IPF","GO_Biological_Process"
"GO:0005996","monosaccharide metabolic process","9/423","225/13537",0.04,1.28009456264775,0.760890303394912,0.271764233956166,0.679410697080427,0.597909885330078,"5208/2171/2529/80201/5950/3767/2819/51181/2523",9,FALSE,"Higher_in_IPF","GO_Biological_Process"
"GO:0001408","guanine nucleotide transport","1/423","10/13537",0.1,3.20023640661939,1.2500182924063,0.272084587699312,0.679410697080427,0.597909885330078,"57864",1,FALSE,"Higher_in_IPF","GO_Biological_Process"
"GO:0001553","luteinization","1/423","10/13537",0.1,3.20023640661939,1.2500182924063,0.272084587699312,0.679410697080427,0.597909885330078,"56729",1,FALSE,"Higher_in_IPF","GO_Biological_Process"
"GO:0001915","negative regulation of T cell mediated cytotoxicity","1/423","10/13537",0.1,3.20023640661939,1.2500182924063,0.272084587699312,0.679410697080427,0.597909885330078,"3135",1,FALSE,"Higher_in_IPF","GO_Biological_Process"
"GO:0002423","natural killer cell mediated immune response to tumor cell","1/423","10/13537",0.1,3.20023640661939,1.2500182924063,0.272084587699312,0.679410697080427,0.597909885330078,"11126",1,FALSE,"Higher_in_IPF","GO_Biological_Process"
"GO:0003334","keratinocyte development","1/423","10/13537",0.1,3.20023640661939,1.2500182924063,0.272084587699312,0.679410697080427,0.597909885330078,"126695",1,FALSE,"Higher_in_IPF","GO_Biological_Process"
"GO:0006646","phosphatidylethanolamine biosynthetic process","1/423","10/13537",0.1,3.20023640661939,1.2500182924063,0.272084587699312,0.679410697080427,0.597909885330078,"5833",1,FALSE,"Higher_in_IPF","GO_Biological_Process"
"GO:0006863","purine nucleobase transport","1/423","10/13537",0.1,3.20023640661939,1.2500182924063,0.272084587699312,0.679410697080427,0.597909885330078,"3177",1,FALSE,"Higher_in_IPF","GO_Biological_Process"
"GO:0007501","mesodermal cell fate specification","1/423","10/13537",0.1,3.20023640661939,1.2500182924063,0.272084587699312,0.679410697080427,0.597909885330078,"89780",1,FALSE,"Higher_in_IPF","GO_Biological_Process"
"GO:0009313","oligosaccharide catabolic process","1/423","10/13537",0.1,3.20023640661939,1.2500182924063,0.272084587699312,0.679410697080427,0.597909885330078,"8972",1,FALSE,"Higher_in_IPF","GO_Biological_Process"
"GO:0009950","dorsal/ventral axis specification","1/423","10/13537",0.1,3.20023640661939,1.2500182924063,0.272084587699312,0.679410697080427,0.597909885330078,"4091",1,FALSE,"Higher_in_IPF","GO_Biological_Process"
"GO:0010518","positive regulation of phospholipase activity","1/423","10/13537",0.1,3.20023640661939,1.2500182924063,0.272084587699312,0.679410697080427,0.597909885330078,"5319",1,FALSE,"Higher_in_IPF","GO_Biological_Process"
"GO:0010572","positive regulation of platelet activation","1/423","10/13537",0.1,3.20023640661939,1.2500182924063,0.272084587699312,0.679410697080427,0.597909885330078,"2811",1,FALSE,"Higher_in_IPF","GO_Biological_Process"
"GO:0015669","gas transport","1/423","10/13537",0.1,3.20023640661939,1.2500182924063,0.272084587699312,0.679410697080427,0.597909885330078,"760",1,FALSE,"Higher_in_IPF","GO_Biological_Process"
"GO:0015816","glycine transport","1/423","10/13537",0.1,3.20023640661939,1.2500182924063,0.272084587699312,0.679410697080427,0.597909885330078,"11254",1,FALSE,"Higher_in_IPF","GO_Biological_Process"
"GO:0018208","peptidyl-proline modification","1/423","10/13537",0.1,3.20023640661939,1.2500182924063,0.272084587699312,0.679410697080427,0.597909885330078,"55214",1,FALSE,"Higher_in_IPF","GO_Biological_Process"
"GO:0019065","receptor-mediated endocytosis of virus by host cell","1/423","10/13537",0.1,3.20023640661939,1.2500182924063,0.272084587699312,0.679410697080427,0.597909885330078,"6614",1,FALSE,"Higher_in_IPF","GO_Biological_Process"
"GO:0019755","one-carbon compound transport","1/423","10/13537",0.1,3.20023640661939,1.2500182924063,0.272084587699312,0.679410697080427,0.597909885330078,"760",1,FALSE,"Higher_in_IPF","GO_Biological_Process"
"GO:0021516","dorsal spinal cord development","1/423","10/13537",0.1,3.20023640661939,1.2500182924063,0.272084587699312,0.679410697080427,0.597909885330078,"89780",1,FALSE,"Higher_in_IPF","GO_Biological_Process"
"GO:0032000","positive regulation of fatty acid beta-oxidation","1/423","10/13537",0.1,3.20023640661939,1.2500182924063,0.272084587699312,0.679410697080427,0.597909885330078,"440503",1,FALSE,"Higher_in_IPF","GO_Biological_Process"
"GO:0032530","regulation of microvillus organization","1/423","10/13537",0.1,3.20023640661939,1.2500182924063,0.272084587699312,0.679410697080427,0.597909885330078,"5909",1,FALSE,"Higher_in_IPF","GO_Biological_Process"
"GO:0032621","interleukin-18 production","1/423","10/13537",0.1,3.20023640661939,1.2500182924063,0.272084587699312,0.679410697080427,0.597909885330078,"91662",1,FALSE,"Higher_in_IPF","GO_Biological_Process"
"GO:0032661","regulation of interleukin-18 production","1/423","10/13537",0.1,3.20023640661939,1.2500182924063,0.272084587699312,0.679410697080427,0.597909885330078,"91662",1,FALSE,"Higher_in_IPF","GO_Biological_Process"
"GO:0033004","negative regulation of mast cell activation","1/423","10/13537",0.1,3.20023640661939,1.2500182924063,0.272084587699312,0.679410697080427,0.597909885330078,"146722",1,FALSE,"Higher_in_IPF","GO_Biological_Process"
"GO:0033145","positive regulation of intracellular steroid hormone receptor signaling pathway","1/423","10/13537",0.1,3.20023640661939,1.2500182924063,0.272084587699312,0.679410697080427,0.597909885330078,"55885",1,FALSE,"Higher_in_IPF","GO_Biological_Process"
"GO:0034379","very-low-density lipoprotein particle assembly","1/423","10/13537",0.1,3.20023640661939,1.2500182924063,0.272084587699312,0.679410697080427,0.597909885330078,"84879",1,FALSE,"Higher_in_IPF","GO_Biological_Process"
"GO:0034380","high-density lipoprotein particle assembly","1/423","10/13537",0.1,3.20023640661939,1.2500182924063,0.272084587699312,0.679410697080427,0.597909885330078,"335",1,FALSE,"Higher_in_IPF","GO_Biological_Process"
"GO:0034587","piRNA processing","1/423","10/13537",0.1,3.20023640661939,1.2500182924063,0.272084587699312,0.679410697080427,0.597909885330078,"122402",1,FALSE,"Higher_in_IPF","GO_Biological_Process"
"GO:0034635","glutathione transport","1/423","10/13537",0.1,3.20023640661939,1.2500182924063,0.272084587699312,0.679410697080427,0.597909885330078,"4257",1,FALSE,"Higher_in_IPF","GO_Biological_Process"
"GO:0035810","positive regulation of urine volume","1/423","10/13537",0.1,3.20023640661939,1.2500182924063,0.272084587699312,0.679410697080427,0.597909885330078,"4883",1,FALSE,"Higher_in_IPF","GO_Biological_Process"
"GO:0035907","dorsal aorta development","1/423","10/13537",0.1,3.20023640661939,1.2500182924063,0.272084587699312,0.679410697080427,0.597909885330078,"94",1,FALSE,"Higher_in_IPF","GO_Biological_Process"
"GO:0036109","alpha-linolenic acid metabolic process","1/423","10/13537",0.1,3.20023640661939,1.2500182924063,0.272084587699312,0.679410697080427,0.597909885330078,"83401",1,FALSE,"Higher_in_IPF","GO_Biological_Process"
"GO:0036446","myofibroblast differentiation","1/423","10/13537",0.1,3.20023640661939,1.2500182924063,0.272084587699312,0.679410697080427,0.597909885330078,"59350",1,FALSE,"Higher_in_IPF","GO_Biological_Process"
"GO:0038130","ERBB4 signaling pathway","1/423","10/13537",0.1,3.20023640661939,1.2500182924063,0.272084587699312,0.679410697080427,0.597909885330078,"10718",1,FALSE,"Higher_in_IPF","GO_Biological_Process"
"GO:0042693","muscle cell fate commitment","1/423","10/13537",0.1,3.20023640661939,1.2500182924063,0.272084587699312,0.679410697080427,0.597909885330078,"89780",1,FALSE,"Higher_in_IPF","GO_Biological_Process"
"GO:0045117","azole transmembrane transport","1/423","10/13537",0.1,3.20023640661939,1.2500182924063,0.272084587699312,0.679410697080427,0.597909885330078,"80704",1,FALSE,"Higher_in_IPF","GO_Biological_Process"
"GO:0046618","xenobiotic export from cell","1/423","10/13537",0.1,3.20023640661939,1.2500182924063,0.272084587699312,0.679410697080427,0.597909885330078,"21",1,FALSE,"Higher_in_IPF","GO_Biological_Process"
"GO:0048340","paraxial mesoderm morphogenesis","1/423","10/13537",0.1,3.20023640661939,1.2500182924063,0.272084587699312,0.679410697080427,0.597909885330078,"89780",1,FALSE,"Higher_in_IPF","GO_Biological_Process"
"GO:0048755","branching morphogenesis of a nerve","1/423","10/13537",0.1,3.20023640661939,1.2500182924063,0.272084587699312,0.679410697080427,0.597909885330078,"120892",1,FALSE,"Higher_in_IPF","GO_Biological_Process"
"GO:0051000","positive regulation of nitric-oxide synthase activity","1/423","10/13537",0.1,3.20023640661939,1.2500182924063,0.272084587699312,0.679410697080427,0.597909885330078,"4883",1,FALSE,"Higher_in_IPF","GO_Biological_Process"
"GO:0060044","negative regulation of cardiac muscle cell proliferation","1/423","10/13537",0.1,3.20023640661939,1.2500182924063,0.272084587699312,0.679410697080427,0.597909885330078,"5950",1,FALSE,"Higher_in_IPF","GO_Biological_Process"
"GO:0060049","regulation of protein glycosylation","1/423","10/13537",0.1,3.20023640661939,1.2500182924063,0.272084587699312,0.679410697080427,0.597909885330078,"123264",1,FALSE,"Higher_in_IPF","GO_Biological_Process"
"GO:0060075","regulation of resting membrane potential","1/423","10/13537",0.1,3.20023640661939,1.2500182924063,0.272084587699312,0.679410697080427,0.597909885330078,"3759",1,FALSE,"Higher_in_IPF","GO_Biological_Process"
"GO:0060430","lung saccule development","1/423","10/13537",0.1,3.20023640661939,1.2500182924063,0.272084587699312,0.679410697080427,0.597909885330078,"7080",1,FALSE,"Higher_in_IPF","GO_Biological_Process"
"GO:0060628","regulation of ER to Golgi vesicle-mediated transport","1/423","10/13537",0.1,3.20023640661939,1.2500182924063,0.272084587699312,0.679410697080427,0.597909885330078,"120892",1,FALSE,"Higher_in_IPF","GO_Biological_Process"
"GO:0060736","prostate gland growth","1/423","10/13537",0.1,3.20023640661939,1.2500182924063,0.272084587699312,0.679410697080427,0.597909885330078,"6469",1,FALSE,"Higher_in_IPF","GO_Biological_Process"
"GO:0060768","regulation of epithelial cell proliferation involved in prostate gland development","1/423","10/13537",0.1,3.20023640661939,1.2500182924063,0.272084587699312,0.679410697080427,0.597909885330078,"6469",1,FALSE,"Higher_in_IPF","GO_Biological_Process"
"GO:0062042","regulation of cardiac epithelial to mesenchymal transition","1/423","10/13537",0.1,3.20023640661939,1.2500182924063,0.272084587699312,0.679410697080427,0.597909885330078,"2013",1,FALSE,"Higher_in_IPF","GO_Biological_Process"
"GO:0070244","negative regulation of thymocyte apoptotic process","1/423","10/13537",0.1,3.20023640661939,1.2500182924063,0.272084587699312,0.679410697080427,0.597909885330078,"171558",1,FALSE,"Higher_in_IPF","GO_Biological_Process"
"GO:0070586","cell-cell adhesion involved in gastrulation","1/423","10/13537",0.1,3.20023640661939,1.2500182924063,0.272084587699312,0.679410697080427,0.597909885330078,"335",1,FALSE,"Higher_in_IPF","GO_Biological_Process"
"GO:0070729","cyclic nucleotide transport","1/423","10/13537",0.1,3.20023640661939,1.2500182924063,0.272084587699312,0.679410697080427,0.597909885330078,"57864",1,FALSE,"Higher_in_IPF","GO_Biological_Process"
"GO:0072044","collecting duct development","1/423","10/13537",0.1,3.20023640661939,1.2500182924063,0.272084587699312,0.679410697080427,0.597909885330078,"6469",1,FALSE,"Higher_in_IPF","GO_Biological_Process"
"GO:0072172","mesonephric tubule formation","1/423","10/13537",0.1,3.20023640661939,1.2500182924063,0.272084587699312,0.679410697080427,0.597909885330078,"6928",1,FALSE,"Higher_in_IPF","GO_Biological_Process"
"GO:0072203","cell proliferation involved in metanephros development","1/423","10/13537",0.1,3.20023640661939,1.2500182924063,0.272084587699312,0.679410697080427,0.597909885330078,"6469",1,FALSE,"Higher_in_IPF","GO_Biological_Process"
"GO:0090209","negative regulation of triglyceride metabolic process","1/423","10/13537",0.1,3.20023640661939,1.2500182924063,0.272084587699312,0.679410697080427,0.597909885330078,"440503",1,FALSE,"Higher_in_IPF","GO_Biological_Process"
"GO:0099509","regulation of presynaptic cytosolic calcium ion concentration","1/423","10/13537",0.1,3.20023640661939,1.2500182924063,0.272084587699312,0.679410697080427,0.597909885330078,"5028",1,FALSE,"Higher_in_IPF","GO_Biological_Process"
"GO:1900426","positive regulation of defense response to bacterium","1/423","10/13537",0.1,3.20023640661939,1.2500182924063,0.272084587699312,0.679410697080427,0.597909885330078,"5225",1,FALSE,"Higher_in_IPF","GO_Biological_Process"
"GO:1901077","regulation of relaxation of muscle","1/423","10/13537",0.1,3.20023640661939,1.2500182924063,0.272084587699312,0.679410697080427,0.597909885330078,"6833",1,FALSE,"Higher_in_IPF","GO_Biological_Process"
"GO:1901844","regulation of cell communication by electrical coupling involved in cardiac conduction","1/423","10/13537",0.1,3.20023640661939,1.2500182924063,0.272084587699312,0.679410697080427,0.597909885330078,"79191",1,FALSE,"Higher_in_IPF","GO_Biological_Process"
"GO:1902306","negative regulation of sodium ion transmembrane transport","1/423","10/13537",0.1,3.20023640661939,1.2500182924063,0.272084587699312,0.679410697080427,0.597909885330078,"255738",1,FALSE,"Higher_in_IPF","GO_Biological_Process"
"GO:1902965","regulation of protein localization to early endosome","1/423","10/13537",0.1,3.20023640661939,1.2500182924063,0.272084587699312,0.679410697080427,0.597909885330078,"1950",1,FALSE,"Higher_in_IPF","GO_Biological_Process"
"GO:1902966","positive regulation of protein localization to early endosome","1/423","10/13537",0.1,3.20023640661939,1.2500182924063,0.272084587699312,0.679410697080427,0.597909885330078,"1950",1,FALSE,"Higher_in_IPF","GO_Biological_Process"
"GO:1904667","negative regulation of ubiquitin protein ligase activity","1/423","10/13537",0.1,3.20023640661939,1.2500182924063,0.272084587699312,0.679410697080427,0.597909885330078,"84101",1,FALSE,"Higher_in_IPF","GO_Biological_Process"
"GO:1904672","regulation of somatic stem cell population maintenance","1/423","10/13537",0.1,3.20023640661939,1.2500182924063,0.272084587699312,0.679410697080427,0.597909885330078,"6928",1,FALSE,"Higher_in_IPF","GO_Biological_Process"
"GO:1905383","protein localization to presynapse","1/423","10/13537",0.1,3.20023640661939,1.2500182924063,0.272084587699312,0.679410697080427,0.597909885330078,"7476",1,FALSE,"Higher_in_IPF","GO_Biological_Process"
"GO:2000104","negative regulation of DNA-templated DNA replication","1/423","10/13537",0.1,3.20023640661939,1.2500182924063,0.272084587699312,0.679410697080427,0.597909885330078,"57662",1,FALSE,"Higher_in_IPF","GO_Biological_Process"
"GO:2000271","positive regulation of fibroblast apoptotic process","1/423","10/13537",0.1,3.20023640661939,1.2500182924063,0.272084587699312,0.679410697080427,0.597909885330078,"26471",1,FALSE,"Higher_in_IPF","GO_Biological_Process"
"GO:2000562","negative regulation of CD4-positive, alpha-beta T cell proliferation","1/423","10/13537",0.1,3.20023640661939,1.2500182924063,0.272084587699312,0.679410697080427,0.597909885330078,"29126",1,FALSE,"Higher_in_IPF","GO_Biological_Process"
"GO:0009154","purine ribonucleotide catabolic process","5/423","112/13537",0.0446428571428571,1.4286769672408,0.818144058037308,0.272553097077687,0.680135767740268,0.598547977896098,"5208/51085/80201/2819/26471",5,FALSE,"Higher_in_IPF","GO_Biological_Process"
"GO:2000241","regulation of reproductive process","6/423","140/13537",0.0428571428571429,1.37152988855117,0.793600190349578,0.273541634489211,0.681265417706087,0.599542117205985,"3552/5028/6469/26471/56729/994",6,FALSE,"Higher_in_IPF","GO_Biological_Process"
"GO:0019218","regulation of steroid metabolic process","4/423","85/13537",0.0470588235294118,1.505993603115,0.840444088558029,0.274752608679592,0.681265417706087,0.599542117205985,"2330/3552/33/335",4,FALSE,"Higher_in_IPF","GO_Biological_Process"
"GO:1901222","regulation of non-canonical NF-kappaB signal transduction","4/423","85/13537",0.0470588235294118,1.505993603115,0.840444088558029,0.274752608679592,0.681265417706087,0.599542117205985,"8809/177/219790/91662",4,FALSE,"Higher_in_IPF","GO_Biological_Process"
"GO:0006084","acetyl-CoA metabolic process","2/423","33/13537",0.0606060606060606,1.93953721613296,0.97048205611683,0.275860747976325,0.681265417706087,0.599542117205985,"3157/55902",2,FALSE,"Higher_in_IPF","GO_Biological_Process"
"GO:0010464","regulation of mesenchymal cell proliferation","2/423","33/13537",0.0606060606060606,1.93953721613296,0.97048205611683,0.275860747976325,0.681265417706087,0.599542117205985,"3549/6469",2,FALSE,"Higher_in_IPF","GO_Biological_Process"
"GO:0010573","vascular endothelial growth factor production","2/423","33/13537",0.0606060606060606,1.93953721613296,0.97048205611683,0.275860747976325,0.681265417706087,0.599542117205985,"3552/729230",2,FALSE,"Higher_in_IPF","GO_Biological_Process"
"GO:0016202","regulation of striated muscle tissue development","2/423","33/13537",0.0606060606060606,1.93953721613296,0.97048205611683,0.275860747976325,0.681265417706087,0.599542117205985,"89780/6469",2,FALSE,"Higher_in_IPF","GO_Biological_Process"
"GO:0032743","positive regulation of interleukin-2 production","2/423","33/13537",0.0606060606060606,1.93953721613296,0.97048205611683,0.275860747976325,0.681265417706087,0.599542117205985,"3552/729230",2,FALSE,"Higher_in_IPF","GO_Biological_Process"
"GO:0045730","respiratory burst","2/423","33/13537",0.0606060606060606,1.93953721613296,0.97048205611683,0.275860747976325,0.681265417706087,0.599542117205985,"6280/4353",2,FALSE,"Higher_in_IPF","GO_Biological_Process"
"GO:0045981","positive regulation of nucleotide metabolic process","2/423","33/13537",0.0606060606060606,1.93953721613296,0.97048205611683,0.275860747976325,0.681265417706087,0.599542117205985,"51085/2819",2,FALSE,"Higher_in_IPF","GO_Biological_Process"
"GO:0051438","regulation of ubiquitin-protein transferase activity","2/423","33/13537",0.0606060606060606,1.93953721613296,0.97048205611683,0.275860747976325,0.681265417706087,0.599542117205985,"84101/57761",2,FALSE,"Higher_in_IPF","GO_Biological_Process"
"GO:0061097","regulation of protein tyrosine kinase activity","2/423","33/13537",0.0606060606060606,1.93953721613296,0.97048205611683,0.275860747976325,0.681265417706087,0.599542117205985,"9052/353514",2,FALSE,"Higher_in_IPF","GO_Biological_Process"
"GO:0090022","regulation of neutrophil chemotaxis","2/423","33/13537",0.0606060606060606,1.93953721613296,0.97048205611683,0.275860747976325,0.681265417706087,0.599542117205985,"3579/23604",2,FALSE,"Higher_in_IPF","GO_Biological_Process"
"GO:0090183","regulation of kidney development","2/423","33/13537",0.0606060606060606,1.93953721613296,0.97048205611683,0.275860747976325,0.681265417706087,0.599542117205985,"6928/186",2,FALSE,"Higher_in_IPF","GO_Biological_Process"
"GO:0120178","steroid hormone biosynthetic process","2/423","33/13537",0.0606060606060606,1.93953721613296,0.97048205611683,0.275860747976325,0.681265417706087,0.599542117205985,"8630/3294",2,FALSE,"Higher_in_IPF","GO_Biological_Process"
"GO:1900544","positive regulation of purine nucleotide metabolic process","2/423","33/13537",0.0606060606060606,1.93953721613296,0.97048205611683,0.275860747976325,0.681265417706087,0.599542117205985,"51085/2819",2,FALSE,"Higher_in_IPF","GO_Biological_Process"
"GO:0014706","striated muscle tissue development","13/423","343/13537",0.0379008746355685,1.21291758851464,0.717328565644416,0.276857836232987,0.683285855680377,0.601320187293364,"89780/4036/7273/7134/84525/6469/148/27063/5950/3767/6445/26471/79191",13,FALSE,"Higher_in_IPF","GO_Biological_Process"
"GO:0001952","regulation of cell-matrix adhesion","5/423","113/13537",0.0442477876106195,1.41603380823867,0.797580708804086,0.278573391080106,0.686000089886113,0.603708827139167,"5590/94/2013/57662/2523",5,FALSE,"Higher_in_IPF","GO_Biological_Process"
"GO:0009185","ribonucleoside diphosphate metabolic process","5/423","113/13537",0.0442477876106195,1.41603380823867,0.797580708804086,0.278573391080106,0.686000089886113,0.603708827139167,"5208/51085/80201/2819/26471",5,FALSE,"Higher_in_IPF","GO_Biological_Process"
"GO:0002931","response to ischemia","3/423","59/13537",0.0508474576271186,1.62723885082342,0.867149538184185,0.280274217107831,0.686000089886113,0.603708827139167,"1524/4883/3767",3,FALSE,"Higher_in_IPF","GO_Biological_Process"
"GO:0014015","positive regulation of gliogenesis","3/423","59/13537",0.0508474576271186,1.62723885082342,0.867149538184185,0.280274217107831,0.686000089886113,0.603708827139167,"4036/6469/4099",3,FALSE,"Higher_in_IPF","GO_Biological_Process"
"GO:0035904","aorta development","3/423","59/13537",0.0508474576271186,1.62723885082342,0.867149538184185,0.280274217107831,0.686000089886113,0.603708827139167,"4036/94/4091",3,FALSE,"Higher_in_IPF","GO_Biological_Process"
"GO:0038034","signal transduction in absence of ligand","3/423","59/13537",0.0508474576271186,1.62723885082342,0.867149538184185,0.280274217107831,0.686000089886113,0.603708827139167,"3552/5196/1437",3,FALSE,"Higher_in_IPF","GO_Biological_Process"
"GO:0048645","animal organ formation","3/423","59/13537",0.0508474576271186,1.62723885082342,0.867149538184185,0.280274217107831,0.686000089886113,0.603708827139167,"4036/6469/2013",3,FALSE,"Higher_in_IPF","GO_Biological_Process"
"GO:0051149","positive regulation of muscle cell differentiation","3/423","59/13537",0.0508474576271186,1.62723885082342,0.867149538184185,0.280274217107831,0.686000089886113,0.603708827139167,"89780/84525/6469",3,FALSE,"Higher_in_IPF","GO_Biological_Process"
"GO:0060675","ureteric bud morphogenesis","3/423","59/13537",0.0508474576271186,1.62723885082342,0.867149538184185,0.280274217107831,0.686000089886113,0.603708827139167,"6469/6928/186",3,FALSE,"Higher_in_IPF","GO_Biological_Process"
"GO:0097192","extrinsic apoptotic signaling pathway in absence of ligand","3/423","59/13537",0.0508474576271186,1.62723885082342,0.867149538184185,0.280274217107831,0.686000089886113,0.603708827139167,"3552/5196/1437",3,FALSE,"Higher_in_IPF","GO_Biological_Process"
"GO:1905517","macrophage migration","3/423","59/13537",0.0508474576271186,1.62723885082342,0.867149538184185,0.280274217107831,0.686000089886113,0.603708827139167,"1524/729230/6441",3,FALSE,"Higher_in_IPF","GO_Biological_Process"
"GO:0010507","negative regulation of autophagy","4/423","86/13537",0.0465116279069767,1.48848204959041,0.816146862348228,0.28174237940425,0.686000089886113,0.603708827139167,"148/120892/26471/3162",4,FALSE,"Higher_in_IPF","GO_Biological_Process"
"GO:0048709","oligodendrocyte differentiation","4/423","86/13537",0.0465116279069767,1.48848204959041,0.816146862348228,0.28174237940425,0.686000089886113,0.603708827139167,"6469/745/7080/4099",4,FALSE,"Higher_in_IPF","GO_Biological_Process"
"GO:0002218","activation of innate immune response","11/423","286/13537",0.0384615384615385,1.23086015639207,0.708688592229283,0.283133370818587,0.686000089886113,0.603708827139167,"8547/6280/6279/57402/29126/57864/4210/146722/2867/11027/51311",11,FALSE,"Higher_in_IPF","GO_Biological_Process"
"GO:0090287","regulation of cellular response to growth factor stimulus","11/423","286/13537",0.0384615384615385,1.23086015639207,0.708688592229283,0.283133370818587,0.686000089886113,0.603708827139167,"4036/79674/64399/83891/23089/94/387914/7080/4091/164656/186",11,FALSE,"Higher_in_IPF","GO_Biological_Process"
"GO:0009166","nucleotide catabolic process","6/423","142/13537",0.0422535211267606,1.3522125661772,0.757749095571502,0.284292543590732,0.686000089886113,0.603708827139167,"5208/51085/80201/2819/26471/51733",6,FALSE,"Higher_in_IPF","GO_Biological_Process"
"GO:0046488","phosphatidylinositol metabolic process","6/423","142/13537",0.0422535211267606,1.3522125661772,0.757749095571502,0.284292543590732,0.686000089886113,0.603708827139167,"22979/8395/138429/374462/123745/50487",6,FALSE,"Higher_in_IPF","GO_Biological_Process"
"GO:0043588","skin development","9/423","228/13537",0.0394736842105263,1.26325121313923,0.719967444696068,0.284366548035065,0.686000089886113,0.603708827139167,"126695/1718/3552/79413/6469/25833/8796/5493/247",9,FALSE,"Higher_in_IPF","GO_Biological_Process"
"GO:0014888","striated muscle adaptation","2/423","34/13537",0.0588235294117647,1.88249200389376,0.925300657083261,0.287542383986225,0.686000089886113,0.603708827139167,"7134/7138",2,FALSE,"Higher_in_IPF","GO_Biological_Process"
"GO:0016266","O-glycan processing","2/423","34/13537",0.0588235294117647,1.88249200389376,0.925300657083261,0.287542383986225,0.686000089886113,0.603708827139167,"114805/374907",2,FALSE,"Higher_in_IPF","GO_Biological_Process"
"GO:0030224","monocyte differentiation","2/423","34/13537",0.0588235294117647,1.88249200389376,0.925300657083261,0.287542383986225,0.686000089886113,0.603708827139167,"1437/2194",2,FALSE,"Higher_in_IPF","GO_Biological_Process"
"GO:0032735","positive regulation of interleukin-12 production","2/423","34/13537",0.0588235294117647,1.88249200389376,0.925300657083261,0.287542383986225,0.686000089886113,0.603708827139167,"3135/177",2,FALSE,"Higher_in_IPF","GO_Biological_Process"
"GO:0034405","response to fluid shear stress","2/423","34/13537",0.0588235294117647,1.88249200389376,0.925300657083261,0.287542383986225,0.686000089886113,0.603708827139167,"1437/4091",2,FALSE,"Higher_in_IPF","GO_Biological_Process"
"GO:0043537","negative regulation of blood vessel endothelial cell migration","2/423","34/13537",0.0588235294117647,1.88249200389376,0.925300657083261,0.287542383986225,0.686000089886113,0.603708827139167,"94/186",2,FALSE,"Higher_in_IPF","GO_Biological_Process"
"GO:0043647","inositol phosphate metabolic process","2/423","34/13537",0.0588235294117647,1.88249200389376,0.925300657083261,0.287542383986225,0.686000089886113,0.603708827139167,"51744/5028",2,FALSE,"Higher_in_IPF","GO_Biological_Process"
"GO:0045616","regulation of keratinocyte differentiation","2/423","34/13537",0.0588235294117647,1.88249200389376,0.925300657083261,0.287542383986225,0.686000089886113,0.603708827139167,"79413/247",2,FALSE,"Higher_in_IPF","GO_Biological_Process"
"GO:0045746","negative regulation of Notch signaling pathway","2/423","34/13537",0.0588235294117647,1.88249200389376,0.925300657083261,0.287542383986225,0.686000089886113,0.603708827139167,"408/120892",2,FALSE,"Higher_in_IPF","GO_Biological_Process"
"GO:0045920","negative regulation of exocytosis","2/423","34/13537",0.0588235294117647,1.88249200389376,0.925300657083261,0.287542383986225,0.686000089886113,0.603708827139167,"729230/29091",2,FALSE,"Higher_in_IPF","GO_Biological_Process"
"GO:0071402","cellular response to lipoprotein particle stimulus","2/423","34/13537",0.0588235294117647,1.88249200389376,0.925300657083261,0.287542383986225,0.686000089886113,0.603708827139167,"84830/335",2,FALSE,"Higher_in_IPF","GO_Biological_Process"
"GO:1905332","positive regulation of morphogenesis of an epithelium","2/423","34/13537",0.0588235294117647,1.88249200389376,0.925300657083261,0.287542383986225,0.686000089886113,0.603708827139167,"1950/186",2,FALSE,"Higher_in_IPF","GO_Biological_Process"
"GO:0043500","muscle adaptation","4/423","87/13537",0.0459770114942529,1.47137306051466,0.792156535318555,0.288759190551182,0.686000089886113,0.603708827139167,"7134/148/7138/3162",4,FALSE,"Higher_in_IPF","GO_Biological_Process"
"GO:1901874","negative regulation of post-translational protein modification","4/423","87/13537",0.0459770114942529,1.47137306051466,0.792156535318555,0.288759190551182,0.686000089886113,0.603708827139167,"408/84101/55859/84707",4,FALSE,"Higher_in_IPF","GO_Biological_Process"
"GO:0034605","cellular response to heat","3/423","60/13537",0.05,1.60011820330969,0.836688073167928,0.288838330603133,0.686000089886113,0.603708827139167,"3310/3552/3162",3,FALSE,"Higher_in_IPF","GO_Biological_Process"
"GO:0045576","mast cell activation","3/423","60/13537",0.05,1.60011820330969,0.836688073167928,0.288838330603133,0.686000089886113,0.603708827139167,"6283/146722/50487",3,FALSE,"Higher_in_IPF","GO_Biological_Process"
"GO:0060390","regulation of SMAD protein signal transduction","3/423","60/13537",0.05,1.60011820330969,0.836688073167928,0.288838330603133,0.686000089886113,0.603708827139167,"79674/94/4091",3,FALSE,"Higher_in_IPF","GO_Biological_Process"
"GO:0070231","T cell apoptotic process","3/423","60/13537",0.05,1.60011820330969,0.836688073167928,0.288838330603133,0.686000089886113,0.603708827139167,"171558/29126/57864",3,FALSE,"Higher_in_IPF","GO_Biological_Process"
"GO:0072171","mesonephric tubule morphogenesis","3/423","60/13537",0.05,1.60011820330969,0.836688073167928,0.288838330603133,0.686000089886113,0.603708827139167,"6469/6928/186",3,FALSE,"Higher_in_IPF","GO_Biological_Process"
"GO:0051961","negative regulation of nervous system development","5/423","115/13537",0.0434782608695652,1.39140713331278,0.757036477179243,0.290691889735816,0.686000089886113,0.603708827139167,"89780/7476/1620/6833/4099",5,FALSE,"Higher_in_IPF","GO_Biological_Process"
"GO:0055123","digestive system development","5/423","115/13537",0.0434782608695652,1.39140713331278,0.757036477179243,0.290691889735816,0.686000089886113,0.603708827139167,"7855/3549/51208/6469/6928",5,FALSE,"Higher_in_IPF","GO_Biological_Process"
"GO:0001660","fever generation","1/423","11/13537",0.0909090909090909,2.90930582419944,1.13771874941891,0.294847078968861,0.686000089886113,0.603708827139167,"3552",1,FALSE,"Higher_in_IPF","GO_Biological_Process"
"GO:0001787","natural killer cell proliferation","1/423","11/13537",0.0909090909090909,2.90930582419944,1.13771874941891,0.294847078968861,0.686000089886113,0.603708827139167,"2013",1,FALSE,"Higher_in_IPF","GO_Biological_Process"
"GO:0001886","endothelial cell morphogenesis","1/423","11/13537",0.0909090909090909,2.90930582419944,1.13771874941891,0.294847078968861,0.686000089886113,0.603708827139167,"26084",1,FALSE,"Higher_in_IPF","GO_Biological_Process"
"GO:0001977","renal system process involved in regulation of blood volume","1/423","11/13537",0.0909090909090909,2.90930582419944,1.13771874941891,0.294847078968861,0.686000089886113,0.603708827139167,"2013",1,FALSE,"Higher_in_IPF","GO_Biological_Process"
"GO:0002029","desensitization of G protein-coupled receptor signaling pathway","1/423","11/13537",0.0909090909090909,2.90930582419944,1.13771874941891,0.294847078968861,0.686000089886113,0.603708827139167,"408",1,FALSE,"Higher_in_IPF","GO_Biological_Process"
"GO:0002069","columnar/cuboidal epithelial cell maturation","1/423","11/13537",0.0909090909090909,2.90930582419944,1.13771874941891,0.294847078968861,0.686000089886113,0.603708827139167,"7855",1,FALSE,"Higher_in_IPF","GO_Biological_Process"
"GO:0002551","mast cell chemotaxis","1/423","11/13537",0.0909090909090909,2.90930582419944,1.13771874941891,0.294847078968861,0.686000089886113,0.603708827139167,"2277",1,FALSE,"Higher_in_IPF","GO_Biological_Process"
"GO:0002645","positive regulation of tolerance induction","1/423","11/13537",0.0909090909090909,2.90930582419944,1.13771874941891,0.294847078968861,0.686000089886113,0.603708827139167,"3135",1,FALSE,"Higher_in_IPF","GO_Biological_Process"
"GO:0006000","fructose metabolic process","1/423","11/13537",0.0909090909090909,2.90930582419944,1.13771874941891,0.294847078968861,0.686000089886113,0.603708827139167,"5208",1,FALSE,"Higher_in_IPF","GO_Biological_Process"
"GO:0007175","negative regulation of epidermal growth factor-activated receptor activity","1/423","11/13537",0.0909090909090909,2.90930582419944,1.13771874941891,0.294847078968861,0.686000089886113,0.603708827139167,"9052",1,FALSE,"Higher_in_IPF","GO_Biological_Process"
"GO:0007567","parturition","1/423","11/13537",0.0909090909090909,2.90930582419944,1.13771874941891,0.294847078968861,0.686000089886113,0.603708827139167,"59350",1,FALSE,"Higher_in_IPF","GO_Biological_Process"
"GO:0009078","pyruvate family amino acid metabolic process","1/423","11/13537",0.0909090909090909,2.90930582419944,1.13771874941891,0.294847078968861,0.686000089886113,0.603708827139167,"56922",1,FALSE,"Higher_in_IPF","GO_Biological_Process"
"GO:0009176","pyrimidine deoxyribonucleoside monophosphate metabolic process","1/423","11/13537",0.0909090909090909,2.90930582419944,1.13771874941891,0.294847078968861,0.686000089886113,0.603708827139167,"51733",1,FALSE,"Higher_in_IPF","GO_Biological_Process"
"GO:0010917","negative regulation of mitochondrial membrane potential","1/423","11/13537",0.0909090909090909,2.90930582419944,1.13771874941891,0.294847078968861,0.686000089886113,0.603708827139167,"138429",1,FALSE,"Higher_in_IPF","GO_Biological_Process"
"GO:0015801","aromatic amino acid transport","1/423","11/13537",0.0909090909090909,2.90930582419944,1.13771874941891,0.294847078968861,0.686000089886113,0.603708827139167,"11254",1,FALSE,"Higher_in_IPF","GO_Biological_Process"
"GO:0015838","amino-acid betaine transport","1/423","11/13537",0.0909090909090909,2.90930582419944,1.13771874941891,0.294847078968861,0.686000089886113,0.603708827139167,"11254",1,FALSE,"Higher_in_IPF","GO_Biological_Process"
"GO:0015851","nucleobase transport","1/423","11/13537",0.0909090909090909,2.90930582419944,1.13771874941891,0.294847078968861,0.686000089886113,0.603708827139167,"3177",1,FALSE,"Higher_in_IPF","GO_Biological_Process"
"GO:0016553","base conversion or substitution editing","1/423","11/13537",0.0909090909090909,2.90930582419944,1.13771874941891,0.294847078968861,0.686000089886113,0.603708827139167,"105",1,FALSE,"Higher_in_IPF","GO_Biological_Process"
"GO:0021511","spinal cord patterning","1/423","11/13537",0.0909090909090909,2.90930582419944,1.13771874941891,0.294847078968861,0.686000089886113,0.603708827139167,"6469",1,FALSE,"Higher_in_IPF","GO_Biological_Process"
"GO:0021681","cerebellar granular layer development","1/423","11/13537",0.0909090909090909,2.90930582419944,1.13771874941891,0.294847078968861,0.686000089886113,0.603708827139167,"7476",1,FALSE,"Higher_in_IPF","GO_Biological_Process"
"GO:0030007","intracellular potassium ion homeostasis","1/423","11/13537",0.0909090909090909,2.90930582419944,1.13771874941891,0.294847078968861,0.686000089886113,0.603708827139167,"3759",1,FALSE,"Higher_in_IPF","GO_Biological_Process"
"GO:0031987","locomotion involved in locomotory behavior","1/423","11/13537",0.0909090909090909,2.90930582419944,1.13771874941891,0.294847078968861,0.686000089886113,0.603708827139167,"2890",1,FALSE,"Higher_in_IPF","GO_Biological_Process"
"GO:0032060","bleb assembly","1/423","11/13537",0.0909090909090909,2.90930582419944,1.13771874941891,0.294847078968861,0.686000089886113,0.603708827139167,"2013",1,FALSE,"Higher_in_IPF","GO_Biological_Process"
"GO:0032823","regulation of natural killer cell differentiation","1/423","11/13537",0.0909090909090909,2.90930582419944,1.13771874941891,0.294847078968861,0.686000089886113,0.603708827139167,"8993",1,FALSE,"Higher_in_IPF","GO_Biological_Process"
"GO:0033629","negative regulation of cell adhesion mediated by integrin","1/423","11/13537",0.0909090909090909,2.90930582419944,1.13771874941891,0.294847078968861,0.686000089886113,0.603708827139167,"4582",1,FALSE,"Higher_in_IPF","GO_Biological_Process"
"GO:0035771","interleukin-4-mediated signaling pathway","1/423","11/13537",0.0909090909090909,2.90930582419944,1.13771874941891,0.294847078968861,0.686000089886113,0.603708827139167,"146722",1,FALSE,"Higher_in_IPF","GO_Biological_Process"
"GO:0035845","photoreceptor cell outer segment organization","1/423","11/13537",0.0909090909090909,2.90930582419944,1.13771874941891,0.294847078968861,0.686000089886113,0.603708827139167,"84879",1,FALSE,"Higher_in_IPF","GO_Biological_Process"
"GO:0042749","regulation of circadian sleep/wake cycle","1/423","11/13537",0.0909090909090909,2.90930582419944,1.13771874941891,0.294847078968861,0.686000089886113,0.603708827139167,"1437",1,FALSE,"Higher_in_IPF","GO_Biological_Process"
"GO:0042939","tripeptide transport","1/423","11/13537",0.0909090909090909,2.90930582419944,1.13771874941891,0.294847078968861,0.686000089886113,0.603708827139167,"4257",1,FALSE,"Higher_in_IPF","GO_Biological_Process"
"GO:0044241","lipid digestion","1/423","11/13537",0.0909090909090909,2.90930582419944,1.13771874941891,0.294847078968861,0.686000089886113,0.603708827139167,"335",1,FALSE,"Higher_in_IPF","GO_Biological_Process"
"GO:0045060","negative thymic T cell selection","1/423","11/13537",0.0909090909090909,2.90930582419944,1.13771874941891,0.294847078968861,0.686000089886113,0.603708827139167,"6469",1,FALSE,"Higher_in_IPF","GO_Biological_Process"
"GO:0050802","circadian sleep/wake cycle, sleep","1/423","11/13537",0.0909090909090909,2.90930582419944,1.13771874941891,0.294847078968861,0.686000089886113,0.603708827139167,"1437",1,FALSE,"Higher_in_IPF","GO_Biological_Process"
"GO:0051386","regulation of neurotrophin TRK receptor signaling pathway","1/423","11/13537",0.0909090909090909,2.90930582419944,1.13771874941891,0.294847078968861,0.686000089886113,0.603708827139167,"186",1,FALSE,"Higher_in_IPF","GO_Biological_Process"
"GO:0051791","medium-chain fatty acid metabolic process","1/423","11/13537",0.0909090909090909,2.90930582419944,1.13771874941891,0.294847078968861,0.686000089886113,0.603708827139167,"55301",1,FALSE,"Higher_in_IPF","GO_Biological_Process"
"GO:0060439","trachea morphogenesis","1/423","11/13537",0.0909090909090909,2.90930582419944,1.13771874941891,0.294847078968861,0.686000089886113,0.603708827139167,"6469",1,FALSE,"Higher_in_IPF","GO_Biological_Process"
"GO:0060601","lateral sprouting from an epithelium","1/423","11/13537",0.0909090909090909,2.90930582419944,1.13771874941891,0.294847078968861,0.686000089886113,0.603708827139167,"6469",1,FALSE,"Higher_in_IPF","GO_Biological_Process"
"GO:0060767","epithelial cell proliferation involved in prostate gland development","1/423","11/13537",0.0909090909090909,2.90930582419944,1.13771874941891,0.294847078968861,0.686000089886113,0.603708827139167,"6469",1,FALSE,"Higher_in_IPF","GO_Biological_Process"
"GO:0060911","cardiac cell fate commitment","1/423","11/13537",0.0909090909090909,2.90930582419944,1.13771874941891,0.294847078968861,0.686000089886113,0.603708827139167,"89780",1,FALSE,"Higher_in_IPF","GO_Biological_Process"
"GO:0070141","response to UV-A","1/423","11/13537",0.0909090909090909,2.90930582419944,1.13771874941891,0.294847078968861,0.686000089886113,0.603708827139167,"4311",1,FALSE,"Higher_in_IPF","GO_Biological_Process"
"GO:0071389","cellular response to mineralocorticoid stimulus","1/423","11/13537",0.0909090909090909,2.90930582419944,1.13771874941891,0.294847078968861,0.686000089886113,0.603708827139167,"6337",1,FALSE,"Higher_in_IPF","GO_Biological_Process"
"GO:0090161","Golgi ribbon formation","1/423","11/13537",0.0909090909090909,2.90930582419944,1.13771874941891,0.294847078968861,0.686000089886113,0.603708827139167,"85462",1,FALSE,"Higher_in_IPF","GO_Biological_Process"
"GO:0090494","dopamine uptake","1/423","11/13537",0.0909090909090909,2.90930582419944,1.13771874941891,0.294847078968861,0.686000089886113,0.603708827139167,"6581",1,FALSE,"Higher_in_IPF","GO_Biological_Process"
"GO:0090557","establishment of endothelial intestinal barrier","1/423","11/13537",0.0909090909090909,2.90930582419944,1.13771874941891,0.294847078968861,0.686000089886113,0.603708827139167,"2194",1,FALSE,"Higher_in_IPF","GO_Biological_Process"
"GO:0097011","cellular response to granulocyte macrophage colony-stimulating factor stimulus","1/423","11/13537",0.0909090909090909,2.90930582419944,1.13771874941891,0.294847078968861,0.686000089886113,0.603708827139167,"1437",1,FALSE,"Higher_in_IPF","GO_Biological_Process"
"GO:0097012","response to granulocyte macrophage colony-stimulating factor","1/423","11/13537",0.0909090909090909,2.90930582419944,1.13771874941891,0.294847078968861,0.686000089886113,0.603708827139167,"1437",1,FALSE,"Higher_in_IPF","GO_Biological_Process"
"GO:0097067","cellular response to thyroid hormone stimulus","1/423","11/13537",0.0909090909090909,2.90930582419944,1.13771874941891,0.294847078968861,0.686000089886113,0.603708827139167,"1512",1,FALSE,"Higher_in_IPF","GO_Biological_Process"
"GO:0098528","skeletal muscle fiber differentiation","1/423","11/13537",0.0909090909090909,2.90930582419944,1.13771874941891,0.294847078968861,0.686000089886113,0.603708827139167,"6469",1,FALSE,"Higher_in_IPF","GO_Biological_Process"
"GO:0098814","spontaneous synaptic transmission","1/423","11/13537",0.0909090909090909,2.90930582419944,1.13771874941891,0.294847078968861,0.686000089886113,0.603708827139167,"177",1,FALSE,"Higher_in_IPF","GO_Biological_Process"
"GO:0098937","anterograde dendritic transport","1/423","11/13537",0.0909090909090909,2.90930582419944,1.13771874941891,0.294847078968861,0.686000089886113,0.603708827139167,"64284",1,FALSE,"Higher_in_IPF","GO_Biological_Process"
"GO:0140052","cellular response to oxidised low-density lipoprotein particle stimulus","1/423","11/13537",0.0909090909090909,2.90930582419944,1.13771874941891,0.294847078968861,0.686000089886113,0.603708827139167,"84830",1,FALSE,"Higher_in_IPF","GO_Biological_Process"
"GO:1905962","glutamatergic neuron differentiation","1/423","11/13537",0.0909090909090909,2.90930582419944,1.13771874941891,0.294847078968861,0.686000089886113,0.603708827139167,"7476",1,FALSE,"Higher_in_IPF","GO_Biological_Process"
"GO:1990709","presynaptic active zone organization","1/423","11/13537",0.0909090909090909,2.90930582419944,1.13771874941891,0.294847078968861,0.686000089886113,0.603708827139167,"140730",1,FALSE,"Higher_in_IPF","GO_Biological_Process"
"GO:2000774","positive regulation of cellular senescence","1/423","11/13537",0.0909090909090909,2.90930582419944,1.13771874941891,0.294847078968861,0.686000089886113,0.603708827139167,"3135",1,FALSE,"Higher_in_IPF","GO_Biological_Process"
"GO:2001204","regulation of osteoclast development","1/423","11/13537",0.0909090909090909,2.90930582419944,1.13771874941891,0.294847078968861,0.686000089886113,0.603708827139167,"51208",1,FALSE,"Higher_in_IPF","GO_Biological_Process"
"GO:2001223","negative regulation of neuron migration","1/423","11/13537",0.0909090909090909,2.90930582419944,1.13771874941891,0.294847078968861,0.686000089886113,0.603708827139167,"10718",1,FALSE,"Higher_in_IPF","GO_Biological_Process"
"GO:0032409","regulation of transporter activity","6/423","144/13537",0.0416666666666667,1.33343183609141,0.722432278969267,0.295134593712843,0.68623674561474,0.603917094097833,"255738/1131/729230/1080/56704/27092",6,FALSE,"Higher_in_IPF","GO_Biological_Process"
"GO:0009896","positive regulation of catabolic process","18/423","498/13537",0.036144578313253,1.15671195419978,0.639944663579627,0.295704213161033,0.68623674561474,0.603917094097833,"255738/722/4036/131405/131540/1950/79888/7432/51085/120892/2819/4210/26471/440503/1050/57761/3162/79589",18,FALSE,"Higher_in_IPF","GO_Biological_Process"
"GO:0001657","ureteric bud development","4/423","88/13537",0.0454545454545455,1.45465291209972,0.768464984234077,0.29580020466593,0.68623674561474,0.603917094097833,"6469/4091/6928/186",4,FALSE,"Higher_in_IPF","GO_Biological_Process"
"GO:0021761","limbic system development","4/423","88/13537",0.0454545454545455,1.45465291209972,0.768464984234077,0.29580020466593,0.68623674561474,0.603917094097833,"84879/89780/306/7080",4,FALSE,"Higher_in_IPF","GO_Biological_Process"
"GO:0007423","sensory organ development","17/423","468/13537",0.0363247863247863,1.16247903659251,0.642461118868178,0.295847481215784,0.68623674561474,0.603917094097833,"84879/89780/7855/3549/7476/79888/84059/6469/10319/5950/94/341640/1050/3249/79444/27443/6247",17,FALSE,"Higher_in_IPF","GO_Biological_Process"
"GO:0006879","intracellular iron ion homeostasis","3/423","61/13537",0.0491803278688525,1.5738867573538,0.806786061677092,0.297421661328136,0.687798850969608,0.605291812272887,"64116/3162/164656",3,FALSE,"Higher_in_IPF","GO_Biological_Process"
"GO:0032623","interleukin-2 production","3/423","61/13537",0.0491803278688525,1.5738867573538,0.806786061677092,0.297421661328136,0.687798850969608,0.605291812272887,"3552/729230/6441",3,FALSE,"Higher_in_IPF","GO_Biological_Process"
"GO:0032663","regulation of interleukin-2 production","3/423","61/13537",0.0491803278688525,1.5738867573538,0.806786061677092,0.297421661328136,0.687798850969608,0.605291812272887,"3552/729230/6441",3,FALSE,"Higher_in_IPF","GO_Biological_Process"
"GO:0045600","positive regulation of fat cell differentiation","3/423","61/13537",0.0491803278688525,1.5738867573538,0.806786061677092,0.297421661328136,0.687798850969608,0.605291812272887,"338557/55885/1050",3,FALSE,"Higher_in_IPF","GO_Biological_Process"
"GO:0170040","proteinogenic amino acid catabolic process","3/423","61/13537",0.0491803278688525,1.5738867573538,0.806786061677092,0.297421661328136,0.687798850969608,0.605291812272887,"56922/383/5625",3,FALSE,"Higher_in_IPF","GO_Biological_Process"
"GO:1903706","regulation of hemopoiesis","14/423","379/13537",0.0369393139841689,1.18214537447682,0.645937618190593,0.298258722005595,0.688166346070645,0.605615223362328,"5590/1441/3549/729230/51208/5196/3135/177/6469/57864/8328/1050/8993/50487",14,FALSE,"Higher_in_IPF","GO_Biological_Process"
"GO:0007431","salivary gland development","2/423","35/13537",0.0571428571428571,1.82870651806822,0.881624178050325,0.29920275916115,0.688166346070645,0.605615223362328,"6469/80004",2,FALSE,"Higher_in_IPF","GO_Biological_Process"
"GO:0010665","regulation of cardiac muscle cell apoptotic process","2/423","35/13537",0.0571428571428571,1.82870651806822,0.881624178050325,0.29920275916115,0.688166346070645,0.605615223362328,"3579/26471",2,FALSE,"Higher_in_IPF","GO_Biological_Process"
"GO:0034389","lipid droplet organization","2/423","35/13537",0.0571428571428571,1.82870651806822,0.881624178050325,0.29920275916115,0.688166346070645,0.605615223362328,"440503/80339",2,FALSE,"Higher_in_IPF","GO_Biological_Process"
"GO:0035094","response to nicotine","2/423","35/13537",0.0571428571428571,1.82870651806822,0.881624178050325,0.29920275916115,0.688166346070645,0.605615223362328,"3767/3162",2,FALSE,"Higher_in_IPF","GO_Biological_Process"
"GO:0048634","regulation of muscle organ development","2/423","35/13537",0.0571428571428571,1.82870651806822,0.881624178050325,0.29920275916115,0.688166346070645,0.605615223362328,"89780/6469",2,FALSE,"Higher_in_IPF","GO_Biological_Process"
"GO:0048873","homeostasis of number of cells within a tissue","2/423","35/13537",0.0571428571428571,1.82870651806822,0.881624178050325,0.29920275916115,0.688166346070645,0.605615223362328,"729230/1620",2,FALSE,"Higher_in_IPF","GO_Biological_Process"
"GO:0071353","cellular response to interleukin-4","2/423","35/13537",0.0571428571428571,1.82870651806822,0.881624178050325,0.29920275916115,0.688166346070645,0.605615223362328,"146722/2194",2,FALSE,"Higher_in_IPF","GO_Biological_Process"
"GO:1901861","regulation of muscle tissue development","2/423","35/13537",0.0571428571428571,1.82870651806822,0.881624178050325,0.29920275916115,0.688166346070645,0.605615223362328,"89780/6469",2,FALSE,"Higher_in_IPF","GO_Biological_Process"
"GO:0001654","eye development","12/423","320/13537",0.0375,1.20008865248227,0.650547137814301,0.29987413470882,0.688957884135048,0.606311810029796,"84879/7855/3549/7476/79888/6469/10319/5950/94/341640/79444/6247",12,FALSE,"Higher_in_IPF","GO_Biological_Process"
"GO:0051402","neuron apoptotic process","10/423","261/13537",0.0383141762452107,1.22614421709555,0.662551871746953,0.300049310714616,0.688957884135048,0.606311810029796,"255738/1524/627/838/26471/9625/4099/5625/50487/186",10,FALSE,"Higher_in_IPF","GO_Biological_Process"
"GO:0072163","mesonephric epithelium development","4/423","89/13537",0.0449438202247191,1.43830849735703,0.745064395586331,0.302862622098703,0.688957884135048,0.606311810029796,"6469/4091/6928/186",4,FALSE,"Higher_in_IPF","GO_Biological_Process"
"GO:0072164","mesonephric tubule development","4/423","89/13537",0.0449438202247191,1.43830849735703,0.745064395586331,0.302862622098703,0.688957884135048,0.606311810029796,"6469/4091/6928/186",4,FALSE,"Higher_in_IPF","GO_Biological_Process"
"GO:0043433","negative regulation of DNA-binding transcription factor activity","5/423","117/13537",0.0427350427350427,1.36762239599119,0.717243136544965,0.302901981877082,0.688957884135048,0.606311810029796,"8431/408/26471/91662/3170",5,FALSE,"Higher_in_IPF","GO_Biological_Process"
"GO:0030239","myofibril assembly","3/423","62/13537",0.0483870967741935,1.5485014870739,0.777422371660112,0.306019371661489,0.688957884135048,0.606311810029796,"7273/27063/7138",3,FALSE,"Higher_in_IPF","GO_Biological_Process"
"GO:0170035","L-amino acid catabolic process","3/423","62/13537",0.0483870967741935,1.5485014870739,0.777422371660112,0.306019371661489,0.688957884135048,0.606311810029796,"56922/383/5625",3,FALSE,"Higher_in_IPF","GO_Biological_Process"
"GO:1905330","regulation of morphogenesis of an epithelium","3/423","62/13537",0.0483870967741935,1.5485014870739,0.777422371660112,0.306019371661489,0.688957884135048,0.606311810029796,"1950/6469/186",3,FALSE,"Higher_in_IPF","GO_Biological_Process"
"GO:0051604","protein maturation","17/423","472/13537",0.0360169491525424,1.15262751933325,0.606173441873894,0.307889374214477,0.688957884135048,0.606311810029796,"1718/255738/3310/7850/3549/4311/2243/2160/6469/745/838/120892/1361/1512/2811/350/3249",17,FALSE,"Higher_in_IPF","GO_Biological_Process"
"GO:0009132","nucleoside diphosphate metabolic process","5/423","118/13537",0.0423728813559322,1.35603237568618,0.697618816812244,0.309036814095251,0.688957884135048,0.606311810029796,"5208/51085/80201/2819/26471",5,FALSE,"Higher_in_IPF","GO_Biological_Process"
"GO:0019724","B cell mediated immunity","5/423","118/13537",0.0423728813559322,1.35603237568618,0.697618816812244,0.309036814095251,0.688957884135048,0.606311810029796,"713/2209/722/3135/51311",5,FALSE,"Higher_in_IPF","GO_Biological_Process"
"GO:0071887","leukocyte apoptotic process","5/423","118/13537",0.0423728813559322,1.35603237568618,0.697618816812244,0.309036814095251,0.688957884135048,0.606311810029796,"3579/171558/29126/57864/79444",5,FALSE,"Higher_in_IPF","GO_Biological_Process"
"GO:0030510","regulation of BMP signaling pathway","4/423","90/13537",0.0444444444444444,1.42232729183084,0.721947250360352,0.309943682885049,0.688957884135048,0.606311810029796,"4036/94/4091/164656",4,FALSE,"Higher_in_IPF","GO_Biological_Process"
"GO:0071677","positive regulation of mononuclear cell migration","4/423","90/13537",0.0444444444444444,1.42232729183084,0.721947250360352,0.309943682885049,0.688957884135048,0.606311810029796,"57402/1524/729230/177",4,FALSE,"Higher_in_IPF","GO_Biological_Process"
"GO:0003044","regulation of systemic arterial blood pressure mediated by a chemical signal","2/423","36/13537",0.0555555555555556,1.77790911478855,0.839353505915219,0.31083181600722,0.688957884135048,0.606311810029796,"148/186",2,FALSE,"Higher_in_IPF","GO_Biological_Process"
"GO:0010043","response to zinc ion","2/423","36/13537",0.0555555555555556,1.77790911478855,0.839353505915219,0.31083181600722,0.688957884135048,0.606311810029796,"6279/6833",2,FALSE,"Higher_in_IPF","GO_Biological_Process"
"GO:0032350","regulation of hormone metabolic process","2/423","36/13537",0.0555555555555556,1.77790911478855,0.839353505915219,0.31083181600722,0.688957884135048,0.606311810029796,"90527/3249",2,FALSE,"Higher_in_IPF","GO_Biological_Process"
"GO:0032941","secretion by tissue","2/423","36/13537",0.0555555555555556,1.77790911478855,0.839353505915219,0.31083181600722,0.688957884135048,0.606311810029796,"1131/1128",2,FALSE,"Higher_in_IPF","GO_Biological_Process"
"GO:0033574","response to testosterone","2/423","36/13537",0.0555555555555556,1.77790911478855,0.839353505915219,0.31083181600722,0.688957884135048,0.606311810029796,"441376/3767",2,FALSE,"Higher_in_IPF","GO_Biological_Process"
"GO:0045880","positive regulation of smoothened signaling pathway","2/423","36/13537",0.0555555555555556,1.77790911478855,0.839353505915219,0.31083181600722,0.688957884135048,0.606311810029796,"3549/6469",2,FALSE,"Higher_in_IPF","GO_Biological_Process"
"GO:0046686","response to cadmium ion","2/423","36/13537",0.0555555555555556,1.77790911478855,0.839353505915219,0.31083181600722,0.688957884135048,0.606311810029796,"64116/3162",2,FALSE,"Higher_in_IPF","GO_Biological_Process"
"GO:0055010","ventricular cardiac muscle tissue morphogenesis","2/423","36/13537",0.0555555555555556,1.77790911478855,0.839353505915219,0.31083181600722,0.688957884135048,0.606311810029796,"4036/7134",2,FALSE,"Higher_in_IPF","GO_Biological_Process"
"GO:1903115","regulation of actin filament-based movement","2/423","36/13537",0.0555555555555556,1.77790911478855,0.839353505915219,0.31083181600722,0.688957884135048,0.606311810029796,"7134/3759",2,FALSE,"Higher_in_IPF","GO_Biological_Process"
"GO:0030098","lymphocyte differentiation","14/423","383/13537",0.0365535248041775,1.16979920868594,0.605416003779831,0.311683119427419,0.688957884135048,0.606311810029796,"5590/8809/3552/7855/3549/729230/3135/6469/57864/2529/8325/84101/57546/8993",14,FALSE,"Higher_in_IPF","GO_Biological_Process"
"GO:1902107","positive regulation of leukocyte differentiation","7/423","176/13537",0.0397727272727273,1.27282129808726,0.654278862180496,0.312069875525232,0.688957884135048,0.606311810029796,"5590/3549/5196/3135/177/6469/50487",7,FALSE,"Higher_in_IPF","GO_Biological_Process"
"GO:1903708","positive regulation of hemopoiesis","7/423","176/13537",0.0397727272727273,1.27282129808726,0.654278862180496,0.312069875525232,0.688957884135048,0.606311810029796,"5590/3549/5196/3135/177/6469/50487",7,FALSE,"Higher_in_IPF","GO_Biological_Process"
"GO:0150063","visual system development","12/423","324/13537",0.037037037037037,1.18527274319236,0.606221153117575,0.314523800444986,0.688957884135048,0.606311810029796,"84879/7855/3549/7476/79888/6469/10319/5950/94/341640/79444/6247",12,FALSE,"Higher_in_IPF","GO_Biological_Process"
"GO:0002437","inflammatory response to antigenic stimulus","3/423","63/13537",0.0476190476190476,1.52392209839018,0.748577013148251,0.314626759071408,0.688957884135048,0.606311810029796,"2209/3579/2529",3,FALSE,"Higher_in_IPF","GO_Biological_Process"
"GO:0061035","regulation of cartilage development","3/423","63/13537",0.0476190476190476,1.52392209839018,0.748577013148251,0.314626759071408,0.688957884135048,0.606311810029796,"3549/5593/94",3,FALSE,"Higher_in_IPF","GO_Biological_Process"
"GO:2000379","positive regulation of reactive oxygen species metabolic process","3/423","63/13537",0.0476190476190476,1.52392209839018,0.748577013148251,0.314626759071408,0.688957884135048,0.606311810029796,"90527/51181/57126",3,FALSE,"Higher_in_IPF","GO_Biological_Process"
"GO:0007601","visual perception","5/423","119/13537",0.0420168067226891,1.3446371456384,0.678171349786257,0.315189099172102,0.688957884135048,0.606311810029796,"84059/53405/10319/5950/6247",5,FALSE,"Higher_in_IPF","GO_Biological_Process"
"GO:0045862","positive regulation of proteolysis","8/423","206/13537",0.0388349514563107,1.24281025499782,0.630691587083031,0.316055467744013,0.688957884135048,0.606311810029796,"1950/177/120892/1512/26471/1050/3249/57761",8,FALSE,"Higher_in_IPF","GO_Biological_Process"
"GO:0002863","positive regulation of inflammatory response to antigenic stimulus","1/423","12/13537",0.0833333333333333,2.66686367218282,1.03745635333308,0.316899399358938,0.688957884135048,0.606311810029796,"2209",1,FALSE,"Higher_in_IPF","GO_Biological_Process"
"GO:0003096","renal sodium ion transport","1/423","12/13537",0.0833333333333333,2.66686367218282,1.03745635333308,0.316899399358938,0.688957884135048,0.606311810029796,"5446",1,FALSE,"Higher_in_IPF","GO_Biological_Process"
"GO:0003413","chondrocyte differentiation involved in endochondral bone morphogenesis","1/423","12/13537",0.0833333333333333,2.66686367218282,1.03745635333308,0.316899399358938,0.688957884135048,0.606311810029796,"3549",1,FALSE,"Higher_in_IPF","GO_Biological_Process"
"GO:0008611","ether lipid biosynthetic process","1/423","12/13537",0.0833333333333333,2.66686367218282,1.03745635333308,0.316899399358938,0.688957884135048,0.606311810029796,"2194",1,FALSE,"Higher_in_IPF","GO_Biological_Process"
"GO:0009159","deoxyribonucleoside monophosphate catabolic process","1/423","12/13537",0.0833333333333333,2.66686367218282,1.03745635333308,0.316899399358938,0.688957884135048,0.606311810029796,"51733",1,FALSE,"Higher_in_IPF","GO_Biological_Process"
"GO:0009437","carnitine metabolic process","1/423","12/13537",0.0833333333333333,2.66686367218282,1.03745635333308,0.316899399358938,0.688957884135048,0.606311810029796,"33",1,FALSE,"Higher_in_IPF","GO_Biological_Process"
"GO:0010524","positive regulation of calcium ion transport into cytosol","1/423","12/13537",0.0833333333333333,2.66686367218282,1.03745635333308,0.316899399358938,0.688957884135048,0.606311810029796,"5319",1,FALSE,"Higher_in_IPF","GO_Biological_Process"
"GO:0010832","negative regulation of myotube differentiation","1/423","12/13537",0.0833333333333333,2.66686367218282,1.03745635333308,0.316899399358938,0.688957884135048,0.606311810029796,"627",1,FALSE,"Higher_in_IPF","GO_Biological_Process"
"GO:0010889","regulation of triglyceride storage","1/423","12/13537",0.0833333333333333,2.66686367218282,1.03745635333308,0.316899399358938,0.688957884135048,0.606311810029796,"440503",1,FALSE,"Higher_in_IPF","GO_Biological_Process"
"GO:0015803","branched-chain amino acid transport","1/423","12/13537",0.0833333333333333,2.66686367218282,1.03745635333308,0.316899399358938,0.688957884135048,0.606311810029796,"11254",1,FALSE,"Higher_in_IPF","GO_Biological_Process"
"GO:0019321","pentose metabolic process","1/423","12/13537",0.0833333333333333,2.66686367218282,1.03745635333308,0.316899399358938,0.688957884135048,0.606311810029796,"51181",1,FALSE,"Higher_in_IPF","GO_Biological_Process"
"GO:0022401","negative adaptation of signaling pathway","1/423","12/13537",0.0833333333333333,2.66686367218282,1.03745635333308,0.316899399358938,0.688957884135048,0.606311810029796,"408",1,FALSE,"Higher_in_IPF","GO_Biological_Process"
"GO:0022410","circadian sleep/wake cycle process","1/423","12/13537",0.0833333333333333,2.66686367218282,1.03745635333308,0.316899399358938,0.688957884135048,0.606311810029796,"1437",1,FALSE,"Higher_in_IPF","GO_Biological_Process"
"GO:0023058","adaptation of signaling pathway","1/423","12/13537",0.0833333333333333,2.66686367218282,1.03745635333308,0.316899399358938,0.688957884135048,0.606311810029796,"408",1,FALSE,"Higher_in_IPF","GO_Biological_Process"
"GO:0031665","negative regulation of lipopolysaccharide-mediated signaling pathway","1/423","12/13537",0.0833333333333333,2.66686367218282,1.03745635333308,0.316899399358938,0.688957884135048,0.606311810029796,"11027",1,FALSE,"Higher_in_IPF","GO_Biological_Process"
"GO:0033539","fatty acid beta-oxidation using acyl-CoA dehydrogenase","1/423","12/13537",0.0833333333333333,2.66686367218282,1.03745635333308,0.316899399358938,0.688957884135048,0.606311810029796,"33",1,FALSE,"Higher_in_IPF","GO_Biological_Process"
"GO:0033540","fatty acid beta-oxidation using acyl-CoA oxidase","1/423","12/13537",0.0833333333333333,2.66686367218282,1.03745635333308,0.316899399358938,0.688957884135048,0.606311810029796,"55289",1,FALSE,"Higher_in_IPF","GO_Biological_Process"
"GO:0034144","negative regulation of toll-like receptor 4 signaling pathway","1/423","12/13537",0.0833333333333333,2.66686367218282,1.03745635333308,0.316899399358938,0.688957884135048,0.606311810029796,"11027",1,FALSE,"Higher_in_IPF","GO_Biological_Process"
"GO:0034392","negative regulation of smooth muscle cell apoptotic process","1/423","12/13537",0.0833333333333333,2.66686367218282,1.03745635333308,0.316899399358938,0.688957884135048,0.606311810029796,"350",1,FALSE,"Higher_in_IPF","GO_Biological_Process"
"GO:0034982","mitochondrial protein processing","1/423","12/13537",0.0833333333333333,2.66686367218282,1.03745635333308,0.316899399358938,0.688957884135048,0.606311810029796,"120892",1,FALSE,"Higher_in_IPF","GO_Biological_Process"
"GO:0038092","nodal signaling pathway","1/423","12/13537",0.0833333333333333,2.66686367218282,1.03745635333308,0.316899399358938,0.688957884135048,0.606311810029796,"6469",1,FALSE,"Higher_in_IPF","GO_Biological_Process"
"GO:0042761","very long-chain fatty acid biosynthetic process","1/423","12/13537",0.0833333333333333,2.66686367218282,1.03745635333308,0.316899399358938,0.688957884135048,0.606311810029796,"83401",1,FALSE,"Higher_in_IPF","GO_Biological_Process"
"GO:0042921","nuclear receptor-mediated glucocorticoid signaling pathway","1/423","12/13537",0.0833333333333333,2.66686367218282,1.03745635333308,0.316899399358938,0.688957884135048,0.606311810029796,"55885",1,FALSE,"Higher_in_IPF","GO_Biological_Process"
"GO:0043306","positive regulation of mast cell degranulation","1/423","12/13537",0.0833333333333333,2.66686367218282,1.03745635333308,0.316899399358938,0.688957884135048,0.606311810029796,"50487",1,FALSE,"Higher_in_IPF","GO_Biological_Process"
"GO:0043383","negative T cell selection","1/423","12/13537",0.0833333333333333,2.66686367218282,1.03745635333308,0.316899399358938,0.688957884135048,0.606311810029796,"6469",1,FALSE,"Higher_in_IPF","GO_Biological_Process"
"GO:0043517","positive regulation of DNA damage response, signal transduction by p53 class mediator","1/423","12/13537",0.0833333333333333,2.66686367218282,1.03745635333308,0.316899399358938,0.688957884135048,0.606311810029796,"27063",1,FALSE,"Higher_in_IPF","GO_Biological_Process"
"GO:0045628","regulation of T-helper 2 cell differentiation","1/423","12/13537",0.0833333333333333,2.66686367218282,1.03745635333308,0.316899399358938,0.688957884135048,0.606311810029796,"5590",1,FALSE,"Higher_in_IPF","GO_Biological_Process"
"GO:0045837","negative regulation of membrane potential","1/423","12/13537",0.0833333333333333,2.66686367218282,1.03745635333308,0.316899399358938,0.688957884135048,0.606311810029796,"138429",1,FALSE,"Higher_in_IPF","GO_Biological_Process"
"GO:0045838","positive regulation of membrane potential","1/423","12/13537",0.0833333333333333,2.66686367218282,1.03745635333308,0.316899399358938,0.688957884135048,0.606311810029796,"2890",1,FALSE,"Higher_in_IPF","GO_Biological_Process"
"GO:0045916","negative regulation of complement activation","1/423","12/13537",0.0833333333333333,2.66686367218282,1.03745635333308,0.316899399358938,0.688957884135048,0.606311810029796,"722",1,FALSE,"Higher_in_IPF","GO_Biological_Process"
"GO:0046462","monoacylglycerol metabolic process","1/423","12/13537",0.0833333333333333,2.66686367218282,1.03745635333308,0.316899399358938,0.688957884135048,0.606311810029796,"84649",1,FALSE,"Higher_in_IPF","GO_Biological_Process"
"GO:0046504","glycerol ether biosynthetic process","1/423","12/13537",0.0833333333333333,2.66686367218282,1.03745635333308,0.316899399358938,0.688957884135048,0.606311810029796,"2194",1,FALSE,"Higher_in_IPF","GO_Biological_Process"
"GO:0051923","sulfation","1/423","12/13537",0.0833333333333333,2.66686367218282,1.03745635333308,0.316899399358938,0.688957884135048,0.606311810029796,"6799",1,FALSE,"Higher_in_IPF","GO_Biological_Process"
"GO:0060148","positive regulation of post-transcriptional gene silencing","1/423","12/13537",0.0833333333333333,2.66686367218282,1.03745635333308,0.316899399358938,0.688957884135048,0.606311810029796,"131405",1,FALSE,"Higher_in_IPF","GO_Biological_Process"
"GO:0060670","branching involved in labyrinthine layer morphogenesis","1/423","12/13537",0.0833333333333333,2.66686367218282,1.03745635333308,0.316899399358938,0.688957884135048,0.606311810029796,"7855",1,FALSE,"Higher_in_IPF","GO_Biological_Process"
"GO:0060788","ectodermal placode formation","1/423","12/13537",0.0833333333333333,2.66686367218282,1.03745635333308,0.316899399358938,0.688957884135048,0.606311810029796,"10718",1,FALSE,"Higher_in_IPF","GO_Biological_Process"
"GO:0060837","blood vessel endothelial cell differentiation","1/423","12/13537",0.0833333333333333,2.66686367218282,1.03745635333308,0.316899399358938,0.688957884135048,0.606311810029796,"55273",1,FALSE,"Higher_in_IPF","GO_Biological_Process"
"GO:0061760","antifungal innate immune response","1/423","12/13537",0.0833333333333333,2.66686367218282,1.03745635333308,0.316899399358938,0.688957884135048,0.606311810029796,"1524",1,FALSE,"Higher_in_IPF","GO_Biological_Process"
"GO:0070307","lens fiber cell development","1/423","12/13537",0.0833333333333333,2.66686367218282,1.03745635333308,0.316899399358938,0.688957884135048,0.606311810029796,"7476",1,FALSE,"Higher_in_IPF","GO_Biological_Process"
"GO:0070943","neutrophil-mediated killing of symbiont cell","1/423","12/13537",0.0833333333333333,2.66686367218282,1.03745635333308,0.316899399358938,0.688957884135048,0.606311810029796,"383",1,FALSE,"Higher_in_IPF","GO_Biological_Process"
"GO:0071236","cellular response to antibiotic","1/423","12/13537",0.0833333333333333,2.66686367218282,1.03745635333308,0.316899399358938,0.688957884135048,0.606311810029796,"255189",1,FALSE,"Higher_in_IPF","GO_Biological_Process"
"GO:0071415","cellular response to purine-containing compound","1/423","12/13537",0.0833333333333333,2.66686367218282,1.03745635333308,0.316899399358938,0.688957884135048,0.606311810029796,"5028",1,FALSE,"Higher_in_IPF","GO_Biological_Process"
"GO:0071639","positive regulation of monocyte chemotactic protein-1 production","1/423","12/13537",0.0833333333333333,2.66686367218282,1.03745635333308,0.316899399358938,0.688957884135048,0.606311810029796,"177",1,FALSE,"Higher_in_IPF","GO_Biological_Process"
"GO:0071697","ectodermal placode morphogenesis","1/423","12/13537",0.0833333333333333,2.66686367218282,1.03745635333308,0.316899399358938,0.688957884135048,0.606311810029796,"10718",1,FALSE,"Higher_in_IPF","GO_Biological_Process"
"GO:0071801","regulation of podosome assembly","1/423","12/13537",0.0833333333333333,2.66686367218282,1.03745635333308,0.316899399358938,0.688957884135048,0.606311810029796,"1437",1,FALSE,"Higher_in_IPF","GO_Biological_Process"
"GO:0075509","endocytosis involved in viral entry into host cell","1/423","12/13537",0.0833333333333333,2.66686367218282,1.03745635333308,0.316899399358938,0.688957884135048,0.606311810029796,"6614",1,FALSE,"Higher_in_IPF","GO_Biological_Process"
"GO:0090493","catecholamine uptake","1/423","12/13537",0.0833333333333333,2.66686367218282,1.03745635333308,0.316899399358938,0.688957884135048,0.606311810029796,"6581",1,FALSE,"Higher_in_IPF","GO_Biological_Process"
"GO:0098856","intestinal lipid absorption","1/423","12/13537",0.0833333333333333,2.66686367218282,1.03745635333308,0.316899399358938,0.688957884135048,0.606311810029796,"335",1,FALSE,"Higher_in_IPF","GO_Biological_Process"
"GO:1900226","negative regulation of NLRP3 inflammasome complex assembly","1/423","12/13537",0.0833333333333333,2.66686367218282,1.03745635333308,0.316899399358938,0.688957884135048,0.606311810029796,"4210",1,FALSE,"Higher_in_IPF","GO_Biological_Process"
"GO:1900370","positive regulation of post-transcriptional gene silencing by RNA","1/423","12/13537",0.0833333333333333,2.66686367218282,1.03745635333308,0.316899399358938,0.688957884135048,0.606311810029796,"131405",1,FALSE,"Higher_in_IPF","GO_Biological_Process"
"GO:1901993","regulation of meiotic cell cycle phase transition","1/423","12/13537",0.0833333333333333,2.66686367218282,1.03745635333308,0.316899399358938,0.688957884135048,0.606311810029796,"994",1,FALSE,"Higher_in_IPF","GO_Biological_Process"
"GO:1902337","regulation of apoptotic process involved in morphogenesis","1/423","12/13537",0.0833333333333333,2.66686367218282,1.03745635333308,0.316899399358938,0.688957884135048,0.606311810029796,"6928",1,FALSE,"Higher_in_IPF","GO_Biological_Process"
"GO:1902946","protein localization to early endosome","1/423","12/13537",0.0833333333333333,2.66686367218282,1.03745635333308,0.316899399358938,0.688957884135048,0.606311810029796,"1950",1,FALSE,"Higher_in_IPF","GO_Biological_Process"
"GO:1903867","extraembryonic membrane development","1/423","12/13537",0.0833333333333333,2.66686367218282,1.03745635333308,0.316899399358938,0.688957884135048,0.606311810029796,"7855",1,FALSE,"Higher_in_IPF","GO_Biological_Process"
"GO:1904748","regulation of apoptotic process involved in development","1/423","12/13537",0.0833333333333333,2.66686367218282,1.03745635333308,0.316899399358938,0.688957884135048,0.606311810029796,"6928",1,FALSE,"Higher_in_IPF","GO_Biological_Process"
"GO:1905165","regulation of lysosomal protein catabolic process","1/423","12/13537",0.0833333333333333,2.66686367218282,1.03745635333308,0.316899399358938,0.688957884135048,0.606311810029796,"4036",1,FALSE,"Higher_in_IPF","GO_Biological_Process"
"GO:1905209","positive regulation of cardiocyte differentiation","1/423","12/13537",0.0833333333333333,2.66686367218282,1.03745635333308,0.316899399358938,0.688957884135048,0.606311810029796,"89780",1,FALSE,"Higher_in_IPF","GO_Biological_Process"
"GO:2000637","positive regulation of miRNA-mediated gene silencing","1/423","12/13537",0.0833333333333333,2.66686367218282,1.03745635333308,0.316899399358938,0.688957884135048,0.606311810029796,"131405",1,FALSE,"Higher_in_IPF","GO_Biological_Process"
"GO:2000644","regulation of receptor catabolic process","1/423","12/13537",0.0833333333333333,2.66686367218282,1.03745635333308,0.316899399358938,0.688957884135048,0.606311810029796,"255738",1,FALSE,"Higher_in_IPF","GO_Biological_Process"
"GO:2001046","positive regulation of integrin-mediated signaling pathway","1/423","12/13537",0.0833333333333333,2.66686367218282,1.03745635333308,0.316899399358938,0.688957884135048,0.606311810029796,"2013",1,FALSE,"Higher_in_IPF","GO_Biological_Process"
"GO:2001214","positive regulation of vasculogenesis","1/423","12/13537",0.0833333333333333,2.66686367218282,1.03745635333308,0.316899399358938,0.688957884135048,0.606311810029796,"55273",1,FALSE,"Higher_in_IPF","GO_Biological_Process"
"GO:0002065","columnar/cuboidal epithelial cell differentiation","4/423","91/13537",0.043956043956044,1.40669732159094,0.699106309713486,0.317040668490698,0.688957884135048,0.606311810029796,"7855/6098/256764/2194",4,FALSE,"Higher_in_IPF","GO_Biological_Process"
"GO:0006939","smooth muscle contraction","4/423","91/13537",0.043956043956044,1.40669732159094,0.699106309713486,0.317040668490698,0.688957884135048,0.606311810029796,"1131/60675/1129/148",4,FALSE,"Higher_in_IPF","GO_Biological_Process"
"GO:0046330","positive regulation of JNK cascade","4/423","91/13537",0.043956043956044,1.40669732159094,0.699106309713486,0.317040668490698,0.688957884135048,0.606311810029796,"3552/7476/177/79444",4,FALSE,"Higher_in_IPF","GO_Biological_Process"
"GO:0007565","female pregnancy","6/423","148/13537",0.0405405405405405,1.29739313781867,0.653334356819644,0.317050550661414,0.688957884135048,0.606311810029796,"3549/53405/2529/6833/2013/181",6,FALSE,"Higher_in_IPF","GO_Biological_Process"
"GO:0034765","regulation of monoatomic ion transmembrane transport","10/423","266/13537",0.037593984962406,1.20309639346593,0.600812517050495,0.320390603009697,0.692117167100354,0.60909211143457,"255738/729230/2890/1080/56704/3767/5319/3759/3787/3772",10,FALSE,"Higher_in_IPF","GO_Biological_Process"
"GO:0048638","regulation of developmental growth","10/423","266/13537",0.037593984962406,1.20309639346593,0.600812517050495,0.320390603009697,0.692117167100354,0.60909211143457,"84879/89780/9254/84525/23286/5950/627/6532/6928/4099",10,FALSE,"Higher_in_IPF","GO_Biological_Process"
"GO:0042326","negative regulation of phosphorylation","8/423","207/13537",0.0386473429951691,1.23680634072247,0.616610891706009,0.320707360234386,0.692117167100354,0.60909211143457,"5590/100506658/51085/6456/138429/9052/91662/57761",8,FALSE,"Higher_in_IPF","GO_Biological_Process"
"GO:0006195","purine nucleotide catabolic process","5/423","120/13537",0.0416666666666667,1.33343183609141,0.65889732430785,0.321357053324466,0.692117167100354,0.60909211143457,"5208/51085/80201/2819/26471",5,FALSE,"Higher_in_IPF","GO_Biological_Process"
"GO:0008584","male gonad development","5/423","120/13537",0.0416666666666667,1.33343183609141,0.65889732430785,0.321357053324466,0.692117167100354,0.60909211143457,"56956/3552/4036/7080/26471",5,FALSE,"Higher_in_IPF","GO_Biological_Process"
"GO:0030048","actin filament-based movement","5/423","120/13537",0.0416666666666667,1.33343183609141,0.65889732430785,0.321357053324466,0.692117167100354,0.60909211143457,"6323/7134/4640/2013/3759",5,FALSE,"Higher_in_IPF","GO_Biological_Process"
"GO:0051592","response to calcium ion","5/423","120/13537",0.0416666666666667,1.33343183609141,0.65889732430785,0.321357053324466,0.692117167100354,0.60909211143457,"7273/2243/84059/114/27345",5,FALSE,"Higher_in_IPF","GO_Biological_Process"
"GO:0060048","cardiac muscle contraction","5/423","120/13537",0.0416666666666667,1.33343183609141,0.65889732430785,0.321357053324466,0.692117167100354,0.60909211143457,"6323/7273/7134/148/3759",5,FALSE,"Higher_in_IPF","GO_Biological_Process"
"GO:0007215","glutamate receptor signaling pathway","2/423","37/13537",0.0540540540540541,1.72985751709156,0.798398716310788,0.322420143406625,0.692117167100354,0.60909211143457,"2890/6751",2,FALSE,"Higher_in_IPF","GO_Biological_Process"
"GO:0010559","regulation of glycoprotein biosynthetic process","2/423","37/13537",0.0540540540540541,1.72985751709156,0.798398716310788,0.322420143406625,0.692117167100354,0.60909211143457,"64168/123264",2,FALSE,"Higher_in_IPF","GO_Biological_Process"
"GO:0010659","cardiac muscle cell apoptotic process","2/423","37/13537",0.0540540540540541,1.72985751709156,0.798398716310788,0.322420143406625,0.692117167100354,0.60909211143457,"3579/26471",2,FALSE,"Higher_in_IPF","GO_Biological_Process"
"GO:0030279","negative regulation of ossification","2/423","37/13537",0.0540540540540541,1.72985751709156,0.798398716310788,0.322420143406625,0.692117167100354,0.60909211143457,"651/4091",2,FALSE,"Higher_in_IPF","GO_Biological_Process"
"GO:0033028","myeloid cell apoptotic process","2/423","37/13537",0.0540540540540541,1.72985751709156,0.798398716310788,0.322420143406625,0.692117167100354,0.60909211143457,"3579/350",2,FALSE,"Higher_in_IPF","GO_Biological_Process"
"GO:0044319","wound healing, spreading of cells","2/423","37/13537",0.0540540540540541,1.72985751709156,0.798398716310788,0.322420143406625,0.692117167100354,0.60909211143457,"7476/94",2,FALSE,"Higher_in_IPF","GO_Biological_Process"
"GO:0045687","positive regulation of glial cell differentiation","2/423","37/13537",0.0540540540540541,1.72985751709156,0.798398716310788,0.322420143406625,0.692117167100354,0.60909211143457,"6469/4099",2,FALSE,"Higher_in_IPF","GO_Biological_Process"
"GO:0045776","negative regulation of blood pressure","2/423","37/13537",0.0540540540540541,1.72985751709156,0.798398716310788,0.322420143406625,0.692117167100354,0.60909211143457,"148/186",2,FALSE,"Higher_in_IPF","GO_Biological_Process"
"GO:0070229","negative regulation of lymphocyte apoptotic process","2/423","37/13537",0.0540540540540541,1.72985751709156,0.798398716310788,0.322420143406625,0.692117167100354,0.60909211143457,"171558/57864",2,FALSE,"Higher_in_IPF","GO_Biological_Process"
"GO:0070670","response to interleukin-4","2/423","37/13537",0.0540540540540541,1.72985751709156,0.798398716310788,0.322420143406625,0.692117167100354,0.60909211143457,"146722/2194",2,FALSE,"Higher_in_IPF","GO_Biological_Process"
"GO:0090505","epiboly involved in wound healing","2/423","37/13537",0.0540540540540541,1.72985751709156,0.798398716310788,0.322420143406625,0.692117167100354,0.60909211143457,"7476/94",2,FALSE,"Higher_in_IPF","GO_Biological_Process"
"GO:0043604","amide biosynthetic process","6/423","149/13537",0.0402684563758389,1.28868580132324,0.636368205877626,0.322570327628242,0.692117167100354,0.60909211143457,"383/83401/2194/1050/92086/55902",6,FALSE,"Higher_in_IPF","GO_Biological_Process"
"GO:0051057","positive regulation of small GTPase mediated signal transduction","3/423","64/13537",0.046875,1.50011081560284,0.720231059073452,0.323239256997823,0.692117167100354,0.60909211143457,"408/335/5923",3,FALSE,"Higher_in_IPF","GO_Biological_Process"
"GO:1903578","regulation of ATP metabolic process","3/423","64/13537",0.046875,1.50011081560284,0.720231059073452,0.323239256997823,0.692117167100354,0.60909211143457,"51085/2819/26471",3,FALSE,"Higher_in_IPF","GO_Biological_Process"
"GO:0001823","mesonephros development","4/423","92/13537",0.0434782608695652,1.39140713331278,0.676534601501938,0.324150903424639,0.692117167100354,0.60909211143457,"6469/4091/6928/186",4,FALSE,"Higher_in_IPF","GO_Biological_Process"
"GO:0034109","homotypic cell-cell adhesion","4/423","92/13537",0.0434782608695652,1.39140713331278,0.676534601501938,0.324150903424639,0.692117167100354,0.60909211143457,"89780/2243/6532/81027",4,FALSE,"Higher_in_IPF","GO_Biological_Process"
"GO:0051099","positive regulation of binding","4/423","92/13537",0.0434782608695652,1.39140713331278,0.676534601501938,0.324150903424639,0.692117167100354,0.60909211143457,"1950/627/120892/57761",4,FALSE,"Higher_in_IPF","GO_Biological_Process"
"GO:0046434","organophosphate catabolic process","8/423","208/13537",0.0384615384615385,1.23086015639207,0.602600705648546,0.325372173678957,0.692117167100354,0.60909211143457,"5208/51085/80201/2819/123745/255189/26471/51733",8,FALSE,"Higher_in_IPF","GO_Biological_Process"
"GO:0001936","regulation of endothelial cell proliferation","5/423","121/13537",0.0413223140495868,1.32241173827247,0.639793424533561,0.327538909797848,0.692117167100354,0.60909211143457,"1950/94/350/2523/3162",5,FALSE,"Higher_in_IPF","GO_Biological_Process"
"GO:0046546","development of primary male sexual characteristics","5/423","121/13537",0.0413223140495868,1.32241173827247,0.639793424533561,0.327538909797848,0.692117167100354,0.60909211143457,"56956/3552/4036/7080/26471",5,FALSE,"Higher_in_IPF","GO_Biological_Process"
"GO:2001236","regulation of extrinsic apoptotic signaling pathway","6/423","150/13537",0.04,1.28009456264775,0.619521585624305,0.328103867732809,0.692117167100354,0.60909211143457,"3552/5196/2243/1437/3162/186",6,FALSE,"Higher_in_IPF","GO_Biological_Process"
"GO:1902105","regulation of leukocyte differentiation","11/423","298/13537",0.0369127516778524,1.18129531787964,0.568348732779183,0.329204016667528,0.692117167100354,0.60909211143457,"5590/3549/729230/51208/5196/3135/177/6469/57864/8993/50487",11,FALSE,"Higher_in_IPF","GO_Biological_Process"
"GO:0048880","sensory system development","12/423","328/13537",0.0365853658536585,1.17081819754368,0.562449912511248,0.329346821577784,0.692117167100354,0.60909211143457,"84879/7855/3549/7476/79888/6469/10319/5950/94/341640/79444/6247",12,FALSE,"Higher_in_IPF","GO_Biological_Process"
"GO:1990778","protein localization to cell periphery","12/423","328/13537",0.0365853658536585,1.17081819754368,0.562449912511248,0.329346821577784,0.692117167100354,0.60909211143457,"5590/89780/22979/9254/5028/5593/3767/256764/2013/9914/92359/84106",12,FALSE,"Higher_in_IPF","GO_Biological_Process"
"GO:0071560","cellular response to transforming growth factor beta stimulus","9/423","239/13537",0.0376569037656904,1.20510994391525,0.5745664576296,0.331788540405594,0.692117167100354,0.60909211143457,"7476/1524/79674/83891/23089/27063/94/7080/4091",9,FALSE,"Higher_in_IPF","GO_Biological_Process"
"GO:0021510","spinal cord development","3/423","65/13537",0.0461538461538462,1.47703218767049,0.692366572734625,0.331852435406905,0.692117167100354,0.60909211143457,"89780/2890/6469",3,FALSE,"Higher_in_IPF","GO_Biological_Process"
"GO:0048002","antigen processing and presentation of peptide antigen","3/423","65/13537",0.0461538461538462,1.47703218767049,0.692366572734625,0.331852435406905,0.692117167100354,0.60909211143457,"2209/3135/563",3,FALSE,"Higher_in_IPF","GO_Biological_Process"
"GO:0097120","receptor localization to synapse","3/423","65/13537",0.0461538461538462,1.47703218767049,0.692366572734625,0.331852435406905,0.692117167100354,0.60909211143457,"5590/9254/27092",3,FALSE,"Higher_in_IPF","GO_Biological_Process"
"GO:1904019","epithelial cell apoptotic process","3/423","65/13537",0.0461538461538462,1.47703218767049,0.692366572734625,0.331852435406905,0.692117167100354,0.60909211143457,"5319/26471/3162",3,FALSE,"Higher_in_IPF","GO_Biological_Process"
"GO:0044272","sulfur compound biosynthetic process","6/423","151/13537",0.0397350993377483,1.271617115213,0.602792669879896,0.33364990816495,0.692117167100354,0.60909211143457,"2944/80704/83401/2194/92086/55902",6,FALSE,"Higher_in_IPF","GO_Biological_Process"
"GO:0050953","sensory perception of light stimulus","5/423","122/13537",0.040983606557377,1.31157229779483,0.620856426485936,0.333732919898915,0.692117167100354,0.60909211143457,"84059/53405/10319/5950/6247",5,FALSE,"Higher_in_IPF","GO_Biological_Process"
"GO:0001937","negative regulation of endothelial cell proliferation","2/423","38/13537",0.0526315789473684,1.68433495085231,0.758677994786372,0.333958946205188,0.692117167100354,0.60909211143457,"94/350",2,FALSE,"Higher_in_IPF","GO_Biological_Process"
"GO:0002455","humoral immune response mediated by circulating immunoglobulin","2/423","38/13537",0.0526315789473684,1.68433495085231,0.758677994786372,0.333958946205188,0.692117167100354,0.60909211143457,"713/722",2,FALSE,"Higher_in_IPF","GO_Biological_Process"
"GO:0003203","endocardial cushion morphogenesis","2/423","38/13537",0.0526315789473684,1.68433495085231,0.758677994786372,0.333958946205188,0.692117167100354,0.60909211143457,"94/55273",2,FALSE,"Higher_in_IPF","GO_Biological_Process"
"GO:0006862","nucleotide transport","2/423","38/13537",0.0526315789473684,1.68433495085231,0.758677994786372,0.333958946205188,0.692117167100354,0.60909211143457,"57864/2705",2,FALSE,"Higher_in_IPF","GO_Biological_Process"
"GO:0010662","regulation of striated muscle cell apoptotic process","2/423","38/13537",0.0526315789473684,1.68433495085231,0.758677994786372,0.333958946205188,0.692117167100354,0.60909211143457,"3579/26471",2,FALSE,"Higher_in_IPF","GO_Biological_Process"
"GO:0046640","regulation of alpha-beta T cell proliferation","2/423","38/13537",0.0526315789473684,1.68433495085231,0.758677994786372,0.333958946205188,0.692117167100354,0.60909211143457,"729230/29126",2,FALSE,"Higher_in_IPF","GO_Biological_Process"
"GO:0090279","regulation of calcium ion import","2/423","38/13537",0.0526315789473684,1.68433495085231,0.758677994786372,0.333958946205188,0.692117167100354,0.60909211143457,"1950/9914",2,FALSE,"Higher_in_IPF","GO_Biological_Process"
"GO:0090504","epiboly","2/423","38/13537",0.0526315789473684,1.68433495085231,0.758677994786372,0.333958946205188,0.692117167100354,0.60909211143457,"7476/94",2,FALSE,"Higher_in_IPF","GO_Biological_Process"
"GO:1903670","regulation of sprouting angiogenesis","2/423","38/13537",0.0526315789473684,1.68433495085231,0.758677994786372,0.333958946205188,0.692117167100354,0.60909211143457,"9022/2523",2,FALSE,"Higher_in_IPF","GO_Biological_Process"
"GO:0001502","cartilage condensation","1/423","13/13537",0.0769230769230769,2.46172031278414,0.946958930588325,0.338263654743127,0.692117167100354,0.60909211143457,"7476",1,FALSE,"Higher_in_IPF","GO_Biological_Process"
"GO:0001765","membrane raft assembly","1/423","13/13537",0.0769230769230769,2.46172031278414,0.946958930588325,0.338263654743127,0.692117167100354,0.60909211143457,"2013",1,FALSE,"Higher_in_IPF","GO_Biological_Process"
"GO:0002664","regulation of T cell tolerance induction","1/423","13/13537",0.0769230769230769,2.46172031278414,0.946958930588325,0.338263654743127,0.692117167100354,0.60909211143457,"3135",1,FALSE,"Higher_in_IPF","GO_Biological_Process"
"GO:0002713","negative regulation of B cell mediated immunity","1/423","13/13537",0.0769230769230769,2.46172031278414,0.946958930588325,0.338263654743127,0.692117167100354,0.60909211143457,"722",1,FALSE,"Higher_in_IPF","GO_Biological_Process"
"GO:0002840","regulation of T cell mediated immune response to tumor cell","1/423","13/13537",0.0769230769230769,2.46172031278414,0.946958930588325,0.338263654743127,0.692117167100354,0.60909211143457,"29126",1,FALSE,"Higher_in_IPF","GO_Biological_Process"
"GO:0002890","negative regulation of immunoglobulin mediated immune response","1/423","13/13537",0.0769230769230769,2.46172031278414,0.946958930588325,0.338263654743127,0.692117167100354,0.60909211143457,"722",1,FALSE,"Higher_in_IPF","GO_Biological_Process"
"GO:0003183","mitral valve morphogenesis","1/423","13/13537",0.0769230769230769,2.46172031278414,0.946958930588325,0.338263654743127,0.692117167100354,0.60909211143457,"4091",1,FALSE,"Higher_in_IPF","GO_Biological_Process"
"GO:0003376","sphingosine-1-phosphate receptor signaling pathway","1/423","13/13537",0.0769230769230769,2.46172031278414,0.946958930588325,0.338263654743127,0.692117167100354,0.60909211143457,"8698",1,FALSE,"Higher_in_IPF","GO_Biological_Process"
"GO:0005513","detection of calcium ion","1/423","13/13537",0.0769230769230769,2.46172031278414,0.946958930588325,0.338263654743127,0.692117167100354,0.60909211143457,"27345",1,FALSE,"Higher_in_IPF","GO_Biological_Process"
"GO:0006071","glycerol metabolic process","1/423","13/13537",0.0769230769230769,2.46172031278414,0.946958930588325,0.338263654743127,0.692117167100354,0.60909211143457,"84649",1,FALSE,"Higher_in_IPF","GO_Biological_Process"
"GO:0006116","NADH oxidation","1/423","13/13537",0.0769230769230769,2.46172031278414,0.946958930588325,0.338263654743127,0.692117167100354,0.60909211143457,"2819",1,FALSE,"Higher_in_IPF","GO_Biological_Process"
"GO:0007176","regulation of epidermal growth factor-activated receptor activity","1/423","13/13537",0.0769230769230769,2.46172031278414,0.946958930588325,0.338263654743127,0.692117167100354,0.60909211143457,"9052",1,FALSE,"Higher_in_IPF","GO_Biological_Process"
"GO:0008063","Toll signaling pathway","1/423","13/13537",0.0769230769230769,2.46172031278414,0.946958930588325,0.338263654743127,0.692117167100354,0.60909211143457,"91662",1,FALSE,"Higher_in_IPF","GO_Biological_Process"
"GO:0009158","ribonucleoside monophosphate catabolic process","1/423","13/13537",0.0769230769230769,2.46172031278414,0.946958930588325,0.338263654743127,0.692117167100354,0.60909211143457,"51733",1,FALSE,"Higher_in_IPF","GO_Biological_Process"
"GO:0010663","positive regulation of striated muscle cell apoptotic process","1/423","13/13537",0.0769230769230769,2.46172031278414,0.946958930588325,0.338263654743127,0.692117167100354,0.60909211143457,"3579",1,FALSE,"Higher_in_IPF","GO_Biological_Process"
"GO:0010666","positive regulation of cardiac muscle cell apoptotic process","1/423","13/13537",0.0769230769230769,2.46172031278414,0.946958930588325,0.338263654743127,0.692117167100354,0.60909211143457,"3579",1,FALSE,"Higher_in_IPF","GO_Biological_Process"
"GO:0010820","positive regulation of T cell chemotaxis","1/423","13/13537",0.0769230769230769,2.46172031278414,0.946958930588325,0.338263654743127,0.692117167100354,0.60909211143457,"729230",1,FALSE,"Higher_in_IPF","GO_Biological_Process"
"GO:0010944","negative regulation of transcription by competitive promoter binding","1/423","13/13537",0.0769230769230769,2.46172031278414,0.946958930588325,0.338263654743127,0.692117167100354,0.60909211143457,"4582",1,FALSE,"Higher_in_IPF","GO_Biological_Process"
"GO:0016045","detection of bacterium","1/423","13/13537",0.0769230769230769,2.46172031278414,0.946958930588325,0.338263654743127,0.692117167100354,0.60909211143457,"8993",1,FALSE,"Higher_in_IPF","GO_Biological_Process"
"GO:0030213","hyaluronan biosynthetic process","1/423","13/13537",0.0769230769230769,2.46172031278414,0.946958930588325,0.338263654743127,0.692117167100354,0.60909211143457,"1950",1,FALSE,"Higher_in_IPF","GO_Biological_Process"
"GO:0031958","nuclear receptor-mediated corticosteroid signaling pathway","1/423","13/13537",0.0769230769230769,2.46172031278414,0.946958930588325,0.338263654743127,0.692117167100354,0.60909211143457,"55885",1,FALSE,"Higher_in_IPF","GO_Biological_Process"
"GO:0032328","alanine transport","1/423","13/13537",0.0769230769230769,2.46172031278414,0.946958930588325,0.338263654743127,0.692117167100354,0.60909211143457,"11254",1,FALSE,"Higher_in_IPF","GO_Biological_Process"
"GO:0032488","Cdc42 protein signal transduction","1/423","13/13537",0.0769230769230769,2.46172031278414,0.946958930588325,0.338263654743127,0.692117167100354,0.60909211143457,"335",1,FALSE,"Higher_in_IPF","GO_Biological_Process"
"GO:0032494","response to peptidoglycan","1/423","13/13537",0.0769230769230769,2.46172031278414,0.946958930588325,0.338263654743127,0.692117167100354,0.60909211143457,"820",1,FALSE,"Higher_in_IPF","GO_Biological_Process"
"GO:0032736","positive regulation of interleukin-13 production","1/423","13/13537",0.0769230769230769,2.46172031278414,0.946958930588325,0.338263654743127,0.692117167100354,0.60909211143457,"5590",1,FALSE,"Higher_in_IPF","GO_Biological_Process"
"GO:0034035","purine ribonucleoside bisphosphate metabolic process","1/423","13/13537",0.0769230769230769,2.46172031278414,0.946958930588325,0.338263654743127,0.692117167100354,0.60909211143457,"6799",1,FALSE,"Higher_in_IPF","GO_Biological_Process"
"GO:0042753","positive regulation of circadian rhythm","1/423","13/13537",0.0769230769230769,2.46172031278414,0.946958930588325,0.338263654743127,0.692117167100354,0.60909211143457,"7080",1,FALSE,"Higher_in_IPF","GO_Biological_Process"
"GO:0042983","amyloid precursor protein biosynthetic process","1/423","13/13537",0.0769230769230769,2.46172031278414,0.946958930588325,0.338263654743127,0.692117167100354,0.60909211143457,"64168",1,FALSE,"Higher_in_IPF","GO_Biological_Process"
"GO:0042984","regulation of amyloid precursor protein biosynthetic process","1/423","13/13537",0.0769230769230769,2.46172031278414,0.946958930588325,0.338263654743127,0.692117167100354,0.60909211143457,"64168",1,FALSE,"Higher_in_IPF","GO_Biological_Process"
"GO:0043301","negative regulation of leukocyte degranulation","1/423","13/13537",0.0769230769230769,2.46172031278414,0.946958930588325,0.338263654743127,0.692117167100354,0.60909211143457,"729230",1,FALSE,"Higher_in_IPF","GO_Biological_Process"
"GO:0043353","enucleate erythrocyte differentiation","1/423","13/13537",0.0769230769230769,2.46172031278414,0.946958930588325,0.338263654743127,0.692117167100354,0.60909211143457,"25893",1,FALSE,"Higher_in_IPF","GO_Biological_Process"
"GO:0043691","reverse cholesterol transport","1/423","13/13537",0.0769230769230769,2.46172031278414,0.946958930588325,0.338263654743127,0.692117167100354,0.60909211143457,"335",1,FALSE,"Higher_in_IPF","GO_Biological_Process"
"GO:0043922","negative regulation by host of viral transcription","1/423","13/13537",0.0769230769230769,2.46172031278414,0.946958930588325,0.338263654743127,0.692117167100354,0.60909211143457,"25833",1,FALSE,"Higher_in_IPF","GO_Biological_Process"
"GO:0044857","plasma membrane raft organization","1/423","13/13537",0.0769230769230769,2.46172031278414,0.946958930588325,0.338263654743127,0.692117167100354,0.60909211143457,"2013",1,FALSE,"Higher_in_IPF","GO_Biological_Process"
"GO:0048070","regulation of developmental pigmentation","1/423","13/13537",0.0769230769230769,2.46172031278414,0.946958930588325,0.338263654743127,0.692117167100354,0.60909211143457,"3549",1,FALSE,"Higher_in_IPF","GO_Biological_Process"
"GO:0050427","3'-phosphoadenosine 5'-phosphosulfate metabolic process","1/423","13/13537",0.0769230769230769,2.46172031278414,0.946958930588325,0.338263654743127,0.692117167100354,0.60909211143457,"6799",1,FALSE,"Higher_in_IPF","GO_Biological_Process"
"GO:0050966","detection of mechanical stimulus involved in sensory perception of pain","1/423","13/13537",0.0769230769230769,2.46172031278414,0.946958930588325,0.338263654743127,0.692117167100354,0.60909211143457,"6323",1,FALSE,"Higher_in_IPF","GO_Biological_Process"
"GO:0055057","neuroblast division","1/423","13/13537",0.0769230769230769,2.46172031278414,0.946958930588325,0.338263654743127,0.692117167100354,0.60909211143457,"89780",1,FALSE,"Higher_in_IPF","GO_Biological_Process"
"GO:0060330","regulation of response to type II interferon","1/423","13/13537",0.0769230769230769,2.46172031278414,0.946958930588325,0.338263654743127,0.692117167100354,0.60909211143457,"383",1,FALSE,"Higher_in_IPF","GO_Biological_Process"
"GO:0060334","regulation of type II interferon-mediated signaling pathway","1/423","13/13537",0.0769230769230769,2.46172031278414,0.946958930588325,0.338263654743127,0.692117167100354,0.60909211143457,"383",1,FALSE,"Higher_in_IPF","GO_Biological_Process"
"GO:0060347","heart trabecula formation","1/423","13/13537",0.0769230769230769,2.46172031278414,0.946958930588325,0.338263654743127,0.692117167100354,0.60909211143457,"5950",1,FALSE,"Higher_in_IPF","GO_Biological_Process"
"GO:0070493","thrombin-activated receptor signaling pathway","1/423","13/13537",0.0769230769230769,2.46172031278414,0.946958930588325,0.338263654743127,0.692117167100354,0.60909211143457,"2811",1,FALSE,"Higher_in_IPF","GO_Biological_Process"
"GO:0070593","dendrite self-avoidance","1/423","13/13537",0.0769230769230769,2.46172031278414,0.946958930588325,0.338263654743127,0.692117167100354,0.60909211143457,"27255",1,FALSE,"Higher_in_IPF","GO_Biological_Process"
"GO:0071468","cellular response to acidic pH","1/423","13/13537",0.0769230769230769,2.46172031278414,0.946958930588325,0.338263654743127,0.692117167100354,0.60909211143457,"6337",1,FALSE,"Higher_in_IPF","GO_Biological_Process"
"GO:0071696","ectodermal placode development","1/423","13/13537",0.0769230769230769,2.46172031278414,0.946958930588325,0.338263654743127,0.692117167100354,0.60909211143457,"10718",1,FALSE,"Higher_in_IPF","GO_Biological_Process"
"GO:0072075","metanephric mesenchyme development","1/423","13/13537",0.0769230769230769,2.46172031278414,0.946958930588325,0.338263654743127,0.692117167100354,0.60909211143457,"6469",1,FALSE,"Higher_in_IPF","GO_Biological_Process"
"GO:0072176","nephric duct development","1/423","13/13537",0.0769230769230769,2.46172031278414,0.946958930588325,0.338263654743127,0.692117167100354,0.60909211143457,"6928",1,FALSE,"Higher_in_IPF","GO_Biological_Process"
"GO:0072224","metanephric glomerulus development","1/423","13/13537",0.0769230769230769,2.46172031278414,0.946958930588325,0.338263654743127,0.692117167100354,0.60909211143457,"186",1,FALSE,"Higher_in_IPF","GO_Biological_Process"
"GO:0072683","T cell extravasation","1/423","13/13537",0.0769230769230769,2.46172031278414,0.946958930588325,0.338263654743127,0.692117167100354,0.60909211143457,"729230",1,FALSE,"Higher_in_IPF","GO_Biological_Process"
"GO:0097501","stress response to metal ion","1/423","13/13537",0.0769230769230769,2.46172031278414,0.946958930588325,0.338263654743127,0.692117167100354,0.60909211143457,"64116",1,FALSE,"Higher_in_IPF","GO_Biological_Process"
"GO:0098840","protein transport along microtubule","1/423","13/13537",0.0769230769230769,2.46172031278414,0.946958930588325,0.338263654743127,0.692117167100354,0.60909211143457,"57662",1,FALSE,"Higher_in_IPF","GO_Biological_Process"
"GO:0099118","microtubule-based protein transport","1/423","13/13537",0.0769230769230769,2.46172031278414,0.946958930588325,0.338263654743127,0.692117167100354,0.60909211143457,"57662",1,FALSE,"Higher_in_IPF","GO_Biological_Process"
"GO:0120305","regulation of pigmentation","1/423","13/13537",0.0769230769230769,2.46172031278414,0.946958930588325,0.338263654743127,0.692117167100354,0.60909211143457,"3549",1,FALSE,"Higher_in_IPF","GO_Biological_Process"
"GO:0141005","transposable element silencing by heterochromatin formation","1/423","13/13537",0.0769230769230769,2.46172031278414,0.946958930588325,0.338263654743127,0.692117167100354,0.60909211143457,"122402",1,FALSE,"Higher_in_IPF","GO_Biological_Process"
"GO:1901334","lactone metabolic process","1/423","13/13537",0.0769230769230769,2.46172031278414,0.946958930588325,0.338263654743127,0.692117167100354,0.60909211143457,"5446",1,FALSE,"Higher_in_IPF","GO_Biological_Process"
"GO:1901503","ether biosynthetic process","1/423","13/13537",0.0769230769230769,2.46172031278414,0.946958930588325,0.338263654743127,0.692117167100354,0.60909211143457,"2194",1,FALSE,"Higher_in_IPF","GO_Biological_Process"
"GO:1903054","negative regulation of extracellular matrix organization","1/423","13/13537",0.0769230769230769,2.46172031278414,0.946958930588325,0.338263654743127,0.692117167100354,0.60909211143457,"84830",1,FALSE,"Higher_in_IPF","GO_Biological_Process"
"GO:1903265","positive regulation of tumor necrosis factor-mediated signaling pathway","1/423","13/13537",0.0769230769230769,2.46172031278414,0.946958930588325,0.338263654743127,0.692117167100354,0.60909211143457,"4317",1,FALSE,"Higher_in_IPF","GO_Biological_Process"
"GO:1903428","positive regulation of reactive oxygen species biosynthetic process","1/423","13/13537",0.0769230769230769,2.46172031278414,0.946958930588325,0.338263654743127,0.692117167100354,0.60909211143457,"90527",1,FALSE,"Higher_in_IPF","GO_Biological_Process"
"GO:1904948","midbrain dopaminergic neuron differentiation","1/423","13/13537",0.0769230769230769,2.46172031278414,0.946958930588325,0.338263654743127,0.692117167100354,0.60909211143457,"89780",1,FALSE,"Higher_in_IPF","GO_Biological_Process"
"GO:1905668","positive regulation of protein localization to endosome","1/423","13/13537",0.0769230769230769,2.46172031278414,0.946958930588325,0.338263654743127,0.692117167100354,0.60909211143457,"1950",1,FALSE,"Higher_in_IPF","GO_Biological_Process"
"GO:0010660","regulation of muscle cell apoptotic process","3/423","66/13537",0.0454545454545455,1.45465291209972,0.664966541260377,0.340462001041797,0.695869336176436,0.612394177462762,"3579/26471/350",3,FALSE,"Higher_in_IPF","GO_Biological_Process"
"GO:0043406","positive regulation of MAP kinase activity","3/423","66/13537",0.0454545454545455,1.45465291209972,0.664966541260377,0.340462001041797,0.695869336176436,0.612394177462762,"6283/120892/5319",3,FALSE,"Higher_in_IPF","GO_Biological_Process"
"GO:0043065","positive regulation of apoptotic process","17/423","484/13537",0.0351239669421488,1.1240499775316,0.49912804034383,0.344809653702219,0.698885317579789,0.615048367487714,"255738/11126/6280/6279/3579/3135/6196/29126/138429/27063/838/5319/23604/1512/26471/3162/186",17,FALSE,"Higher_in_IPF","GO_Biological_Process"
"GO:0050808","synapse organization","17/423","484/13537",0.0351239669421488,1.1240499775316,0.49912804034383,0.344809653702219,0.698885317579789,0.615048367487714,"713/89780/7855/64284/27255/7476/1524/9254/55799/1501/2890/9806/10718/627/120892/54621/140730",17,FALSE,"Higher_in_IPF","GO_Biological_Process"
"GO:0090092","regulation of transmembrane receptor protein serine/threonine kinase signaling pathway","9/423","242/13537",0.0371900826446281,1.19017056444523,0.536110822632869,0.344979102982729,0.698885317579789,0.615048367487714,"4036/79674/83891/23089/6469/94/7080/4091/164656",9,FALSE,"Higher_in_IPF","GO_Biological_Process"
"GO:0008544","epidermis development","10/423","272/13537",0.0367647058823529,1.1765575024336,0.528280728953019,0.345173894030637,0.698885317579789,0.615048367487714,"126695/3552/79413/5948/6469/2171/25833/8796/5493/247",10,FALSE,"Higher_in_IPF","GO_Biological_Process"
"GO:0002701","negative regulation of production of molecular mediator of immune response","2/423","39/13537",0.0512820512820513,1.64114687518943,0.720116709629704,0.345440016062185,0.698885317579789,0.615048367487714,"383/335",2,FALSE,"Higher_in_IPF","GO_Biological_Process"
"GO:0043403","skeletal muscle tissue regeneration","2/423","39/13537",0.0512820512820513,1.64114687518943,0.720116709629704,0.345440016062185,0.698885317579789,0.615048367487714,"7476/84525",2,FALSE,"Higher_in_IPF","GO_Biological_Process"
"GO:0045747","positive regulation of Notch signaling pathway","2/423","39/13537",0.0512820512820513,1.64114687518943,0.720116709629704,0.345440016062185,0.698885317579789,0.615048367487714,"27255/94",2,FALSE,"Higher_in_IPF","GO_Biological_Process"
"GO:0045840","positive regulation of mitotic nuclear division","2/423","39/13537",0.0512820512820513,1.64114687518943,0.720116709629704,0.345440016062185,0.698885317579789,0.615048367487714,"3552/1950",2,FALSE,"Higher_in_IPF","GO_Biological_Process"
"GO:0048247","lymphocyte chemotaxis","2/423","39/13537",0.0512820512820513,1.64114687518943,0.720116709629704,0.345440016062185,0.698885317579789,0.615048367487714,"729230/1669",2,FALSE,"Higher_in_IPF","GO_Biological_Process"
"GO:0099054","presynapse assembly","2/423","39/13537",0.0512820512820513,1.64114687518943,0.720116709629704,0.345440016062185,0.698885317579789,0.615048367487714,"89780/7476",2,FALSE,"Higher_in_IPF","GO_Biological_Process"
"GO:1990776","response to angiotensin","2/423","39/13537",0.0512820512820513,1.64114687518943,0.720116709629704,0.345440016062185,0.698885317579789,0.615048367487714,"760/186",2,FALSE,"Higher_in_IPF","GO_Biological_Process"
"GO:2000378","negative regulation of reactive oxygen species metabolic process","2/423","39/13537",0.0512820512820513,1.64114687518943,0.720116709629704,0.345440016062185,0.698885317579789,0.615048367487714,"5446/440503",2,FALSE,"Higher_in_IPF","GO_Biological_Process"
"GO:0043367","CD4-positive, alpha-beta T cell differentiation","4/423","95/13537",0.0421052631578947,1.34746796068185,0.610368889240135,0.345535025268675,0.698885317579789,0.615048367487714,"5590/8809/2529/57546",4,FALSE,"Higher_in_IPF","GO_Biological_Process"
"GO:0043583","ear development","7/423","183/13537",0.0382513661202186,1.22413414460851,0.548246222251219,0.347474546188976,0.698885317579789,0.615048367487714,"89780/84059/6469/341640/1050/3249/27443",7,FALSE,"Higher_in_IPF","GO_Biological_Process"
"GO:0043523","regulation of neuron apoptotic process","8/423","213/13537",0.0375586854460094,1.20196672549085,0.533580661176654,0.348863432718315,0.698885317579789,0.615048367487714,"255738/1524/627/838/26471/4099/5625/50487",8,FALSE,"Higher_in_IPF","GO_Biological_Process"
"GO:0043502","regulation of muscle adaptation","3/423","67/13537",0.0447761194029851,1.43294167460569,0.638014814489056,0.349063797392135,0.698885317579789,0.615048367487714,"7134/148/7138",3,FALSE,"Higher_in_IPF","GO_Biological_Process"
"GO:0061053","somite development","3/423","67/13537",0.0447761194029851,1.43294167460569,0.638014814489056,0.349063797392135,0.698885317579789,0.615048367487714,"89780/3549/6469",3,FALSE,"Higher_in_IPF","GO_Biological_Process"
"GO:0006874","intracellular calcium ion homeostasis","9/423","243/13537",0.037037037037037,1.18527274319236,0.523401060523337,0.349394264363594,0.698885317579789,0.615048367487714,"729230/5028/84239/2890/56704/114/9914/2811/6368",9,FALSE,"Higher_in_IPF","GO_Biological_Process"
"GO:0045471","response to ethanol","4/423","96/13537",0.0416666666666667,1.33343183609141,0.588809294429926,0.352672412895945,0.698885317579789,0.615048367487714,"8431/6279/51208/2890",4,FALSE,"Higher_in_IPF","GO_Biological_Process"
"GO:0006109","regulation of carbohydrate metabolic process","6/423","155/13537",0.0387096774193548,1.23880118965912,0.537018922947083,0.355934132191782,0.698885317579789,0.615048367487714,"51744/5028/1950/51085/2819/26471",6,FALSE,"Higher_in_IPF","GO_Biological_Process"
"GO:0051251","positive regulation of lymphocyte activation","11/423","305/13537",0.0360655737704918,1.15418362205945,0.489128742964551,0.356781560391578,0.698885317579789,0.615048367487714,"5590/11126/89780/3552/3549/729230/3135/177/6469/29126/126259",11,FALSE,"Higher_in_IPF","GO_Biological_Process"
"GO:0001825","blastocyst formation","2/423","40/13537",0.05,1.60011820330969,0.682646611699155,0.3568557035135,0.698885317579789,0.615048367487714,"84525/6928",2,FALSE,"Higher_in_IPF","GO_Biological_Process"
"GO:0002861","regulation of inflammatory response to antigenic stimulus","2/423","40/13537",0.05,1.60011820330969,0.682646611699155,0.3568557035135,0.698885317579789,0.615048367487714,"2209/2529",2,FALSE,"Higher_in_IPF","GO_Biological_Process"
"GO:0010656","negative regulation of muscle cell apoptotic process","2/423","40/13537",0.05,1.60011820330969,0.682646611699155,0.3568557035135,0.698885317579789,0.615048367487714,"26471/350",2,FALSE,"Higher_in_IPF","GO_Biological_Process"
"GO:0010658","striated muscle cell apoptotic process","2/423","40/13537",0.05,1.60011820330969,0.682646611699155,0.3568557035135,0.698885317579789,0.615048367487714,"3579/26471",2,FALSE,"Higher_in_IPF","GO_Biological_Process"
"GO:0014044","Schwann cell development","2/423","40/13537",0.05,1.60011820330969,0.682646611699155,0.3568557035135,0.698885317579789,0.615048367487714,"400746/57716",2,FALSE,"Higher_in_IPF","GO_Biological_Process"
"GO:0030857","negative regulation of epithelial cell differentiation","2/423","40/13537",0.05,1.60011820330969,0.682646611699155,0.3568557035135,0.698885317579789,0.615048367487714,"3552/94",2,FALSE,"Higher_in_IPF","GO_Biological_Process"
"GO:0038179","neurotrophin signaling pathway","2/423","40/13537",0.05,1.60011820330969,0.682646611699155,0.3568557035135,0.698885317579789,0.615048367487714,"627/186",2,FALSE,"Higher_in_IPF","GO_Biological_Process"
"GO:0060119","inner ear receptor cell development","2/423","40/13537",0.05,1.60011820330969,0.682646611699155,0.3568557035135,0.698885317579789,0.615048367487714,"84059/27443",2,FALSE,"Higher_in_IPF","GO_Biological_Process"
"GO:2000008","regulation of protein localization to cell surface","2/423","40/13537",0.05,1.60011820330969,0.682646611699155,0.3568557035135,0.698885317579789,0.615048367487714,"1950/627",2,FALSE,"Higher_in_IPF","GO_Biological_Process"
"GO:0035050","embryonic heart tube development","3/423","68/13537",0.0441176470588235,1.41186900292032,0.611496048750658,0.357653804403633,0.698885317579789,0.615048367487714,"89780/3549/6469",3,FALSE,"Higher_in_IPF","GO_Biological_Process"
"GO:0072678","T cell migration","3/423","68/13537",0.0441176470588235,1.41186900292032,0.611496048750658,0.357653804403633,0.698885317579789,0.615048367487714,"729230/1669/2529",3,FALSE,"Higher_in_IPF","GO_Biological_Process"
"GO:0031667","response to nutrient levels","15/423","427/13537",0.0351288056206089,1.12420482668128,0.468380527826384,0.35797666345594,0.698885317579789,0.615048367487714,"249/84879/255738/3552/6344/2890/6581/51085/3767/6833/120892/6751/57546/6532/4353",15,FALSE,"Higher_in_IPF","GO_Biological_Process"
"GO:0001710","mesodermal cell fate commitment","1/423","14/13537",0.0714285714285714,2.28588314758528,0.864523424923324,0.358961264477204,0.698885317579789,0.615048367487714,"89780",1,FALSE,"Higher_in_IPF","GO_Biological_Process"
"GO:0001711","endodermal cell fate commitment","1/423","14/13537",0.0714285714285714,2.28588314758528,0.864523424923324,0.358961264477204,0.698885317579789,0.615048367487714,"6928",1,FALSE,"Higher_in_IPF","GO_Biological_Process"
"GO:0002091","negative regulation of receptor internalization","1/423","14/13537",0.0714285714285714,2.28588314758528,0.864523424923324,0.358961264477204,0.698885317579789,0.615048367487714,"255738",1,FALSE,"Higher_in_IPF","GO_Biological_Process"
"GO:0002424","T cell mediated immune response to tumor cell","1/423","14/13537",0.0714285714285714,2.28588314758528,0.864523424923324,0.358961264477204,0.698885317579789,0.615048367487714,"29126",1,FALSE,"Higher_in_IPF","GO_Biological_Process"
"GO:0002517","T cell tolerance induction","1/423","14/13537",0.0714285714285714,2.28588314758528,0.864523424923324,0.358961264477204,0.698885317579789,0.615048367487714,"3135",1,FALSE,"Higher_in_IPF","GO_Biological_Process"
"GO:0002836","positive regulation of response to tumor cell","1/423","14/13537",0.0714285714285714,2.28588314758528,0.864523424923324,0.358961264477204,0.698885317579789,0.615048367487714,"11126",1,FALSE,"Higher_in_IPF","GO_Biological_Process"
"GO:0002839","positive regulation of immune response to tumor cell","1/423","14/13537",0.0714285714285714,2.28588314758528,0.864523424923324,0.358961264477204,0.698885317579789,0.615048367487714,"11126",1,FALSE,"Higher_in_IPF","GO_Biological_Process"
"GO:0003174","mitral valve development","1/423","14/13537",0.0714285714285714,2.28588314758528,0.864523424923324,0.358961264477204,0.698885317579789,0.615048367487714,"4091",1,FALSE,"Higher_in_IPF","GO_Biological_Process"
"GO:0003198","epithelial to mesenchymal transition involved in endocardial cushion formation","1/423","14/13537",0.0714285714285714,2.28588314758528,0.864523424923324,0.358961264477204,0.698885317579789,0.615048367487714,"55273",1,FALSE,"Higher_in_IPF","GO_Biological_Process"
"GO:0007351","tripartite regional subdivision","1/423","14/13537",0.0714285714285714,2.28588314758528,0.864523424923324,0.358961264477204,0.698885317579789,0.615048367487714,"7855",1,FALSE,"Higher_in_IPF","GO_Biological_Process"
"GO:0008595","anterior/posterior axis specification, embryo","1/423","14/13537",0.0714285714285714,2.28588314758528,0.864523424923324,0.358961264477204,0.698885317579789,0.615048367487714,"7855",1,FALSE,"Higher_in_IPF","GO_Biological_Process"
"GO:0010042","response to manganese ion","1/423","14/13537",0.0714285714285714,2.28588314758528,0.864523424923324,0.358961264477204,0.698885317579789,0.615048367487714,"120892",1,FALSE,"Higher_in_IPF","GO_Biological_Process"
"GO:0010310","regulation of hydrogen peroxide metabolic process","1/423","14/13537",0.0714285714285714,2.28588314758528,0.864523424923324,0.358961264477204,0.698885317579789,0.615048367487714,"90527",1,FALSE,"Higher_in_IPF","GO_Biological_Process"
"GO:0010470","regulation of gastrulation","1/423","14/13537",0.0714285714285714,2.28588314758528,0.864523424923324,0.358961264477204,0.698885317579789,0.615048367487714,"3170",1,FALSE,"Higher_in_IPF","GO_Biological_Process"
"GO:0010766","negative regulation of sodium ion transport","1/423","14/13537",0.0714285714285714,2.28588314758528,0.864523424923324,0.358961264477204,0.698885317579789,0.615048367487714,"255738",1,FALSE,"Higher_in_IPF","GO_Biological_Process"
"GO:0010819","regulation of T cell chemotaxis","1/423","14/13537",0.0714285714285714,2.28588314758528,0.864523424923324,0.358961264477204,0.698885317579789,0.615048367487714,"729230",1,FALSE,"Higher_in_IPF","GO_Biological_Process"
"GO:0014857","regulation of skeletal muscle cell proliferation","1/423","14/13537",0.0714285714285714,2.28588314758528,0.864523424923324,0.358961264477204,0.698885317579789,0.615048367487714,"6469",1,FALSE,"Higher_in_IPF","GO_Biological_Process"
"GO:0021522","spinal cord motor neuron differentiation","1/423","14/13537",0.0714285714285714,2.28588314758528,0.864523424923324,0.358961264477204,0.698885317579789,0.615048367487714,"6469",1,FALSE,"Higher_in_IPF","GO_Biological_Process"
"GO:0030214","hyaluronan catabolic process","1/423","14/13537",0.0714285714285714,2.28588314758528,0.864523424923324,0.358961264477204,0.698885317579789,0.615048367487714,"3373",1,FALSE,"Higher_in_IPF","GO_Biological_Process"
"GO:0030497","fatty acid elongation","1/423","14/13537",0.0714285714285714,2.28588314758528,0.864523424923324,0.358961264477204,0.698885317579789,0.615048367487714,"83401",1,FALSE,"Higher_in_IPF","GO_Biological_Process"
"GO:0031048","regulatory ncRNA-mediated heterochromatin formation","1/423","14/13537",0.0714285714285714,2.28588314758528,0.864523424923324,0.358961264477204,0.698885317579789,0.615048367487714,"122402",1,FALSE,"Higher_in_IPF","GO_Biological_Process"
"GO:0033865","nucleoside bisphosphate metabolic process","1/423","14/13537",0.0714285714285714,2.28588314758528,0.864523424923324,0.358961264477204,0.698885317579789,0.615048367487714,"6799",1,FALSE,"Higher_in_IPF","GO_Biological_Process"
"GO:0033875","ribonucleoside bisphosphate metabolic process","1/423","14/13537",0.0714285714285714,2.28588314758528,0.864523424923324,0.358961264477204,0.698885317579789,0.615048367487714,"6799",1,FALSE,"Higher_in_IPF","GO_Biological_Process"
"GO:0034032","purine nucleoside bisphosphate metabolic process","1/423","14/13537",0.0714285714285714,2.28588314758528,0.864523424923324,0.358961264477204,0.698885317579789,0.615048367487714,"6799",1,FALSE,"Higher_in_IPF","GO_Biological_Process"
"GO:0035234","ectopic germ cell programmed cell death","1/423","14/13537",0.0714285714285714,2.28588314758528,0.864523424923324,0.358961264477204,0.698885317579789,0.615048367487714,"3552",1,FALSE,"Higher_in_IPF","GO_Biological_Process"
"GO:0035542","regulation of SNARE complex assembly","1/423","14/13537",0.0714285714285714,2.28588314758528,0.864523424923324,0.358961264477204,0.698885317579789,0.615048367487714,"29091",1,FALSE,"Higher_in_IPF","GO_Biological_Process"
"GO:0036151","phosphatidylcholine acyl-chain remodeling","1/423","14/13537",0.0714285714285714,2.28588314758528,0.864523424923324,0.358961264477204,0.698885317579789,0.615048367487714,"79888",1,FALSE,"Higher_in_IPF","GO_Biological_Process"
"GO:0038180","nerve growth factor signaling pathway","1/423","14/13537",0.0714285714285714,2.28588314758528,0.864523424923324,0.358961264477204,0.698885317579789,0.615048367487714,"627",1,FALSE,"Higher_in_IPF","GO_Biological_Process"
"GO:0042182","ketone catabolic process","1/423","14/13537",0.0714285714285714,2.28588314758528,0.864523424923324,0.358961264477204,0.698885317579789,0.615048367487714,"8630",1,FALSE,"Higher_in_IPF","GO_Biological_Process"
"GO:0042359","vitamin D metabolic process","1/423","14/13537",0.0714285714285714,2.28588314758528,0.864523424923324,0.358961264477204,0.698885317579789,0.615048367487714,"4036",1,FALSE,"Higher_in_IPF","GO_Biological_Process"
"GO:0042745","circadian sleep/wake cycle","1/423","14/13537",0.0714285714285714,2.28588314758528,0.864523424923324,0.358961264477204,0.698885317579789,0.615048367487714,"1437",1,FALSE,"Higher_in_IPF","GO_Biological_Process"
"GO:0045059","positive thymic T cell selection","1/423","14/13537",0.0714285714285714,2.28588314758528,0.864523424923324,0.358961264477204,0.698885317579789,0.615048367487714,"6469",1,FALSE,"Higher_in_IPF","GO_Biological_Process"
"GO:0045779","negative regulation of bone resorption","1/423","14/13537",0.0714285714285714,2.28588314758528,0.864523424923324,0.358961264477204,0.698885317579789,0.615048367487714,"51208",1,FALSE,"Higher_in_IPF","GO_Biological_Process"
"GO:0046049","UMP metabolic process","1/423","14/13537",0.0714285714285714,2.28588314758528,0.864523424923324,0.358961264477204,0.698885317579789,0.615048367487714,"51733",1,FALSE,"Higher_in_IPF","GO_Biological_Process"
"GO:0046642","negative regulation of alpha-beta T cell proliferation","1/423","14/13537",0.0714285714285714,2.28588314758528,0.864523424923324,0.358961264477204,0.698885317579789,0.615048367487714,"29126",1,FALSE,"Higher_in_IPF","GO_Biological_Process"
"GO:0048240","sperm capacitation","1/423","14/13537",0.0714285714285714,2.28588314758528,0.864523424923324,0.358961264477204,0.698885317579789,0.615048367487714,"1080",1,FALSE,"Higher_in_IPF","GO_Biological_Process"
"GO:0048368","lateral mesoderm development","1/423","14/13537",0.0714285714285714,2.28588314758528,0.864523424923324,0.358961264477204,0.698885317579789,0.615048367487714,"6469",1,FALSE,"Higher_in_IPF","GO_Biological_Process"
"GO:0051444","negative regulation of ubiquitin-protein transferase activity","1/423","14/13537",0.0714285714285714,2.28588314758528,0.864523424923324,0.358961264477204,0.698885317579789,0.615048367487714,"84101",1,FALSE,"Higher_in_IPF","GO_Biological_Process"
"GO:0051782","negative regulation of cell division","1/423","14/13537",0.0714285714285714,2.28588314758528,0.864523424923324,0.358961264477204,0.698885317579789,0.615048367487714,"56241",1,FALSE,"Higher_in_IPF","GO_Biological_Process"
"GO:0060009","Sertoli cell development","1/423","14/13537",0.0714285714285714,2.28588314758528,0.864523424923324,0.358961264477204,0.698885317579789,0.615048367487714,"3552",1,FALSE,"Higher_in_IPF","GO_Biological_Process"
"GO:0060253","negative regulation of glial cell proliferation","1/423","14/13537",0.0714285714285714,2.28588314758528,0.864523424923324,0.358961264477204,0.698885317579789,0.615048367487714,"6833",1,FALSE,"Higher_in_IPF","GO_Biological_Process"
"GO:0060576","intestinal epithelial cell development","1/423","14/13537",0.0714285714285714,2.28588314758528,0.864523424923324,0.358961264477204,0.698885317579789,0.615048367487714,"7855",1,FALSE,"Higher_in_IPF","GO_Biological_Process"
"GO:0060841","venous blood vessel development","1/423","14/13537",0.0714285714285714,2.28588314758528,0.864523424923324,0.358961264477204,0.698885317579789,0.615048367487714,"94",1,FALSE,"Higher_in_IPF","GO_Biological_Process"
"GO:0070207","protein homotrimerization","1/423","14/13537",0.0714285714285714,2.28588314758528,0.864523424923324,0.358961264477204,0.698885317579789,0.615048367487714,"3135",1,FALSE,"Higher_in_IPF","GO_Biological_Process"
"GO:0070234","positive regulation of T cell apoptotic process","1/423","14/13537",0.0714285714285714,2.28588314758528,0.864523424923324,0.358961264477204,0.698885317579789,0.615048367487714,"29126",1,FALSE,"Higher_in_IPF","GO_Biological_Process"
"GO:0070424","regulation of nucleotide-binding domain, leucine rich repeat containing receptor signaling pathway","1/423","14/13537",0.0714285714285714,2.28588314758528,0.864523424923324,0.358961264477204,0.698885317579789,0.615048367487714,"57864",1,FALSE,"Higher_in_IPF","GO_Biological_Process"
"GO:0070942","neutrophil mediated cytotoxicity","1/423","14/13537",0.0714285714285714,2.28588314758528,0.864523424923324,0.358961264477204,0.698885317579789,0.615048367487714,"383",1,FALSE,"Higher_in_IPF","GO_Biological_Process"
"GO:0090336","positive regulation of brown fat cell differentiation","1/423","14/13537",0.0714285714285714,2.28588314758528,0.864523424923324,0.358961264477204,0.698885317579789,0.615048367487714,"338557",1,FALSE,"Higher_in_IPF","GO_Biological_Process"
"GO:0090399","replicative senescence","1/423","14/13537",0.0714285714285714,2.28588314758528,0.864523424923324,0.358961264477204,0.698885317579789,0.615048367487714,"4311",1,FALSE,"Higher_in_IPF","GO_Biological_Process"
"GO:0097531","mast cell migration","1/423","14/13537",0.0714285714285714,2.28588314758528,0.864523424923324,0.358961264477204,0.698885317579789,0.615048367487714,"2277",1,FALSE,"Higher_in_IPF","GO_Biological_Process"
"GO:0098935","dendritic transport","1/423","14/13537",0.0714285714285714,2.28588314758528,0.864523424923324,0.358961264477204,0.698885317579789,0.615048367487714,"64284",1,FALSE,"Higher_in_IPF","GO_Biological_Process"
"GO:0141161","regulation of cAMP/PKA signal transduction","1/423","14/13537",0.0714285714285714,2.28588314758528,0.864523424923324,0.358961264477204,0.698885317579789,0.615048367487714,"120892",1,FALSE,"Higher_in_IPF","GO_Biological_Process"
"GO:0150011","regulation of neuron projection arborization","1/423","14/13537",0.0714285714285714,2.28588314758528,0.864523424923324,0.358961264477204,0.698885317579789,0.615048367487714,"84879",1,FALSE,"Higher_in_IPF","GO_Biological_Process"
"GO:0170044","non-proteinogenic amino acid catabolic process","1/423","14/13537",0.0714285714285714,2.28588314758528,0.864523424923324,0.358961264477204,0.698885317579789,0.615048367487714,"5625",1,FALSE,"Higher_in_IPF","GO_Biological_Process"
"GO:1901857","positive regulation of cellular respiration","1/423","14/13537",0.0714285714285714,2.28588314758528,0.864523424923324,0.358961264477204,0.698885317579789,0.615048367487714,"26471",1,FALSE,"Higher_in_IPF","GO_Biological_Process"
"GO:1902033","regulation of hematopoietic stem cell proliferation","1/423","14/13537",0.0714285714285714,2.28588314758528,0.864523424923324,0.358961264477204,0.698885317579789,0.615048367487714,"1050",1,FALSE,"Higher_in_IPF","GO_Biological_Process"
"GO:1902166","negative regulation of intrinsic apoptotic signaling pathway in response to DNA damage by p53 class mediator","1/423","14/13537",0.0714285714285714,2.28588314758528,0.864523424923324,0.358961264477204,0.698885317579789,0.615048367487714,"4582",1,FALSE,"Higher_in_IPF","GO_Biological_Process"
"GO:1903358","regulation of Golgi organization","1/423","14/13537",0.0714285714285714,2.28588314758528,0.864523424923324,0.358961264477204,0.698885317579789,0.615048367487714,"57662",1,FALSE,"Higher_in_IPF","GO_Biological_Process"
"GO:1905666","regulation of protein localization to endosome","1/423","14/13537",0.0714285714285714,2.28588314758528,0.864523424923324,0.358961264477204,0.698885317579789,0.615048367487714,"1950",1,FALSE,"Higher_in_IPF","GO_Biological_Process"
"GO:2000402","negative regulation of lymphocyte migration","1/423","14/13537",0.0714285714285714,2.28588314758528,0.864523424923324,0.358961264477204,0.698885317579789,0.615048367487714,"84830",1,FALSE,"Higher_in_IPF","GO_Biological_Process"
"GO:0019395","fatty acid oxidation","4/423","97/13537",0.0412371134020619,1.31968511613171,0.567487652548519,0.359810365798436,0.699468419866817,0.615561521936224,"84879/55289/33/440503",4,FALSE,"Higher_in_IPF","GO_Biological_Process"
"GO:0046785","microtubule polymerization","4/423","97/13537",0.0412371134020619,1.31968511613171,0.567487652548519,0.359810365798436,0.699468419866817,0.615561521936224,"100506658/256764/57662/81027",4,FALSE,"Higher_in_IPF","GO_Biological_Process"
"GO:0070252","actin-mediated cell contraction","4/423","97/13537",0.0412371134020619,1.31968511613171,0.567487652548519,0.359810365798436,0.699468419866817,0.615561521936224,"6323/7134/2013/3759",4,FALSE,"Higher_in_IPF","GO_Biological_Process"
"GO:0006941","striated muscle contraction","6/423","156/13537",0.0384615384615385,1.23086015639207,0.520852515813262,0.361524056106839,0.702442160924128,0.618178538686504,"6323/7273/7134/148/3759/7138",6,FALSE,"Higher_in_IPF","GO_Biological_Process"
"GO:0071559","response to transforming growth factor beta","9/423","246/13537",0.0365853658536585,1.17081819754368,0.485590997166056,0.362686052295138,0.704197098574181,0.619722957362297,"7476/1524/79674/83891/23089/27063/94/7080/4091",9,FALSE,"Higher_in_IPF","GO_Biological_Process"
"GO:0031396","regulation of protein ubiquitination","7/423","186/13537",0.0376344086021505,1.20439004550192,0.504088838434128,0.362796147955845,0.704197098574181,0.619722957362297,"408/120892/84101/57761/79444/55859/84707",7,FALSE,"Higher_in_IPF","GO_Biological_Process"
"GO:0035107","appendage morphogenesis","5/423","127/13537",0.0393700787401575,1.25993559315724,0.528568149985688,0.364825454307248,0.705350346969784,0.620737864279328,"3899/3549/7476/6469/341640",5,FALSE,"Higher_in_IPF","GO_Biological_Process"
"GO:0035108","limb morphogenesis","5/423","127/13537",0.0393700787401575,1.25993559315724,0.528568149985688,0.364825454307248,0.705350346969784,0.620737864279328,"3899/3549/7476/6469/341640",5,FALSE,"Higher_in_IPF","GO_Biological_Process"
"GO:0051249","regulation of lymphocyte activation","16/423","460/13537",0.0347826086956522,1.11312570665022,0.44333694669532,0.365856901069682,0.705350346969784,0.620737864279328,"5590/11126/79626/89780/3552/3549/729230/3135/177/383/6469/29126/57864/6441/126259/8993",16,FALSE,"Higher_in_IPF","GO_Biological_Process"
"GO:0006809","nitric oxide biosynthetic process","3/423","69/13537",0.0434782608695652,1.39140713331278,0.585395655091087,0.366228137947918,0.705350346969784,0.620737864279328,"64757/1524/2644",3,FALSE,"Higher_in_IPF","GO_Biological_Process"
"GO:0072676","lymphocyte migration","4/423","98/13537",0.0408163265306122,1.3062189414773,0.546398349312376,0.366946493758878,0.705350346969784,0.620737864279328,"729230/84830/1669/2529",4,FALSE,"Higher_in_IPF","GO_Biological_Process"
"GO:0007163","establishment or maintenance of cell polarity","8/423","217/13537",0.0368663594470046,1.17981065681821,0.479557788562421,0.367811804049787,0.705350346969784,0.620737864279328,"5590/7476/23286/6469/23221/92359/57662/84612",8,FALSE,"Higher_in_IPF","GO_Biological_Process"
"GO:0006040","amino sugar metabolic process","2/423","41/13537",0.0487804878048781,1.56109093005824,0.646205141146781,0.36819889120105,0.705350346969784,0.620737864279328,"1117/27159",2,FALSE,"Higher_in_IPF","GO_Biological_Process"
"GO:0021762","substantia nigra development","2/423","41/13537",0.0487804878048781,1.56109093005824,0.646205141146781,0.36819889120105,0.705350346969784,0.620737864279328,"838/4099",2,FALSE,"Higher_in_IPF","GO_Biological_Process"
"GO:0046633","alpha-beta T cell proliferation","2/423","41/13537",0.0487804878048781,1.56109093005824,0.646205141146781,0.36819889120105,0.705350346969784,0.620737864279328,"729230/29126",2,FALSE,"Higher_in_IPF","GO_Biological_Process"
"GO:0050919","negative chemotaxis","2/423","41/13537",0.0487804878048781,1.56109093005824,0.646205141146781,0.36819889120105,0.705350346969784,0.620737864279328,"10718/335",2,FALSE,"Higher_in_IPF","GO_Biological_Process"
"GO:1903018","regulation of glycoprotein metabolic process","2/423","41/13537",0.0487804878048781,1.56109093005824,0.646205141146781,0.36819889120105,0.705350346969784,0.620737864279328,"64168/123264",2,FALSE,"Higher_in_IPF","GO_Biological_Process"
"GO:1903214","regulation of protein targeting to mitochondrion","2/423","41/13537",0.0487804878048781,1.56109093005824,0.646205141146781,0.36819889120105,0.705350346969784,0.620737864279328,"7855/120892",2,FALSE,"Higher_in_IPF","GO_Biological_Process"
"GO:1903539","protein localization to postsynaptic membrane","2/423","41/13537",0.0487804878048781,1.56109093005824,0.646205141146781,0.36819889120105,0.705350346969784,0.620737864279328,"5590/9254",2,FALSE,"Higher_in_IPF","GO_Biological_Process"
"GO:0007612","learning","5/423","128/13537",0.0390625,1.2500923463357,0.51056960542079,0.371056792437325,0.705350346969784,0.620737864279328,"2890/6833/6532/84152/164312",5,FALSE,"Higher_in_IPF","GO_Biological_Process"
"GO:0007160","cell-matrix adhesion","8/423","218/13537",0.036697247706422,1.17439868132822,0.466211949782968,0.372564257364529,0.705350346969784,0.620737864279328,"5590/2243/94/2013/3674/57662/2523/6614",8,FALSE,"Higher_in_IPF","GO_Biological_Process"
"GO:0002768","immune response-regulating cell surface receptor signaling pathway","11/423","309/13537",0.0355987055016181,1.139242733748,0.444684973849202,0.372698620770054,0.705350346969784,0.620737864279328,"8547/11126/2209/57402/5284/79908/153579/3135/84106/2867/11027",11,FALSE,"Higher_in_IPF","GO_Biological_Process"
"GO:0141193","nuclear receptor-mediated signaling pathway","6/423","158/13537",0.0379746835443038,1.21527964808331,0.48884081365806,0.372718093620305,0.705350346969784,0.620737864279328,"6258/1668/2171/55885/247/440503",6,FALSE,"Higher_in_IPF","GO_Biological_Process"
"GO:0034446","substrate adhesion-dependent cell spreading","4/423","99/13537",0.0404040404040404,1.29302481075531,0.525535962153144,0.374078457550361,0.705350346969784,0.620737864279328,"10675/2243/335/10562",4,FALSE,"Higher_in_IPF","GO_Biological_Process"
"GO:0070555","response to interleukin-1","4/423","99/13537",0.0404040404040404,1.29302481075531,0.525535962153144,0.374078457550361,0.705350346969784,0.620737864279328,"7850/820/3373/27063",4,FALSE,"Higher_in_IPF","GO_Biological_Process"
"GO:0042982","amyloid precursor protein metabolic process","3/423","70/13537",0.0428571428571429,1.37152988855117,0.559699751528314,0.374783049071602,0.705350346969784,0.620737864279328,"1718/177/64168",3,FALSE,"Higher_in_IPF","GO_Biological_Process"
"GO:0052547","regulation of peptidase activity","3/423","70/13537",0.0428571428571429,1.37152988855117,0.559699751528314,0.374783049071602,0.705350346969784,0.620737864279328,"177/9806/1512",3,FALSE,"Higher_in_IPF","GO_Biological_Process"
"GO:0072527","pyrimidine-containing compound metabolic process","3/423","70/13537",0.0428571428571429,1.37152988855117,0.559699751528314,0.374783049071602,0.705350346969784,0.620737864279328,"80704/55/51733",3,FALSE,"Higher_in_IPF","GO_Biological_Process"
"GO:1903533","regulation of protein targeting","3/423","70/13537",0.0428571428571429,1.37152988855117,0.559699751528314,0.374783049071602,0.705350346969784,0.620737864279328,"7855/120892/123264",3,FALSE,"Higher_in_IPF","GO_Biological_Process"
"GO:0030308","negative regulation of cell growth","6/423","159/13537",0.0377358490566038,1.20763637985637,0.472992420665338,0.378319840630141,0.705350346969784,0.620737864279328,"89780/3373/94/29948/4099/186",6,FALSE,"Higher_in_IPF","GO_Biological_Process"
"GO:0048736","appendage development","6/423","159/13537",0.0377358490566038,1.20763637985637,0.472992420665338,0.378319840630141,0.705350346969784,0.620737864279328,"126695/3899/3549/7476/6469/341640",6,FALSE,"Higher_in_IPF","GO_Biological_Process"
"GO:0051302","regulation of cell division","6/423","159/13537",0.0377358490566038,1.20763637985637,0.472992420665338,0.378319840630141,0.705350346969784,0.620737864279328,"126695/3552/6469/994/56241/2277",6,FALSE,"Higher_in_IPF","GO_Biological_Process"
"GO:0060173","limb development","6/423","159/13537",0.0377358490566038,1.20763637985637,0.472992420665338,0.378319840630141,0.705350346969784,0.620737864279328,"126695/3899/3549/7476/6469/341640",6,FALSE,"Higher_in_IPF","GO_Biological_Process"
"GO:0001829","trophectodermal cell differentiation","1/423","15/13537",0.0666666666666667,2.13349093774626,0.788843738955367,0.379012982670367,0.705350346969784,0.620737864279328,"84525",1,FALSE,"Higher_in_IPF","GO_Biological_Process"
"GO:0001991","regulation of systemic arterial blood pressure by circulatory renin-angiotensin","1/423","15/13537",0.0666666666666667,2.13349093774626,0.788843738955367,0.379012982670367,0.705350346969784,0.620737864279328,"186",1,FALSE,"Higher_in_IPF","GO_Biological_Process"
"GO:0002922","positive regulation of humoral immune response","1/423","15/13537",0.0666666666666667,2.13349093774626,0.788843738955367,0.379012982670367,0.705350346969784,0.620737864279328,"5225",1,FALSE,"Higher_in_IPF","GO_Biological_Process"
"GO:0002923","regulation of humoral immune response mediated by circulating immunoglobulin","1/423","15/13537",0.0666666666666667,2.13349093774626,0.788843738955367,0.379012982670367,0.705350346969784,0.620737864279328,"722",1,FALSE,"Higher_in_IPF","GO_Biological_Process"
"GO:0006577","amino-acid betaine metabolic process","1/423","15/13537",0.0666666666666667,2.13349093774626,0.788843738955367,0.379012982670367,0.705350346969784,0.620737864279328,"33",1,FALSE,"Higher_in_IPF","GO_Biological_Process"
"GO:0009173","pyrimidine ribonucleoside monophosphate metabolic process","1/423","15/13537",0.0666666666666667,2.13349093774626,0.788843738955367,0.379012982670367,0.705350346969784,0.620737864279328,"51733",1,FALSE,"Higher_in_IPF","GO_Biological_Process"
"GO:0009190","cyclic nucleotide biosynthetic process","1/423","15/13537",0.0666666666666667,2.13349093774626,0.788843738955367,0.379012982670367,0.705350346969784,0.620737864279328,"114",1,FALSE,"Higher_in_IPF","GO_Biological_Process"
"GO:0010517","regulation of phospholipase activity","1/423","15/13537",0.0666666666666667,2.13349093774626,0.788843738955367,0.379012982670367,0.705350346969784,0.620737864279328,"5319",1,FALSE,"Higher_in_IPF","GO_Biological_Process"
"GO:0010649","regulation of cell communication by electrical coupling","1/423","15/13537",0.0666666666666667,2.13349093774626,0.788843738955367,0.379012982670367,0.705350346969784,0.620737864279328,"79191",1,FALSE,"Higher_in_IPF","GO_Biological_Process"
"GO:0010950","positive regulation of endopeptidase activity","1/423","15/13537",0.0666666666666667,2.13349093774626,0.788843738955367,0.379012982670367,0.705350346969784,0.620737864279328,"177",1,FALSE,"Higher_in_IPF","GO_Biological_Process"
"GO:0014819","regulation of skeletal muscle contraction","1/423","15/13537",0.0666666666666667,2.13349093774626,0.788843738955367,0.379012982670367,0.705350346969784,0.620737864279328,"3759",1,FALSE,"Higher_in_IPF","GO_Biological_Process"
"GO:0018126","protein hydroxylation","1/423","15/13537",0.0666666666666667,2.13349093774626,0.788843738955367,0.379012982670367,0.705350346969784,0.620737864279328,"55214",1,FALSE,"Higher_in_IPF","GO_Biological_Process"
"GO:0018230","peptidyl-L-cysteine S-palmitoylation","1/423","15/13537",0.0666666666666667,2.13349093774626,0.788843738955367,0.379012982670367,0.705350346969784,0.620737864279328,"131540",1,FALSE,"Higher_in_IPF","GO_Biological_Process"
"GO:0018231","peptidyl-S-diacylglycerol-L-cysteine biosynthetic process from peptidyl-cysteine","1/423","15/13537",0.0666666666666667,2.13349093774626,0.788843738955367,0.379012982670367,0.705350346969784,0.620737864279328,"131540",1,FALSE,"Higher_in_IPF","GO_Biological_Process"
"GO:0030167","proteoglycan catabolic process","1/423","15/13537",0.0666666666666667,2.13349093774626,0.788843738955367,0.379012982670367,0.705350346969784,0.620737864279328,"3373",1,FALSE,"Higher_in_IPF","GO_Biological_Process"
"GO:0030730","triglyceride storage","1/423","15/13537",0.0666666666666667,2.13349093774626,0.788843738955367,0.379012982670367,0.705350346969784,0.620737864279328,"440503",1,FALSE,"Higher_in_IPF","GO_Biological_Process"
"GO:0031268","pseudopodium organization","1/423","15/13537",0.0666666666666667,2.13349093774626,0.788843738955367,0.379012982670367,0.705350346969784,0.620737864279328,"57111",1,FALSE,"Higher_in_IPF","GO_Biological_Process"
"GO:0032352","positive regulation of hormone metabolic process","1/423","15/13537",0.0666666666666667,2.13349093774626,0.788843738955367,0.379012982670367,0.705350346969784,0.620737864279328,"3249",1,FALSE,"Higher_in_IPF","GO_Biological_Process"
"GO:0032926","negative regulation of activin receptor signaling pathway","1/423","15/13537",0.0666666666666667,2.13349093774626,0.788843738955367,0.379012982670367,0.705350346969784,0.620737864279328,"4091",1,FALSE,"Higher_in_IPF","GO_Biological_Process"
"GO:0032933","SREBP signaling pathway","1/423","15/13537",0.0666666666666667,2.13349093774626,0.788843738955367,0.379012982670367,0.705350346969784,0.620737864279328,"79794",1,FALSE,"Higher_in_IPF","GO_Biological_Process"
"GO:0034616","response to laminar fluid shear stress","1/423","15/13537",0.0666666666666667,2.13349093774626,0.788843738955367,0.379012982670367,0.705350346969784,0.620737864279328,"4091",1,FALSE,"Higher_in_IPF","GO_Biological_Process"
"GO:0035641","locomotory exploration behavior","1/423","15/13537",0.0666666666666667,2.13349093774626,0.788843738955367,0.379012982670367,0.705350346969784,0.620737864279328,"120892",1,FALSE,"Higher_in_IPF","GO_Biological_Process"
"GO:0035672","oligopeptide transmembrane transport","1/423","15/13537",0.0666666666666667,2.13349093774626,0.788843738955367,0.379012982670367,0.705350346969784,0.620737864279328,"760",1,FALSE,"Higher_in_IPF","GO_Biological_Process"
"GO:0035809","regulation of urine volume","1/423","15/13537",0.0666666666666667,2.13349093774626,0.788843738955367,0.379012982670367,0.705350346969784,0.620737864279328,"4883",1,FALSE,"Higher_in_IPF","GO_Biological_Process"
"GO:0042574","retinal metabolic process","1/423","15/13537",0.0666666666666667,2.13349093774626,0.788843738955367,0.379012982670367,0.705350346969784,0.620737864279328,"195814",1,FALSE,"Higher_in_IPF","GO_Biological_Process"
"GO:0044771","meiotic cell cycle phase transition","1/423","15/13537",0.0666666666666667,2.13349093774626,0.788843738955367,0.379012982670367,0.705350346969784,0.620737864279328,"994",1,FALSE,"Higher_in_IPF","GO_Biological_Process"
"GO:0046321","positive regulation of fatty acid oxidation","1/423","15/13537",0.0666666666666667,2.13349093774626,0.788843738955367,0.379012982670367,0.705350346969784,0.620737864279328,"440503",1,FALSE,"Higher_in_IPF","GO_Biological_Process"
"GO:0046459","short-chain fatty acid metabolic process","1/423","15/13537",0.0666666666666667,2.13349093774626,0.788843738955367,0.379012982670367,0.705350346969784,0.620737864279328,"55902",1,FALSE,"Higher_in_IPF","GO_Biological_Process"
"GO:0048841","regulation of axon extension involved in axon guidance","1/423","15/13537",0.0666666666666667,2.13349093774626,0.788843738955367,0.379012982670367,0.705350346969784,0.620737864279328,"89780",1,FALSE,"Higher_in_IPF","GO_Biological_Process"
"GO:0050884","neuromuscular process controlling posture","1/423","15/13537",0.0666666666666667,2.13349093774626,0.788843738955367,0.379012982670367,0.705350346969784,0.620737864279328,"6323",1,FALSE,"Higher_in_IPF","GO_Biological_Process"
"GO:0050999","regulation of nitric-oxide synthase activity","1/423","15/13537",0.0666666666666667,2.13349093774626,0.788843738955367,0.379012982670367,0.705350346969784,0.620737864279328,"4883",1,FALSE,"Higher_in_IPF","GO_Biological_Process"
"GO:0051152","positive regulation of smooth muscle cell differentiation","1/423","15/13537",0.0666666666666667,2.13349093774626,0.788843738955367,0.379012982670367,0.705350346969784,0.620737864279328,"6469",1,FALSE,"Higher_in_IPF","GO_Biological_Process"
"GO:0051895","negative regulation of focal adhesion assembly","1/423","15/13537",0.0666666666666667,2.13349093774626,0.788843738955367,0.379012982670367,0.705350346969784,0.620737864279328,"94",1,FALSE,"Higher_in_IPF","GO_Biological_Process"
"GO:0055003","cardiac myofibril assembly","1/423","15/13537",0.0666666666666667,2.13349093774626,0.788843738955367,0.379012982670367,0.705350346969784,0.620737864279328,"7273",1,FALSE,"Higher_in_IPF","GO_Biological_Process"
"GO:0060263","regulation of respiratory burst","1/423","15/13537",0.0666666666666667,2.13349093774626,0.788843738955367,0.379012982670367,0.705350346969784,0.620737864279328,"6280",1,FALSE,"Higher_in_IPF","GO_Biological_Process"
"GO:0060572","morphogenesis of an epithelial bud","1/423","15/13537",0.0666666666666667,2.13349093774626,0.788843738955367,0.379012982670367,0.705350346969784,0.620737864279328,"6469",1,FALSE,"Higher_in_IPF","GO_Biological_Process"
"GO:0061687","detoxification of inorganic compound","1/423","15/13537",0.0666666666666667,2.13349093774626,0.788843738955367,0.379012982670367,0.705350346969784,0.620737864279328,"64116",1,FALSE,"Higher_in_IPF","GO_Biological_Process"
"GO:0070243","regulation of thymocyte apoptotic process","1/423","15/13537",0.0666666666666667,2.13349093774626,0.788843738955367,0.379012982670367,0.705350346969784,0.620737864279328,"171558",1,FALSE,"Higher_in_IPF","GO_Biological_Process"
"GO:0071501","cellular response to sterol depletion","1/423","15/13537",0.0666666666666667,2.13349093774626,0.788843738955367,0.379012982670367,0.705350346969784,0.620737864279328,"79794",1,FALSE,"Higher_in_IPF","GO_Biological_Process"
"GO:0072189","ureter development","1/423","15/13537",0.0666666666666667,2.13349093774626,0.788843738955367,0.379012982670367,0.705350346969784,0.620737864279328,"6469",1,FALSE,"Higher_in_IPF","GO_Biological_Process"
"GO:0090520","sphingolipid mediated signaling pathway","1/423","15/13537",0.0666666666666667,2.13349093774626,0.788843738955367,0.379012982670367,0.705350346969784,0.620737864279328,"8698",1,FALSE,"Higher_in_IPF","GO_Biological_Process"
"GO:0090660","cerebrospinal fluid circulation","1/423","15/13537",0.0666666666666667,2.13349093774626,0.788843738955367,0.379012982670367,0.705350346969784,0.620737864279328,"361",1,FALSE,"Higher_in_IPF","GO_Biological_Process"
"GO:0090713","immunological memory process","1/423","15/13537",0.0666666666666667,2.13349093774626,0.788843738955367,0.379012982670367,0.705350346969784,0.620737864279328,"11126",1,FALSE,"Higher_in_IPF","GO_Biological_Process"
"GO:0098543","detection of other organism","1/423","15/13537",0.0666666666666667,2.13349093774626,0.788843738955367,0.379012982670367,0.705350346969784,0.620737864279328,"8993",1,FALSE,"Higher_in_IPF","GO_Biological_Process"
"GO:0141086","negative regulation of inflammasome-mediated signaling pathway","1/423","15/13537",0.0666666666666667,2.13349093774626,0.788843738955367,0.379012982670367,0.705350346969784,0.620737864279328,"4210",1,FALSE,"Higher_in_IPF","GO_Biological_Process"
"GO:0150118","negative regulation of cell-substrate junction organization","1/423","15/13537",0.0666666666666667,2.13349093774626,0.788843738955367,0.379012982670367,0.705350346969784,0.620737864279328,"94",1,FALSE,"Higher_in_IPF","GO_Biological_Process"
"GO:1900221","regulation of amyloid-beta clearance","1/423","15/13537",0.0666666666666667,2.13349093774626,0.788843738955367,0.379012982670367,0.705350346969784,0.620737864279328,"50487",1,FALSE,"Higher_in_IPF","GO_Biological_Process"
"GO:1900424","regulation of defense response to bacterium","1/423","15/13537",0.0666666666666667,2.13349093774626,0.788843738955367,0.379012982670367,0.705350346969784,0.620737864279328,"5225",1,FALSE,"Higher_in_IPF","GO_Biological_Process"
"GO:1902065","response to L-glutamate","1/423","15/13537",0.0666666666666667,2.13349093774626,0.788843738955367,0.379012982670367,0.705350346969784,0.620737864279328,"2890",1,FALSE,"Higher_in_IPF","GO_Biological_Process"
"GO:1903587","regulation of blood vessel endothelial cell proliferation involved in sprouting angiogenesis","1/423","15/13537",0.0666666666666667,2.13349093774626,0.788843738955367,0.379012982670367,0.705350346969784,0.620737864279328,"3162",1,FALSE,"Higher_in_IPF","GO_Biological_Process"
"GO:2000369","regulation of clathrin-dependent endocytosis","1/423","15/13537",0.0666666666666667,2.13349093774626,0.788843738955367,0.379012982670367,0.705350346969784,0.620737864279328,"6457",1,FALSE,"Higher_in_IPF","GO_Biological_Process"
"GO:0002347","response to tumor cell","2/423","42/13537",0.0476190476190476,1.52392209839018,0.610734824508785,0.379462968223137,0.705350346969784,0.620737864279328,"11126/29126",2,FALSE,"Higher_in_IPF","GO_Biological_Process"
"GO:0006739","NADP metabolic process","2/423","42/13537",0.0476190476190476,1.52392209839018,0.610734824508785,0.379462968223137,0.705350346969784,0.620737864279328,"2330/51181",2,FALSE,"Higher_in_IPF","GO_Biological_Process"
"GO:0008038","neuron recognition","2/423","42/13537",0.0476190476190476,1.52392209839018,0.610734824508785,0.379462968223137,0.705350346969784,0.620737864279328,"27255/55118",2,FALSE,"Higher_in_IPF","GO_Biological_Process"
"GO:0010634","positive regulation of epithelial cell migration","2/423","42/13537",0.0476190476190476,1.52392209839018,0.610734824508785,0.379462968223137,0.705350346969784,0.620737864279328,"57111/1512",2,FALSE,"Higher_in_IPF","GO_Biological_Process"
"GO:0021795","cerebral cortex cell migration","2/423","42/13537",0.0476190476190476,1.52392209839018,0.610734824508785,0.379462968223137,0.705350346969784,0.620737864279328,"285025/7080",2,FALSE,"Higher_in_IPF","GO_Biological_Process"
"GO:0035176","social behavior","2/423","42/13537",0.0476190476190476,1.52392209839018,0.610734824508785,0.379462968223137,0.705350346969784,0.620737864279328,"1524/1620",2,FALSE,"Higher_in_IPF","GO_Biological_Process"
"GO:0035272","exocrine system development","2/423","42/13537",0.0476190476190476,1.52392209839018,0.610734824508785,0.379462968223137,0.705350346969784,0.620737864279328,"6469/80004",2,FALSE,"Higher_in_IPF","GO_Biological_Process"
"GO:0062237","protein localization to postsynapse","2/423","42/13537",0.0476190476190476,1.52392209839018,0.610734824508785,0.379462968223137,0.705350346969784,0.620737864279328,"5590/9254",2,FALSE,"Higher_in_IPF","GO_Biological_Process"
"GO:2000516","positive regulation of CD4-positive, alpha-beta T cell activation","2/423","42/13537",0.0476190476190476,1.52392209839018,0.610734824508785,0.379462968223137,0.705350346969784,0.620737864279328,"5590/11126",2,FALSE,"Higher_in_IPF","GO_Biological_Process"
"GO:0043405","regulation of MAP kinase activity","4/423","100/13537",0.04,1.28009456264775,0.504895251751487,0.38120396964257,0.70755311429039,0.622676391832297,"6283/120892/5319/57761",4,FALSE,"Higher_in_IPF","GO_Biological_Process"
"GO:0051928","positive regulation of calcium ion transport","4/423","100/13537",0.04,1.28009456264775,0.504895251751487,0.38120396964257,0.70755311429039,0.622676391832297,"5319/9914/353514/11027",4,FALSE,"Higher_in_IPF","GO_Biological_Process"
"GO:0060840","artery development","4/423","100/13537",0.04,1.28009456264775,0.504895251751487,0.38120396964257,0.70755311429039,0.622676391832297,"4036/6469/94/4091",4,FALSE,"Higher_in_IPF","GO_Biological_Process"
"GO:0050769","positive regulation of neurogenesis","7/423","190/13537",0.0368421052631579,1.17903446559662,0.44634367137808,0.383302078721521,0.709746060221385,0.624606276150826,"89780/4036/1524/4311/6469/627/4099",7,FALSE,"Higher_in_IPF","GO_Biological_Process"
"GO:0010657","muscle cell apoptotic process","3/423","71/13537",0.0422535211267606,1.3522125661772,0.534395118973244,0.38331492304256,0.709746060221385,0.624606276150826,"3579/26471/350",3,FALSE,"Higher_in_IPF","GO_Biological_Process"
"GO:0051865","protein autoubiquitination","3/423","71/13537",0.0422535211267606,1.3522125661772,0.534395118973244,0.38331492304256,0.709746060221385,0.624606276150826,"25893/131405/120892",3,FALSE,"Higher_in_IPF","GO_Biological_Process"
"GO:0072091","regulation of stem cell proliferation","3/423","71/13537",0.0422535211267606,1.3522125661772,0.534395118973244,0.38331492304256,0.709746060221385,0.624606276150826,"126695/6469/1050",3,FALSE,"Higher_in_IPF","GO_Biological_Process"
"GO:1900542","regulation of purine nucleotide metabolic process","3/423","71/13537",0.0422535211267606,1.3522125661772,0.534395118973244,0.38331492304256,0.709746060221385,0.624606276150826,"51085/2819/26471",3,FALSE,"Higher_in_IPF","GO_Biological_Process"
"GO:0010720","positive regulation of cell development","13/423","374/13537",0.0347593582887701,1.11238163866449,0.39582342073238,0.387095164741948,0.71639812844632,0.630460374955379,"5590/89780/4036/3549/1524/4311/5196/3135/177/6469/627/4099/50487",13,FALSE,"Higher_in_IPF","GO_Biological_Process"
"GO:0072089","stem cell proliferation","4/423","101/13537",0.0396039603960396,1.26742035905718,0.484471154026751,0.388320794812675,0.716551951000621,0.630595745249368,"126695/131405/6469/1050",4,FALSE,"Higher_in_IPF","GO_Biological_Process"
"GO:0001837","epithelial to mesenchymal transition","6/423","161/13537",0.0372670807453416,1.19263468569667,0.441603049229333,0.389526972676586,0.716551951000621,0.630595745249368,"7080/2013/80320/55273/3249/3170",6,FALSE,"Higher_in_IPF","GO_Biological_Process"
"GO:0007009","plasma membrane organization","5/423","131/13537",0.0381679389312977,1.22146427733564,0.457443531424689,0.38974750816685,0.716551951000621,0.630595745249368,"745/2352/2013/57716/284359",5,FALSE,"Higher_in_IPF","GO_Biological_Process"
"GO:0017015","regulation of transforming growth factor beta receptor signaling pathway","5/423","131/13537",0.0381679389312977,1.22146427733564,0.457443531424689,0.38974750816685,0.716551951000621,0.630595745249368,"79674/83891/23089/7080/4091",5,FALSE,"Higher_in_IPF","GO_Biological_Process"
"GO:0010463","mesenchymal cell proliferation","2/423","43/13537",0.0465116279069767,1.48848204959041,0.576182748523765,0.390641805562068,0.716551951000621,0.630595745249368,"3549/6469",2,FALSE,"Higher_in_IPF","GO_Biological_Process"
"GO:0014075","response to amine","2/423","43/13537",0.0465116279069767,1.48848204959041,0.576182748523765,0.390641805562068,0.716551951000621,0.630595745249368,"2890/84152",2,FALSE,"Higher_in_IPF","GO_Biological_Process"
"GO:0030850","prostate gland development","2/423","43/13537",0.0465116279069767,1.48848204959041,0.576182748523765,0.390641805562068,0.716551951000621,0.630595745249368,"6469/247",2,FALSE,"Higher_in_IPF","GO_Biological_Process"
"GO:0032365","intracellular lipid transport","2/423","43/13537",0.0465116279069767,1.48848204959041,0.576182748523765,0.390641805562068,0.716551951000621,0.630595745249368,"255738/27346",2,FALSE,"Higher_in_IPF","GO_Biological_Process"
"GO:0044331","cell-cell adhesion mediated by cadherin","2/423","43/13537",0.0465116279069767,1.48848204959041,0.576182748523765,0.390641805562068,0.716551951000621,0.630595745249368,"89780/3170",2,FALSE,"Higher_in_IPF","GO_Biological_Process"
"GO:0060428","lung epithelium development","2/423","43/13537",0.0465116279069767,1.48848204959041,0.576182748523765,0.390641805562068,0.716551951000621,0.630595745249368,"6469/7080",2,FALSE,"Higher_in_IPF","GO_Biological_Process"
"GO:2001222","regulation of neuron migration","2/423","43/13537",0.0465116279069767,1.48848204959041,0.576182748523765,0.390641805562068,0.716551951000621,0.630595745249368,"221692/10718",2,FALSE,"Higher_in_IPF","GO_Biological_Process"
"GO:0006140","regulation of nucleotide metabolic process","3/423","72/13537",0.0416666666666667,1.33343183609141,0.509469160486218,0.391820278210363,0.716551951000621,0.630595745249368,"51085/2819/26471",3,FALSE,"Higher_in_IPF","GO_Biological_Process"
"GO:0035418","protein localization to synapse","3/423","72/13537",0.0416666666666667,1.33343183609141,0.509469160486218,0.391820278210363,0.716551951000621,0.630595745249368,"5590/7476/9254",3,FALSE,"Higher_in_IPF","GO_Biological_Process"
"GO:0046637","regulation of alpha-beta T cell differentiation","3/423","72/13537",0.0416666666666667,1.33343183609141,0.509469160486218,0.391820278210363,0.716551951000621,0.630595745249368,"5590/3549/6469",3,FALSE,"Higher_in_IPF","GO_Biological_Process"
"GO:0010562","positive regulation of phosphorus metabolic process","15/423","438/13537",0.0342465753424658,1.09597137212993,0.366697082899109,0.395212602626844,0.716551951000621,0.630595745249368,"6283/51744/89780/5028/54959/1950/84830/177/51085/114/408/120892/2819/5319/353514",15,FALSE,"Higher_in_IPF","GO_Biological_Process"
"GO:0045937","positive regulation of phosphate metabolic process","15/423","438/13537",0.0342465753424658,1.09597137212993,0.366697082899109,0.395212602626844,0.716551951000621,0.630595745249368,"6283/51744/89780/5028/54959/1950/84830/177/51085/114/408/120892/2819/5319/353514",15,FALSE,"Higher_in_IPF","GO_Biological_Process"
"GO:2000060","positive regulation of ubiquitin-dependent protein catabolic process","4/423","102/13537",0.0392156862745098,1.2549946692625,0.46425877255361,0.39542675066473,0.716551951000621,0.630595745249368,"1950/120892/1050/57761",4,FALSE,"Higher_in_IPF","GO_Biological_Process"
"GO:0031109","microtubule polymerization or depolymerization","5/423","132/13537",0.0378787878787879,1.2122107600831,0.440016258848822,0.395971488271145,0.716551951000621,0.630595745249368,"100506658/256764/57662/81027/58526",5,FALSE,"Higher_in_IPF","GO_Biological_Process"
"GO:0071675","regulation of mononuclear cell migration","5/423","132/13537",0.0378787878787879,1.2122107600831,0.440016258848822,0.395971488271145,0.716551951000621,0.630595745249368,"57402/1524/729230/84830/177",5,FALSE,"Higher_in_IPF","GO_Biological_Process"
"GO:0170039","proteinogenic amino acid metabolic process","5/423","132/13537",0.0378787878787879,1.2122107600831,0.440016258848822,0.395971488271145,0.716551951000621,0.630595745249368,"284716/56922/383/374569/5625",5,FALSE,"Higher_in_IPF","GO_Biological_Process"
"GO:1903052","positive regulation of proteolysis involved in protein catabolic process","5/423","132/13537",0.0378787878787879,1.2122107600831,0.440016258848822,0.395971488271145,0.716551951000621,0.630595745249368,"1950/120892/26471/1050/57761",5,FALSE,"Higher_in_IPF","GO_Biological_Process"
"GO:1903844","regulation of cellular response to transforming growth factor beta stimulus","5/423","132/13537",0.0378787878787879,1.2122107600831,0.440016258848822,0.395971488271145,0.716551951000621,0.630595745249368,"79674/83891/23089/7080/4091",5,FALSE,"Higher_in_IPF","GO_Biological_Process"
"GO:0030162","regulation of proteolysis","13/423","377/13537",0.0344827586206897,1.103529795386,0.366147314377828,0.398102427864627,0.716551951000621,0.630595745249368,"7850/27074/1950/177/6469/9806/120892/1361/1512/26471/1050/3249/57761",13,FALSE,"Higher_in_IPF","GO_Biological_Process"
"GO:0002076","osteoblast development","1/423","16/13537",0.0625,2.00014775413712,0.718898398069532,0.398438918798931,0.716551951000621,0.630595745249368,"6469",1,FALSE,"Higher_in_IPF","GO_Biological_Process"
"GO:0002281","macrophage activation involved in immune response","1/423","16/13537",0.0625,2.00014775413712,0.718898398069532,0.398438918798931,0.716551951000621,0.630595745249368,"1524",1,FALSE,"Higher_in_IPF","GO_Biological_Process"
"GO:0002921","negative regulation of humoral immune response","1/423","16/13537",0.0625,2.00014775413712,0.718898398069532,0.398438918798931,0.716551951000621,0.630595745249368,"722",1,FALSE,"Higher_in_IPF","GO_Biological_Process"
"GO:0003128","heart field specification","1/423","16/13537",0.0625,2.00014775413712,0.718898398069532,0.398438918798931,0.716551951000621,0.630595745249368,"4036",1,FALSE,"Higher_in_IPF","GO_Biological_Process"
"GO:0006213","pyrimidine nucleoside metabolic process","1/423","16/13537",0.0625,2.00014775413712,0.718898398069532,0.398438918798931,0.716551951000621,0.630595745249368,"51733",1,FALSE,"Higher_in_IPF","GO_Biological_Process"
"GO:0007141","male meiosis I","1/423","16/13537",0.0625,2.00014775413712,0.718898398069532,0.398438918798931,0.716551951000621,0.630595745249368,"122402",1,FALSE,"Higher_in_IPF","GO_Biological_Process"
"GO:0007398","ectoderm development","1/423","16/13537",0.0625,2.00014775413712,0.718898398069532,0.398438918798931,0.716551951000621,0.630595745249368,"6469",1,FALSE,"Higher_in_IPF","GO_Biological_Process"
"GO:0009125","nucleoside monophosphate catabolic process","1/423","16/13537",0.0625,2.00014775413712,0.718898398069532,0.398438918798931,0.716551951000621,0.630595745249368,"51733",1,FALSE,"Higher_in_IPF","GO_Biological_Process"
"GO:0010829","negative regulation of D-glucose transmembrane transport","1/423","16/13537",0.0625,2.00014775413712,0.718898398069532,0.398438918798931,0.716551951000621,0.630595745249368,"2171",1,FALSE,"Higher_in_IPF","GO_Biological_Process"
"GO:0018149","peptide cross-linking","1/423","16/13537",0.0625,2.00014775413712,0.718898398069532,0.398438918798931,0.716551951000621,0.630595745249368,"5266",1,FALSE,"Higher_in_IPF","GO_Biological_Process"
"GO:0019400","alditol metabolic process","1/423","16/13537",0.0625,2.00014775413712,0.718898398069532,0.398438918798931,0.716551951000621,0.630595745249368,"84649",1,FALSE,"Higher_in_IPF","GO_Biological_Process"
"GO:0023019","signal transduction involved in regulation of gene expression","1/423","16/13537",0.0625,2.00014775413712,0.718898398069532,0.398438918798931,0.716551951000621,0.630595745249368,"5028",1,FALSE,"Higher_in_IPF","GO_Biological_Process"
"GO:0030277","maintenance of gastrointestinal epithelium","1/423","16/13537",0.0625,2.00014775413712,0.718898398069532,0.398438918798931,0.716551951000621,0.630595745249368,"5950",1,FALSE,"Higher_in_IPF","GO_Biological_Process"
"GO:0030431","sleep","1/423","16/13537",0.0625,2.00014775413712,0.718898398069532,0.398438918798931,0.716551951000621,0.630595745249368,"1437",1,FALSE,"Higher_in_IPF","GO_Biological_Process"
"GO:0030812","negative regulation of nucleotide catabolic process","1/423","16/13537",0.0625,2.00014775413712,0.718898398069532,0.398438918798931,0.716551951000621,0.630595745249368,"26471",1,FALSE,"Higher_in_IPF","GO_Biological_Process"
"GO:0033122","negative regulation of purine nucleotide catabolic process","1/423","16/13537",0.0625,2.00014775413712,0.718898398069532,0.398438918798931,0.716551951000621,0.630595745249368,"26471",1,FALSE,"Higher_in_IPF","GO_Biological_Process"
"GO:0033137","negative regulation of peptidyl-serine phosphorylation","1/423","16/13537",0.0625,2.00014775413712,0.718898398069532,0.398438918798931,0.716551951000621,0.630595745249368,"51085",1,FALSE,"Higher_in_IPF","GO_Biological_Process"
"GO:0042178","xenobiotic catabolic process","1/423","16/13537",0.0625,2.00014775413712,0.718898398069532,0.398438918798931,0.716551951000621,0.630595745249368,"2944",1,FALSE,"Higher_in_IPF","GO_Biological_Process"
"GO:0044321","response to leptin","1/423","16/13537",0.0625,2.00014775413712,0.718898398069532,0.398438918798931,0.716551951000621,0.630595745249368,"4036",1,FALSE,"Higher_in_IPF","GO_Biological_Process"
"GO:0045651","positive regulation of macrophage differentiation","1/423","16/13537",0.0625,2.00014775413712,0.718898398069532,0.398438918798931,0.716551951000621,0.630595745249368,"5196",1,FALSE,"Higher_in_IPF","GO_Biological_Process"
"GO:0045820","negative regulation of glycolytic process","1/423","16/13537",0.0625,2.00014775413712,0.718898398069532,0.398438918798931,0.716551951000621,0.630595745249368,"26471",1,FALSE,"Higher_in_IPF","GO_Biological_Process"
"GO:0046579","positive regulation of Ras protein signal transduction","1/423","16/13537",0.0625,2.00014775413712,0.718898398069532,0.398438918798931,0.716551951000621,0.630595745249368,"5923",1,FALSE,"Higher_in_IPF","GO_Biological_Process"
"GO:0046851","negative regulation of bone remodeling","1/423","16/13537",0.0625,2.00014775413712,0.718898398069532,0.398438918798931,0.716551951000621,0.630595745249368,"51208",1,FALSE,"Higher_in_IPF","GO_Biological_Process"
"GO:0061098","positive regulation of protein tyrosine kinase activity","1/423","16/13537",0.0625,2.00014775413712,0.718898398069532,0.398438918798931,0.716551951000621,0.630595745249368,"353514",1,FALSE,"Higher_in_IPF","GO_Biological_Process"
"GO:0061099","negative regulation of protein tyrosine kinase activity","1/423","16/13537",0.0625,2.00014775413712,0.718898398069532,0.398438918798931,0.716551951000621,0.630595745249368,"9052",1,FALSE,"Higher_in_IPF","GO_Biological_Process"
"GO:0070102","interleukin-6-mediated signaling pathway","1/423","16/13537",0.0625,2.00014775413712,0.718898398069532,0.398438918798931,0.716551951000621,0.630595745249368,"1050",1,FALSE,"Higher_in_IPF","GO_Biological_Process"
"GO:0071071","regulation of phospholipid biosynthetic process","1/423","16/13537",0.0625,2.00014775413712,0.718898398069532,0.398438918798931,0.716551951000621,0.630595745249368,"79888",1,FALSE,"Higher_in_IPF","GO_Biological_Process"
"GO:0071243","cellular response to arsenic-containing substance","1/423","16/13537",0.0625,2.00014775413712,0.718898398069532,0.398438918798931,0.716551951000621,0.630595745249368,"3162",1,FALSE,"Higher_in_IPF","GO_Biological_Process"
"GO:0071318","cellular response to ATP","1/423","16/13537",0.0625,2.00014775413712,0.718898398069532,0.398438918798931,0.716551951000621,0.630595745249368,"5028",1,FALSE,"Higher_in_IPF","GO_Biological_Process"
"GO:0071391","cellular response to estrogen stimulus","1/423","16/13537",0.0625,2.00014775413712,0.718898398069532,0.398438918798931,0.716551951000621,0.630595745249368,"51208",1,FALSE,"Higher_in_IPF","GO_Biological_Process"
"GO:0071625","vocalization behavior","1/423","16/13537",0.0625,2.00014775413712,0.718898398069532,0.398438918798931,0.716551951000621,0.630595745249368,"1620",1,FALSE,"Higher_in_IPF","GO_Biological_Process"
"GO:0072074","kidney mesenchyme development","1/423","16/13537",0.0625,2.00014775413712,0.718898398069532,0.398438918798931,0.716551951000621,0.630595745249368,"6469",1,FALSE,"Higher_in_IPF","GO_Biological_Process"
"GO:0098743","cell aggregation","1/423","16/13537",0.0625,2.00014775413712,0.718898398069532,0.398438918798931,0.716551951000621,0.630595745249368,"7476",1,FALSE,"Higher_in_IPF","GO_Biological_Process"
"GO:0110096","cellular response to aldehyde","1/423","16/13537",0.0625,2.00014775413712,0.718898398069532,0.398438918798931,0.716551951000621,0.630595745249368,"6337",1,FALSE,"Higher_in_IPF","GO_Biological_Process"
"GO:0170043","non-proteinogenic amino acid biosynthetic process","1/423","16/13537",0.0625,2.00014775413712,0.718898398069532,0.398438918798931,0.716551951000621,0.630595745249368,"51733",1,FALSE,"Higher_in_IPF","GO_Biological_Process"
"GO:1902165","regulation of intrinsic apoptotic signaling pathway in response to DNA damage by p53 class mediator","1/423","16/13537",0.0625,2.00014775413712,0.718898398069532,0.398438918798931,0.716551951000621,0.630595745249368,"4582",1,FALSE,"Higher_in_IPF","GO_Biological_Process"
"GO:2000725","regulation of cardiac muscle cell differentiation","1/423","16/13537",0.0625,2.00014775413712,0.718898398069532,0.398438918798931,0.716551951000621,0.630595745249368,"89780",1,FALSE,"Higher_in_IPF","GO_Biological_Process"
"GO:0031032","actomyosin structure organization","7/423","193/13537",0.0362694300518135,1.16070750499149,0.403849512887847,0.398707599313304,0.716697558464309,0.63072388591935,"7273/85462/221692/27063/408/335/7138",7,FALSE,"Higher_in_IPF","GO_Biological_Process"
"GO:0030203","glycosaminoglycan metabolic process","3/423","73/13537",0.0410958904109589,1.31516564655591,0.484909863573805,0.400295764696816,0.717737070128468,0.631638699746373,"3373/1950/8993",3,FALSE,"Higher_in_IPF","GO_Biological_Process"
"GO:0051453","regulation of intracellular pH","3/423","73/13537",0.0410958904109589,1.31516564655591,0.484909863573805,0.400295764696816,0.717737070128468,0.631638699746373,"1080/760/120892",3,FALSE,"Higher_in_IPF","GO_Biological_Process"
"GO:0097061","dendritic spine organization","3/423","73/13537",0.0410958904109589,1.31516564655591,0.484909863573805,0.400295764696816,0.717737070128468,0.631638699746373,"7476/1501/120892",3,FALSE,"Higher_in_IPF","GO_Biological_Process"
"GO:0010959","regulation of metal ion transport","11/423","316/13537",0.0348101265822785,1.11400634407637,0.368288514102967,0.400729874272742,0.717737070128468,0.631638699746373,"255738/1950/56704/6833/5319/5652/9914/3759/353514/11027/3787",11,FALSE,"Higher_in_IPF","GO_Biological_Process"
"GO:1901292","nucleoside phosphate catabolic process","6/423","163/13537",0.0368098159509202,1.17800113127094,0.410613923793988,0.400731358484626,0.717737070128468,0.631638699746373,"5208/51085/80201/2819/26471/51733",6,FALSE,"Higher_in_IPF","GO_Biological_Process"
"GO:0032869","cellular response to insulin stimulus","8/423","224/13537",0.0357142857142857,1.14294157379264,0.387429217518454,0.401151788901777,0.717737070128468,0.631638699746373,"5590/255738/6098/2529/79746/5319/57761/80339",8,FALSE,"Higher_in_IPF","GO_Biological_Process"
"GO:0009395","phospholipid catabolic process","2/423","44/13537",0.0454545454545455,1.45465291209972,0.542500099364902,0.401729732547024,0.717737070128468,0.631638699746373,"123745/255189",2,FALSE,"Higher_in_IPF","GO_Biological_Process"
"GO:0048538","thymus development","2/423","44/13537",0.0454545454545455,1.45465291209972,0.542500099364902,0.401729732547024,0.717737070128468,0.631638699746373,"6469/57864",2,FALSE,"Higher_in_IPF","GO_Biological_Process"
"GO:0051703","biological process involved in intraspecies interaction between organisms","2/423","44/13537",0.0454545454545455,1.45465291209972,0.542500099364902,0.401729732547024,0.717737070128468,0.631638699746373,"1524/1620",2,FALSE,"Higher_in_IPF","GO_Biological_Process"
"GO:0051932","synaptic transmission, GABAergic","2/423","44/13537",0.0454545454545455,1.45465291209972,0.542500099364902,0.401729732547024,0.717737070128468,0.631638699746373,"148/760",2,FALSE,"Higher_in_IPF","GO_Biological_Process"
"GO:0120163","negative regulation of cold-induced thermogenesis","2/423","44/13537",0.0454545454545455,1.45465291209972,0.542500099364902,0.401729732547024,0.717737070128468,0.631638699746373,"8809/4883",2,FALSE,"Higher_in_IPF","GO_Biological_Process"
"GO:1902041","regulation of extrinsic apoptotic signaling pathway via death domain receptors","2/423","44/13537",0.0454545454545455,1.45465291209972,0.542500099364902,0.401729732547024,0.717737070128468,0.631638699746373,"2243/3162",2,FALSE,"Higher_in_IPF","GO_Biological_Process"
"GO:1905521","regulation of macrophage migration","2/423","44/13537",0.0454545454545455,1.45465291209972,0.542500099364902,0.401729732547024,0.717737070128468,0.631638699746373,"1524/729230",2,FALSE,"Higher_in_IPF","GO_Biological_Process"
"GO:0001890","placenta development","5/423","133/13537",0.037593984962406,1.20309639346593,0.422725638860825,0.402189824193558,0.717804878738136,0.63169837416452,"7855/4311/1437/3294/1050",5,FALSE,"Higher_in_IPF","GO_Biological_Process"
"GO:2001235","positive regulation of apoptotic signaling pathway","5/423","133/13537",0.037593984962406,1.20309639346593,0.422725638860825,0.402189824193558,0.717804878738136,0.63169837416452,"6280/6279/1512/26471/186",5,FALSE,"Higher_in_IPF","GO_Biological_Process"
"GO:0001824","blastocyst development","4/423","103/13537",0.0388349514563107,1.24281025499782,0.444253371378956,0.40251970806138,0.717804878738136,0.63169837416452,"84525/64168/57718/6928",4,FALSE,"Higher_in_IPF","GO_Biological_Process"
"GO:0010717","regulation of epithelial to mesenchymal transition","4/423","103/13537",0.0388349514563107,1.24281025499782,0.444253371378956,0.40251970806138,0.717804878738136,0.63169837416452,"7080/2013/3249/3170",4,FALSE,"Higher_in_IPF","GO_Biological_Process"
"GO:1901605","alpha-amino acid metabolic process","6/423","164/13537",0.0365853658536585,1.17081819754368,0.395265949685142,0.406329727020295,0.720856639471819,0.634384051499558,"284716/56922/64116/383/374569/5625",6,FALSE,"Higher_in_IPF","GO_Biological_Process"
"GO:0048592","eye morphogenesis","5/423","134/13537",0.0373134328358209,1.19411806217141,0.405569329220627,0.408401046730601,0.720856639471819,0.634384051499558,"84879/7855/3549/5950/6247",5,FALSE,"Higher_in_IPF","GO_Biological_Process"
"GO:0007492","endoderm development","3/423","74/13537",0.0405405405405405,1.29739313781867,0.460705765260352,0.40873816293169,0.720856639471819,0.634384051499558,"4317/7080/6928",3,FALSE,"Higher_in_IPF","GO_Biological_Process"
"GO:0018210","peptidyl-threonine modification","3/423","74/13537",0.0405405405405405,1.29739313781867,0.460705765260352,0.40873816293169,0.720856639471819,0.634384051499558,"114805/1950/120892",3,FALSE,"Higher_in_IPF","GO_Biological_Process"
"GO:0043112","receptor metabolic process","3/423","74/13537",0.0405405405405405,1.29739313781867,0.460705765260352,0.40873816293169,0.720856639471819,0.634384051499558,"255738/83891/2890",3,FALSE,"Higher_in_IPF","GO_Biological_Process"
"GO:0048488","synaptic vesicle endocytosis","3/423","74/13537",0.0405405405405405,1.29739313781867,0.460705765260352,0.40873816293169,0.720856639471819,0.634384051499558,"6456/120892/6457",3,FALSE,"Higher_in_IPF","GO_Biological_Process"
"GO:0050886","endocrine process","3/423","74/13537",0.0405405405405405,1.29739313781867,0.460705765260352,0.40873816293169,0.720856639471819,0.634384051499558,"80223/56729/186",3,FALSE,"Higher_in_IPF","GO_Biological_Process"
"GO:0002062","chondrocyte differentiation","4/423","104/13537",0.0384615384615385,1.23086015639207,0.424450368214192,0.409597591471603,0.720856639471819,0.634384051499558,"3549/7476/5593/94",4,FALSE,"Higher_in_IPF","GO_Biological_Process"
"GO:0033209","tumor necrosis factor-mediated signaling pathway","4/423","104/13537",0.0384615384615385,1.23086015639207,0.424450368214192,0.409597591471603,0.720856639471819,0.634384051499558,"51208/4317/335/79444",4,FALSE,"Higher_in_IPF","GO_Biological_Process"
"GO:0045446","endothelial cell differentiation","4/423","104/13537",0.0384615384615385,1.23086015639207,0.424450368214192,0.409597591471603,0.720856639471819,0.634384051499558,"26084/94/55273/2194",4,FALSE,"Higher_in_IPF","GO_Biological_Process"
"GO:0062207","regulation of pattern recognition receptor signaling pathway","6/423","165/13537",0.0363636363636364,1.16372232967978,0.38001388989081,0.411924085638637,0.720856639471819,0.634384051499558,"6280/6279/57864/4210/146722/11027",6,FALSE,"Higher_in_IPF","GO_Biological_Process"
"GO:0006749","glutathione metabolic process","2/423","45/13537",0.0444444444444444,1.42232729183084,0.509641757857941,0.412721514311699,0.720856639471819,0.634384051499558,"2944/92086",2,FALSE,"Higher_in_IPF","GO_Biological_Process"
"GO:0043457","regulation of cellular respiration","2/423","45/13537",0.0444444444444444,1.42232729183084,0.509641757857941,0.412721514311699,0.720856639471819,0.634384051499558,"51085/26471",2,FALSE,"Higher_in_IPF","GO_Biological_Process"
"GO:0050873","brown fat cell differentiation","2/423","45/13537",0.0444444444444444,1.42232729183084,0.509641757857941,0.412721514311699,0.720856639471819,0.634384051499558,"338557/1050",2,FALSE,"Higher_in_IPF","GO_Biological_Process"
"GO:0060443","mammary gland morphogenesis","2/423","45/13537",0.0444444444444444,1.42232729183084,0.509641757857941,0.412721514311699,0.720856639471819,0.634384051499558,"59350/10718",2,FALSE,"Higher_in_IPF","GO_Biological_Process"
"GO:0060976","coronary vasculature development","2/423","45/13537",0.0444444444444444,1.42232729183084,0.509641757857941,0.412721514311699,0.720856639471819,0.634384051499558,"4036/4091",2,FALSE,"Higher_in_IPF","GO_Biological_Process"
"GO:0060986","endocrine hormone secretion","2/423","45/13537",0.0444444444444444,1.42232729183084,0.509641757857941,0.412721514311699,0.720856639471819,0.634384051499558,"80223/56729",2,FALSE,"Higher_in_IPF","GO_Biological_Process"
"GO:0090102","cochlea development","2/423","45/13537",0.0444444444444444,1.42232729183084,0.509641757857941,0.412721514311699,0.720856639471819,0.634384051499558,"3249/27443",2,FALSE,"Higher_in_IPF","GO_Biological_Process"
"GO:0042176","regulation of protein catabolic process","12/423","350/13537",0.0342857142857143,1.09722391084093,0.330964850333517,0.41288744297595,0.720856639471819,0.634384051499558,"255738/722/4036/27074/79888/7432/6469/120892/26471/1050/57761/79589",12,FALSE,"Higher_in_IPF","GO_Biological_Process"
"GO:1903828","negative regulation of protein localization","7/423","196/13537",0.0357142857142857,1.14294157379264,0.362026340124665,0.414109025885,0.720856639471819,0.634384051499558,"51208/84830/80223/3767/6833/120892/2867",7,FALSE,"Higher_in_IPF","GO_Biological_Process"
"GO:0030509","BMP signaling pathway","5/423","135/13537",0.037037037037037,1.18527274319236,0.388545046112909,0.414603713815599,0.720856639471819,0.634384051499558,"4036/94/4091/55273/164656",5,FALSE,"Higher_in_IPF","GO_Biological_Process"
"GO:0051962","positive regulation of nervous system development","8/423","227/13537",0.0352422907488987,1.12783661907291,0.348840535064763,0.415460302336078,0.720856639471819,0.634384051499558,"89780/4036/7476/1524/4311/6469/627/4099",8,FALSE,"Higher_in_IPF","GO_Biological_Process"
"GO:0055007","cardiac muscle cell differentiation","4/423","105/13537",0.0380952380952381,1.21913767871215,0.404845327979878,0.416658379238146,0.720856639471819,0.634384051499558,"89780/7273/148/79191",4,FALSE,"Higher_in_IPF","GO_Biological_Process"
"GO:0043266","regulation of potassium ion transport","3/423","75/13537",0.04,1.28009456264775,0.436845919695233,0.417144382047798,0.720856639471819,0.634384051499558,"6833/3759/3787",3,FALSE,"Higher_in_IPF","GO_Biological_Process"
"GO:0051591","response to cAMP","3/423","75/13537",0.04,1.28009456264775,0.436845919695233,0.417144382047798,0.720856639471819,0.634384051499558,"1080/2819/53905",3,FALSE,"Higher_in_IPF","GO_Biological_Process"
"GO:0060395","SMAD protein signal transduction","3/423","75/13537",0.04,1.28009456264775,0.436845919695233,0.417144382047798,0.720856639471819,0.634384051499558,"79674/94/4091",3,FALSE,"Higher_in_IPF","GO_Biological_Process"
"GO:1901657","glycosyl compound metabolic process","3/423","75/13537",0.04,1.28009456264775,0.436845919695233,0.417144382047798,0.720856639471819,0.634384051499558,"55/140733/51733",3,FALSE,"Higher_in_IPF","GO_Biological_Process"
"GO:0002830","positive regulation of type 2 immune response","1/423","17/13537",0.0588235294117647,1.88249200389376,0.653874891192592,0.417258557682745,0.720856639471819,0.634384051499558,"5590",1,FALSE,"Higher_in_IPF","GO_Biological_Process"
"GO:0003091","renal water homeostasis","1/423","17/13537",0.0588235294117647,1.88249200389376,0.653874891192592,0.417258557682745,0.720856639471819,0.634384051499558,"361",1,FALSE,"Higher_in_IPF","GO_Biological_Process"
"GO:0003159","morphogenesis of an endothelium","1/423","17/13537",0.0588235294117647,1.88249200389376,0.653874891192592,0.417258557682745,0.720856639471819,0.634384051499558,"94",1,FALSE,"Higher_in_IPF","GO_Biological_Process"
"GO:0006144","purine nucleobase metabolic process","1/423","17/13537",0.0588235294117647,1.88249200389376,0.653874891192592,0.417258557682745,0.720856639471819,0.634384051499558,"55",1,FALSE,"Higher_in_IPF","GO_Biological_Process"
"GO:0006817","phosphate ion transport","1/423","17/13537",0.0588235294117647,1.88249200389376,0.653874891192592,0.417258557682745,0.720856639471819,0.634384051499558,"10568",1,FALSE,"Higher_in_IPF","GO_Biological_Process"
"GO:0006991","response to sterol depletion","1/423","17/13537",0.0588235294117647,1.88249200389376,0.653874891192592,0.417258557682745,0.720856639471819,0.634384051499558,"79794",1,FALSE,"Higher_in_IPF","GO_Biological_Process"
"GO:0007271","synaptic transmission, cholinergic","1/423","17/13537",0.0588235294117647,1.88249200389376,0.653874891192592,0.417258557682745,0.720856639471819,0.634384051499558,"1131",1,FALSE,"Higher_in_IPF","GO_Biological_Process"
"GO:0008211","glucocorticoid metabolic process","1/423","17/13537",0.0588235294117647,1.88249200389376,0.653874891192592,0.417258557682745,0.720856639471819,0.634384051499558,"335",1,FALSE,"Higher_in_IPF","GO_Biological_Process"
"GO:0009164","nucleoside catabolic process","1/423","17/13537",0.0588235294117647,1.88249200389376,0.653874891192592,0.417258557682745,0.720856639471819,0.634384051499558,"51733",1,FALSE,"Higher_in_IPF","GO_Biological_Process"
"GO:0009223","pyrimidine deoxyribonucleotide catabolic process","1/423","17/13537",0.0588235294117647,1.88249200389376,0.653874891192592,0.417258557682745,0.720856639471819,0.634384051499558,"51733",1,FALSE,"Higher_in_IPF","GO_Biological_Process"
"GO:0010522","regulation of calcium ion transport into cytosol","1/423","17/13537",0.0588235294117647,1.88249200389376,0.653874891192592,0.417258557682745,0.720856639471819,0.634384051499558,"5319",1,FALSE,"Higher_in_IPF","GO_Biological_Process"
"GO:0010842","retina layer formation","1/423","17/13537",0.0588235294117647,1.88249200389376,0.653874891192592,0.417258557682745,0.720856639471819,0.634384051499558,"6247",1,FALSE,"Higher_in_IPF","GO_Biological_Process"
"GO:0016338","calcium-independent cell-cell adhesion via plasma membrane cell-adhesion molecules","1/423","17/13537",0.0588235294117647,1.88249200389376,0.653874891192592,0.417258557682745,0.720856639471819,0.634384051499558,"51208",1,FALSE,"Higher_in_IPF","GO_Biological_Process"
"GO:0021533","cell differentiation in hindbrain","1/423","17/13537",0.0588235294117647,1.88249200389376,0.653874891192592,0.417258557682745,0.720856639471819,0.634384051499558,"7476",1,FALSE,"Higher_in_IPF","GO_Biological_Process"
"GO:0021854","hypothalamus development","1/423","17/13537",0.0588235294117647,1.88249200389376,0.653874891192592,0.417258557682745,0.720856639471819,0.634384051499558,"7080",1,FALSE,"Higher_in_IPF","GO_Biological_Process"
"GO:0031649","heat generation","1/423","17/13537",0.0588235294117647,1.88249200389376,0.653874891192592,0.417258557682745,0.720856639471819,0.634384051499558,"3552",1,FALSE,"Higher_in_IPF","GO_Biological_Process"
"GO:0033003","regulation of mast cell activation","1/423","17/13537",0.0588235294117647,1.88249200389376,0.653874891192592,0.417258557682745,0.720856639471819,0.634384051499558,"146722",1,FALSE,"Higher_in_IPF","GO_Biological_Process"
"GO:0034260","negative regulation of GTPase activity","1/423","17/13537",0.0588235294117647,1.88249200389376,0.653874891192592,0.417258557682745,0.720856639471819,0.634384051499558,"120892",1,FALSE,"Higher_in_IPF","GO_Biological_Process"
"GO:0040037","negative regulation of fibroblast growth factor receptor signaling pathway","1/423","17/13537",0.0588235294117647,1.88249200389376,0.653874891192592,0.417258557682745,0.720856639471819,0.634384051499558,"387914",1,FALSE,"Higher_in_IPF","GO_Biological_Process"
"GO:0043031","negative regulation of macrophage activation","1/423","17/13537",0.0588235294117647,1.88249200389376,0.653874891192592,0.417258557682745,0.720856639471819,0.634384051499558,"671",1,FALSE,"Higher_in_IPF","GO_Biological_Process"
"GO:0045198","establishment of epithelial cell apical/basal polarity","1/423","17/13537",0.0588235294117647,1.88249200389376,0.653874891192592,0.417258557682745,0.720856639471819,0.634384051499558,"57662",1,FALSE,"Higher_in_IPF","GO_Biological_Process"
"GO:0045346","regulation of MHC class II biosynthetic process","1/423","17/13537",0.0588235294117647,1.88249200389376,0.653874891192592,0.417258557682745,0.720856639471819,0.634384051499558,"5196",1,FALSE,"Higher_in_IPF","GO_Biological_Process"
"GO:0048245","eosinophil chemotaxis","1/423","17/13537",0.0588235294117647,1.88249200389376,0.653874891192592,0.417258557682745,0.720856639471819,0.634384051499558,"23604",1,FALSE,"Higher_in_IPF","GO_Biological_Process"
"GO:0048339","paraxial mesoderm development","1/423","17/13537",0.0588235294117647,1.88249200389376,0.653874891192592,0.417258557682745,0.720856639471819,0.634384051499558,"89780",1,FALSE,"Higher_in_IPF","GO_Biological_Process"
"GO:0051151","negative regulation of smooth muscle cell differentiation","1/423","17/13537",0.0588235294117647,1.88249200389376,0.653874891192592,0.417258557682745,0.720856639471819,0.634384051499558,"6469",1,FALSE,"Higher_in_IPF","GO_Biological_Process"
"GO:0051443","positive regulation of ubiquitin-protein transferase activity","1/423","17/13537",0.0588235294117647,1.88249200389376,0.653874891192592,0.417258557682745,0.720856639471819,0.634384051499558,"57761",1,FALSE,"Higher_in_IPF","GO_Biological_Process"
"GO:0051953","negative regulation of amine transport","1/423","17/13537",0.0588235294117647,1.88249200389376,0.653874891192592,0.417258557682745,0.720856639471819,0.634384051499558,"5028",1,FALSE,"Higher_in_IPF","GO_Biological_Process"
"GO:0055119","relaxation of cardiac muscle","1/423","17/13537",0.0588235294117647,1.88249200389376,0.653874891192592,0.417258557682745,0.720856639471819,0.634384051499558,"3759",1,FALSE,"Higher_in_IPF","GO_Biological_Process"
"GO:0060314","regulation of ryanodine-sensitive calcium-release channel activity","1/423","17/13537",0.0588235294117647,1.88249200389376,0.653874891192592,0.417258557682745,0.720856639471819,0.634384051499558,"56704",1,FALSE,"Higher_in_IPF","GO_Biological_Process"
"GO:0060977","coronary vasculature morphogenesis","1/423","17/13537",0.0588235294117647,1.88249200389376,0.653874891192592,0.417258557682745,0.720856639471819,0.634384051499558,"4036",1,FALSE,"Higher_in_IPF","GO_Biological_Process"
"GO:0061154","endothelial tube morphogenesis","1/423","17/13537",0.0588235294117647,1.88249200389376,0.653874891192592,0.417258557682745,0.720856639471819,0.634384051499558,"94",1,FALSE,"Higher_in_IPF","GO_Biological_Process"
"GO:0062099","negative regulation of programmed necrotic cell death","1/423","17/13537",0.0588235294117647,1.88249200389376,0.653874891192592,0.417258557682745,0.720856639471819,0.634384051499558,"26471",1,FALSE,"Higher_in_IPF","GO_Biological_Process"
"GO:0070206","protein trimerization","1/423","17/13537",0.0588235294117647,1.88249200389376,0.653874891192592,0.417258557682745,0.720856639471819,0.634384051499558,"3135",1,FALSE,"Higher_in_IPF","GO_Biological_Process"
"GO:0070230","positive regulation of lymphocyte apoptotic process","1/423","17/13537",0.0588235294117647,1.88249200389376,0.653874891192592,0.417258557682745,0.720856639471819,0.634384051499558,"29126",1,FALSE,"Higher_in_IPF","GO_Biological_Process"
"GO:0071605","monocyte chemotactic protein-1 production","1/423","17/13537",0.0588235294117647,1.88249200389376,0.653874891192592,0.417258557682745,0.720856639471819,0.634384051499558,"177",1,FALSE,"Higher_in_IPF","GO_Biological_Process"
"GO:0071637","regulation of monocyte chemotactic protein-1 production","1/423","17/13537",0.0588235294117647,1.88249200389376,0.653874891192592,0.417258557682745,0.720856639471819,0.634384051499558,"177",1,FALSE,"Higher_in_IPF","GO_Biological_Process"
"GO:0071880","adenylate cyclase-activating adrenergic receptor signaling pathway","1/423","17/13537",0.0588235294117647,1.88249200389376,0.653874891192592,0.417258557682745,0.720856639471819,0.634384051499558,"148",1,FALSE,"Higher_in_IPF","GO_Biological_Process"
"GO:0090190","positive regulation of branching involved in ureteric bud morphogenesis","1/423","17/13537",0.0588235294117647,1.88249200389376,0.653874891192592,0.417258557682745,0.720856639471819,0.634384051499558,"186",1,FALSE,"Higher_in_IPF","GO_Biological_Process"
"GO:0098719","sodium ion import across plasma membrane","1/423","17/13537",0.0588235294117647,1.88249200389376,0.653874891192592,0.417258557682745,0.720856639471819,0.634384051499558,"6337",1,FALSE,"Higher_in_IPF","GO_Biological_Process"
"GO:1903376","regulation of oxidative stress-induced neuron intrinsic apoptotic signaling pathway","1/423","17/13537",0.0588235294117647,1.88249200389376,0.653874891192592,0.417258557682745,0.720856639471819,0.634384051499558,"5625",1,FALSE,"Higher_in_IPF","GO_Biological_Process"
"GO:1904044","response to aldosterone","1/423","17/13537",0.0588235294117647,1.88249200389376,0.653874891192592,0.417258557682745,0.720856639471819,0.634384051499558,"6337",1,FALSE,"Higher_in_IPF","GO_Biological_Process"
"GO:1904889","regulation of excitatory synapse assembly","1/423","17/13537",0.0588235294117647,1.88249200389376,0.653874891192592,0.417258557682745,0.720856639471819,0.634384051499558,"7476",1,FALSE,"Higher_in_IPF","GO_Biological_Process"
"GO:0051146","striated muscle cell differentiation","9/423","259/13537",0.0347490347490347,1.11205126098743,0.327000235218794,0.420730531657081,0.726156204570604,0.639047890874078,"89780/7273/84525/6469/148/27063/627/79191/7138",9,FALSE,"Higher_in_IPF","GO_Biological_Process"
"GO:0170033","L-amino acid metabolic process","5/423","136/13537",0.0367647058823529,1.1765575024336,0.371650562254947,0.420796410914055,0.726156204570604,0.639047890874078,"284716/56922/383/374569/5625",5,FALSE,"Higher_in_IPF","GO_Biological_Process"
"GO:0060070","canonical Wnt signaling pathway","10/423","290/13537",0.0344827586206897,1.103529795386,0.320076178599064,0.420896720983433,0.726156204570604,0.639047890874078,"89780/7855/7476/1950/1501/6469/8325/120892/8796/2262",10,FALSE,"Higher_in_IPF","GO_Biological_Process"
"GO:0002686","negative regulation of leukocyte migration","2/423","46/13537",0.0434782608695652,1.39140713331278,0.477565942793748,0.423612330207774,0.728359746144636,0.640987099802508,"84830/3162",2,FALSE,"Higher_in_IPF","GO_Biological_Process"
"GO:0042771","intrinsic apoptotic signaling pathway in response to DNA damage by p53 class mediator","2/423","46/13537",0.0434782608695652,1.39140713331278,0.477565942793748,0.423612330207774,0.728359746144636,0.640987099802508,"4582/26471",2,FALSE,"Higher_in_IPF","GO_Biological_Process"
"GO:0045581","negative regulation of T cell differentiation","2/423","46/13537",0.0434782608695652,1.39140713331278,0.477565942793748,0.423612330207774,0.728359746144636,0.640987099802508,"3549/6469",2,FALSE,"Higher_in_IPF","GO_Biological_Process"
"GO:0070169","positive regulation of biomineral tissue development","2/423","46/13537",0.0434782608695652,1.39140713331278,0.477565942793748,0.423612330207774,0.728359746144636,0.640987099802508,"84059/1080",2,FALSE,"Higher_in_IPF","GO_Biological_Process"
"GO:1902116","negative regulation of organelle assembly","2/423","46/13537",0.0434782608695652,1.39140713331278,0.477565942793748,0.423612330207774,0.728359746144636,0.640987099802508,"120892/26471",2,FALSE,"Higher_in_IPF","GO_Biological_Process"
"GO:0021987","cerebral cortex development","4/423","106/13537",0.0377358490566038,1.20763637985637,0.385433956681274,0.423700103768265,0.728359746144636,0.640987099802508,"285025/2890/221692/7080",4,FALSE,"Higher_in_IPF","GO_Biological_Process"
"GO:0030038","contractile actin filament bundle assembly","4/423","106/13537",0.0377358490566038,1.20763637985637,0.385433956681274,0.423700103768265,0.728359746144636,0.640987099802508,"85462/221692/408/335",4,FALSE,"Higher_in_IPF","GO_Biological_Process"
"GO:0043149","stress fiber assembly","4/423","106/13537",0.0377358490566038,1.20763637985637,0.385433956681274,0.423700103768265,0.728359746144636,0.640987099802508,"85462/221692/408/335",4,FALSE,"Higher_in_IPF","GO_Biological_Process"
"GO:0003073","regulation of systemic arterial blood pressure","3/423","76/13537",0.0394736842105263,1.26325121313923,0.413319868080246,0.425511458148789,0.730158538072842,0.642570112080867,"148/2013/186",3,FALSE,"Higher_in_IPF","GO_Biological_Process"
"GO:0007589","body fluid secretion","3/423","76/13537",0.0394736842105263,1.26325121313923,0.413319868080246,0.425511458148789,0.730158538072842,0.642570112080867,"1131/7432/1128",3,FALSE,"Higher_in_IPF","GO_Biological_Process"
"GO:0030641","regulation of cellular pH","3/423","76/13537",0.0394736842105263,1.26325121313923,0.413319868080246,0.425511458148789,0.730158538072842,0.642570112080867,"1080/760/120892",3,FALSE,"Higher_in_IPF","GO_Biological_Process"
"GO:0046209","nitric oxide metabolic process","3/423","76/13537",0.0394736842105263,1.26325121313923,0.413319868080246,0.425511458148789,0.730158538072842,0.642570112080867,"64757/1524/2644",3,FALSE,"Higher_in_IPF","GO_Biological_Process"
"GO:0050905","neuromuscular process","5/423","137/13537",0.0364963503649635,1.16796949146693,0.354883705079411,0.426977751380719,0.732016638873636,0.644205318652545,"6323/7134/6833/3759/7138",5,FALSE,"Higher_in_IPF","GO_Biological_Process"
"GO:0072523","purine-containing compound catabolic process","5/423","137/13537",0.0364963503649635,1.16796949146693,0.354883705079411,0.426977751380719,0.732016638873636,0.644205318652545,"5208/51085/80201/2819/26471",5,FALSE,"Higher_in_IPF","GO_Biological_Process"
"GO:0008016","regulation of heart contraction","6/423","168/13537",0.0357142857142857,1.14294157379264,0.334820087438448,0.428672423923891,0.732468631553481,0.644603091152356,"84525/1129/148/79191/3759/186",6,FALSE,"Higher_in_IPF","GO_Biological_Process"
"GO:0034764","positive regulation of transmembrane transport","6/423","168/13537",0.0357142857142857,1.14294157379264,0.334820087438448,0.428672423923891,0.732468631553481,0.644603091152356,"729230/100506658/1080/760/5319/3759",6,FALSE,"Higher_in_IPF","GO_Biological_Process"
"GO:0140029","exocytic process","3/423","77/13537",0.038961038961039,1.24684535322833,0.390117610722532,0.433836552462199,0.732468631553481,0.644603091152356,"8676/1080/50487",3,FALSE,"Higher_in_IPF","GO_Biological_Process"
"GO:0140056","organelle localization by membrane tethering","3/423","77/13537",0.038961038961039,1.24684535322833,0.390117610722532,0.433836552462199,0.732468631553481,0.644603091152356,"83850/8676/1080",3,FALSE,"Higher_in_IPF","GO_Biological_Process"
"GO:0014037","Schwann cell differentiation","2/423","47/13537",0.0425531914893617,1.36180272622102,0.446233895702772,0.434397753136704,0.732468631553481,0.644603091152356,"400746/57716",2,FALSE,"Higher_in_IPF","GO_Biological_Process"
"GO:0031103","axon regeneration","2/423","47/13537",0.0425531914893617,1.36180272622102,0.446233895702772,0.434397753136704,0.732468631553481,0.644603091152356,"10675/4099",2,FALSE,"Higher_in_IPF","GO_Biological_Process"
"GO:0035987","endodermal cell differentiation","2/423","47/13537",0.0425531914893617,1.36180272622102,0.446233895702772,0.434397753136704,0.732468631553481,0.644603091152356,"4317/6928",2,FALSE,"Higher_in_IPF","GO_Biological_Process"
"GO:0045599","negative regulation of fat cell differentiation","2/423","47/13537",0.0425531914893617,1.36180272622102,0.446233895702772,0.434397753136704,0.732468631553481,0.644603091152356,"89780/57761",2,FALSE,"Higher_in_IPF","GO_Biological_Process"
"GO:0051965","positive regulation of synapse assembly","2/423","47/13537",0.0425531914893617,1.36180272622102,0.446233895702772,0.434397753136704,0.732468631553481,0.644603091152356,"7476/627",2,FALSE,"Higher_in_IPF","GO_Biological_Process"
"GO:0071320","cellular response to cAMP","2/423","47/13537",0.0425531914893617,1.36180272622102,0.446233895702772,0.434397753136704,0.732468631553481,0.644603091152356,"1080/2819",2,FALSE,"Higher_in_IPF","GO_Biological_Process"
"GO:0072583","clathrin-dependent endocytosis","2/423","47/13537",0.0425531914893617,1.36180272622102,0.446233895702772,0.434397753136704,0.732468631553481,0.644603091152356,"6457/6614",2,FALSE,"Higher_in_IPF","GO_Biological_Process"
"GO:1901799","negative regulation of proteasomal protein catabolic process","2/423","47/13537",0.0425531914893617,1.36180272622102,0.446233895702772,0.434397753136704,0.732468631553481,0.644603091152356,"27074/6469",2,FALSE,"Higher_in_IPF","GO_Biological_Process"
"GO:1903747","regulation of establishment of protein localization to mitochondrion","2/423","47/13537",0.0425531914893617,1.36180272622102,0.446233895702772,0.434397753136704,0.732468631553481,0.644603091152356,"7855/120892",2,FALSE,"Higher_in_IPF","GO_Biological_Process"
"GO:2000785","regulation of autophagosome assembly","2/423","47/13537",0.0425531914893617,1.36180272622102,0.446233895702772,0.434397753136704,0.732468631553481,0.644603091152356,"120892/26471",2,FALSE,"Higher_in_IPF","GO_Biological_Process"
"GO:0006486","protein glycosylation","7/423","200/13537",0.035,1.12008274231678,0.307265844071346,0.434598263316013,0.732468631553481,0.644603091152356,"114805/64116/2529/123264/2525/374907/2523",7,FALSE,"Higher_in_IPF","GO_Biological_Process"
"GO:0043413","macromolecule glycosylation","7/423","200/13537",0.035,1.12008274231678,0.307265844071346,0.434598263316013,0.732468631553481,0.644603091152356,"114805/64116/2529/123264/2525/374907/2523",7,FALSE,"Higher_in_IPF","GO_Biological_Process"
"GO:0045619","regulation of lymphocyte differentiation","7/423","200/13537",0.035,1.12008274231678,0.307265844071346,0.434598263316013,0.732468631553481,0.644603091152356,"5590/3549/729230/3135/6469/57864/8993",7,FALSE,"Higher_in_IPF","GO_Biological_Process"
"GO:0001675","acrosome assembly","1/423","18/13537",0.0555555555555556,1.77790911478855,0.593117305292611,0.435490778844002,0.732468631553481,0.644603091152356,"50487",1,FALSE,"Higher_in_IPF","GO_Biological_Process"
"GO:0002755","MyD88-dependent toll-like receptor signaling pathway","1/423","18/13537",0.0555555555555556,1.77790911478855,0.593117305292611,0.435490778844002,0.732468631553481,0.644603091152356,"146722",1,FALSE,"Higher_in_IPF","GO_Biological_Process"
"GO:0006309","apoptotic DNA fragmentation","1/423","18/13537",0.0555555555555556,1.77790911478855,0.593117305292611,0.435490778844002,0.732468631553481,0.644603091152356,"27443",1,FALSE,"Higher_in_IPF","GO_Biological_Process"
"GO:0016973","poly(A)+ mRNA export from nucleus","1/423","18/13537",0.0555555555555556,1.77790911478855,0.593117305292611,0.435490778844002,0.732468631553481,0.644603091152356,"56000",1,FALSE,"Higher_in_IPF","GO_Biological_Process"
"GO:0019430","removal of superoxide radicals","1/423","18/13537",0.0555555555555556,1.77790911478855,0.593117305292611,0.435490778844002,0.732468631553481,0.644603091152356,"4353",1,FALSE,"Higher_in_IPF","GO_Biological_Process"
"GO:0021895","cerebral cortex neuron differentiation","1/423","18/13537",0.0555555555555556,1.77790911478855,0.593117305292611,0.435490778844002,0.732468631553481,0.644603091152356,"7080",1,FALSE,"Higher_in_IPF","GO_Biological_Process"
"GO:0032770","positive regulation of monooxygenase activity","1/423","18/13537",0.0555555555555556,1.77790911478855,0.593117305292611,0.435490778844002,0.732468631553481,0.644603091152356,"4883",1,FALSE,"Higher_in_IPF","GO_Biological_Process"
"GO:0033762","response to glucagon","1/423","18/13537",0.0555555555555556,1.77790911478855,0.593117305292611,0.435490778844002,0.732468631553481,0.644603091152356,"114",1,FALSE,"Higher_in_IPF","GO_Biological_Process"
"GO:0035278","miRNA-mediated gene silencing by inhibition of translation","1/423","18/13537",0.0555555555555556,1.77790911478855,0.593117305292611,0.435490778844002,0.732468631553481,0.644603091152356,"131405",1,FALSE,"Higher_in_IPF","GO_Biological_Process"
"GO:0035338","long-chain fatty-acyl-CoA biosynthetic process","1/423","18/13537",0.0555555555555556,1.77790911478855,0.593117305292611,0.435490778844002,0.732468631553481,0.644603091152356,"83401",1,FALSE,"Higher_in_IPF","GO_Biological_Process"
"GO:0035973","aggrephagy","1/423","18/13537",0.0555555555555556,1.77790911478855,0.593117305292611,0.435490778844002,0.732468631553481,0.644603091152356,"131540",1,FALSE,"Higher_in_IPF","GO_Biological_Process"
"GO:0036480","neuron intrinsic apoptotic signaling pathway in response to oxidative stress","1/423","18/13537",0.0555555555555556,1.77790911478855,0.593117305292611,0.435490778844002,0.732468631553481,0.644603091152356,"5625",1,FALSE,"Higher_in_IPF","GO_Biological_Process"
"GO:0043923","positive regulation by host of viral transcription","1/423","18/13537",0.0555555555555556,1.77790911478855,0.593117305292611,0.435490778844002,0.732468631553481,0.644603091152356,"3249",1,FALSE,"Higher_in_IPF","GO_Biological_Process"
"GO:0045064","T-helper 2 cell differentiation","1/423","18/13537",0.0555555555555556,1.77790911478855,0.593117305292611,0.435490778844002,0.732468631553481,0.644603091152356,"5590",1,FALSE,"Higher_in_IPF","GO_Biological_Process"
"GO:0045342","MHC class II biosynthetic process","1/423","18/13537",0.0555555555555556,1.77790911478855,0.593117305292611,0.435490778844002,0.732468631553481,0.644603091152356,"5196",1,FALSE,"Higher_in_IPF","GO_Biological_Process"
"GO:0048266","behavioral response to pain","1/423","18/13537",0.0555555555555556,1.77790911478855,0.593117305292611,0.435490778844002,0.732468631553481,0.644603091152356,"2890",1,FALSE,"Higher_in_IPF","GO_Biological_Process"
"GO:0048311","mitochondrion distribution","1/423","18/13537",0.0555555555555556,1.77790911478855,0.593117305292611,0.435490778844002,0.732468631553481,0.644603091152356,"120892",1,FALSE,"Higher_in_IPF","GO_Biological_Process"
"GO:0051446","positive regulation of meiotic cell cycle","1/423","18/13537",0.0555555555555556,1.77790911478855,0.593117305292611,0.435490778844002,0.732468631553481,0.644603091152356,"994",1,FALSE,"Higher_in_IPF","GO_Biological_Process"
"GO:0051900","regulation of mitochondrial depolarization","1/423","18/13537",0.0555555555555556,1.77790911478855,0.593117305292611,0.435490778844002,0.732468631553481,0.644603091152356,"120892",1,FALSE,"Higher_in_IPF","GO_Biological_Process"
"GO:0072170","metanephric tubule development","1/423","18/13537",0.0555555555555556,1.77790911478855,0.593117305292611,0.435490778844002,0.732468631553481,0.644603091152356,"3579",1,FALSE,"Higher_in_IPF","GO_Biological_Process"
"GO:0086012","membrane depolarization during cardiac muscle cell action potential","1/423","18/13537",0.0555555555555556,1.77790911478855,0.593117305292611,0.435490778844002,0.732468631553481,0.644603091152356,"3759",1,FALSE,"Higher_in_IPF","GO_Biological_Process"
"GO:0098801","regulation of renal system process","1/423","18/13537",0.0555555555555556,1.77790911478855,0.593117305292611,0.435490778844002,0.732468631553481,0.644603091152356,"2013",1,FALSE,"Higher_in_IPF","GO_Biological_Process"
"GO:0140131","positive regulation of lymphocyte chemotaxis","1/423","18/13537",0.0555555555555556,1.77790911478855,0.593117305292611,0.435490778844002,0.732468631553481,0.644603091152356,"729230",1,FALSE,"Higher_in_IPF","GO_Biological_Process"
"GO:1902236","negative regulation of endoplasmic reticulum stress-induced intrinsic apoptotic signaling pathway","1/423","18/13537",0.0555555555555556,1.77790911478855,0.593117305292611,0.435490778844002,0.732468631553481,0.644603091152356,"120892",1,FALSE,"Higher_in_IPF","GO_Biological_Process"
"GO:2000831","regulation of steroid hormone secretion","1/423","18/13537",0.0555555555555556,1.77790911478855,0.593117305292611,0.435490778844002,0.732468631553481,0.644603091152356,"56729",1,FALSE,"Higher_in_IPF","GO_Biological_Process"
"GO:2001185","regulation of CD8-positive, alpha-beta T cell activation","1/423","18/13537",0.0555555555555556,1.77790911478855,0.593117305292611,0.435490778844002,0.732468631553481,0.644603091152356,"29126",1,FALSE,"Higher_in_IPF","GO_Biological_Process"
"GO:0007265","Ras protein signal transduction","4/423","108/13537",0.037037037037037,1.18527274319236,0.347175715747187,0.437718763706301,0.735244276212344,0.647045774770423,"1718/79930/5923/266747",4,FALSE,"Higher_in_IPF","GO_Biological_Process"
"GO:0019882","antigen processing and presentation","4/423","108/13537",0.037037037037037,1.18527274319236,0.347175715747187,0.437718763706301,0.735244276212344,0.647045774770423,"2209/3135/563/1512",4,FALSE,"Higher_in_IPF","GO_Biological_Process"
"GO:0034341","response to type II interferon","4/423","108/13537",0.037037037037037,1.18527274319236,0.347175715747187,0.437718763706301,0.735244276212344,0.647045774770423,"115361/383/4210/361",4,FALSE,"Higher_in_IPF","GO_Biological_Process"
"GO:0042093","T-helper cell differentiation","3/423","78/13537",0.0384615384615385,1.23086015639207,0.367229581037015,0.442116949389598,0.741653125118404,0.652685830381832,"5590/8809/57546",3,FALSE,"Higher_in_IPF","GO_Biological_Process"
"GO:0140238","presynaptic endocytosis","3/423","78/13537",0.0384615384615385,1.23086015639207,0.367229581037015,0.442116949389598,0.741653125118404,0.652685830381832,"6456/120892/6457",3,FALSE,"Higher_in_IPF","GO_Biological_Process"
"GO:2001057","reactive nitrogen species metabolic process","3/423","78/13537",0.0384615384615385,1.23086015639207,0.367229581037015,0.442116949389598,0.741653125118404,0.652685830381832,"64757/1524/2644",3,FALSE,"Higher_in_IPF","GO_Biological_Process"
"GO:0001501","skeletal system development","15/423","452/13537",0.0331858407079646,1.062025356179,0.240879248543083,0.44306148417277,0.74191316285216,0.652914674484876,"249/389058/3231/3549/7476/3373/51208/651/5593/64399/4883/6469/5950/94/10682",15,FALSE,"Higher_in_IPF","GO_Biological_Process"
"GO:0003206","cardiac chamber morphogenesis","4/423","109/13537",0.036697247706422,1.17439868132822,0.328320912668974,0.444692034963807,0.74191316285216,0.652914674484876,"4036/7134/5950/4091",4,FALSE,"Higher_in_IPF","GO_Biological_Process"
"GO:0001881","receptor recycling","2/423","48/13537",0.0416666666666667,1.33343183609141,0.415609601494399,0.445073729763729,0.74191316285216,0.652914674484876,"255738/2890",2,FALSE,"Higher_in_IPF","GO_Biological_Process"
"GO:0003197","endocardial cushion development","2/423","48/13537",0.0416666666666667,1.33343183609141,0.415609601494399,0.445073729763729,0.74191316285216,0.652914674484876,"94/55273",2,FALSE,"Higher_in_IPF","GO_Biological_Process"
"GO:0046324","regulation of D-glucose import","2/423","48/13537",0.0416666666666667,1.33343183609141,0.415609601494399,0.445073729763729,0.74191316285216,0.652914674484876,"100506658/5319",2,FALSE,"Higher_in_IPF","GO_Biological_Process"
"GO:0051646","mitochondrion localization","2/423","48/13537",0.0416666666666667,1.33343183609141,0.415609601494399,0.445073729763729,0.74191316285216,0.652914674484876,"120892/440503",2,FALSE,"Higher_in_IPF","GO_Biological_Process"
"GO:1902930","regulation of alcohol biosynthetic process","2/423","48/13537",0.0416666666666667,1.33343183609141,0.415609601494399,0.445073729763729,0.74191316285216,0.652914674484876,"51744/5028",2,FALSE,"Higher_in_IPF","GO_Biological_Process"
"GO:0015748","organophosphate ester transport","5/423","140/13537",0.0357142857142857,1.14294157379264,0.30532795251837,0.445440191339822,0.74191316285216,0.652914674484876,"84879/57864/335/21/2705",5,FALSE,"Higher_in_IPF","GO_Biological_Process"
"GO:0048562","embryonic organ morphogenesis","8/423","234/13537",0.0341880341880342,1.09409791679295,0.26077197057609,0.448756870393294,0.74191316285216,0.652914674484876,"89780/7855/3549/3373/6469/5950/6928/3249",8,FALSE,"Higher_in_IPF","GO_Biological_Process"
"GO:0001892","embryonic placenta development","3/423","79/13537",0.0379746835443038,1.21527964808331,0.344646621339023,0.450350054464891,0.74191316285216,0.652914674484876,"7855/1437/1050",3,FALSE,"Higher_in_IPF","GO_Biological_Process"
"GO:0002294","CD4-positive, alpha-beta T cell differentiation involved in immune response","3/423","79/13537",0.0379746835443038,1.21527964808331,0.344646621339023,0.450350054464891,0.74191316285216,0.652914674484876,"5590/8809/57546",3,FALSE,"Higher_in_IPF","GO_Biological_Process"
"GO:0032436","positive regulation of proteasomal ubiquitin-dependent protein catabolic process","3/423","79/13537",0.0379746835443038,1.21527964808331,0.344646621339023,0.450350054464891,0.74191316285216,0.652914674484876,"120892/1050/57761",3,FALSE,"Higher_in_IPF","GO_Biological_Process"
"GO:0051346","negative regulation of hydrolase activity","3/423","79/13537",0.0379746835443038,1.21527964808331,0.344646621339023,0.450350054464891,0.74191316285216,0.652914674484876,"9806/120892/440503",3,FALSE,"Higher_in_IPF","GO_Biological_Process"
"GO:0045580","regulation of T cell differentiation","6/423","172/13537",0.0348837209302326,1.11636153719281,0.275827116057936,0.45088399795334,0.74191316285216,0.652914674484876,"5590/3549/729230/3135/6469/57864",6,FALSE,"Higher_in_IPF","GO_Biological_Process"
"GO:0038061","non-canonical NF-kappaB signal transduction","4/423","110/13537",0.0363636363636364,1.16372232967978,0.309643901407977,0.451638914583829,0.74191316285216,0.652914674484876,"8809/177/219790/91662",4,FALSE,"Higher_in_IPF","GO_Biological_Process"
"GO:0043547","positive regulation of GTPase activity","4/423","110/13537",0.0363636363636364,1.16372232967978,0.309643901407977,0.451638914583829,0.74191316285216,0.652914674484876,"5909/54959/5923/5657",4,FALSE,"Higher_in_IPF","GO_Biological_Process"
"GO:0000076","DNA replication checkpoint signaling","1/423","19/13537",0.0526315789473684,1.68433495085231,0.536089211602088,0.453153875267479,0.74191316285216,0.652914674484876,"57662",1,FALSE,"Higher_in_IPF","GO_Biological_Process"
"GO:0001946","lymphangiogenesis","1/423","19/13537",0.0526315789473684,1.68433495085231,0.536089211602088,0.453153875267479,0.74191316285216,0.652914674484876,"94",1,FALSE,"Higher_in_IPF","GO_Biological_Process"
"GO:0001963","synaptic transmission, dopaminergic","1/423","19/13537",0.0526315789473684,1.68433495085231,0.536089211602088,0.453153875267479,0.74191316285216,0.652914674484876,"6532",1,FALSE,"Higher_in_IPF","GO_Biological_Process"
"GO:0002643","regulation of tolerance induction","1/423","19/13537",0.0526315789473684,1.68433495085231,0.536089211602088,0.453153875267479,0.74191316285216,0.652914674484876,"3135",1,FALSE,"Higher_in_IPF","GO_Biological_Process"
"GO:0003184","pulmonary valve morphogenesis","1/423","19/13537",0.0526315789473684,1.68433495085231,0.536089211602088,0.453153875267479,0.74191316285216,0.652914674484876,"4091",1,FALSE,"Higher_in_IPF","GO_Biological_Process"
"GO:0006337","nucleosome disassembly","1/423","19/13537",0.0526315789473684,1.68433495085231,0.536089211602088,0.453153875267479,0.74191316285216,0.652914674484876,"4778",1,FALSE,"Higher_in_IPF","GO_Biological_Process"
"GO:0007076","mitotic chromosome condensation","1/423","19/13537",0.0526315789473684,1.68433495085231,0.536089211602088,0.453153875267479,0.74191316285216,0.652914674484876,"7273",1,FALSE,"Higher_in_IPF","GO_Biological_Process"
"GO:0007274","neuromuscular synaptic transmission","1/423","19/13537",0.0526315789473684,1.68433495085231,0.536089211602088,0.453153875267479,0.74191316285216,0.652914674484876,"1128",1,FALSE,"Higher_in_IPF","GO_Biological_Process"
"GO:0007413","axonal fasciculation","1/423","19/13537",0.0526315789473684,1.68433495085231,0.536089211602088,0.453153875267479,0.74191316285216,0.652914674484876,"55118",1,FALSE,"Higher_in_IPF","GO_Biological_Process"
"GO:0009110","vitamin biosynthetic process","1/423","19/13537",0.0526315789473684,1.68433495085231,0.536089211602088,0.453153875267479,0.74191316285216,0.652914674484876,"80704",1,FALSE,"Higher_in_IPF","GO_Biological_Process"
"GO:0010884","positive regulation of lipid storage","1/423","19/13537",0.0526315789473684,1.68433495085231,0.536089211602088,0.453153875267479,0.74191316285216,0.652914674484876,"440503",1,FALSE,"Higher_in_IPF","GO_Biological_Process"
"GO:0034122","negative regulation of toll-like receptor signaling pathway","1/423","19/13537",0.0526315789473684,1.68433495085231,0.536089211602088,0.453153875267479,0.74191316285216,0.652914674484876,"146722",1,FALSE,"Higher_in_IPF","GO_Biological_Process"
"GO:0034244","negative regulation of transcription elongation by RNA polymerase II","1/423","19/13537",0.0526315789473684,1.68433495085231,0.536089211602088,0.453153875267479,0.74191316285216,0.652914674484876,"6469",1,FALSE,"Higher_in_IPF","GO_Biological_Process"
"GO:0035455","response to interferon-alpha","1/423","19/13537",0.0526315789473684,1.68433495085231,0.536089211602088,0.453153875267479,0.74191316285216,0.652914674484876,"27074",1,FALSE,"Higher_in_IPF","GO_Biological_Process"
"GO:0035739","CD4-positive, alpha-beta T cell proliferation","1/423","19/13537",0.0526315789473684,1.68433495085231,0.536089211602088,0.453153875267479,0.74191316285216,0.652914674484876,"29126",1,FALSE,"Higher_in_IPF","GO_Biological_Process"
"GO:0036035","osteoclast development","1/423","19/13537",0.0526315789473684,1.68433495085231,0.536089211602088,0.453153875267479,0.74191316285216,0.652914674484876,"51208",1,FALSE,"Higher_in_IPF","GO_Biological_Process"
"GO:0043249","erythrocyte maturation","1/423","19/13537",0.0526315789473684,1.68433495085231,0.536089211602088,0.453153875267479,0.74191316285216,0.652914674484876,"25893",1,FALSE,"Higher_in_IPF","GO_Biological_Process"
"GO:0046058","cAMP metabolic process","1/423","19/13537",0.0526315789473684,1.68433495085231,0.536089211602088,0.453153875267479,0.74191316285216,0.652914674484876,"114",1,FALSE,"Higher_in_IPF","GO_Biological_Process"
"GO:0046128","purine ribonucleoside metabolic process","1/423","19/13537",0.0526315789473684,1.68433495085231,0.536089211602088,0.453153875267479,0.74191316285216,0.652914674484876,"55",1,FALSE,"Higher_in_IPF","GO_Biological_Process"
"GO:0046597","host-mediated suppression of symbiont invasion","1/423","19/13537",0.0526315789473684,1.68433495085231,0.536089211602088,0.453153875267479,0.74191316285216,0.652914674484876,"8547",1,FALSE,"Higher_in_IPF","GO_Biological_Process"
"GO:0046628","positive regulation of insulin receptor signaling pathway","1/423","19/13537",0.0526315789473684,1.68433495085231,0.536089211602088,0.453153875267479,0.74191316285216,0.652914674484876,"5590",1,FALSE,"Higher_in_IPF","GO_Biological_Process"
"GO:0048846","axon extension involved in axon guidance","1/423","19/13537",0.0526315789473684,1.68433495085231,0.536089211602088,0.453153875267479,0.74191316285216,0.652914674484876,"89780",1,FALSE,"Higher_in_IPF","GO_Biological_Process"
"GO:0050996","positive regulation of lipid catabolic process","1/423","19/13537",0.0526315789473684,1.68433495085231,0.536089211602088,0.453153875267479,0.74191316285216,0.652914674484876,"440503",1,FALSE,"Higher_in_IPF","GO_Biological_Process"
"GO:0060438","trachea development","1/423","19/13537",0.0526315789473684,1.68433495085231,0.536089211602088,0.453153875267479,0.74191316285216,0.652914674484876,"6469",1,FALSE,"Higher_in_IPF","GO_Biological_Process"
"GO:0060716","labyrinthine layer blood vessel development","1/423","19/13537",0.0526315789473684,1.68433495085231,0.536089211602088,0.453153875267479,0.74191316285216,0.652914674484876,"7855",1,FALSE,"Higher_in_IPF","GO_Biological_Process"
"GO:0060749","mammary gland alveolus development","1/423","19/13537",0.0526315789473684,1.68433495085231,0.536089211602088,0.453153875267479,0.74191316285216,0.652914674484876,"1950",1,FALSE,"Higher_in_IPF","GO_Biological_Process"
"GO:0061158","3'-UTR-mediated mRNA destabilization","1/423","19/13537",0.0526315789473684,1.68433495085231,0.536089211602088,0.453153875267479,0.74191316285216,0.652914674484876,"131405",1,FALSE,"Higher_in_IPF","GO_Biological_Process"
"GO:0061298","retina vasculature development in camera-type eye","1/423","19/13537",0.0526315789473684,1.68433495085231,0.536089211602088,0.453153875267479,0.74191316285216,0.652914674484876,"94",1,FALSE,"Higher_in_IPF","GO_Biological_Process"
"GO:0061377","mammary gland lobule development","1/423","19/13537",0.0526315789473684,1.68433495085231,0.536089211602088,0.453153875267479,0.74191316285216,0.652914674484876,"1950",1,FALSE,"Higher_in_IPF","GO_Biological_Process"
"GO:0071800","podosome assembly","1/423","19/13537",0.0526315789473684,1.68433495085231,0.536089211602088,0.453153875267479,0.74191316285216,0.652914674484876,"1437",1,FALSE,"Higher_in_IPF","GO_Biological_Process"
"GO:0072111","cell proliferation involved in kidney development","1/423","19/13537",0.0526315789473684,1.68433495085231,0.536089211602088,0.453153875267479,0.74191316285216,0.652914674484876,"6469",1,FALSE,"Higher_in_IPF","GO_Biological_Process"
"GO:0090205","positive regulation of cholesterol metabolic process","1/423","19/13537",0.0526315789473684,1.68433495085231,0.536089211602088,0.453153875267479,0.74191316285216,0.652914674484876,"335",1,FALSE,"Higher_in_IPF","GO_Biological_Process"
"GO:0097164","ammonium ion metabolic process","1/423","19/13537",0.0526315789473684,1.68433495085231,0.536089211602088,0.453153875267479,0.74191316285216,0.652914674484876,"6581",1,FALSE,"Higher_in_IPF","GO_Biological_Process"
"GO:0098751","bone cell development","1/423","19/13537",0.0526315789473684,1.68433495085231,0.536089211602088,0.453153875267479,0.74191316285216,0.652914674484876,"51208",1,FALSE,"Higher_in_IPF","GO_Biological_Process"
"GO:0099637","neurotransmitter receptor transport","1/423","19/13537",0.0526315789473684,1.68433495085231,0.536089211602088,0.453153875267479,0.74191316285216,0.652914674484876,"27092",1,FALSE,"Higher_in_IPF","GO_Biological_Process"
"GO:0106030","neuron projection fasciculation","1/423","19/13537",0.0526315789473684,1.68433495085231,0.536089211602088,0.453153875267479,0.74191316285216,0.652914674484876,"55118",1,FALSE,"Higher_in_IPF","GO_Biological_Process"
"GO:1902284","neuron projection extension involved in neuron projection guidance","1/423","19/13537",0.0526315789473684,1.68433495085231,0.536089211602088,0.453153875267479,0.74191316285216,0.652914674484876,"89780",1,FALSE,"Higher_in_IPF","GO_Biological_Process"
"GO:1904666","regulation of ubiquitin protein ligase activity","1/423","19/13537",0.0526315789473684,1.68433495085231,0.536089211602088,0.453153875267479,0.74191316285216,0.652914674484876,"84101",1,FALSE,"Higher_in_IPF","GO_Biological_Process"
"GO:2000269","regulation of fibroblast apoptotic process","1/423","19/13537",0.0526315789473684,1.68433495085231,0.536089211602088,0.453153875267479,0.74191316285216,0.652914674484876,"26471",1,FALSE,"Higher_in_IPF","GO_Biological_Process"
"GO:2000561","regulation of CD4-positive, alpha-beta T cell proliferation","1/423","19/13537",0.0526315789473684,1.68433495085231,0.536089211602088,0.453153875267479,0.74191316285216,0.652914674484876,"29126",1,FALSE,"Higher_in_IPF","GO_Biological_Process"
"GO:0097193","intrinsic apoptotic signaling pathway","10/423","298/13537",0.0335570469798658,1.07390483443604,0.231686727981922,0.454658510941272,0.743745357892273,0.654527082901529,"6280/6279/4582/151126/219790/120892/23604/26471/57761/5625",10,FALSE,"Higher_in_IPF","GO_Biological_Process"
"GO:0030330","DNA damage response, signal transduction by p53 class mediator","2/423","49/13537",0.0408163265306122,1.3062189414773,0.385659540219931,0.455636561579368,0.743745357892273,0.654527082901529,"4582/27063",2,FALSE,"Higher_in_IPF","GO_Biological_Process"
"GO:0032387","negative regulation of intracellular transport","2/423","49/13537",0.0408163265306122,1.3062189414773,0.385659540219931,0.455636561579368,0.743745357892273,0.654527082901529,"255738/120892",2,FALSE,"Higher_in_IPF","GO_Biological_Process"
"GO:0034204","lipid translocation","2/423","49/13537",0.0408163265306122,1.3062189414773,0.385659540219931,0.455636561579368,0.743745357892273,0.654527082901529,"84879/21",2,FALSE,"Higher_in_IPF","GO_Biological_Process"
"GO:0043616","keratinocyte proliferation","2/423","49/13537",0.0408163265306122,1.3062189414773,0.385659540219931,0.455636561579368,0.743745357892273,0.654527082901529,"126695/195814",2,FALSE,"Higher_in_IPF","GO_Biological_Process"
"GO:0050994","regulation of lipid catabolic process","2/423","49/13537",0.0408163265306122,1.3062189414773,0.385659540219931,0.455636561579368,0.743745357892273,0.654527082901529,"84879/440503",2,FALSE,"Higher_in_IPF","GO_Biological_Process"
"GO:0051785","positive regulation of nuclear division","2/423","49/13537",0.0408163265306122,1.3062189414773,0.385659540219931,0.455636561579368,0.743745357892273,0.654527082901529,"3552/1950",2,FALSE,"Higher_in_IPF","GO_Biological_Process"
"GO:0030258","lipid modification","6/423","173/13537",0.0346820809248555,1.10990858033042,0.261296855367623,0.456408925087785,0.744687724779985,0.655356405254256,"84879/55289/33/54886/247/440503",6,FALSE,"Higher_in_IPF","GO_Biological_Process"
"GO:0002287","alpha-beta T cell activation involved in immune response","3/423","80/13537",0.0375,1.20008865248227,0.32235996028262,0.458533392231219,0.746598430881818,0.657037906695366,"5590/8809/57546",3,FALSE,"Higher_in_IPF","GO_Biological_Process"
"GO:0002293","alpha-beta T cell differentiation involved in immune response","3/423","80/13537",0.0375,1.20008865248227,0.32235996028262,0.458533392231219,0.746598430881818,0.657037906695366,"5590/8809/57546",3,FALSE,"Higher_in_IPF","GO_Biological_Process"
"GO:1901606","alpha-amino acid catabolic process","3/423","80/13537",0.0375,1.20008865248227,0.32235996028262,0.458533392231219,0.746598430881818,0.657037906695366,"56922/383/5625",3,FALSE,"Higher_in_IPF","GO_Biological_Process"
"GO:0045582","positive regulation of T cell differentiation","4/423","111/13537",0.036036036036036,1.15323834472771,0.291141011785943,0.458557705714474,0.746598430881818,0.657037906695366,"5590/3549/3135/6469",4,FALSE,"Higher_in_IPF","GO_Biological_Process"
"GO:1901800","positive regulation of proteasomal protein catabolic process","4/423","111/13537",0.036036036036036,1.15323834472771,0.291141011785943,0.458557705714474,0.746598430881818,0.657037906695366,"120892/26471/1050/57761",4,FALSE,"Higher_in_IPF","GO_Biological_Process"
"GO:0050767","regulation of neurogenesis","10/423","299/13537",0.0334448160535117,1.07031317947137,0.220805002928094,0.458864076764685,0.746778791597429,0.657196631683437,"89780/4036/7476/1524/4311/6469/1620/6833/627/4099",10,FALSE,"Higher_in_IPF","GO_Biological_Process"
"GO:0010506","regulation of autophagy","11/423","331/13537",0.0332326283987915,1.06352267289466,0.210138138738256,0.460945998959395,0.749847389870887,0.659897126759083,"7855/27074/131540/148/120892/55332/23604/4210/26471/57761/3162",11,FALSE,"Higher_in_IPF","GO_Biological_Process"
"GO:0007623","circadian rhythm","6/423","174/13537",0.0344827586206897,1.103529795386,0.246851495409053,0.46192075817012,0.75017814663528,0.660188206572693,"8431/60675/1437/7080/181/6532",6,FALSE,"Higher_in_IPF","GO_Biological_Process"
"GO:0003012","muscle system process","12/423","363/13537",0.0330578512396694,1.05792939061798,0.200928346280761,0.462747361770811,0.75017814663528,0.660188206572693,"1131/6323/7273/7134/60675/5028/1129/148/6833/3759/7138/3162",12,FALSE,"Higher_in_IPF","GO_Biological_Process"
"GO:0006665","sphingolipid metabolic process","5/423","143/13537",0.034965034965035,1.11896377853825,0.256847526742234,0.463753239938122,0.75017814663528,0.660188206572693,"6439/2529/83401/2525/2523",5,FALSE,"Higher_in_IPF","GO_Biological_Process"
"GO:0018209","peptidyl-serine modification","5/423","143/13537",0.034965034965035,1.11896377853825,0.256847526742234,0.463753239938122,0.75017814663528,0.660188206572693,"5590/89780/114805/51085/120892",5,FALSE,"Higher_in_IPF","GO_Biological_Process"
"GO:0071772","response to BMP","5/423","143/13537",0.034965034965035,1.11896377853825,0.256847526742234,0.463753239938122,0.75017814663528,0.660188206572693,"4036/94/4091/55273/164656",5,FALSE,"Higher_in_IPF","GO_Biological_Process"
"GO:0071773","cellular response to BMP stimulus","5/423","143/13537",0.034965034965035,1.11896377853825,0.256847526742234,0.463753239938122,0.75017814663528,0.660188206572693,"4036/94/4091/55273/164656",5,FALSE,"Higher_in_IPF","GO_Biological_Process"
"GO:0007528","neuromuscular junction development","2/423","50/13537",0.04,1.28009456264775,0.356352465928269,0.466082886774932,0.75017814663528,0.660188206572693,"9254/120892",2,FALSE,"Higher_in_IPF","GO_Biological_Process"
"GO:0021536","diencephalon development","2/423","50/13537",0.04,1.28009456264775,0.356352465928269,0.466082886774932,0.75017814663528,0.660188206572693,"6469/7080",2,FALSE,"Higher_in_IPF","GO_Biological_Process"
"GO:0031547","brain-derived neurotrophic factor receptor signaling pathway","2/423","50/13537",0.04,1.28009456264775,0.356352465928269,0.466082886774932,0.75017814663528,0.660188206572693,"6098/627",2,FALSE,"Higher_in_IPF","GO_Biological_Process"
"GO:0046173","polyol biosynthetic process","2/423","50/13537",0.04,1.28009456264775,0.356352465928269,0.466082886774932,0.75017814663528,0.660188206572693,"51744/5028",2,FALSE,"Higher_in_IPF","GO_Biological_Process"
"GO:0050771","negative regulation of axonogenesis","2/423","50/13537",0.04,1.28009456264775,0.356352465928269,0.466082886774932,0.75017814663528,0.660188206572693,"89780/4099",2,FALSE,"Higher_in_IPF","GO_Biological_Process"
"GO:0052548","regulation of endopeptidase activity","2/423","50/13537",0.04,1.28009456264775,0.356352465928269,0.466082886774932,0.75017814663528,0.660188206572693,"177/9806",2,FALSE,"Higher_in_IPF","GO_Biological_Process"
"GO:0060135","maternal process involved in female pregnancy","2/423","50/13537",0.04,1.28009456264775,0.356352465928269,0.466082886774932,0.75017814663528,0.660188206572693,"3549/181",2,FALSE,"Higher_in_IPF","GO_Biological_Process"
"GO:0098900","regulation of action potential","2/423","50/13537",0.04,1.28009456264775,0.356352465928269,0.466082886774932,0.75017814663528,0.660188206572693,"148/3759",2,FALSE,"Higher_in_IPF","GO_Biological_Process"
"GO:0008589","regulation of smoothened signaling pathway","3/423","81/13537",0.037037037037037,1.18527274319236,0.300361191813499,0.466664604046222,0.75017814663528,0.660188206572693,"3549/64399/6469",3,FALSE,"Higher_in_IPF","GO_Biological_Process"
"GO:0072332","intrinsic apoptotic signaling pathway by p53 class mediator","3/423","81/13537",0.037037037037037,1.18527274319236,0.300361191813499,0.466664604046222,0.75017814663528,0.660188206572693,"4582/151126/26471",3,FALSE,"Higher_in_IPF","GO_Biological_Process"
"GO:0106027","neuron projection organization","3/423","81/13537",0.037037037037037,1.18527274319236,0.300361191813499,0.466664604046222,0.75017814663528,0.660188206572693,"7476/1501/120892",3,FALSE,"Higher_in_IPF","GO_Biological_Process"
"GO:0051216","cartilage development","6/423","175/13537",0.0342857142857143,1.09722391084093,0.23248992860787,0.467418574603379,0.75017814663528,0.660188206572693,"3549/7476/3373/651/5593/94",6,FALSE,"Higher_in_IPF","GO_Biological_Process"
"GO:0021915","neural tube development","5/423","144/13537",0.0347222222222222,1.11119319674284,0.240917470480495,0.469818658867089,0.75017814663528,0.660188206572693,"89780/4036/131405/6469/27443",5,FALSE,"Higher_in_IPF","GO_Biological_Process"
"GO:0003081","regulation of systemic arterial blood pressure by renin-angiotensin","1/423","20/13537",0.05,1.60011820330969,0.482346807230832,0.470265571580681,0.75017814663528,0.660188206572693,"186",1,FALSE,"Higher_in_IPF","GO_Biological_Process"
"GO:0006085","acetyl-CoA biosynthetic process","1/423","20/13537",0.05,1.60011820330969,0.482346807230832,0.470265571580681,0.75017814663528,0.660188206572693,"55902",1,FALSE,"Higher_in_IPF","GO_Biological_Process"
"GO:0006244","pyrimidine nucleotide catabolic process","1/423","20/13537",0.05,1.60011820330969,0.482346807230832,0.470265571580681,0.75017814663528,0.660188206572693,"51733",1,FALSE,"Higher_in_IPF","GO_Biological_Process"
"GO:0006706","steroid catabolic process","1/423","20/13537",0.05,1.60011820330969,0.482346807230832,0.470265571580681,0.75017814663528,0.660188206572693,"8630",1,FALSE,"Higher_in_IPF","GO_Biological_Process"
"GO:0007263","nitric oxide mediated signal transduction","1/423","20/13537",0.05,1.60011820330969,0.482346807230832,0.470265571580681,0.75017814663528,0.660188206572693,"186",1,FALSE,"Higher_in_IPF","GO_Biological_Process"
"GO:0010560","positive regulation of glycoprotein biosynthetic process","1/423","20/13537",0.05,1.60011820330969,0.482346807230832,0.470265571580681,0.75017814663528,0.660188206572693,"123264",1,FALSE,"Higher_in_IPF","GO_Biological_Process"
"GO:0010800","positive regulation of peptidyl-threonine phosphorylation","1/423","20/13537",0.05,1.60011820330969,0.482346807230832,0.470265571580681,0.75017814663528,0.660188206572693,"1950",1,FALSE,"Higher_in_IPF","GO_Biological_Process"
"GO:0010954","positive regulation of protein processing","1/423","20/13537",0.05,1.60011820330969,0.482346807230832,0.470265571580681,0.75017814663528,0.660188206572693,"3249",1,FALSE,"Higher_in_IPF","GO_Biological_Process"
"GO:0021756","striatum development","1/423","20/13537",0.05,1.60011820330969,0.482346807230832,0.470265571580681,0.75017814663528,0.660188206572693,"120892",1,FALSE,"Higher_in_IPF","GO_Biological_Process"
"GO:0032930","positive regulation of superoxide anion generation","1/423","20/13537",0.05,1.60011820330969,0.482346807230832,0.470265571580681,0.75017814663528,0.660188206572693,"57126",1,FALSE,"Higher_in_IPF","GO_Biological_Process"
"GO:0034755","iron ion transmembrane transport","1/423","20/13537",0.05,1.60011820330969,0.482346807230832,0.470265571580681,0.75017814663528,0.660188206572693,"64116",1,FALSE,"Higher_in_IPF","GO_Biological_Process"
"GO:0035235","ionotropic glutamate receptor signaling pathway","1/423","20/13537",0.05,1.60011820330969,0.482346807230832,0.470265571580681,0.75017814663528,0.660188206572693,"2890",1,FALSE,"Higher_in_IPF","GO_Biological_Process"
"GO:0042953","lipoprotein transport","1/423","20/13537",0.05,1.60011820330969,0.482346807230832,0.470265571580681,0.75017814663528,0.660188206572693,"27346",1,FALSE,"Higher_in_IPF","GO_Biological_Process"
"GO:0048143","astrocyte activation","1/423","20/13537",0.05,1.60011820330969,0.482346807230832,0.470265571580681,0.75017814663528,0.660188206572693,"177",1,FALSE,"Higher_in_IPF","GO_Biological_Process"
"GO:0060008","Sertoli cell differentiation","1/423","20/13537",0.05,1.60011820330969,0.482346807230832,0.470265571580681,0.75017814663528,0.660188206572693,"3552",1,FALSE,"Higher_in_IPF","GO_Biological_Process"
"GO:0060575","intestinal epithelial cell differentiation","1/423","20/13537",0.05,1.60011820330969,0.482346807230832,0.470265571580681,0.75017814663528,0.660188206572693,"7855",1,FALSE,"Higher_in_IPF","GO_Biological_Process"
"GO:0070861","regulation of protein exit from endoplasmic reticulum","1/423","20/13537",0.05,1.60011820330969,0.482346807230832,0.470265571580681,0.75017814663528,0.660188206572693,"123264",1,FALSE,"Higher_in_IPF","GO_Biological_Process"
"GO:0071450","cellular response to oxygen radical","1/423","20/13537",0.05,1.60011820330969,0.482346807230832,0.470265571580681,0.75017814663528,0.660188206572693,"4353",1,FALSE,"Higher_in_IPF","GO_Biological_Process"
"GO:0071451","cellular response to superoxide","1/423","20/13537",0.05,1.60011820330969,0.482346807230832,0.470265571580681,0.75017814663528,0.660188206572693,"4353",1,FALSE,"Higher_in_IPF","GO_Biological_Process"
"GO:0072207","metanephric epithelium development","1/423","20/13537",0.05,1.60011820330969,0.482346807230832,0.470265571580681,0.75017814663528,0.660188206572693,"3579",1,FALSE,"Higher_in_IPF","GO_Biological_Process"
"GO:0072677","eosinophil migration","1/423","20/13537",0.05,1.60011820330969,0.482346807230832,0.470265571580681,0.75017814663528,0.660188206572693,"23604",1,FALSE,"Higher_in_IPF","GO_Biological_Process"
"GO:0090189","regulation of branching involved in ureteric bud morphogenesis","1/423","20/13537",0.05,1.60011820330969,0.482346807230832,0.470265571580681,0.75017814663528,0.660188206572693,"186",1,FALSE,"Higher_in_IPF","GO_Biological_Process"
"GO:0090280","positive regulation of calcium ion import","1/423","20/13537",0.05,1.60011820330969,0.482346807230832,0.470265571580681,0.75017814663528,0.660188206572693,"9914",1,FALSE,"Higher_in_IPF","GO_Biological_Process"
"GO:0090335","regulation of brown fat cell differentiation","1/423","20/13537",0.05,1.60011820330969,0.482346807230832,0.470265571580681,0.75017814663528,0.660188206572693,"338557",1,FALSE,"Higher_in_IPF","GO_Biological_Process"
"GO:1902074","response to salt","1/423","20/13537",0.05,1.60011820330969,0.482346807230832,0.470265571580681,0.75017814663528,0.660188206572693,"249",1,FALSE,"Higher_in_IPF","GO_Biological_Process"
"GO:1904036","negative regulation of epithelial cell apoptotic process","1/423","20/13537",0.05,1.60011820330969,0.482346807230832,0.470265571580681,0.75017814663528,0.660188206572693,"26471",1,FALSE,"Higher_in_IPF","GO_Biological_Process"
"GO:2000273","positive regulation of signaling receptor activity","1/423","20/13537",0.05,1.60011820330969,0.482346807230832,0.470265571580681,0.75017814663528,0.660188206572693,"729230",1,FALSE,"Higher_in_IPF","GO_Biological_Process"
"GO:0051960","regulation of nervous system development","12/423","365/13537",0.0328767123287671,1.05213251724473,0.181333078077243,0.470384097183043,0.75017814663528,0.660188206572693,"400746/89780/4036/7476/1524/4311/6469/1620/6833/627/745/4099",12,FALSE,"Higher_in_IPF","GO_Biological_Process"
"GO:0006661","phosphatidylinositol biosynthetic process","4/423","113/13537",0.0353982300884956,1.13282704659093,0.254643463753251,0.472304503796863,0.752926344674915,0.66260673601564,"22979/8395/138429/374462",4,FALSE,"Higher_in_IPF","GO_Biological_Process"
"GO:0045165","cell fate commitment","7/423","208/13537",0.0336538461538462,1.07700263684306,0.200995459864558,0.475226404582416,0.756942194320327,0.66614085199484,"89780/3549/7476/6469/7080/6928/3170",7,FALSE,"Higher_in_IPF","GO_Biological_Process"
"GO:0060560","developmental growth involved in morphogenesis","7/423","208/13537",0.0336538461538462,1.07700263684306,0.200995459864558,0.475226404582416,0.756942194320327,0.66614085199484,"5590/89780/6469/6456/627/6928/4099",7,FALSE,"Higher_in_IPF","GO_Biological_Process"
"GO:0141091","transforming growth factor beta receptor superfamily signaling pathway","10/423","303/13537",0.033003300330033,1.05618363254765,0.17763695949617,0.475634375923049,0.756942194320327,0.66614085199484,"4036/79674/83891/23089/6469/94/7080/4091/55273/164656",10,FALSE,"Higher_in_IPF","GO_Biological_Process"
"GO:0002763","positive regulation of myeloid leukocyte differentiation","2/423","51/13537",0.0392156862745098,1.2549946692625,0.327659209175239,0.476409662899881,0.756942194320327,0.66614085199484,"5196/50487",2,FALSE,"Higher_in_IPF","GO_Biological_Process"
"GO:0007566","embryo implantation","2/423","51/13537",0.0392156862745098,1.2549946692625,0.327659209175239,0.476409662899881,0.756942194320327,0.66614085199484,"2529/2013",2,FALSE,"Higher_in_IPF","GO_Biological_Process"
"GO:0019083","viral transcription","2/423","51/13537",0.0392156862745098,1.2549946692625,0.327659209175239,0.476409662899881,0.756942194320327,0.66614085199484,"25833/3249",2,FALSE,"Higher_in_IPF","GO_Biological_Process"
"GO:0046530","photoreceptor cell differentiation","2/423","51/13537",0.0392156862745098,1.2549946692625,0.327659209175239,0.476409662899881,0.756942194320327,0.66614085199484,"84879/3549",2,FALSE,"Higher_in_IPF","GO_Biological_Process"
"GO:0070050","neuron cellular homeostasis","2/423","51/13537",0.0392156862745098,1.2549946692625,0.327659209175239,0.476409662899881,0.756942194320327,0.66614085199484,"5028/760",2,FALSE,"Higher_in_IPF","GO_Biological_Process"
"GO:0002757","immune response-activating signaling pathway","15/423","462/13537",0.0324675324675325,1.03903779435694,0.153332133234521,0.477193276169981,0.757871850423039,0.666958988324099,"8547/11126/6280/6279/57402/79908/153579/29126/57864/4210/146722/84106/2867/11027/51311",15,FALSE,"Higher_in_IPF","GO_Biological_Process"
"GO:0001938","positive regulation of endothelial cell proliferation","3/423","83/13537",0.036144578313253,1.15671195419978,0.257195418254341,0.482761785728094,0.759300136071426,0.6682159395495,"1950/94/3162",3,FALSE,"Higher_in_IPF","GO_Biological_Process"
"GO:0000302","response to reactive oxygen species","6/423","178/13537",0.0337078651685393,1.07873137301777,0.189897225009098,0.483818969999393,0.759300136071426,0.6682159395495,"8807/3552/3373/120892/4353/3162",6,FALSE,"Higher_in_IPF","GO_Biological_Process"
"GO:0009755","hormone-mediated signaling pathway","6/423","178/13537",0.0337078651685393,1.07873137301777,0.189897225009098,0.483818969999393,0.759300136071426,0.6682159395495,"6258/59350/1668/55885/6751/181",6,FALSE,"Higher_in_IPF","GO_Biological_Process"
"GO:0016064","immunoglobulin mediated immune response","4/423","115/13537",0.0347826086956522,1.11312570665022,0.21880103644524,0.485919925302332,0.759300136071426,0.6682159395495,"713/2209/722/51311",4,FALSE,"Higher_in_IPF","GO_Biological_Process"
"GO:0031102","neuron projection regeneration","2/423","52/13537",0.0384615384615385,1.23086015639207,0.299552500242636,0.486614150270036,0.759300136071426,0.6682159395495,"10675/4099",2,FALSE,"Higher_in_IPF","GO_Biological_Process"
"GO:0061462","protein localization to lysosome","2/423","52/13537",0.0384615384615385,1.23086015639207,0.299552500242636,0.486614150270036,0.759300136071426,0.6682159395495,"27092/79589",2,FALSE,"Higher_in_IPF","GO_Biological_Process"
"GO:0001702","gastrulation with mouth forming second","1/423","21/13537",0.0476190476190476,1.52392209839018,0.431519116102192,0.486843041671779,0.759300136071426,0.6682159395495,"3170",1,FALSE,"Higher_in_IPF","GO_Biological_Process"
"GO:0002026","regulation of the force of heart contraction","1/423","21/13537",0.0476190476190476,1.52392209839018,0.431519116102192,0.486843041671779,0.759300136071426,0.6682159395495,"148",1,FALSE,"Higher_in_IPF","GO_Biological_Process"
"GO:0006007","glucose catabolic process","1/423","21/13537",0.0476190476190476,1.52392209839018,0.431519116102192,0.486843041671779,0.759300136071426,0.6682159395495,"5208",1,FALSE,"Higher_in_IPF","GO_Biological_Process"
"GO:0008156","negative regulation of DNA replication","1/423","21/13537",0.0476190476190476,1.52392209839018,0.431519116102192,0.486843041671779,0.759300136071426,0.6682159395495,"57662",1,FALSE,"Higher_in_IPF","GO_Biological_Process"
"GO:0009083","branched-chain amino acid catabolic process","1/423","21/13537",0.0476190476190476,1.52392209839018,0.431519116102192,0.486843041671779,0.759300136071426,0.6682159395495,"56922",1,FALSE,"Higher_in_IPF","GO_Biological_Process"
"GO:0009129","pyrimidine nucleoside monophosphate metabolic process","1/423","21/13537",0.0476190476190476,1.52392209839018,0.431519116102192,0.486843041671779,0.759300136071426,0.6682159395495,"51733",1,FALSE,"Higher_in_IPF","GO_Biological_Process"
"GO:0010447","response to acidic pH","1/423","21/13537",0.0476190476190476,1.52392209839018,0.431519116102192,0.486843041671779,0.759300136071426,0.6682159395495,"6337",1,FALSE,"Higher_in_IPF","GO_Biological_Process"
"GO:0010623","programmed cell death involved in cell development","1/423","21/13537",0.0476190476190476,1.52392209839018,0.431519116102192,0.486843041671779,0.759300136071426,0.6682159395495,"3552",1,FALSE,"Higher_in_IPF","GO_Biological_Process"
"GO:0015693","magnesium ion transport","1/423","21/13537",0.0476190476190476,1.52392209839018,0.431519116102192,0.486843041671779,0.759300136071426,0.6682159395495,"3759",1,FALSE,"Higher_in_IPF","GO_Biological_Process"
"GO:0019934","cGMP-mediated signaling","1/423","21/13537",0.0476190476190476,1.52392209839018,0.431519116102192,0.486843041671779,0.759300136071426,0.6682159395495,"186",1,FALSE,"Higher_in_IPF","GO_Biological_Process"
"GO:0021544","subpallium development","1/423","21/13537",0.0476190476190476,1.52392209839018,0.431519116102192,0.486843041671779,0.759300136071426,0.6682159395495,"120892",1,FALSE,"Higher_in_IPF","GO_Biological_Process"
"GO:0021697","cerebellar cortex formation","1/423","21/13537",0.0476190476190476,1.52392209839018,0.431519116102192,0.486843041671779,0.759300136071426,0.6682159395495,"7476",1,FALSE,"Higher_in_IPF","GO_Biological_Process"
"GO:0030325","adrenal gland development","1/423","21/13537",0.0476190476190476,1.52392209839018,0.431519116102192,0.486843041671779,0.759300136071426,0.6682159395495,"335",1,FALSE,"Higher_in_IPF","GO_Biological_Process"
"GO:0032331","negative regulation of chondrocyte differentiation","1/423","21/13537",0.0476190476190476,1.52392209839018,0.431519116102192,0.486843041671779,0.759300136071426,0.6682159395495,"3549",1,FALSE,"Higher_in_IPF","GO_Biological_Process"
"GO:0032682","negative regulation of chemokine production","1/423","21/13537",0.0476190476190476,1.52392209839018,0.431519116102192,0.486843041671779,0.759300136071426,0.6682159395495,"4210",1,FALSE,"Higher_in_IPF","GO_Biological_Process"
"GO:0032874","positive regulation of stress-activated MAPK cascade","1/423","21/13537",0.0476190476190476,1.52392209839018,0.431519116102192,0.486843041671779,0.759300136071426,0.6682159395495,"3552",1,FALSE,"Higher_in_IPF","GO_Biological_Process"
"GO:0032986","protein-DNA complex disassembly","1/423","21/13537",0.0476190476190476,1.52392209839018,0.431519116102192,0.486843041671779,0.759300136071426,0.6682159395495,"4778",1,FALSE,"Higher_in_IPF","GO_Biological_Process"
"GO:0034656","nucleobase-containing small molecule catabolic process","1/423","21/13537",0.0476190476190476,1.52392209839018,0.431519116102192,0.486843041671779,0.759300136071426,0.6682159395495,"51733",1,FALSE,"Higher_in_IPF","GO_Biological_Process"
"GO:0043931","ossification involved in bone maturation","1/423","21/13537",0.0476190476190476,1.52392209839018,0.431519116102192,0.486843041671779,0.759300136071426,0.6682159395495,"10682",1,FALSE,"Higher_in_IPF","GO_Biological_Process"
"GO:0044872","lipoprotein localization","1/423","21/13537",0.0476190476190476,1.52392209839018,0.431519116102192,0.486843041671779,0.759300136071426,0.6682159395495,"27346",1,FALSE,"Higher_in_IPF","GO_Biological_Process"
"GO:0048714","positive regulation of oligodendrocyte differentiation","1/423","21/13537",0.0476190476190476,1.52392209839018,0.431519116102192,0.486843041671779,0.759300136071426,0.6682159395495,"6469",1,FALSE,"Higher_in_IPF","GO_Biological_Process"
"GO:0051131","chaperone-mediated protein complex assembly","1/423","21/13537",0.0476190476190476,1.52392209839018,0.431519116102192,0.486843041671779,0.759300136071426,0.6682159395495,"84525",1,FALSE,"Higher_in_IPF","GO_Biological_Process"
"GO:0055022","negative regulation of cardiac muscle tissue growth","1/423","21/13537",0.0476190476190476,1.52392209839018,0.431519116102192,0.486843041671779,0.759300136071426,0.6682159395495,"5950",1,FALSE,"Higher_in_IPF","GO_Biological_Process"
"GO:0060706","cell differentiation involved in embryonic placenta development","1/423","21/13537",0.0476190476190476,1.52392209839018,0.431519116102192,0.486843041671779,0.759300136071426,0.6682159395495,"7855",1,FALSE,"Higher_in_IPF","GO_Biological_Process"
"GO:0060713","labyrinthine layer morphogenesis","1/423","21/13537",0.0476190476190476,1.52392209839018,0.431519116102192,0.486843041671779,0.759300136071426,0.6682159395495,"7855",1,FALSE,"Higher_in_IPF","GO_Biological_Process"
"GO:0061117","negative regulation of heart growth","1/423","21/13537",0.0476190476190476,1.52392209839018,0.431519116102192,0.486843041671779,0.759300136071426,0.6682159395495,"5950",1,FALSE,"Higher_in_IPF","GO_Biological_Process"
"GO:0070242","thymocyte apoptotic process","1/423","21/13537",0.0476190476190476,1.52392209839018,0.431519116102192,0.486843041671779,0.759300136071426,0.6682159395495,"171558",1,FALSE,"Higher_in_IPF","GO_Biological_Process"
"GO:0070304","positive regulation of stress-activated protein kinase signaling cascade","1/423","21/13537",0.0476190476190476,1.52392209839018,0.431519116102192,0.486843041671779,0.759300136071426,0.6682159395495,"3552",1,FALSE,"Higher_in_IPF","GO_Biological_Process"
"GO:0071359","cellular response to dsRNA","1/423","21/13537",0.0476190476190476,1.52392209839018,0.431519116102192,0.486843041671779,0.759300136071426,0.6682159395495,"2890",1,FALSE,"Higher_in_IPF","GO_Biological_Process"
"GO:0086064","cell communication by electrical coupling involved in cardiac conduction","1/423","21/13537",0.0476190476190476,1.52392209839018,0.431519116102192,0.486843041671779,0.759300136071426,0.6682159395495,"79191",1,FALSE,"Higher_in_IPF","GO_Biological_Process"
"GO:0090050","positive regulation of cell migration involved in sprouting angiogenesis","1/423","21/13537",0.0476190476190476,1.52392209839018,0.431519116102192,0.486843041671779,0.759300136071426,0.6682159395495,"3162",1,FALSE,"Higher_in_IPF","GO_Biological_Process"
"GO:0098581","detection of external biotic stimulus","1/423","21/13537",0.0476190476190476,1.52392209839018,0.431519116102192,0.486843041671779,0.759300136071426,0.6682159395495,"8993",1,FALSE,"Higher_in_IPF","GO_Biological_Process"
"GO:0141156","cAMP/PKA signal transduction","1/423","21/13537",0.0476190476190476,1.52392209839018,0.431519116102192,0.486843041671779,0.759300136071426,0.6682159395495,"120892",1,FALSE,"Higher_in_IPF","GO_Biological_Process"
"GO:1901679","nucleotide transmembrane transport","1/423","21/13537",0.0476190476190476,1.52392209839018,0.431519116102192,0.486843041671779,0.759300136071426,0.6682159395495,"57864",1,FALSE,"Higher_in_IPF","GO_Biological_Process"
"GO:1902254","negative regulation of intrinsic apoptotic signaling pathway by p53 class mediator","1/423","21/13537",0.0476190476190476,1.52392209839018,0.431519116102192,0.486843041671779,0.759300136071426,0.6682159395495,"4582",1,FALSE,"Higher_in_IPF","GO_Biological_Process"
"GO:1902774","late endosome to lysosome transport","1/423","21/13537",0.0476190476190476,1.52392209839018,0.431519116102192,0.486843041671779,0.759300136071426,0.6682159395495,"120892",1,FALSE,"Higher_in_IPF","GO_Biological_Process"
"GO:1903579","negative regulation of ATP metabolic process","1/423","21/13537",0.0476190476190476,1.52392209839018,0.431519116102192,0.486843041671779,0.759300136071426,0.6682159395495,"26471",1,FALSE,"Higher_in_IPF","GO_Biological_Process"
"GO:2000178","negative regulation of neural precursor cell proliferation","1/423","21/13537",0.0476190476190476,1.52392209839018,0.431519116102192,0.486843041671779,0.759300136071426,0.6682159395495,"6532",1,FALSE,"Higher_in_IPF","GO_Biological_Process"
"GO:0021953","central nervous system neuron differentiation","5/423","147/13537",0.0340136054421769,1.08851578456442,0.193792456945902,0.487881955269377,0.760299308252442,0.66909525294086,"89780/7476/6469/1620/7080",5,FALSE,"Higher_in_IPF","GO_Biological_Process"
"GO:0031214","biomineral tissue development","5/423","147/13537",0.0340136054421769,1.08851578456442,0.193792456945902,0.487881955269377,0.760299308252442,0.66909525294086,"249/54959/84059/1080/256764",5,FALSE,"Higher_in_IPF","GO_Biological_Process"
"GO:0001843","neural tube closure","3/423","84/13537",0.0357142857142857,1.14294157379264,0.236013256983549,0.49072360180633,0.763792381449885,0.672169303737981,"4036/131405/27443",3,FALSE,"Higher_in_IPF","GO_Biological_Process"
"GO:0015914","phospholipid transport","3/423","84/13537",0.0357142857142857,1.14294157379264,0.236013256983549,0.49072360180633,0.763792381449885,0.672169303737981,"84879/335/21",3,FALSE,"Higher_in_IPF","GO_Biological_Process"
"GO:0042157","lipoprotein metabolic process","3/423","84/13537",0.0357142857142857,1.14294157379264,0.236013256983549,0.49072360180633,0.763792381449885,0.672169303737981,"255738/131540/335",3,FALSE,"Higher_in_IPF","GO_Biological_Process"
"GO:0007254","JNK cascade","6/423","180/13537",0.0333333333333333,1.06674546887313,0.161901676035211,0.49466638891824,0.769301944150647,0.67701794980256,"3552/7476/177/120892/79444/389840",6,FALSE,"Higher_in_IPF","GO_Biological_Process"
"GO:1905475","regulation of protein localization to membrane","6/423","180/13537",0.0333333333333333,1.06674546887313,0.161901676035211,0.49466638891824,0.769301944150647,0.67701794980256,"5590/89780/9254/3767/2262/123264",6,FALSE,"Higher_in_IPF","GO_Biological_Process"
"GO:0002042","cell migration involved in sprouting angiogenesis","2/423","53/13537",0.0377358490566038,1.20763637985637,0.272006810538862,0.496693896096833,0.769572493211212,0.677256044313691,"84830/3162",2,FALSE,"Higher_in_IPF","GO_Biological_Process"
"GO:0032720","negative regulation of tumor necrosis factor production","2/423","53/13537",0.0377358490566038,1.20763637985637,0.272006810538862,0.496693896096833,0.769572493211212,0.677256044313691,"5004/671",2,FALSE,"Higher_in_IPF","GO_Biological_Process"
"GO:0040014","regulation of multicellular organism growth","2/423","53/13537",0.0377358490566038,1.20763637985637,0.272006810538862,0.496693896096833,0.769572493211212,0.677256044313691,"84879/9254",2,FALSE,"Higher_in_IPF","GO_Biological_Process"
"GO:0060350","endochondral bone morphogenesis","2/423","53/13537",0.0377358490566038,1.20763637985637,0.272006810538862,0.496693896096833,0.769572493211212,0.677256044313691,"249/3549",2,FALSE,"Higher_in_IPF","GO_Biological_Process"
"GO:0086002","cardiac muscle cell action potential involved in contraction","2/423","53/13537",0.0377358490566038,1.20763637985637,0.272006810538862,0.496693896096833,0.769572493211212,0.677256044313691,"6323/3759",2,FALSE,"Higher_in_IPF","GO_Biological_Process"
"GO:0002027","regulation of heart rate","3/423","85/13537",0.0352941176470588,1.12949520233625,0.21508864268269,0.49862497960365,0.769572493211212,0.677256044313691,"148/3759/186",3,FALSE,"Higher_in_IPF","GO_Biological_Process"
"GO:0032456","endocytic recycling","3/423","85/13537",0.0352941176470588,1.12949520233625,0.21508864268269,0.49862497960365,0.769572493211212,0.677256044313691,"64284/123745/50487",3,FALSE,"Higher_in_IPF","GO_Biological_Process"
"GO:0051100","negative regulation of binding","3/423","85/13537",0.0352941176470588,1.12949520233625,0.21508864268269,0.49862497960365,0.769572493211212,0.677256044313691,"255738/120892/6590",3,FALSE,"Higher_in_IPF","GO_Biological_Process"
"GO:0060606","tube closure","3/423","85/13537",0.0352941176470588,1.12949520233625,0.21508864268269,0.49862497960365,0.769572493211212,0.677256044313691,"4036/131405/27443",3,FALSE,"Higher_in_IPF","GO_Biological_Process"
"GO:0001779","natural killer cell differentiation","1/423","22/13537",0.0454545454545455,1.45465291209972,0.383293151360025,0.502902925762696,0.769572493211212,0.677256044313691,"8993",1,FALSE,"Higher_in_IPF","GO_Biological_Process"
"GO:0002320","lymphoid progenitor cell differentiation","1/423","22/13537",0.0454545454545455,1.45465291209972,0.383293151360025,0.502902925762696,0.769572493211212,0.677256044313691,"6469",1,FALSE,"Higher_in_IPF","GO_Biological_Process"
"GO:0003298","physiological muscle hypertrophy","1/423","22/13537",0.0454545454545455,1.45465291209972,0.383293151360025,0.502902925762696,0.769572493211212,0.677256044313691,"148",1,FALSE,"Higher_in_IPF","GO_Biological_Process"
"GO:0003301","physiological cardiac muscle hypertrophy","1/423","22/13537",0.0454545454545455,1.45465291209972,0.383293151360025,0.502902925762696,0.769572493211212,0.677256044313691,"148",1,FALSE,"Higher_in_IPF","GO_Biological_Process"
"GO:0010460","positive regulation of heart rate","1/423","22/13537",0.0454545454545455,1.45465291209972,0.383293151360025,0.502902925762696,0.769572493211212,0.677256044313691,"148",1,FALSE,"Higher_in_IPF","GO_Biological_Process"
"GO:0010667","negative regulation of cardiac muscle cell apoptotic process","1/423","22/13537",0.0454545454545455,1.45465291209972,0.383293151360025,0.502902925762696,0.769572493211212,0.677256044313691,"26471",1,FALSE,"Higher_in_IPF","GO_Biological_Process"
"GO:0010839","negative regulation of keratinocyte proliferation","1/423","22/13537",0.0454545454545455,1.45465291209972,0.383293151360025,0.502902925762696,0.769572493211212,0.677256044313691,"126695",1,FALSE,"Higher_in_IPF","GO_Biological_Process"
"GO:0014856","skeletal muscle cell proliferation","1/423","22/13537",0.0454545454545455,1.45465291209972,0.383293151360025,0.502902925762696,0.769572493211212,0.677256044313691,"6469",1,FALSE,"Higher_in_IPF","GO_Biological_Process"
"GO:0021517","ventral spinal cord development","1/423","22/13537",0.0454545454545455,1.45465291209972,0.383293151360025,0.502902925762696,0.769572493211212,0.677256044313691,"6469",1,FALSE,"Higher_in_IPF","GO_Biological_Process"
"GO:0031629","synaptic vesicle fusion to presynaptic active zone membrane","1/423","22/13537",0.0454545454545455,1.45465291209972,0.383293151360025,0.502902925762696,0.769572493211212,0.677256044313691,"8676",1,FALSE,"Higher_in_IPF","GO_Biological_Process"
"GO:0032785","negative regulation of DNA-templated transcription, elongation","1/423","22/13537",0.0454545454545455,1.45465291209972,0.383293151360025,0.502902925762696,0.769572493211212,0.677256044313691,"6469",1,FALSE,"Higher_in_IPF","GO_Biological_Process"
"GO:0032967","positive regulation of collagen biosynthetic process","1/423","22/13537",0.0454545454545455,1.45465291209972,0.383293151360025,0.502902925762696,0.769572493211212,0.677256044313691,"3549",1,FALSE,"Higher_in_IPF","GO_Biological_Process"
"GO:0035089","establishment of apical/basal cell polarity","1/423","22/13537",0.0454545454545455,1.45465291209972,0.383293151360025,0.502902925762696,0.769572493211212,0.677256044313691,"57662",1,FALSE,"Higher_in_IPF","GO_Biological_Process"
"GO:0036092","phosphatidylinositol-3-phosphate biosynthetic process","1/423","22/13537",0.0454545454545455,1.45465291209972,0.383293151360025,0.502902925762696,0.769572493211212,0.677256044313691,"374462",1,FALSE,"Higher_in_IPF","GO_Biological_Process"
"GO:0042537","benzene-containing compound metabolic process","1/423","22/13537",0.0454545454545455,1.45465291209972,0.383293151360025,0.502902925762696,0.769572493211212,0.677256044313691,"2944",1,FALSE,"Higher_in_IPF","GO_Biological_Process"
"GO:0045061","thymic T cell selection","1/423","22/13537",0.0454545454545455,1.45465291209972,0.383293151360025,0.502902925762696,0.769572493211212,0.677256044313691,"6469",1,FALSE,"Higher_in_IPF","GO_Biological_Process"
"GO:0045591","positive regulation of regulatory T cell differentiation","1/423","22/13537",0.0454545454545455,1.45465291209972,0.383293151360025,0.502902925762696,0.769572493211212,0.677256044313691,"3135",1,FALSE,"Higher_in_IPF","GO_Biological_Process"
"GO:0045624","positive regulation of T-helper cell differentiation","1/423","22/13537",0.0454545454545455,1.45465291209972,0.383293151360025,0.502902925762696,0.769572493211212,0.677256044313691,"5590",1,FALSE,"Higher_in_IPF","GO_Biological_Process"
"GO:0045649","regulation of macrophage differentiation","1/423","22/13537",0.0454545454545455,1.45465291209972,0.383293151360025,0.502902925762696,0.769572493211212,0.677256044313691,"5196",1,FALSE,"Higher_in_IPF","GO_Biological_Process"
"GO:0045932","negative regulation of muscle contraction","1/423","22/13537",0.0454545454545455,1.45465291209972,0.383293151360025,0.502902925762696,0.769572493211212,0.677256044313691,"7138",1,FALSE,"Higher_in_IPF","GO_Biological_Process"
"GO:0046641","positive regulation of alpha-beta T cell proliferation","1/423","22/13537",0.0454545454545455,1.45465291209972,0.383293151360025,0.502902925762696,0.769572493211212,0.677256044313691,"729230",1,FALSE,"Higher_in_IPF","GO_Biological_Process"
"GO:0061049","cell growth involved in cardiac muscle cell development","1/423","22/13537",0.0454545454545455,1.45465291209972,0.383293151360025,0.502902925762696,0.769572493211212,0.677256044313691,"148",1,FALSE,"Higher_in_IPF","GO_Biological_Process"
"GO:0086013","membrane repolarization during cardiac muscle cell action potential","1/423","22/13537",0.0454545454545455,1.45465291209972,0.383293151360025,0.502902925762696,0.769572493211212,0.677256044313691,"3759",1,FALSE,"Higher_in_IPF","GO_Biological_Process"
"GO:0090103","cochlea morphogenesis","1/423","22/13537",0.0454545454545455,1.45465291209972,0.383293151360025,0.502902925762696,0.769572493211212,0.677256044313691,"3249",1,FALSE,"Higher_in_IPF","GO_Biological_Process"
"GO:0099500","vesicle fusion to plasma membrane","1/423","22/13537",0.0454545454545455,1.45465291209972,0.383293151360025,0.502902925762696,0.769572493211212,0.677256044313691,"8676",1,FALSE,"Higher_in_IPF","GO_Biological_Process"
"GO:1900242","regulation of synaptic vesicle endocytosis","1/423","22/13537",0.0454545454545455,1.45465291209972,0.383293151360025,0.502902925762696,0.769572493211212,0.677256044313691,"120892",1,FALSE,"Higher_in_IPF","GO_Biological_Process"
"GO:1901623","regulation of lymphocyte chemotaxis","1/423","22/13537",0.0454545454545455,1.45465291209972,0.383293151360025,0.502902925762696,0.769572493211212,0.677256044313691,"729230",1,FALSE,"Higher_in_IPF","GO_Biological_Process"
"GO:1903020","positive regulation of glycoprotein metabolic process","1/423","22/13537",0.0454545454545455,1.45465291209972,0.383293151360025,0.502902925762696,0.769572493211212,0.677256044313691,"123264",1,FALSE,"Higher_in_IPF","GO_Biological_Process"
"GO:1903319","positive regulation of protein maturation","1/423","22/13537",0.0454545454545455,1.45465291209972,0.383293151360025,0.502902925762696,0.769572493211212,0.677256044313691,"3249",1,FALSE,"Higher_in_IPF","GO_Biological_Process"
"GO:1905146","lysosomal protein catabolic process","1/423","22/13537",0.0454545454545455,1.45465291209972,0.383293151360025,0.502902925762696,0.769572493211212,0.677256044313691,"4036",1,FALSE,"Higher_in_IPF","GO_Biological_Process"
"GO:2000272","negative regulation of signaling receptor activity","1/423","22/13537",0.0454545454545455,1.45465291209972,0.383293151360025,0.502902925762696,0.769572493211212,0.677256044313691,"9052",1,FALSE,"Higher_in_IPF","GO_Biological_Process"
"GO:0002832","negative regulation of response to biotic stimulus","4/423","118/13537",0.0338983050847458,1.08482590054894,0.166210009024987,0.506071452391821,0.770054607612059,0.677680325190288,"3135/383/29126/11027",4,FALSE,"Higher_in_IPF","GO_Biological_Process"
"GO:0002292","T cell differentiation involved in immune response","3/423","86/13537",0.0348837209302326,1.11636153719281,0.194414725285315,0.506464109731338,0.770054607612059,0.677680325190288,"5590/8809/57546",3,FALSE,"Higher_in_IPF","GO_Biological_Process"
"GO:0043255","regulation of carbohydrate biosynthetic process","3/423","86/13537",0.0348837209302326,1.11636153719281,0.194414725285315,0.506464109731338,0.770054607612059,0.677680325190288,"51744/5028/1950",3,FALSE,"Higher_in_IPF","GO_Biological_Process"
"GO:0051262","protein tetramerization","3/423","86/13537",0.0348837209302326,1.11636153719281,0.194414725285315,0.506464109731338,0.770054607612059,0.677680325190288,"3759/361/51733",3,FALSE,"Higher_in_IPF","GO_Biological_Process"
"GO:0060349","bone morphogenesis","3/423","86/13537",0.0348837209302326,1.11636153719281,0.194414725285315,0.506464109731338,0.770054607612059,0.677680325190288,"249/389058/3549",3,FALSE,"Higher_in_IPF","GO_Biological_Process"
"GO:0090316","positive regulation of intracellular protein transport","3/423","86/13537",0.0348837209302326,1.11636153719281,0.194414725285315,0.506464109731338,0.770054607612059,0.677680325190288,"6469/1128/123264",3,FALSE,"Higher_in_IPF","GO_Biological_Process"
"GO:0001706","endoderm formation","2/423","54/13537",0.037037037037037,1.18527274319236,0.24499821000333,0.506646719308929,0.770054607612059,0.677680325190288,"4317/6928",2,FALSE,"Higher_in_IPF","GO_Biological_Process"
"GO:0003208","cardiac ventricle morphogenesis","2/423","54/13537",0.037037037037037,1.18527274319236,0.24499821000333,0.506646719308929,0.770054607612059,0.677680325190288,"4036/7134",2,FALSE,"Higher_in_IPF","GO_Biological_Process"
"GO:0031529","ruffle organization","2/423","54/13537",0.037037037037037,1.18527274319236,0.24499821000333,0.506646719308929,0.770054607612059,0.677680325190288,"26084/256764",2,FALSE,"Higher_in_IPF","GO_Biological_Process"
"GO:0038093","Fc receptor signaling pathway","2/423","54/13537",0.037037037037037,1.18527274319236,0.24499821000333,0.506646719308929,0.770054607612059,0.677680325190288,"2209/5284",2,FALSE,"Higher_in_IPF","GO_Biological_Process"
"GO:0042158","lipoprotein biosynthetic process","2/423","54/13537",0.037037037037037,1.18527274319236,0.24499821000333,0.506646719308929,0.770054607612059,0.677680325190288,"131540/335",2,FALSE,"Higher_in_IPF","GO_Biological_Process"
"GO:0042987","amyloid precursor protein catabolic process","2/423","54/13537",0.037037037037037,1.18527274319236,0.24499821000333,0.506646719308929,0.770054607612059,0.677680325190288,"1718/177",2,FALSE,"Higher_in_IPF","GO_Biological_Process"
"GO:0045104","intermediate filament cytoskeleton organization","2/423","54/13537",0.037037037037037,1.18527274319236,0.24499821000333,0.506646719308929,0.770054607612059,0.677680325190288,"6469/5493",2,FALSE,"Higher_in_IPF","GO_Biological_Process"
"GO:0045428","regulation of nitric oxide biosynthetic process","2/423","54/13537",0.037037037037037,1.18527274319236,0.24499821000333,0.506646719308929,0.770054607612059,0.677680325190288,"1524/2644",2,FALSE,"Higher_in_IPF","GO_Biological_Process"
"GO:0060113","inner ear receptor cell differentiation","2/423","54/13537",0.037037037037037,1.18527274319236,0.24499821000333,0.506646719308929,0.770054607612059,0.677680325190288,"84059/27443",2,FALSE,"Higher_in_IPF","GO_Biological_Process"
"GO:0070918","regulatory ncRNA processing","2/423","54/13537",0.037037037037037,1.18527274319236,0.24499821000333,0.506646719308929,0.770054607612059,0.677680325190288,"131405/122402",2,FALSE,"Higher_in_IPF","GO_Biological_Process"
"GO:0097035","regulation of membrane lipid distribution","2/423","54/13537",0.037037037037037,1.18527274319236,0.24499821000333,0.506646719308929,0.770054607612059,0.677680325190288,"84879/21",2,FALSE,"Higher_in_IPF","GO_Biological_Process"
"GO:0090066","regulation of anatomical structure size","14/423","440/13537",0.0318181818181818,1.0182570384698,0.0699227534852139,0.511306623092453,0.775053023755251,0.682079140863709,"89780/6344/7476/5028/2243/148/627/120892/27345/6532/6928/361/4099/186",14,FALSE,"Higher_in_IPF","GO_Biological_Process"
"GO:0001934","positive regulation of protein phosphorylation","12/423","376/13537",0.0319148936170213,1.02135204466576,0.075411349743604,0.512017517094194,0.775053023755251,0.682079140863709,"6283/89780/5028/54959/1950/84830/177/114/408/120892/5319/353514",12,FALSE,"Higher_in_IPF","GO_Biological_Process"
"GO:0061448","connective tissue development","8/423","248/13537",0.032258064516129,1.03233432471593,0.0922977793002488,0.514228403947775,0.775053023755251,0.682079140863709,"3549/7476/3373/651/5593/59350/84649/94",8,FALSE,"Higher_in_IPF","GO_Biological_Process"
"GO:0000041","transition metal ion transport","3/423","87/13537",0.0344827586206897,1.103529795386,0.173984919557485,0.514239285416344,0.775053023755251,0.682079140863709,"81615/64116/9914",3,FALSE,"Higher_in_IPF","GO_Biological_Process"
"GO:0008585","female gonad development","3/423","87/13537",0.0344827586206897,1.103529795386,0.173984919557485,0.514239285416344,0.775053023755251,0.682079140863709,"56956/26471/56729",3,FALSE,"Higher_in_IPF","GO_Biological_Process"
"GO:0022406","membrane docking","3/423","87/13537",0.0344827586206897,1.103529795386,0.173984919557485,0.514239285416344,0.775053023755251,0.682079140863709,"83850/8676/1080",3,FALSE,"Higher_in_IPF","GO_Biological_Process"
"GO:0006023","aminoglycan biosynthetic process","2/423","55/13537",0.0363636363636364,1.16372232967978,0.218504238633081,0.516470696038543,0.775053023755251,0.682079140863709,"1950/374907",2,FALSE,"Higher_in_IPF","GO_Biological_Process"
"GO:0034142","toll-like receptor 4 signaling pathway","2/423","55/13537",0.0363636363636364,1.16372232967978,0.218504238633081,0.516470696038543,0.775053023755251,0.682079140863709,"57402/11027",2,FALSE,"Higher_in_IPF","GO_Biological_Process"
"GO:0038066","p38MAPK cascade","2/423","55/13537",0.0363636363636364,1.16372232967978,0.218504238633081,0.516470696038543,0.775053023755251,0.682079140863709,"177/389840",2,FALSE,"Higher_in_IPF","GO_Biological_Process"
"GO:0045103","intermediate filament-based process","2/423","55/13537",0.0363636363636364,1.16372232967978,0.218504238633081,0.516470696038543,0.775053023755251,0.682079140863709,"6469/5493",2,FALSE,"Higher_in_IPF","GO_Biological_Process"
"GO:0000303","response to superoxide","1/423","23/13537",0.0434782608695652,1.39140713331278,0.337402630295955,0.518461346954141,0.775053023755251,0.682079140863709,"4353",1,FALSE,"Higher_in_IPF","GO_Biological_Process"
"GO:0003177","pulmonary valve development","1/423","23/13537",0.0434782608695652,1.39140713331278,0.337402630295955,0.518461346954141,0.775053023755251,0.682079140863709,"4091",1,FALSE,"Higher_in_IPF","GO_Biological_Process"
"GO:0006925","inflammatory cell apoptotic process","1/423","23/13537",0.0434782608695652,1.39140713331278,0.337402630295955,0.518461346954141,0.775053023755251,0.682079140863709,"3579",1,FALSE,"Higher_in_IPF","GO_Biological_Process"
"GO:0008210","estrogen metabolic process","1/423","23/13537",0.0434782608695652,1.39140713331278,0.337402630295955,0.518461346954141,0.775053023755251,0.682079140863709,"3294",1,FALSE,"Higher_in_IPF","GO_Biological_Process"
"GO:0009162","deoxyribonucleoside monophosphate metabolic process","1/423","23/13537",0.0434782608695652,1.39140713331278,0.337402630295955,0.518461346954141,0.775053023755251,0.682079140863709,"51733",1,FALSE,"Higher_in_IPF","GO_Biological_Process"
"GO:0009219","pyrimidine deoxyribonucleotide metabolic process","1/423","23/13537",0.0434782608695652,1.39140713331278,0.337402630295955,0.518461346954141,0.775053023755251,0.682079140863709,"51733",1,FALSE,"Higher_in_IPF","GO_Biological_Process"
"GO:0009648","photoperiodism","1/423","23/13537",0.0434782608695652,1.39140713331278,0.337402630295955,0.518461346954141,0.775053023755251,0.682079140863709,"181",1,FALSE,"Higher_in_IPF","GO_Biological_Process"
"GO:0010613","positive regulation of cardiac muscle hypertrophy","1/423","23/13537",0.0434782608695652,1.39140713331278,0.337402630295955,0.518461346954141,0.775053023755251,0.682079140863709,"148",1,FALSE,"Higher_in_IPF","GO_Biological_Process"
"GO:0010714","positive regulation of collagen metabolic process","1/423","23/13537",0.0434782608695652,1.39140713331278,0.337402630295955,0.518461346954141,0.775053023755251,0.682079140863709,"3549",1,FALSE,"Higher_in_IPF","GO_Biological_Process"
"GO:0010893","positive regulation of steroid biosynthetic process","1/423","23/13537",0.0434782608695652,1.39140713331278,0.337402630295955,0.518461346954141,0.775053023755251,0.682079140863709,"3552",1,FALSE,"Higher_in_IPF","GO_Biological_Process"
"GO:0014742","positive regulation of muscle hypertrophy","1/423","23/13537",0.0434782608695652,1.39140713331278,0.337402630295955,0.518461346954141,0.775053023755251,0.682079140863709,"148",1,FALSE,"Higher_in_IPF","GO_Biological_Process"
"GO:0032727","positive regulation of interferon-alpha production","1/423","23/13537",0.0434782608695652,1.39140713331278,0.337402630295955,0.518461346954141,0.775053023755251,0.682079140863709,"51311",1,FALSE,"Higher_in_IPF","GO_Biological_Process"
"GO:0035493","SNARE complex assembly","1/423","23/13537",0.0434782608695652,1.39140713331278,0.337402630295955,0.518461346954141,0.775053023755251,0.682079140863709,"29091",1,FALSE,"Higher_in_IPF","GO_Biological_Process"
"GO:0035929","steroid hormone secretion","1/423","23/13537",0.0434782608695652,1.39140713331278,0.337402630295955,0.518461346954141,0.775053023755251,0.682079140863709,"56729",1,FALSE,"Higher_in_IPF","GO_Biological_Process"
"GO:0035988","chondrocyte proliferation","1/423","23/13537",0.0434782608695652,1.39140713331278,0.337402630295955,0.518461346954141,0.775053023755251,0.682079140863709,"3549",1,FALSE,"Higher_in_IPF","GO_Biological_Process"
"GO:0036120","cellular response to platelet-derived growth factor stimulus","1/423","23/13537",0.0434782608695652,1.39140713331278,0.337402630295955,0.518461346954141,0.775053023755251,0.682079140863709,"3373",1,FALSE,"Higher_in_IPF","GO_Biological_Process"
"GO:0036303","lymph vessel morphogenesis","1/423","23/13537",0.0434782608695652,1.39140713331278,0.337402630295955,0.518461346954141,0.775053023755251,0.682079140863709,"94",1,FALSE,"Higher_in_IPF","GO_Biological_Process"
"GO:0038128","ERBB2 signaling pathway","1/423","23/13537",0.0434782608695652,1.39140713331278,0.337402630295955,0.518461346954141,0.775053023755251,0.682079140863709,"1950",1,FALSE,"Higher_in_IPF","GO_Biological_Process"
"GO:0042659","regulation of cell fate specification","1/423","23/13537",0.0434782608695652,1.39140713331278,0.337402630295955,0.518461346954141,0.775053023755251,0.682079140863709,"89780",1,FALSE,"Higher_in_IPF","GO_Biological_Process"
"GO:0045063","T-helper 1 cell differentiation","1/423","23/13537",0.0434782608695652,1.39140713331278,0.337402630295955,0.518461346954141,0.775053023755251,0.682079140863709,"8809",1,FALSE,"Higher_in_IPF","GO_Biological_Process"
"GO:0046339","diacylglycerol metabolic process","1/423","23/13537",0.0434782608695652,1.39140713331278,0.337402630295955,0.518461346954141,0.775053023755251,0.682079140863709,"84649",1,FALSE,"Higher_in_IPF","GO_Biological_Process"
"GO:0055075","potassium ion homeostasis","1/423","23/13537",0.0434782608695652,1.39140713331278,0.337402630295955,0.518461346954141,0.775053023755251,0.682079140863709,"3759",1,FALSE,"Higher_in_IPF","GO_Biological_Process"
"GO:0060740","prostate gland epithelium morphogenesis","1/423","23/13537",0.0434782608695652,1.39140713331278,0.337402630295955,0.518461346954141,0.775053023755251,0.682079140863709,"6469",1,FALSE,"Higher_in_IPF","GO_Biological_Process"
"GO:0070977","bone maturation","1/423","23/13537",0.0434782608695652,1.39140713331278,0.337402630295955,0.518461346954141,0.775053023755251,0.682079140863709,"10682",1,FALSE,"Higher_in_IPF","GO_Biological_Process"
"GO:0090266","regulation of mitotic cell cycle spindle assembly checkpoint","1/423","23/13537",0.0434782608695652,1.39140713331278,0.337402630295955,0.518461346954141,0.775053023755251,0.682079140863709,"84101",1,FALSE,"Higher_in_IPF","GO_Biological_Process"
"GO:1900017","positive regulation of cytokine production involved in inflammatory response","1/423","23/13537",0.0434782608695652,1.39140713331278,0.337402630295955,0.518461346954141,0.775053023755251,0.682079140863709,"50487",1,FALSE,"Higher_in_IPF","GO_Biological_Process"
"GO:1900543","negative regulation of purine nucleotide metabolic process","1/423","23/13537",0.0434782608695652,1.39140713331278,0.337402630295955,0.518461346954141,0.775053023755251,0.682079140863709,"26471",1,FALSE,"Higher_in_IPF","GO_Biological_Process"
"GO:1901381","positive regulation of potassium ion transmembrane transport","1/423","23/13537",0.0434782608695652,1.39140713331278,0.337402630295955,0.518461346954141,0.775053023755251,0.682079140863709,"3759",1,FALSE,"Higher_in_IPF","GO_Biological_Process"
"GO:1901658","glycosyl compound catabolic process","1/423","23/13537",0.0434782608695652,1.39140713331278,0.337402630295955,0.518461346954141,0.775053023755251,0.682079140863709,"51733",1,FALSE,"Higher_in_IPF","GO_Biological_Process"
"GO:1902993","positive regulation of amyloid precursor protein catabolic process","1/423","23/13537",0.0434782608695652,1.39140713331278,0.337402630295955,0.518461346954141,0.775053023755251,0.682079140863709,"177",1,FALSE,"Higher_in_IPF","GO_Biological_Process"
"GO:1903306","negative regulation of regulated secretory pathway","1/423","23/13537",0.0434782608695652,1.39140713331278,0.337402630295955,0.518461346954141,0.775053023755251,0.682079140863709,"729230",1,FALSE,"Higher_in_IPF","GO_Biological_Process"
"GO:1903504","regulation of mitotic spindle checkpoint","1/423","23/13537",0.0434782608695652,1.39140713331278,0.337402630295955,0.518461346954141,0.775053023755251,0.682079140863709,"84101",1,FALSE,"Higher_in_IPF","GO_Biological_Process"
"GO:0048813","dendrite morphogenesis","4/423","120/13537",0.0333333333333333,1.06674546887313,0.131896256115509,0.519309244979261,0.776016711284078,0.682927226274097,"7476/1501/221692/120892",4,FALSE,"Higher_in_IPF","GO_Biological_Process"
"GO:0060996","dendritic spine development","3/423","88/13537",0.0340909090909091,1.09098968407479,0.153792891845948,0.521948900031065,0.779656064287404,0.686130009430508,"7476/1501/120892",3,FALSE,"Higher_in_IPF","GO_Biological_Process"
"GO:0060485","mesenchyme development","9/423","282/13537",0.0319148936170213,1.02135204466576,0.0650761608987956,0.522166569658916,0.779676168540375,0.686147702015626,"89780/6469/94/7080/2013/80320/55273/3249/3170",9,FALSE,"Higher_in_IPF","GO_Biological_Process"
"GO:0070085","glycosylation","7/423","218/13537",0.0321100917431193,1.02759884616219,0.073778722310512,0.524872329628082,0.783409911853017,0.689433552599826,"114805/64116/2529/123264/2525/374907/2523",7,FALSE,"Higher_in_IPF","GO_Biological_Process"
"GO:0001961","positive regulation of cytokine-mediated signaling pathway","2/423","56/13537",0.0357142857142857,1.14294157379264,0.192503790501372,0.526164145745975,0.784724495491458,0.690590441291592,"4317/146722",2,FALSE,"Higher_in_IPF","GO_Biological_Process"
"GO:0080164","regulation of nitric oxide metabolic process","2/423","56/13537",0.0357142857142857,1.14294157379264,0.192503790501372,0.526164145745975,0.784724495491458,0.690590441291592,"1524/2644",2,FALSE,"Higher_in_IPF","GO_Biological_Process"
"GO:0008406","gonad development","6/423","186/13537",0.032258064516129,1.03233432471593,0.0797464091148823,0.526723924388236,0.784946113705811,0.690785474607523,"56956/3552/4036/7080/26471/56729",6,FALSE,"Higher_in_IPF","GO_Biological_Process"
"GO:0061136","regulation of proteasomal protein catabolic process","6/423","186/13537",0.032258064516129,1.03233432471593,0.0797464091148823,0.526723924388236,0.784946113705811,0.690785474607523,"27074/6469/120892/26471/1050/57761",6,FALSE,"Higher_in_IPF","GO_Biological_Process"
"GO:0006493","protein O-linked glycosylation","3/423","89/13537",0.0337078651685393,1.07873137301777,0.133832547634561,0.529591444610101,0.786499047982413,0.692152121849373,"114805/2525/374907",3,FALSE,"Higher_in_IPF","GO_Biological_Process"
"GO:0014020","primary neural tube formation","3/423","89/13537",0.0337078651685393,1.07873137301777,0.133832547634561,0.529591444610101,0.786499047982413,0.692152121849373,"4036/131405/27443",3,FALSE,"Higher_in_IPF","GO_Biological_Process"
"GO:0043535","regulation of blood vessel endothelial cell migration","3/423","89/13537",0.0337078651685393,1.07873137301777,0.133832547634561,0.529591444610101,0.786499047982413,0.692152121849373,"94/3162/186",3,FALSE,"Higher_in_IPF","GO_Biological_Process"
"GO:0071346","cellular response to type II interferon","3/423","89/13537",0.0337078651685393,1.07873137301777,0.133832547634561,0.529591444610101,0.786499047982413,0.692152121849373,"115361/383/361",3,FALSE,"Higher_in_IPF","GO_Biological_Process"
"GO:0034767","positive regulation of monoatomic ion transmembrane transport","4/423","122/13537",0.0327868852459016,1.04925783823586,0.0981539297299117,0.532378464427771,0.786499047982413,0.692152121849373,"729230/1080/5319/3759",4,FALSE,"Higher_in_IPF","GO_Biological_Process"
"GO:0000305","response to oxygen radical","1/423","24/13537",0.0416666666666667,1.33343183609141,0.29361927587885,0.533533927258892,0.786499047982413,0.692152121849373,"4353",1,FALSE,"Higher_in_IPF","GO_Biological_Process"
"GO:0003094","glomerular filtration","1/423","24/13537",0.0416666666666667,1.33343183609141,0.29361927587885,0.533533927258892,0.786499047982413,0.692152121849373,"2013",1,FALSE,"Higher_in_IPF","GO_Biological_Process"
"GO:0007628","adult walking behavior","1/423","24/13537",0.0416666666666667,1.33343183609141,0.29361927587885,0.533533927258892,0.786499047982413,0.692152121849373,"6323",1,FALSE,"Higher_in_IPF","GO_Biological_Process"
"GO:0009251","glucan catabolic process","1/423","24/13537",0.0416666666666667,1.33343183609141,0.29361927587885,0.533533927258892,0.786499047982413,0.692152121849373,"8972",1,FALSE,"Higher_in_IPF","GO_Biological_Process"
"GO:0014047","glutamate secretion","1/423","24/13537",0.0416666666666667,1.33343183609141,0.29361927587885,0.533533927258892,0.786499047982413,0.692152121849373,"6833",1,FALSE,"Higher_in_IPF","GO_Biological_Process"
"GO:0019081","viral translation","1/423","24/13537",0.0416666666666667,1.33343183609141,0.29361927587885,0.533533927258892,0.786499047982413,0.692152121849373,"23089",1,FALSE,"Higher_in_IPF","GO_Biological_Process"
"GO:0032753","positive regulation of interleukin-4 production","1/423","24/13537",0.0416666666666667,1.33343183609141,0.29361927587885,0.533533927258892,0.786499047982413,0.692152121849373,"5590",1,FALSE,"Higher_in_IPF","GO_Biological_Process"
"GO:0035331","negative regulation of hippo signaling","1/423","24/13537",0.0416666666666667,1.33343183609141,0.29361927587885,0.533533927258892,0.786499047982413,0.692152121849373,"23286",1,FALSE,"Higher_in_IPF","GO_Biological_Process"
"GO:0036037","CD8-positive, alpha-beta T cell activation","1/423","24/13537",0.0416666666666667,1.33343183609141,0.29361927587885,0.533533927258892,0.786499047982413,0.692152121849373,"29126",1,FALSE,"Higher_in_IPF","GO_Biological_Process"
"GO:0042026","protein refolding","1/423","24/13537",0.0416666666666667,1.33343183609141,0.29361927587885,0.533533927258892,0.786499047982413,0.692152121849373,"3310",1,FALSE,"Higher_in_IPF","GO_Biological_Process"
"GO:0045980","negative regulation of nucleotide metabolic process","1/423","24/13537",0.0416666666666667,1.33343183609141,0.29361927587885,0.533533927258892,0.786499047982413,0.692152121849373,"26471",1,FALSE,"Higher_in_IPF","GO_Biological_Process"
"GO:0046039","GTP metabolic process","1/423","24/13537",0.0416666666666667,1.33343183609141,0.29361927587885,0.533533927258892,0.786499047982413,0.692152121849373,"120892",1,FALSE,"Higher_in_IPF","GO_Biological_Process"
"GO:0051156","glucose 6-phosphate metabolic process","1/423","24/13537",0.0416666666666667,1.33343183609141,0.29361927587885,0.533533927258892,0.786499047982413,0.692152121849373,"80201",1,FALSE,"Higher_in_IPF","GO_Biological_Process"
"GO:0051882","mitochondrial depolarization","1/423","24/13537",0.0416666666666667,1.33343183609141,0.29361927587885,0.533533927258892,0.786499047982413,0.692152121849373,"120892",1,FALSE,"Higher_in_IPF","GO_Biological_Process"
"GO:0060333","type II interferon-mediated signaling pathway","1/423","24/13537",0.0416666666666667,1.33343183609141,0.29361927587885,0.533533927258892,0.786499047982413,0.692152121849373,"383",1,FALSE,"Higher_in_IPF","GO_Biological_Process"
"GO:0060343","trabecula formation","1/423","24/13537",0.0416666666666667,1.33343183609141,0.29361927587885,0.533533927258892,0.786499047982413,0.692152121849373,"5950",1,FALSE,"Higher_in_IPF","GO_Biological_Process"
"GO:0060907","positive regulation of macrophage cytokine production","1/423","24/13537",0.0416666666666667,1.33343183609141,0.29361927587885,0.533533927258892,0.786499047982413,0.692152121849373,"3135",1,FALSE,"Higher_in_IPF","GO_Biological_Process"
"GO:0061162","establishment of monopolar cell polarity","1/423","24/13537",0.0416666666666667,1.33343183609141,0.29361927587885,0.533533927258892,0.786499047982413,0.692152121849373,"57662",1,FALSE,"Higher_in_IPF","GO_Biological_Process"
"GO:0062149","detection of stimulus involved in sensory perception of pain","1/423","24/13537",0.0416666666666667,1.33343183609141,0.29361927587885,0.533533927258892,0.786499047982413,0.692152121849373,"6323",1,FALSE,"Higher_in_IPF","GO_Biological_Process"
"GO:0090231","regulation of spindle checkpoint","1/423","24/13537",0.0416666666666667,1.33343183609141,0.29361927587885,0.533533927258892,0.786499047982413,0.692152121849373,"84101",1,FALSE,"Higher_in_IPF","GO_Biological_Process"
"GO:0090314","positive regulation of protein targeting to membrane","1/423","24/13537",0.0416666666666667,1.33343183609141,0.29361927587885,0.533533927258892,0.786499047982413,0.692152121849373,"123264",1,FALSE,"Higher_in_IPF","GO_Biological_Process"
"GO:1902455","negative regulation of stem cell population maintenance","1/423","24/13537",0.0416666666666667,1.33343183609141,0.29361927587885,0.533533927258892,0.786499047982413,0.692152121849373,"6928",1,FALSE,"Higher_in_IPF","GO_Biological_Process"
"GO:1905207","regulation of cardiocyte differentiation","1/423","24/13537",0.0416666666666667,1.33343183609141,0.29361927587885,0.533533927258892,0.786499047982413,0.692152121849373,"89780",1,FALSE,"Higher_in_IPF","GO_Biological_Process"
"GO:0006936","muscle contraction","9/423","285/13537",0.0315789473684211,1.01060097051138,0.0324844194570134,0.535020915716041,0.786995155582457,0.692588717327673,"1131/6323/7273/7134/60675/1129/148/3759/7138",9,FALSE,"Higher_in_IPF","GO_Biological_Process"
"GO:0001655","urogenital system development","2/423","57/13537",0.0350877192982456,1.12288996723487,0.166977008851852,0.535725617956732,0.786995155582457,0.692588717327673,"6469/247",2,FALSE,"Higher_in_IPF","GO_Biological_Process"
"GO:0002712","regulation of B cell mediated immunity","2/423","57/13537",0.0350877192982456,1.12288996723487,0.166977008851852,0.535725617956732,0.786995155582457,0.692588717327673,"2209/722",2,FALSE,"Higher_in_IPF","GO_Biological_Process"
"GO:0002889","regulation of immunoglobulin mediated immune response","2/423","57/13537",0.0350877192982456,1.12288996723487,0.166977008851852,0.535725617956732,0.786995155582457,0.692588717327673,"2209/722",2,FALSE,"Higher_in_IPF","GO_Biological_Process"
"GO:0031663","lipopolysaccharide-mediated signaling pathway","2/423","57/13537",0.0350877192982456,1.12288996723487,0.166977008851852,0.535725617956732,0.786995155582457,0.692588717327673,"11027/671",2,FALSE,"Higher_in_IPF","GO_Biological_Process"
"GO:0038065","collagen-activated signaling pathway","2/423","57/13537",0.0350877192982456,1.12288996723487,0.166977008851852,0.535725617956732,0.786995155582457,0.692588717327673,"6098/126014",2,FALSE,"Higher_in_IPF","GO_Biological_Process"
"GO:0044088","regulation of vacuole organization","2/423","57/13537",0.0350877192982456,1.12288996723487,0.166977008851852,0.535725617956732,0.786995155582457,0.692588717327673,"120892/26471",2,FALSE,"Higher_in_IPF","GO_Biological_Process"
"GO:0050918","positive chemotaxis","2/423","57/13537",0.0350877192982456,1.12288996723487,0.166977008851852,0.535725617956732,0.786995155582457,0.692588717327673,"177/2277",2,FALSE,"Higher_in_IPF","GO_Biological_Process"
"GO:0051148","negative regulation of muscle cell differentiation","2/423","57/13537",0.0350877192982456,1.12288996723487,0.166977008851852,0.535725617956732,0.786995155582457,0.692588717327673,"6469/627",2,FALSE,"Higher_in_IPF","GO_Biological_Process"
"GO:0061387","regulation of extent of cell growth","3/423","90/13537",0.0333333333333333,1.06674546887313,0.114098019851079,0.53716550535924,0.788292692680047,0.693730604349124,"89780/627/4099",3,FALSE,"Higher_in_IPF","GO_Biological_Process"
"GO:0007179","transforming growth factor beta receptor signaling pathway","6/423","188/13537",0.0319148936170213,1.02135204466576,0.0529470532054149,0.53722828348703,0.788292692680047,0.693730604349124,"79674/83891/23089/94/7080/4091",6,FALSE,"Higher_in_IPF","GO_Biological_Process"
"GO:0051098","regulation of binding","6/423","188/13537",0.0319148936170213,1.02135204466576,0.0529470532054149,0.53722828348703,0.788292692680047,0.693730604349124,"255738/1950/627/120892/57761/6590",6,FALSE,"Higher_in_IPF","GO_Biological_Process"
"GO:0006816","calcium ion transport","11/423","351/13537",0.0313390313390313,1.00292309039354,0.00996522330655581,0.539621150968957,0.791222115835596,0.696308619488633,"89780/9254/55799/1950/56704/5319/9914/2811/27092/353514/11027",11,FALSE,"Higher_in_IPF","GO_Biological_Process"
"GO:0030010","establishment of cell polarity","5/423","156/13537",0.032051282051282,1.02571679699339,0.0580206590084749,0.540632593877845,0.791222115835596,0.696308619488633,"5590/7476/23286/6469/57662",5,FALSE,"Higher_in_IPF","GO_Biological_Process"
"GO:0009895","negative regulation of catabolic process","10/423","319/13537",0.0313479623824451,1.00320890489636,0.0104163863688838,0.541421139960071,0.791222115835596,0.696308619488633,"115572/84879/27074/7432/6469/148/120892/26471/440503/3162",10,FALSE,"Higher_in_IPF","GO_Biological_Process"
"GO:0090596","sensory organ morphogenesis","7/423","222/13537",0.0315315315315315,1.00908355163674,0.0245080838797129,0.5442426132301,0.791222115835596,0.696308619488633,"84879/89780/7855/3549/5950/3249/6247",7,FALSE,"Higher_in_IPF","GO_Biological_Process"
"GO:1903050","regulation of proteolysis involved in protein catabolic process","7/423","222/13537",0.0315315315315315,1.00908355163674,0.0245080838797129,0.5442426132301,0.791222115835596,0.696308619488633,"27074/1950/6469/120892/26471/1050/57761",7,FALSE,"Higher_in_IPF","GO_Biological_Process"
"GO:0046545","development of primary female sexual characteristics","3/423","91/13537",0.032967032967033,1.0550229911932,0.0945836578711697,0.544669761161577,0.791222115835596,0.696308619488633,"56956/26471/56729",3,FALSE,"Higher_in_IPF","GO_Biological_Process"
"GO:0097306","cellular response to alcohol","3/423","91/13537",0.032967032967033,1.0550229911932,0.0945836578711697,0.544669761161577,0.791222115835596,0.696308619488633,"1080/114/6337",3,FALSE,"Higher_in_IPF","GO_Biological_Process"
"GO:0002011","morphogenesis of an epithelial sheet","2/423","58/13537",0.0344827586206897,1.103529795386,0.141905191034554,0.545153879586682,0.791222115835596,0.696308619488633,"7476/94",2,FALSE,"Higher_in_IPF","GO_Biological_Process"
"GO:0006518","peptide metabolic process","2/423","58/13537",0.0344827586206897,1.103529795386,0.141905191034554,0.545153879586682,0.791222115835596,0.696308619488633,"4311/1512",2,FALSE,"Higher_in_IPF","GO_Biological_Process"
"GO:0021872","forebrain generation of neurons","2/423","58/13537",0.0344827586206897,1.103529795386,0.141905191034554,0.545153879586682,0.791222115835596,0.696308619488633,"89780/7080",2,FALSE,"Higher_in_IPF","GO_Biological_Process"
"GO:0036005","response to macrophage colony-stimulating factor","2/423","58/13537",0.0344827586206897,1.103529795386,0.141905191034554,0.545153879586682,0.791222115835596,0.696308619488633,"249/6098",2,FALSE,"Higher_in_IPF","GO_Biological_Process"
"GO:0043124","negative regulation of canonical NF-kappaB signal transduction","2/423","58/13537",0.0344827586206897,1.103529795386,0.141905191034554,0.545153879586682,0.791222115835596,0.696308619488633,"64116/91662",2,FALSE,"Higher_in_IPF","GO_Biological_Process"
"GO:0045685","regulation of glial cell differentiation","2/423","58/13537",0.0344827586206897,1.103529795386,0.141905191034554,0.545153879586682,0.791222115835596,0.696308619488633,"6469/4099",2,FALSE,"Higher_in_IPF","GO_Biological_Process"
"GO:0046626","regulation of insulin receptor signaling pathway","2/423","58/13537",0.0344827586206897,1.103529795386,0.141905191034554,0.545153879586682,0.791222115835596,0.696308619488633,"5590/2529",2,FALSE,"Higher_in_IPF","GO_Biological_Process"
"GO:0048255","mRNA stabilization","2/423","58/13537",0.0344827586206897,1.103529795386,0.141905191034554,0.545153879586682,0.791222115835596,0.696308619488633,"115572/7432",2,FALSE,"Higher_in_IPF","GO_Biological_Process"
"GO:0048278","vesicle docking","2/423","58/13537",0.0344827586206897,1.103529795386,0.141905191034554,0.545153879586682,0.791222115835596,0.696308619488633,"8676/1080",2,FALSE,"Higher_in_IPF","GO_Biological_Process"
"GO:0031960","response to corticosteroid","4/423","124/13537",0.032258064516129,1.03233432471593,0.0649620082834147,0.545270292209987,0.791222115835596,0.696308619488633,"249/306/6337/21",4,FALSE,"Higher_in_IPF","GO_Biological_Process"
"GO:0009952","anterior/posterior pattern specification","5/423","157/13537",0.0318471337579618,1.01918356898707,0.0434209123565702,0.54634027438498,0.791222115835596,0.696308619488633,"89780/7855/6469/6928/3170",5,FALSE,"Higher_in_IPF","GO_Biological_Process"
"GO:0002285","lymphocyte activation involved in immune response","6/423","190/13537",0.0315789473684211,1.01060097051138,0.0264288559325961,0.547632694459566,0.791222115835596,0.696308619488633,"5590/11126/51744/8809/57546/8993",6,FALSE,"Higher_in_IPF","GO_Biological_Process"
"GO:0002021","response to dietary excess","1/423","25/13537",0.04,1.28009456264775,0.251746030316803,0.548135803139117,0.791222115835596,0.696308619488633,"6344",1,FALSE,"Higher_in_IPF","GO_Biological_Process"
"GO:0009081","branched-chain amino acid metabolic process","1/423","25/13537",0.04,1.28009456264775,0.251746030316803,0.548135803139117,0.791222115835596,0.696308619488633,"56922",1,FALSE,"Higher_in_IPF","GO_Biological_Process"
"GO:0009119","ribonucleoside metabolic process","1/423","25/13537",0.04,1.28009456264775,0.251746030316803,0.548135803139117,0.791222115835596,0.696308619488633,"55",1,FALSE,"Higher_in_IPF","GO_Biological_Process"
"GO:0010592","positive regulation of lamellipodium assembly","1/423","25/13537",0.04,1.28009456264775,0.251746030316803,0.548135803139117,0.791222115835596,0.696308619488633,"100506658",1,FALSE,"Higher_in_IPF","GO_Biological_Process"
"GO:0010661","positive regulation of muscle cell apoptotic process","1/423","25/13537",0.04,1.28009456264775,0.251746030316803,0.548135803139117,0.791222115835596,0.696308619488633,"3579",1,FALSE,"Higher_in_IPF","GO_Biological_Process"
"GO:0010664","negative regulation of striated muscle cell apoptotic process","1/423","25/13537",0.04,1.28009456264775,0.251746030316803,0.548135803139117,0.791222115835596,0.696308619488633,"26471",1,FALSE,"Higher_in_IPF","GO_Biological_Process"
"GO:0018345","protein palmitoylation","1/423","25/13537",0.04,1.28009456264775,0.251746030316803,0.548135803139117,0.791222115835596,0.696308619488633,"131540",1,FALSE,"Higher_in_IPF","GO_Biological_Process"
"GO:0021983","pituitary gland development","1/423","25/13537",0.04,1.28009456264775,0.251746030316803,0.548135803139117,0.791222115835596,0.696308619488633,"7080",1,FALSE,"Higher_in_IPF","GO_Biological_Process"
"GO:0030859","polarized epithelial cell differentiation","1/423","25/13537",0.04,1.28009456264775,0.251746030316803,0.548135803139117,0.791222115835596,0.696308619488633,"57662",1,FALSE,"Higher_in_IPF","GO_Biological_Process"
"GO:0034391","regulation of smooth muscle cell apoptotic process","1/423","25/13537",0.04,1.28009456264775,0.251746030316803,0.548135803139117,0.791222115835596,0.696308619488633,"350",1,FALSE,"Higher_in_IPF","GO_Biological_Process"
"GO:0034453","microtubule anchoring","1/423","25/13537",0.04,1.28009456264775,0.251746030316803,0.548135803139117,0.791222115835596,0.696308619488633,"57662",1,FALSE,"Higher_in_IPF","GO_Biological_Process"
"GO:0036119","response to platelet-derived growth factor","1/423","25/13537",0.04,1.28009456264775,0.251746030316803,0.548135803139117,0.791222115835596,0.696308619488633,"3373",1,FALSE,"Higher_in_IPF","GO_Biological_Process"
"GO:0044058","regulation of digestive system process","1/423","25/13537",0.04,1.28009456264775,0.251746030316803,0.548135803139117,0.791222115835596,0.696308619488633,"335",1,FALSE,"Higher_in_IPF","GO_Biological_Process"
"GO:0044346","fibroblast apoptotic process","1/423","25/13537",0.04,1.28009456264775,0.251746030316803,0.548135803139117,0.791222115835596,0.696308619488633,"26471",1,FALSE,"Higher_in_IPF","GO_Biological_Process"
"GO:0045777","positive regulation of blood pressure","1/423","25/13537",0.04,1.28009456264775,0.251746030316803,0.548135803139117,0.791222115835596,0.696308619488633,"148",1,FALSE,"Higher_in_IPF","GO_Biological_Process"
"GO:0045953","negative regulation of natural killer cell mediated cytotoxicity","1/423","25/13537",0.04,1.28009456264775,0.251746030316803,0.548135803139117,0.791222115835596,0.696308619488633,"3135",1,FALSE,"Higher_in_IPF","GO_Biological_Process"
"GO:0050433","regulation of catecholamine secretion","1/423","25/13537",0.04,1.28009456264775,0.251746030316803,0.548135803139117,0.791222115835596,0.696308619488633,"5028",1,FALSE,"Higher_in_IPF","GO_Biological_Process"
"GO:0060512","prostate gland morphogenesis","1/423","25/13537",0.04,1.28009456264775,0.251746030316803,0.548135803139117,0.791222115835596,0.696308619488633,"6469",1,FALSE,"Higher_in_IPF","GO_Biological_Process"
"GO:0060669","embryonic placenta morphogenesis","1/423","25/13537",0.04,1.28009456264775,0.251746030316803,0.548135803139117,0.791222115835596,0.696308619488633,"7855",1,FALSE,"Higher_in_IPF","GO_Biological_Process"
"GO:0060964","regulation of miRNA-mediated gene silencing","1/423","25/13537",0.04,1.28009456264775,0.251746030316803,0.548135803139117,0.791222115835596,0.696308619488633,"131405",1,FALSE,"Higher_in_IPF","GO_Biological_Process"
"GO:0061339","establishment or maintenance of monopolar cell polarity","1/423","25/13537",0.04,1.28009456264775,0.251746030316803,0.548135803139117,0.791222115835596,0.696308619488633,"57662",1,FALSE,"Higher_in_IPF","GO_Biological_Process"
"GO:0086011","membrane repolarization during action potential","1/423","25/13537",0.04,1.28009456264775,0.251746030316803,0.548135803139117,0.791222115835596,0.696308619488633,"3759",1,FALSE,"Higher_in_IPF","GO_Biological_Process"
"GO:1900745","positive regulation of p38MAPK cascade","1/423","25/13537",0.04,1.28009456264775,0.251746030316803,0.548135803139117,0.791222115835596,0.696308619488633,"177",1,FALSE,"Higher_in_IPF","GO_Biological_Process"
"GO:1901223","negative regulation of non-canonical NF-kappaB signal transduction","1/423","25/13537",0.04,1.28009456264775,0.251746030316803,0.548135803139117,0.791222115835596,0.696308619488633,"91662",1,FALSE,"Higher_in_IPF","GO_Biological_Process"
"GO:0097305","response to alcohol","7/423","223/13537",0.031390134529148,1.0045585132886,0.0123273335519061,0.549034388403058,0.791920398535276,0.696923137527116,"8431/6279/51208/2890/1080/114/6337",7,FALSE,"Higher_in_IPF","GO_Biological_Process"
"GO:0098742","cell-cell adhesion via plasma-membrane adhesion molecules","7/423","223/13537",0.031390134529148,1.0045585132886,0.0123273335519061,0.549034388403058,0.791920398535276,0.696923137527116,"27255/253559/51208/335/5101/4099/57126",7,FALSE,"Higher_in_IPF","GO_Biological_Process"
"GO:0045786","negative regulation of cell cycle","11/423","354/13537",0.0310734463276836,0.994423742169866,-0.0190934812001431,0.551108614548281,0.794612043181773,0.699291897614133,"115572/3135/6196/1620/8328/84101/26471/247/57662/1050/56241",11,FALSE,"Higher_in_IPF","GO_Biological_Process"
"GO:0009063","amino acid catabolic process","3/423","92/13537",0.0326086956521739,1.04355534998458,0.0752840171708105,0.552102981085294,0.795144919571351,0.699760851168083,"56922/383/5625",3,FALSE,"Higher_in_IPF","GO_Biological_Process"
"GO:0009408","response to heat","3/423","92/13537",0.0326086956521739,1.04355534998458,0.0752840171708105,0.552102981085294,0.795144919571351,0.699760851168083,"3310/3552/3162",3,FALSE,"Higher_in_IPF","GO_Biological_Process"
"GO:0031110","regulation of microtubule polymerization or depolymerization","3/423","92/13537",0.0326086956521739,1.04355534998458,0.0752840171708105,0.552102981085294,0.795144919571351,0.699760851168083,"100506658/57662/58526",3,FALSE,"Higher_in_IPF","GO_Biological_Process"
"GO:0045137","development of primary sexual characteristics","6/423","191/13537",0.031413612565445,1.00530986595373,0.013273102487853,0.552795822187007,0.795842552454748,0.700374797341004,"56956/3552/4036/7080/26471/56729",6,FALSE,"Higher_in_IPF","GO_Biological_Process"
"GO:0007178","cell surface receptor protein serine/threonine kinase signaling pathway","10/423","322/13537",0.031055900621118,0.993862238080555,-0.0200194507163221,0.553442053719957,0.79647258239834,0.700929250093877,"4036/79674/83891/23089/6469/94/7080/4091/55273/164656",10,FALSE,"Higher_in_IPF","GO_Biological_Process"
"GO:0032414","positive regulation of ion transmembrane transporter activity","2/423","59/13537",0.0338983050847458,1.08482590054894,0.117270702206204,0.554447902831554,0.796718890858439,0.701146011860753,"729230/1080",2,FALSE,"Higher_in_IPF","GO_Biological_Process"
"GO:0032890","regulation of organic acid transport","2/423","59/13537",0.0338983050847458,1.08482590054894,0.117270702206204,0.554447902831554,0.796718890858439,0.701146011860753,"3552/50487",2,FALSE,"Higher_in_IPF","GO_Biological_Process"
"GO:0042490","mechanoreceptor differentiation","2/423","59/13537",0.0338983050847458,1.08482590054894,0.117270702206204,0.554447902831554,0.796718890858439,0.701146011860753,"84059/27443",2,FALSE,"Higher_in_IPF","GO_Biological_Process"
"GO:1902807","negative regulation of cell cycle G1/S phase transition","2/423","59/13537",0.0338983050847458,1.08482590054894,0.117270702206204,0.554447902831554,0.796718890858439,0.701146011860753,"8328/56241",2,FALSE,"Higher_in_IPF","GO_Biological_Process"
"GO:0022411","cellular component disassembly","13/423","421/13537",0.0308788598574822,0.988196515108124,-0.0441873909421529,0.557819425340471,0.796878731874431,0.701286678653245,"713/25893/1524/6456/6833/4317/4778/256764/6457/3249/27443/164656/58526",13,FALSE,"Higher_in_IPF","GO_Biological_Process"
"GO:0048705","skeletal system morphogenesis","6/423","192/13537",0.03125,1.00007387706856,0.000185160671221812,0.557932083453369,0.796878731874431,0.701286678653245,"249/389058/3549/7476/3373/64399",6,FALSE,"Higher_in_IPF","GO_Biological_Process"
"GO:0032434","regulation of proteasomal ubiquitin-dependent protein catabolic process","4/423","126/13537",0.0317460317460317,1.01594806559346,0.0323005912050613,0.557976677728121,0.796878731874431,0.701286678653245,"6469/120892/1050/57761",4,FALSE,"Higher_in_IPF","GO_Biological_Process"
"GO:0045621","positive regulation of lymphocyte differentiation","4/423","126/13537",0.0317460317460317,1.01594806559346,0.0323005912050613,0.557976677728121,0.796878731874431,0.701286678653245,"5590/3549/3135/6469",4,FALSE,"Higher_in_IPF","GO_Biological_Process"
"GO:0051147","regulation of muscle cell differentiation","4/423","126/13537",0.0317460317460317,1.01594806559346,0.0323005912050613,0.557976677728121,0.796878731874431,0.701286678653245,"89780/84525/6469/627",4,FALSE,"Higher_in_IPF","GO_Biological_Process"
"GO:0001556","oocyte maturation","1/423","26/13537",0.0384615384615385,1.23086015639207,0.211611701581366,0.562281640563048,0.796878731874431,0.701286678653245,"994",1,FALSE,"Higher_in_IPF","GO_Biological_Process"
"GO:0002716","negative regulation of natural killer cell mediated immunity","1/423","26/13537",0.0384615384615385,1.23086015639207,0.211611701581366,0.562281640563048,0.796878731874431,0.701286678653245,"3135",1,FALSE,"Higher_in_IPF","GO_Biological_Process"
"GO:0003156","regulation of animal organ formation","1/423","26/13537",0.0384615384615385,1.23086015639207,0.211611701581366,0.562281640563048,0.796878731874431,0.701286678653245,"6469",1,FALSE,"Higher_in_IPF","GO_Biological_Process"
"GO:0003181","atrioventricular valve morphogenesis","1/423","26/13537",0.0384615384615385,1.23086015639207,0.211611701581366,0.562281640563048,0.796878731874431,0.701286678653245,"4091",1,FALSE,"Higher_in_IPF","GO_Biological_Process"
"GO:0003272","endocardial cushion formation","1/423","26/13537",0.0384615384615385,1.23086015639207,0.211611701581366,0.562281640563048,0.796878731874431,0.701286678653245,"55273",1,FALSE,"Higher_in_IPF","GO_Biological_Process"
"GO:0003338","metanephros morphogenesis","1/423","26/13537",0.0384615384615385,1.23086015639207,0.211611701581366,0.562281640563048,0.796878731874431,0.701286678653245,"186",1,FALSE,"Higher_in_IPF","GO_Biological_Process"
"GO:0006536","glutamate metabolic process","1/423","26/13537",0.0384615384615385,1.23086015639207,0.211611701581366,0.562281640563048,0.796878731874431,0.701286678653245,"5625",1,FALSE,"Higher_in_IPF","GO_Biological_Process"
"GO:0006882","intracellular zinc ion homeostasis","1/423","26/13537",0.0384615384615385,1.23086015639207,0.211611701581366,0.562281640563048,0.796878731874431,0.701286678653245,"64116",1,FALSE,"Higher_in_IPF","GO_Biological_Process"
"GO:0009264","deoxyribonucleotide catabolic process","1/423","26/13537",0.0384615384615385,1.23086015639207,0.211611701581366,0.562281640563048,0.796878731874431,0.701286678653245,"51733",1,FALSE,"Higher_in_IPF","GO_Biological_Process"
"GO:0010526","transposable element silencing","1/423","26/13537",0.0384615384615385,1.23086015639207,0.211611701581366,0.562281640563048,0.796878731874431,0.701286678653245,"122402",1,FALSE,"Higher_in_IPF","GO_Biological_Process"
"GO:0031069","hair follicle morphogenesis","1/423","26/13537",0.0384615384615385,1.23086015639207,0.211611701581366,0.562281640563048,0.796878731874431,0.701286678653245,"6469",1,FALSE,"Higher_in_IPF","GO_Biological_Process"
"GO:0032094","response to food","1/423","26/13537",0.0384615384615385,1.23086015639207,0.211611701581366,0.562281640563048,0.796878731874431,0.701286678653245,"4353",1,FALSE,"Higher_in_IPF","GO_Biological_Process"
"GO:0034390","smooth muscle cell apoptotic process","1/423","26/13537",0.0384615384615385,1.23086015639207,0.211611701581366,0.562281640563048,0.796878731874431,0.701286678653245,"350",1,FALSE,"Higher_in_IPF","GO_Biological_Process"
"GO:0042059","negative regulation of epidermal growth factor receptor signaling pathway","1/423","26/13537",0.0384615384615385,1.23086015639207,0.211611701581366,0.562281640563048,0.796878731874431,0.701286678653245,"9052",1,FALSE,"Higher_in_IPF","GO_Biological_Process"
"GO:0043304","regulation of mast cell degranulation","1/423","26/13537",0.0384615384615385,1.23086015639207,0.211611701581366,0.562281640563048,0.796878731874431,0.701286678653245,"50487",1,FALSE,"Higher_in_IPF","GO_Biological_Process"
"GO:0045652","regulation of megakaryocyte differentiation","1/423","26/13537",0.0384615384615385,1.23086015639207,0.211611701581366,0.562281640563048,0.796878731874431,0.701286678653245,"5196",1,FALSE,"Higher_in_IPF","GO_Biological_Process"
"GO:0046386","deoxyribose phosphate catabolic process","1/423","26/13537",0.0384615384615385,1.23086015639207,0.211611701581366,0.562281640563048,0.796878731874431,0.701286678653245,"51733",1,FALSE,"Higher_in_IPF","GO_Biological_Process"
"GO:0046688","response to copper ion","1/423","26/13537",0.0384615384615385,1.23086015639207,0.211611701581366,0.562281640563048,0.796878731874431,0.701286678653245,"3552",1,FALSE,"Higher_in_IPF","GO_Biological_Process"
"GO:0048011","neurotrophin TRK receptor signaling pathway","1/423","26/13537",0.0384615384615385,1.23086015639207,0.211611701581366,0.562281640563048,0.796878731874431,0.701286678653245,"186",1,FALSE,"Higher_in_IPF","GO_Biological_Process"
"GO:0048799","animal organ maturation","1/423","26/13537",0.0384615384615385,1.23086015639207,0.211611701581366,0.562281640563048,0.796878731874431,0.701286678653245,"10682",1,FALSE,"Higher_in_IPF","GO_Biological_Process"
"GO:0050860","negative regulation of T cell receptor signaling pathway","1/423","26/13537",0.0384615384615385,1.23086015639207,0.211611701581366,0.562281640563048,0.796878731874431,0.701286678653245,"11126",1,FALSE,"Higher_in_IPF","GO_Biological_Process"
"GO:0060037","pharyngeal system development","1/423","26/13537",0.0384615384615385,1.23086015639207,0.211611701581366,0.562281640563048,0.796878731874431,0.701286678653245,"53820",1,FALSE,"Higher_in_IPF","GO_Biological_Process"
"GO:0060219","camera-type eye photoreceptor cell differentiation","1/423","26/13537",0.0384615384615385,1.23086015639207,0.211611701581366,0.562281640563048,0.796878731874431,0.701286678653245,"3549",1,FALSE,"Higher_in_IPF","GO_Biological_Process"
"GO:0060351","cartilage development involved in endochondral bone morphogenesis","1/423","26/13537",0.0384615384615385,1.23086015639207,0.211611701581366,0.562281640563048,0.796878731874431,0.701286678653245,"3549",1,FALSE,"Higher_in_IPF","GO_Biological_Process"
"GO:0061037","negative regulation of cartilage development","1/423","26/13537",0.0384615384615385,1.23086015639207,0.211611701581366,0.562281640563048,0.796878731874431,0.701286678653245,"3549",1,FALSE,"Higher_in_IPF","GO_Biological_Process"
"GO:0061436","establishment of skin barrier","1/423","26/13537",0.0384615384615385,1.23086015639207,0.211611701581366,0.562281640563048,0.796878731874431,0.701286678653245,"126695",1,FALSE,"Higher_in_IPF","GO_Biological_Process"
"GO:0071875","adrenergic receptor signaling pathway","1/423","26/13537",0.0384615384615385,1.23086015639207,0.211611701581366,0.562281640563048,0.796878731874431,0.701286678653245,"148",1,FALSE,"Higher_in_IPF","GO_Biological_Process"
"GO:0072529","pyrimidine-containing compound catabolic process","1/423","26/13537",0.0384615384615385,1.23086015639207,0.211611701581366,0.562281640563048,0.796878731874431,0.701286678653245,"51733",1,FALSE,"Higher_in_IPF","GO_Biological_Process"
"GO:0099170","postsynaptic modulation of chemical synaptic transmission","1/423","26/13537",0.0384615384615385,1.23086015639207,0.211611701581366,0.562281640563048,0.796878731874431,0.701286678653245,"1128",1,FALSE,"Higher_in_IPF","GO_Biological_Process"
"GO:1900368","regulation of post-transcriptional gene silencing by regulatory ncRNA","1/423","26/13537",0.0384615384615385,1.23086015639207,0.211611701581366,0.562281640563048,0.796878731874431,0.701286678653245,"131405",1,FALSE,"Higher_in_IPF","GO_Biological_Process"
"GO:1901798","positive regulation of signal transduction by p53 class mediator","1/423","26/13537",0.0384615384615385,1.23086015639207,0.211611701581366,0.562281640563048,0.796878731874431,0.701286678653245,"27063",1,FALSE,"Higher_in_IPF","GO_Biological_Process"
"GO:2000352","negative regulation of endothelial cell apoptotic process","1/423","26/13537",0.0384615384615385,1.23086015639207,0.211611701581366,0.562281640563048,0.796878731874431,0.701286678653245,"2243",1,FALSE,"Higher_in_IPF","GO_Biological_Process"
"GO:0010632","regulation of epithelial cell migration","2/423","60/13537",0.0333333333333333,1.06674546887313,0.0930568968515836,0.563606853598051,0.798164305280919,0.702418037125167,"57111/1512",2,FALSE,"Higher_in_IPF","GO_Biological_Process"
"GO:0070373","negative regulation of ERK1 and ERK2 cascade","2/423","60/13537",0.0333333333333333,1.06674546887313,0.0930568968515836,0.563606853598051,0.798164305280919,0.702418037125167,"55885/91662",2,FALSE,"Higher_in_IPF","GO_Biological_Process"
"GO:0003158","endothelium development","4/423","127/13537",0.031496062992126,1.00794847452579,0.0161628902924584,0.564258018327174,0.79819826379146,0.702447922037534,"26084/94/55273/2194",4,FALSE,"Higher_in_IPF","GO_Biological_Process"
"GO:0009566","fertilization","4/423","127/13537",0.031496062992126,1.00794847452579,0.0161628902924584,0.564258018327174,0.79819826379146,0.702447922037534,"2352/122402/284359/27443",4,FALSE,"Higher_in_IPF","GO_Biological_Process"
"GO:0032388","positive regulation of intracellular transport","4/423","127/13537",0.031496062992126,1.00794847452579,0.0161628902924584,0.564258018327174,0.79819826379146,0.702447922037534,"6469/1128/123745/123264",4,FALSE,"Higher_in_IPF","GO_Biological_Process"
"GO:1903320","regulation of protein modification by small protein conjugation or removal","7/423","227/13537",0.0308370044052863,0.986857041688797,-0.0358645014461696,0.567982843397834,0.803169813367752,0.706823094006193,"408/120892/84101/57761/79444/55859/84707",7,FALSE,"Higher_in_IPF","GO_Biological_Process"
"GO:0033135","regulation of peptidyl-serine phosphorylation","2/423","61/13537",0.0327868852459016,1.04925783823586,0.0692480472981891,0.572630080454658,0.805831150662094,0.709165182353231,"89780/51085",2,FALSE,"Higher_in_IPF","GO_Biological_Process"
"GO:0035019","somatic stem cell population maintenance","2/423","61/13537",0.0327868852459016,1.04925783823586,0.0692480472981891,0.572630080454658,0.805831150662094,0.709165182353231,"7476/6928",2,FALSE,"Higher_in_IPF","GO_Biological_Process"
"GO:0045453","bone resorption","2/423","61/13537",0.0327868852459016,1.04925783823586,0.0692480472981891,0.572630080454658,0.805831150662094,0.709165182353231,"3549/51208",2,FALSE,"Higher_in_IPF","GO_Biological_Process"
"GO:0051893","regulation of focal adhesion assembly","2/423","61/13537",0.0327868852459016,1.04925783823586,0.0692480472981891,0.572630080454658,0.805831150662094,0.709165182353231,"94/57662",2,FALSE,"Higher_in_IPF","GO_Biological_Process"
"GO:0070059","intrinsic apoptotic signaling pathway in response to endoplasmic reticulum stress","2/423","61/13537",0.0327868852459016,1.04925783823586,0.0692480472981891,0.572630080454658,0.805831150662094,0.709165182353231,"120892/57761",2,FALSE,"Higher_in_IPF","GO_Biological_Process"
"GO:0090109","regulation of cell-substrate junction assembly","2/423","61/13537",0.0327868852459016,1.04925783823586,0.0692480472981891,0.572630080454658,0.805831150662094,0.709165182353231,"94/57662",2,FALSE,"Higher_in_IPF","GO_Biological_Process"
"GO:1903078","positive regulation of protein localization to plasma membrane","2/423","61/13537",0.0327868852459016,1.04925783823586,0.0692480472981891,0.572630080454658,0.805831150662094,0.709165182353231,"89780/3767",2,FALSE,"Higher_in_IPF","GO_Biological_Process"
"GO:0043087","regulation of GTPase activity","5/423","162/13537",0.0308641975308642,0.987727285993637,-0.0282227281598335,0.574357855766051,0.805831150662094,0.709165182353231,"5909/54959/120892/5923/5657",5,FALSE,"Higher_in_IPF","GO_Biological_Process"
"GO:0002507","tolerance induction","1/423","27/13537",0.037037037037037,1.18527274319236,0.173066697428811,0.575985649595824,0.805831150662094,0.709165182353231,"3135",1,FALSE,"Higher_in_IPF","GO_Biological_Process"
"GO:0007026","negative regulation of microtubule depolymerization","1/423","27/13537",0.037037037037037,1.18527274319236,0.173066697428811,0.575985649595824,0.805831150662094,0.709165182353231,"58526",1,FALSE,"Higher_in_IPF","GO_Biological_Process"
"GO:0007097","nuclear migration","1/423","27/13537",0.037037037037037,1.18527274319236,0.173066697428811,0.575985649595824,0.805831150662094,0.709165182353231,"25893",1,FALSE,"Higher_in_IPF","GO_Biological_Process"
"GO:0010575","positive regulation of vascular endothelial growth factor production","1/423","27/13537",0.037037037037037,1.18527274319236,0.173066697428811,0.575985649595824,0.805831150662094,0.709165182353231,"3552",1,FALSE,"Higher_in_IPF","GO_Biological_Process"
"GO:0010644","cell communication by electrical coupling","1/423","27/13537",0.037037037037037,1.18527274319236,0.173066697428811,0.575985649595824,0.805831150662094,0.709165182353231,"79191",1,FALSE,"Higher_in_IPF","GO_Biological_Process"
"GO:0010971","positive regulation of G2/M transition of mitotic cell cycle","1/423","27/13537",0.037037037037037,1.18527274319236,0.173066697428811,0.575985649595824,0.805831150662094,0.709165182353231,"994",1,FALSE,"Higher_in_IPF","GO_Biological_Process"
"GO:0031664","regulation of lipopolysaccharide-mediated signaling pathway","1/423","27/13537",0.037037037037037,1.18527274319236,0.173066697428811,0.575985649595824,0.805831150662094,0.709165182353231,"11027",1,FALSE,"Higher_in_IPF","GO_Biological_Process"
"GO:0031952","regulation of protein autophosphorylation","1/423","27/13537",0.037037037037037,1.18527274319236,0.173066697428811,0.575985649595824,0.805831150662094,0.709165182353231,"91662",1,FALSE,"Higher_in_IPF","GO_Biological_Process"
"GO:0032197","retrotransposition","1/423","27/13537",0.037037037037037,1.18527274319236,0.173066697428811,0.575985649595824,0.805831150662094,0.709165182353231,"122402",1,FALSE,"Higher_in_IPF","GO_Biological_Process"
"GO:0034143","regulation of toll-like receptor 4 signaling pathway","1/423","27/13537",0.037037037037037,1.18527274319236,0.173066697428811,0.575985649595824,0.805831150662094,0.709165182353231,"11027",1,FALSE,"Higher_in_IPF","GO_Biological_Process"
"GO:0035020","regulation of Rac protein signal transduction","1/423","27/13537",0.037037037037037,1.18527274319236,0.173066697428811,0.575985649595824,0.805831150662094,0.709165182353231,"5923",1,FALSE,"Higher_in_IPF","GO_Biological_Process"
"GO:0035872","nucleotide-binding domain, leucine rich repeat containing receptor signaling pathway","1/423","27/13537",0.037037037037037,1.18527274319236,0.173066697428811,0.575985649595824,0.805831150662094,0.709165182353231,"57864",1,FALSE,"Higher_in_IPF","GO_Biological_Process"
"GO:0036010","protein localization to endosome","1/423","27/13537",0.037037037037037,1.18527274319236,0.173066697428811,0.575985649595824,0.805831150662094,0.709165182353231,"1950",1,FALSE,"Higher_in_IPF","GO_Biological_Process"
"GO:0046717","acid secretion","1/423","27/13537",0.037037037037037,1.18527274319236,0.173066697428811,0.575985649595824,0.805831150662094,0.709165182353231,"123264",1,FALSE,"Higher_in_IPF","GO_Biological_Process"
"GO:0048333","mesodermal cell differentiation","1/423","27/13537",0.037037037037037,1.18527274319236,0.173066697428811,0.575985649595824,0.805831150662094,0.709165182353231,"89780",1,FALSE,"Higher_in_IPF","GO_Biological_Process"
"GO:0048499","synaptic vesicle membrane organization","1/423","27/13537",0.037037037037037,1.18527274319236,0.173066697428811,0.575985649595824,0.805831150662094,0.709165182353231,"8676",1,FALSE,"Higher_in_IPF","GO_Biological_Process"
"GO:0060147","regulation of post-transcriptional gene silencing","1/423","27/13537",0.037037037037037,1.18527274319236,0.173066697428811,0.575985649595824,0.805831150662094,0.709165182353231,"131405",1,FALSE,"Higher_in_IPF","GO_Biological_Process"
"GO:0060479","lung cell differentiation","1/423","27/13537",0.037037037037037,1.18527274319236,0.173066697428811,0.575985649595824,0.805831150662094,0.709165182353231,"7080",1,FALSE,"Higher_in_IPF","GO_Biological_Process"
"GO:0060487","lung epithelial cell differentiation","1/423","27/13537",0.037037037037037,1.18527274319236,0.173066697428811,0.575985649595824,0.805831150662094,0.709165182353231,"7080",1,FALSE,"Higher_in_IPF","GO_Biological_Process"
"GO:0097205","renal filtration","1/423","27/13537",0.037037037037037,1.18527274319236,0.173066697428811,0.575985649595824,0.805831150662094,0.709165182353231,"2013",1,FALSE,"Higher_in_IPF","GO_Biological_Process"
"GO:0099558","maintenance of synapse structure","1/423","27/13537",0.037037037037037,1.18527274319236,0.173066697428811,0.575985649595824,0.805831150662094,0.709165182353231,"140730",1,FALSE,"Higher_in_IPF","GO_Biological_Process"
"GO:0044092","negative regulation of molecular function","15/423","492/13537",0.0304878048780488,0.975681831286398,-0.098682272872443,0.576813656951516,0.806693971516809,0.709924500863404,"8431/255738/729230/84059/9806/408/9052/120892/84101/26471/440503/91662/57761/3170/6590",15,FALSE,"Higher_in_IPF","GO_Biological_Process"
"GO:0007411","axon guidance","6/423","196/13537",0.0306122448979592,0.979664206107975,-0.0515042114125544,0.578196982875235,0.808036632729739,0.711106098997361,"56956/89780/27255/6469/627/7080",6,FALSE,"Higher_in_IPF","GO_Biological_Process"
"GO:0048588","developmental cell growth","6/423","196/13537",0.0306122448979592,0.979664206107975,-0.0515042114125544,0.578196982875235,0.808036632729739,0.711106098997361,"5590/89780/148/6456/627/4099",6,FALSE,"Higher_in_IPF","GO_Biological_Process"
"GO:2000058","regulation of ubiquitin-dependent protein catabolic process","5/423","163/13537",0.0306748466257669,0.981667609392449,-0.0422892528049865,0.579852365173691,0.808533249592727,0.711543142648392,"1950/6469/120892/1050/57761",5,FALSE,"Higher_in_IPF","GO_Biological_Process"
"GO:0001841","neural tube formation","3/423","96/13537",0.03125,1.00007387706856,0.000130459961838252,0.581103900901617,0.808533249592727,0.711543142648392,"4036/131405/27443",3,FALSE,"Higher_in_IPF","GO_Biological_Process"
"GO:0005976","polysaccharide metabolic process","3/423","96/13537",0.03125,1.00007387706856,0.000130459961838252,0.581103900901617,0.808533249592727,0.711543142648392,"27159/1950/8972",3,FALSE,"Higher_in_IPF","GO_Biological_Process"
"GO:0099072","regulation of postsynaptic membrane neurotransmitter receptor levels","3/423","96/13537",0.03125,1.00007387706856,0.000130459961838252,0.581103900901617,0.808533249592727,0.711543142648392,"5590/9254/27092",3,FALSE,"Higher_in_IPF","GO_Biological_Process"
"GO:2001243","negative regulation of intrinsic apoptotic signaling pathway","3/423","96/13537",0.03125,1.00007387706856,0.000130459961838252,0.581103900901617,0.808533249592727,0.711543142648392,"4582/219790/120892",3,FALSE,"Higher_in_IPF","GO_Biological_Process"
"GO:0043086","negative regulation of catalytic activity","8/423","263/13537",0.0304182509505703,0.973455941176999,-0.0780714176579056,0.581282561969384,0.808533249592727,0.711543142648392,"729230/84059/9806/9052/120892/84101/440503/57761",8,FALSE,"Higher_in_IPF","GO_Biological_Process"
"GO:0001885","endothelial cell development","2/423","62/13537",0.032258064516129,1.03233432471593,0.0458292784961957,0.581517104081097,0.808533249592727,0.711543142648392,"26084/2194",2,FALSE,"Higher_in_IPF","GO_Biological_Process"
"GO:0003407","neural retina development","2/423","62/13537",0.032258064516129,1.03233432471593,0.0458292784961957,0.581517104081097,0.808533249592727,0.711543142648392,"3549/6247",2,FALSE,"Higher_in_IPF","GO_Biological_Process"
"GO:0031113","regulation of microtubule polymerization","2/423","62/13537",0.032258064516129,1.03233432471593,0.0458292784961957,0.581517104081097,0.808533249592727,0.711543142648392,"100506658/57662",2,FALSE,"Higher_in_IPF","GO_Biological_Process"
"GO:0033059","cellular pigmentation","2/423","62/13537",0.032258064516129,1.03233432471593,0.0458292784961957,0.581517104081097,0.808533249592727,0.711543142648392,"79083/64284",2,FALSE,"Higher_in_IPF","GO_Biological_Process"
"GO:0034103","regulation of tissue remodeling","2/423","62/13537",0.032258064516129,1.03233432471593,0.0458292784961957,0.581517104081097,0.808533249592727,0.711543142648392,"51208/177",2,FALSE,"Higher_in_IPF","GO_Biological_Process"
"GO:0042246","tissue regeneration","2/423","62/13537",0.032258064516129,1.03233432471593,0.0458292784961957,0.581517104081097,0.808533249592727,0.711543142648392,"7476/84525",2,FALSE,"Higher_in_IPF","GO_Biological_Process"
"GO:0055117","regulation of cardiac muscle contraction","2/423","62/13537",0.032258064516129,1.03233432471593,0.0458292784961957,0.581517104081097,0.808533249592727,0.711543142648392,"148/3759",2,FALSE,"Higher_in_IPF","GO_Biological_Process"
"GO:1903053","regulation of extracellular matrix organization","2/423","62/13537",0.032258064516129,1.03233432471593,0.0458292784961957,0.581517104081097,0.808533249592727,0.711543142648392,"84830/1361",2,FALSE,"Higher_in_IPF","GO_Biological_Process"
"GO:0046328","regulation of JNK cascade","4/423","130/13537",0.0307692307692308,0.984688125113657,-0.0315051832585005,0.582804623696897,0.810028414006099,0.712858949989652,"3552/7476/177/79444",4,FALSE,"Higher_in_IPF","GO_Biological_Process"
"GO:0097485","neuron projection guidance","6/423","197/13537",0.0304568527918782,0.974691291356158,-0.0642647690823304,0.583190461050749,0.810269716263377,0.713071306088252,"56956/89780/27255/6469/627/7080",6,FALSE,"Higher_in_IPF","GO_Biological_Process"
"GO:0042327","positive regulation of phosphorylation","12/423","396/13537",0.0303030303030303,0.96976860806648,-0.109657741232247,0.585104069617436,0.810954200890598,0.713673681244738,"6283/89780/5028/54959/1950/84830/177/114/408/120892/5319/353514",12,FALSE,"Higher_in_IPF","GO_Biological_Process"
"GO:0043473","pigmentation","3/423","97/13537",0.0309278350515464,0.989763837098779,-0.0181706803438575,0.588166460532569,0.810954200890598,0.713673681244738,"3549/79083/64284",3,FALSE,"Higher_in_IPF","GO_Biological_Process"
"GO:0050770","regulation of axonogenesis","4/423","131/13537",0.0305343511450382,0.977171421868514,-0.0471533627161206,0.58888516276871,0.810954200890598,0.713673681244738,"89780/7476/627/4099",4,FALSE,"Higher_in_IPF","GO_Biological_Process"
"GO:0000096","sulfur amino acid metabolic process","1/423","28/13537",0.0357142857142857,1.14294157379264,0.13597959429511,0.589261598538901,0.810954200890598,0.713673681244738,"7263",1,FALSE,"Higher_in_IPF","GO_Biological_Process"
"GO:0001709","cell fate determination","1/423","28/13537",0.0357142857142857,1.14294157379264,0.13597959429511,0.589261598538901,0.810954200890598,0.713673681244738,"7476",1,FALSE,"Higher_in_IPF","GO_Biological_Process"
"GO:0003171","atrioventricular valve development","1/423","28/13537",0.0357142857142857,1.14294157379264,0.13597959429511,0.589261598538901,0.810954200890598,0.713673681244738,"4091",1,FALSE,"Higher_in_IPF","GO_Biological_Process"
"GO:0006346","DNA methylation-dependent constitutive heterochromatin formation","1/423","28/13537",0.0357142857142857,1.14294157379264,0.13597959429511,0.589261598538901,0.810954200890598,0.713673681244738,"122402",1,FALSE,"Higher_in_IPF","GO_Biological_Process"
"GO:0007288","sperm axoneme assembly","1/423","28/13537",0.0357142857142857,1.14294157379264,0.13597959429511,0.589261598538901,0.810954200890598,0.713673681244738,"50487",1,FALSE,"Higher_in_IPF","GO_Biological_Process"
"GO:0010669","epithelial structure maintenance","1/423","28/13537",0.0357142857142857,1.14294157379264,0.13597959429511,0.589261598538901,0.810954200890598,0.713673681244738,"5950",1,FALSE,"Higher_in_IPF","GO_Biological_Process"
"GO:0014014","negative regulation of gliogenesis","1/423","28/13537",0.0357142857142857,1.14294157379264,0.13597959429511,0.589261598538901,0.810954200890598,0.713673681244738,"6833",1,FALSE,"Higher_in_IPF","GO_Biological_Process"
"GO:0032607","interferon-alpha production","1/423","28/13537",0.0357142857142857,1.14294157379264,0.13597959429511,0.589261598538901,0.810954200890598,0.713673681244738,"51311",1,FALSE,"Higher_in_IPF","GO_Biological_Process"
"GO:0032647","regulation of interferon-alpha production","1/423","28/13537",0.0357142857142857,1.14294157379264,0.13597959429511,0.589261598538901,0.810954200890598,0.713673681244738,"51311",1,FALSE,"Higher_in_IPF","GO_Biological_Process"
"GO:0032703","negative regulation of interleukin-2 production","1/423","28/13537",0.0357142857142857,1.14294157379264,0.13597959429511,0.589261598538901,0.810954200890598,0.713673681244738,"6441",1,FALSE,"Higher_in_IPF","GO_Biological_Process"
"GO:0033688","regulation of osteoblast proliferation","1/423","28/13537",0.0357142857142857,1.14294157379264,0.13597959429511,0.589261598538901,0.810954200890598,0.713673681244738,"4883",1,FALSE,"Higher_in_IPF","GO_Biological_Process"
"GO:0051353","positive regulation of oxidoreductase activity","1/423","28/13537",0.0357142857142857,1.14294157379264,0.13597959429511,0.589261598538901,0.810954200890598,0.713673681244738,"4883",1,FALSE,"Higher_in_IPF","GO_Biological_Process"
"GO:0060966","regulation of gene silencing by regulatory ncRNA","1/423","28/13537",0.0357142857142857,1.14294157379264,0.13597959429511,0.589261598538901,0.810954200890598,0.713673681244738,"131405",1,FALSE,"Higher_in_IPF","GO_Biological_Process"
"GO:0061744","motor behavior","1/423","28/13537",0.0357142857142857,1.14294157379264,0.13597959429511,0.589261598538901,0.810954200890598,0.713673681244738,"84879",1,FALSE,"Higher_in_IPF","GO_Biological_Process"
"GO:0070498","interleukin-1-mediated signaling pathway","1/423","28/13537",0.0357142857142857,1.14294157379264,0.13597959429511,0.589261598538901,0.810954200890598,0.713673681244738,"7850",1,FALSE,"Higher_in_IPF","GO_Biological_Process"
"GO:0071404","cellular response to low-density lipoprotein particle stimulus","1/423","28/13537",0.0357142857142857,1.14294157379264,0.13597959429511,0.589261598538901,0.810954200890598,0.713673681244738,"84830",1,FALSE,"Higher_in_IPF","GO_Biological_Process"
"GO:0071676","negative regulation of mononuclear cell migration","1/423","28/13537",0.0357142857142857,1.14294157379264,0.13597959429511,0.589261598538901,0.810954200890598,0.713673681244738,"84830",1,FALSE,"Higher_in_IPF","GO_Biological_Process"
"GO:0090140","regulation of mitochondrial fission","1/423","28/13537",0.0357142857142857,1.14294157379264,0.13597959429511,0.589261598538901,0.810954200890598,0.713673681244738,"120892",1,FALSE,"Higher_in_IPF","GO_Biological_Process"
"GO:1905523","positive regulation of macrophage migration","1/423","28/13537",0.0357142857142857,1.14294157379264,0.13597959429511,0.589261598538901,0.810954200890598,0.713673681244738,"1524",1,FALSE,"Higher_in_IPF","GO_Biological_Process"
"GO:2000108","positive regulation of leukocyte apoptotic process","1/423","28/13537",0.0357142857142857,1.14294157379264,0.13597959429511,0.589261598538901,0.810954200890598,0.713673681244738,"29126",1,FALSE,"Higher_in_IPF","GO_Biological_Process"
"GO:2000649","regulation of sodium ion transmembrane transporter activity","1/423","28/13537",0.0357142857142857,1.14294157379264,0.13597959429511,0.589261598538901,0.810954200890598,0.713673681244738,"255738",1,FALSE,"Higher_in_IPF","GO_Biological_Process"
"GO:0006081","aldehyde metabolic process","2/423","63/13537",0.0317460317460317,1.01594806559346,0.0227865084220031,0.590267607196169,0.810954200890598,0.713673681244738,"249/195814",2,FALSE,"Higher_in_IPF","GO_Biological_Process"
"GO:0060760","positive regulation of response to cytokine stimulus","2/423","63/13537",0.0317460317460317,1.01594806559346,0.0227865084220031,0.590267607196169,0.810954200890598,0.713673681244738,"4317/146722",2,FALSE,"Higher_in_IPF","GO_Biological_Process"
"GO:0140895","cell surface toll-like receptor signaling pathway","2/423","63/13537",0.0317460317460317,1.01594806559346,0.0227865084220031,0.590267607196169,0.810954200890598,0.713673681244738,"57402/11027",2,FALSE,"Higher_in_IPF","GO_Biological_Process"
"GO:1900076","regulation of cellular response to insulin stimulus","2/423","63/13537",0.0317460317460317,1.01594806559346,0.0227865084220031,0.590267607196169,0.810954200890598,0.713673681244738,"5590/79746",2,FALSE,"Higher_in_IPF","GO_Biological_Process"
"GO:1901379","regulation of potassium ion transmembrane transport","2/423","63/13537",0.0317460317460317,1.01594806559346,0.0227865084220031,0.590267607196169,0.810954200890598,0.713673681244738,"3759/3787",2,FALSE,"Higher_in_IPF","GO_Biological_Process"
"GO:1903051","negative regulation of proteolysis involved in protein catabolic process","2/423","63/13537",0.0317460317460317,1.01594806559346,0.0227865084220031,0.590267607196169,0.810954200890598,0.713673681244738,"27074/6469",2,FALSE,"Higher_in_IPF","GO_Biological_Process"
"GO:2000401","regulation of lymphocyte migration","2/423","63/13537",0.0317460317460317,1.01594806559346,0.0227865084220031,0.590267607196169,0.810954200890598,0.713673681244738,"729230/84830",2,FALSE,"Higher_in_IPF","GO_Biological_Process"
"GO:0008361","regulation of cell size","5/423","165/13537",0.0303030303030303,0.96976860806648,-0.0701697127565948,0.590727332103994,0.810987131938083,0.713702661946558,"89780/6344/627/361/4099",5,FALSE,"Higher_in_IPF","GO_Biological_Process"
"GO:0055001","muscle cell development","5/423","165/13537",0.0303030303030303,0.96976860806648,-0.0701697127565948,0.590727332103994,0.810987131938083,0.713702661946558,"7273/9254/148/27063/7138",5,FALSE,"Higher_in_IPF","GO_Biological_Process"
"GO:0048762","mesenchymal cell differentiation","7/423","232/13537",0.0301724137931034,0.965588570962746,-0.0949482639081457,0.591141222677759,0.810987131938083,0.713702661946558,"6469/7080/2013/80320/55273/3249/3170",7,FALSE,"Higher_in_IPF","GO_Biological_Process"
"GO:1901873","regulation of post-translational protein modification","7/423","232/13537",0.0301724137931034,0.965588570962746,-0.0949482639081457,0.591141222677759,0.810987131938083,0.713702661946558,"408/120892/84101/57761/79444/55859/84707",7,FALSE,"Higher_in_IPF","GO_Biological_Process"
"GO:0048639","positive regulation of developmental growth","4/423","132/13537",0.0303030303030303,0.96976860806648,-0.0626843991000771,0.594913715096759,0.815214523368367,0.717422943561476,"89780/9254/84525/627",4,FALSE,"Higher_in_IPF","GO_Biological_Process"
"GO:1901655","cellular response to ketone","3/423","98/13537",0.0306122448979592,0.979664206107975,-0.0362859467835459,0.59515235422016,0.815214523368367,0.717422943561476,"1080/114/6337",3,FALSE,"Higher_in_IPF","GO_Biological_Process"
"GO:1905477","positive regulation of protein localization to membrane","3/423","98/13537",0.0306122448979592,0.979664206107975,-0.0362859467835459,0.59515235422016,0.815214523368367,0.717422943561476,"89780/3767/123264",3,FALSE,"Higher_in_IPF","GO_Biological_Process"
"GO:0002262","myeloid cell homeostasis","5/423","166/13537",0.0301204819277108,0.963926628499815,-0.0839859426123921,0.596106648053685,0.815214523368367,0.717422943561476,"25893/3579/729230/80739/3162",5,FALSE,"Higher_in_IPF","GO_Biological_Process"
"GO:0038127","ERBB signaling pathway","5/423","166/13537",0.0301204819277108,0.963926628499815,-0.0839859426123921,0.596106648053685,0.815214523368367,0.717422943561476,"5284/1950/6098/10718/9052",5,FALSE,"Higher_in_IPF","GO_Biological_Process"
"GO:0008344","adult locomotory behavior","2/423","64/13537",0.03125,1.00007387706856,0.000106393538529161,0.598881424944502,0.815214523368367,0.717422943561476,"6323/3170",2,FALSE,"Higher_in_IPF","GO_Biological_Process"
"GO:0032088","negative regulation of NF-kappaB transcription factor activity","2/423","64/13537",0.03125,1.00007387706856,0.000106393538529161,0.598881424944502,0.815214523368367,0.717422943561476,"408/91662",2,FALSE,"Higher_in_IPF","GO_Biological_Process"
"GO:0018105","peptidyl-serine phosphorylation","4/423","133/13537",0.0300751879699248,0.962477114772747,-0.0781002821315599,0.600889649698408,0.815214523368367,0.717422943561476,"5590/89780/51085/120892",4,FALSE,"Higher_in_IPF","GO_Biological_Process"
"GO:0030111","regulation of Wnt signaling pathway","9/423","301/13537",0.0299003322259136,0.956881317593836,-0.13586829230722,0.601218218193302,0.815214523368367,0.717422943561476,"89780/1950/1501/6469/120892/387914/8796/2262/6928",9,FALSE,"Higher_in_IPF","GO_Biological_Process"
"GO:0007259","cell surface receptor signaling pathway via JAK-STAT","3/423","99/13537",0.0303030303030303,0.96976860806648,-0.0542195850448928,0.602060913491091,0.815214523368367,0.717422943561476,"729230/1950/1437",3,FALSE,"Higher_in_IPF","GO_Biological_Process"
"GO:0001958","endochondral ossification","1/423","29/13537",0.0344827586206897,1.103529795386,0.100234353949463,0.602122827631953,0.815214523368367,0.717422943561476,"249",1,FALSE,"Higher_in_IPF","GO_Biological_Process"
"GO:0001975","response to amphetamine","1/423","29/13537",0.0344827586206897,1.103529795386,0.100234353949463,0.602122827631953,0.815214523368367,0.717422943561476,"84152",1,FALSE,"Higher_in_IPF","GO_Biological_Process"
"GO:0006308","DNA catabolic process","1/423","29/13537",0.0344827586206897,1.103529795386,0.100234353949463,0.602122827631953,0.815214523368367,0.717422943561476,"27443",1,FALSE,"Higher_in_IPF","GO_Biological_Process"
"GO:0015872","dopamine transport","1/423","29/13537",0.0344827586206897,1.103529795386,0.100234353949463,0.602122827631953,0.815214523368367,0.717422943561476,"6581",1,FALSE,"Higher_in_IPF","GO_Biological_Process"
"GO:0017158","regulation of calcium ion-dependent exocytosis","1/423","29/13537",0.0344827586206897,1.103529795386,0.100234353949463,0.602122827631953,0.815214523368367,0.717422943561476,"83849",1,FALSE,"Higher_in_IPF","GO_Biological_Process"
"GO:0030262","apoptotic nuclear changes","1/423","29/13537",0.0344827586206897,1.103529795386,0.100234353949463,0.602122827631953,0.815214523368367,0.717422943561476,"27443",1,FALSE,"Higher_in_IPF","GO_Biological_Process"
"GO:0031579","membrane raft organization","1/423","29/13537",0.0344827586206897,1.103529795386,0.100234353949463,0.602122827631953,0.815214523368367,0.717422943561476,"2013",1,FALSE,"Higher_in_IPF","GO_Biological_Process"
"GO:0032196","transposition","1/423","29/13537",0.0344827586206897,1.103529795386,0.100234353949463,0.602122827631953,0.815214523368367,0.717422943561476,"122402",1,FALSE,"Higher_in_IPF","GO_Biological_Process"
"GO:0032965","regulation of collagen biosynthetic process","1/423","29/13537",0.0344827586206897,1.103529795386,0.100234353949463,0.602122827631953,0.815214523368367,0.717422943561476,"3549",1,FALSE,"Higher_in_IPF","GO_Biological_Process"
"GO:0036075","replacement ossification","1/423","29/13537",0.0344827586206897,1.103529795386,0.100234353949463,0.602122827631953,0.815214523368367,0.717422943561476,"249",1,FALSE,"Higher_in_IPF","GO_Biological_Process"
"GO:0043388","positive regulation of DNA binding","1/423","29/13537",0.0344827586206897,1.103529795386,0.100234353949463,0.602122827631953,0.815214523368367,0.717422943561476,"1950",1,FALSE,"Higher_in_IPF","GO_Biological_Process"
"GO:0044060","regulation of endocrine process","1/423","29/13537",0.0344827586206897,1.103529795386,0.100234353949463,0.602122827631953,0.815214523368367,0.717422943561476,"56729",1,FALSE,"Higher_in_IPF","GO_Biological_Process"
"GO:0046326","positive regulation of D-glucose import","1/423","29/13537",0.0344827586206897,1.103529795386,0.100234353949463,0.602122827631953,0.815214523368367,0.717422943561476,"100506658",1,FALSE,"Higher_in_IPF","GO_Biological_Process"
"GO:0048730","epidermis morphogenesis","1/423","29/13537",0.0344827586206897,1.103529795386,0.100234353949463,0.602122827631953,0.815214523368367,0.717422943561476,"6469",1,FALSE,"Higher_in_IPF","GO_Biological_Process"
"GO:0048854","brain morphogenesis","1/423","29/13537",0.0344827586206897,1.103529795386,0.100234353949463,0.602122827631953,0.815214523368367,0.717422943561476,"6532",1,FALSE,"Higher_in_IPF","GO_Biological_Process"
"GO:0050654","chondroitin sulfate proteoglycan metabolic process","1/423","29/13537",0.0344827586206897,1.103529795386,0.100234353949463,0.602122827631953,0.815214523368367,0.717422943561476,"3373",1,FALSE,"Higher_in_IPF","GO_Biological_Process"
"GO:0050892","intestinal absorption","1/423","29/13537",0.0344827586206897,1.103529795386,0.100234353949463,0.602122827631953,0.815214523368367,0.717422943561476,"335",1,FALSE,"Higher_in_IPF","GO_Biological_Process"
"GO:0051385","response to mineralocorticoid","1/423","29/13537",0.0344827586206897,1.103529795386,0.100234353949463,0.602122827631953,0.815214523368367,0.717422943561476,"6337",1,FALSE,"Higher_in_IPF","GO_Biological_Process"
"GO:0055094","response to lipoprotein particle","1/423","29/13537",0.0344827586206897,1.103529795386,0.100234353949463,0.602122827631953,0.815214523368367,0.717422943561476,"84830",1,FALSE,"Higher_in_IPF","GO_Biological_Process"
"GO:0090313","regulation of protein targeting to membrane","1/423","29/13537",0.0344827586206897,1.103529795386,0.100234353949463,0.602122827631953,0.815214523368367,0.717422943561476,"123264",1,FALSE,"Higher_in_IPF","GO_Biological_Process"
"GO:0090659","walking behavior","1/423","29/13537",0.0344827586206897,1.103529795386,0.100234353949463,0.602122827631953,0.815214523368367,0.717422943561476,"6323",1,FALSE,"Higher_in_IPF","GO_Biological_Process"
"GO:0097484","dendrite extension","1/423","29/13537",0.0344827586206897,1.103529795386,0.100234353949463,0.602122827631953,0.815214523368367,0.717422943561476,"6456",1,FALSE,"Higher_in_IPF","GO_Biological_Process"
"GO:0099171","presynaptic modulation of chemical synaptic transmission","1/423","29/13537",0.0344827586206897,1.103529795386,0.100234353949463,0.602122827631953,0.815214523368367,0.717422943561476,"1129",1,FALSE,"Higher_in_IPF","GO_Biological_Process"
"GO:1902230","negative regulation of intrinsic apoptotic signaling pathway in response to DNA damage","1/423","29/13537",0.0344827586206897,1.103529795386,0.100234353949463,0.602122827631953,0.815214523368367,0.717422943561476,"4582",1,FALSE,"Higher_in_IPF","GO_Biological_Process"
"GO:1903055","positive regulation of extracellular matrix organization","1/423","29/13537",0.0344827586206897,1.103529795386,0.100234353949463,0.602122827631953,0.815214523368367,0.717422943561476,"1361",1,FALSE,"Higher_in_IPF","GO_Biological_Process"
"GO:1903421","regulation of synaptic vesicle recycling","1/423","29/13537",0.0344827586206897,1.103529795386,0.100234353949463,0.602122827631953,0.815214523368367,0.717422943561476,"120892",1,FALSE,"Higher_in_IPF","GO_Biological_Process"
"GO:2000279","negative regulation of DNA biosynthetic process","1/423","29/13537",0.0344827586206897,1.103529795386,0.100234353949463,0.602122827631953,0.815214523368367,0.717422943561476,"27063",1,FALSE,"Higher_in_IPF","GO_Biological_Process"
"GO:0007369","gastrulation","5/423","168/13537",0.0297619047619048,0.952451311493865,-0.111375967262701,0.606746285174971,0.819397487417747,0.72110412721939,"89780/4317/335/6928/3170",5,FALSE,"Higher_in_IPF","GO_Biological_Process"
"GO:0035051","cardiocyte differentiation","4/423","134/13537",0.0298507462686567,0.95529444973713,-0.0934029519444757,0.606812375943572,0.819397487417747,0.72110412721939,"89780/7273/148/79191",4,FALSE,"Higher_in_IPF","GO_Biological_Process"
"GO:0050852","T cell receptor signaling pathway","4/423","134/13537",0.0298507462686567,0.95529444973713,-0.0934029519444757,0.606812375943572,0.819397487417747,0.72110412721939,"11126/79908/153579/84106",4,FALSE,"Higher_in_IPF","GO_Biological_Process"
"GO:0002088","lens development in camera-type eye","2/423","65/13537",0.0307692307692308,0.984688125113657,-0.0222237211894843,0.607358535723474,0.819397487417747,0.72110412721939,"7476/79444",2,FALSE,"Higher_in_IPF","GO_Biological_Process"
"GO:0014855","striated muscle cell proliferation","2/423","65/13537",0.0307692307692308,0.984688125113657,-0.0222237211894843,0.607358535723474,0.819397487417747,0.72110412721939,"6469/5950",2,FALSE,"Higher_in_IPF","GO_Biological_Process"
"GO:0032411","positive regulation of transporter activity","2/423","65/13537",0.0307692307692308,0.984688125113657,-0.0222237211894843,0.607358535723474,0.819397487417747,0.72110412721939,"729230/1080",2,FALSE,"Higher_in_IPF","GO_Biological_Process"
"GO:0045669","positive regulation of osteoblast differentiation","2/423","65/13537",0.0307692307692308,0.984688125113657,-0.0222237211894843,0.607358535723474,0.819397487417747,0.72110412721939,"338557/1050",2,FALSE,"Higher_in_IPF","GO_Biological_Process"
"GO:0046323","D-glucose import","2/423","65/13537",0.0307692307692308,0.984688125113657,-0.0222237211894843,0.607358535723474,0.819397487417747,0.72110412721939,"100506658/5319",2,FALSE,"Higher_in_IPF","GO_Biological_Process"
"GO:0060411","cardiac septum morphogenesis","2/423","65/13537",0.0307692307692308,0.984688125113657,-0.0222237211894843,0.607358535723474,0.819397487417747,0.72110412721939,"4036/4091",2,FALSE,"Higher_in_IPF","GO_Biological_Process"
"GO:0070509","calcium ion import","2/423","65/13537",0.0307692307692308,0.984688125113657,-0.0222237211894843,0.607358535723474,0.819397487417747,0.72110412721939,"1950/9914",2,FALSE,"Higher_in_IPF","GO_Biological_Process"
"GO:0007338","single fertilization","3/423","100/13537",0.03,0.960070921985815,-0.0719756988697048,0.608891540620427,0.821029097459578,0.722540012431687,"2352/284359/27443",3,FALSE,"Higher_in_IPF","GO_Biological_Process"
"GO:0007517","muscle organ development","9/423","303/13537",0.0297029702970297,0.950565269292887,-0.156298816187714,0.609170683390603,0.821029097459578,0.722540012431687,"89780/4036/7273/7134/6469/56704/27063/6445/26471",9,FALSE,"Higher_in_IPF","GO_Biological_Process"
"GO:0006520","amino acid metabolic process","7/423","236/13537",0.0296610169491525,0.949222662980326,-0.141329083459981,0.609213052148503,0.821029097459578,0.722540012431687,"284716/56922/64116/383/374569/5625/51733",7,FALSE,"Higher_in_IPF","GO_Biological_Process"
"GO:0007140","male meiotic nuclear division","1/423","30/13537",0.0333333333333333,1.06674546887313,0.0657280476662731,0.614582262330775,0.822511890198191,0.723844932180703,"122402",1,FALSE,"Higher_in_IPF","GO_Biological_Process"
"GO:0007212","G protein-coupled dopamine receptor signaling pathway","1/423","30/13537",0.0333333333333333,1.06674546887313,0.0657280476662731,0.614582262330775,0.822511890198191,0.723844932180703,"120892",1,FALSE,"Higher_in_IPF","GO_Biological_Process"
"GO:0009218","pyrimidine ribonucleotide metabolic process","1/423","30/13537",0.0333333333333333,1.06674546887313,0.0657280476662731,0.614582262330775,0.822511890198191,0.723844932180703,"51733",1,FALSE,"Higher_in_IPF","GO_Biological_Process"
"GO:0009309","amine biosynthetic process","1/423","30/13537",0.0333333333333333,1.06674546887313,0.0657280476662731,0.614582262330775,0.822511890198191,0.723844932180703,"6799",1,FALSE,"Higher_in_IPF","GO_Biological_Process"
"GO:0010092","specification of animal organ identity","1/423","30/13537",0.0333333333333333,1.06674546887313,0.0657280476662731,0.614582262330775,0.822511890198191,0.723844932180703,"4036",1,FALSE,"Higher_in_IPF","GO_Biological_Process"
"GO:0010799","regulation of peptidyl-threonine phosphorylation","1/423","30/13537",0.0333333333333333,1.06674546887313,0.0657280476662731,0.614582262330775,0.822511890198191,0.723844932180703,"1950",1,FALSE,"Higher_in_IPF","GO_Biological_Process"
"GO:0035751","regulation of lysosomal lumen pH","1/423","30/13537",0.0333333333333333,1.06674546887313,0.0657280476662731,0.614582262330775,0.822511890198191,0.723844932180703,"120892",1,FALSE,"Higher_in_IPF","GO_Biological_Process"
"GO:0045671","negative regulation of osteoclast differentiation","1/423","30/13537",0.0333333333333333,1.06674546887313,0.0657280476662731,0.614582262330775,0.822511890198191,0.723844932180703,"51208",1,FALSE,"Higher_in_IPF","GO_Biological_Process"
"GO:0045823","positive regulation of heart contraction","1/423","30/13537",0.0333333333333333,1.06674546887313,0.0657280476662731,0.614582262330775,0.822511890198191,0.723844932180703,"148",1,FALSE,"Higher_in_IPF","GO_Biological_Process"
"GO:0048265","response to pain","1/423","30/13537",0.0333333333333333,1.06674546887313,0.0657280476662731,0.614582262330775,0.822511890198191,0.723844932180703,"2890",1,FALSE,"Higher_in_IPF","GO_Biological_Process"
"GO:0060674","placenta blood vessel development","1/423","30/13537",0.0333333333333333,1.06674546887313,0.0657280476662731,0.614582262330775,0.822511890198191,0.723844932180703,"7855",1,FALSE,"Higher_in_IPF","GO_Biological_Process"
"GO:0061384","heart trabecula morphogenesis","1/423","30/13537",0.0333333333333333,1.06674546887313,0.0657280476662731,0.614582262330775,0.822511890198191,0.723844932180703,"5950",1,FALSE,"Higher_in_IPF","GO_Biological_Process"
"GO:0099590","neurotransmitter receptor internalization","1/423","30/13537",0.0333333333333333,1.06674546887313,0.0657280476662731,0.614582262330775,0.822511890198191,0.723844932180703,"27092",1,FALSE,"Higher_in_IPF","GO_Biological_Process"
"GO:0120009","intermembrane lipid transfer","1/423","30/13537",0.0333333333333333,1.06674546887313,0.0657280476662731,0.614582262330775,0.822511890198191,0.723844932180703,"21",1,FALSE,"Higher_in_IPF","GO_Biological_Process"
"GO:1901185","negative regulation of ERBB signaling pathway","1/423","30/13537",0.0333333333333333,1.06674546887313,0.0657280476662731,0.614582262330775,0.822511890198191,0.723844932180703,"9052",1,FALSE,"Higher_in_IPF","GO_Biological_Process"
"GO:1901889","negative regulation of cell junction assembly","1/423","30/13537",0.0333333333333333,1.06674546887313,0.0657280476662731,0.614582262330775,0.822511890198191,0.723844932180703,"94",1,FALSE,"Higher_in_IPF","GO_Biological_Process"
"GO:1902751","positive regulation of cell cycle G2/M phase transition","1/423","30/13537",0.0333333333333333,1.06674546887313,0.0657280476662731,0.614582262330775,0.822511890198191,0.723844932180703,"994",1,FALSE,"Higher_in_IPF","GO_Biological_Process"
"GO:1903955","positive regulation of protein targeting to mitochondrion","1/423","30/13537",0.0333333333333333,1.06674546887313,0.0657280476662731,0.614582262330775,0.822511890198191,0.723844932180703,"7855",1,FALSE,"Higher_in_IPF","GO_Biological_Process"
"GO:0000380","alternative mRNA splicing, via spliceosome","2/423","66/13537",0.0303030303030303,0.96976860806648,-0.0442158481701536,0.615699052432276,0.822511890198191,0.723844932180703,"202559/80004",2,FALSE,"Higher_in_IPF","GO_Biological_Process"
"GO:0002028","regulation of sodium ion transport","2/423","66/13537",0.0303030303030303,0.96976860806648,-0.0442158481701536,0.615699052432276,0.822511890198191,0.723844932180703,"255738/5652",2,FALSE,"Higher_in_IPF","GO_Biological_Process"
"GO:0003281","ventricular septum development","2/423","66/13537",0.0303030303030303,0.96976860806648,-0.0442158481701536,0.615699052432276,0.822511890198191,0.723844932180703,"4036/4091",2,FALSE,"Higher_in_IPF","GO_Biological_Process"
"GO:0018107","peptidyl-threonine phosphorylation","2/423","66/13537",0.0303030303030303,0.96976860806648,-0.0442158481701536,0.615699052432276,0.822511890198191,0.723844932180703,"1950/120892",2,FALSE,"Higher_in_IPF","GO_Biological_Process"
"GO:0071277","cellular response to calcium ion","2/423","66/13537",0.0303030303030303,0.96976860806648,-0.0442158481701536,0.615699052432276,0.822511890198191,0.723844932180703,"84059/114",2,FALSE,"Higher_in_IPF","GO_Biological_Process"
"GO:0150116","regulation of cell-substrate junction organization","2/423","66/13537",0.0303030303030303,0.96976860806648,-0.0442158481701536,0.615699052432276,0.822511890198191,0.723844932180703,"94/57662",2,FALSE,"Higher_in_IPF","GO_Biological_Process"
"GO:1902373","negative regulation of mRNA catabolic process","2/423","66/13537",0.0303030303030303,0.96976860806648,-0.0442158481701536,0.615699052432276,0.822511890198191,0.723844932180703,"115572/7432",2,FALSE,"Higher_in_IPF","GO_Biological_Process"
"GO:0016358","dendrite development","6/423","204/13537",0.0294117647058824,0.941246001946878,-0.151857531352094,0.617275868087088,0.824329928071529,0.725444881697312,"84879/64284/7476/1501/221692/120892",6,FALSE,"Higher_in_IPF","GO_Biological_Process"
"GO:0051347","positive regulation of transferase activity","7/423","238/13537",0.0294117647058824,0.941246001946878,-0.164234418419748,0.618089050343136,0.82512727070283,0.726146576626901,"6283/114/335/120892/5319/353514/57761",7,FALSE,"Higher_in_IPF","GO_Biological_Process"
"GO:0031398","positive regulation of protein ubiquitination","3/423","102/13537",0.0294117647058824,0.941246001946878,-0.106971095112107,0.622316947388531,0.826823364029649,0.727639209832274,"120892/57761/79444",3,FALSE,"Higher_in_IPF","GO_Biological_Process"
"GO:0048144","fibroblast proliferation","3/423","102/13537",0.0294117647058824,0.941246001946878,-0.106971095112107,0.622316947388531,0.826823364029649,0.727639209832274,"5319/26471/2277",3,FALSE,"Higher_in_IPF","GO_Biological_Process"
"GO:0070588","calcium ion transmembrane transport","8/423","273/13537",0.0293040293040293,0.937798214393959,-0.186463866641804,0.623487469623476,0.826823364029649,0.727639209832274,"89780/9254/55799/56704/5319/9914/2811/27092",8,FALSE,"Higher_in_IPF","GO_Biological_Process"
"GO:0050772","positive regulation of axonogenesis","2/423","67/13537",0.0298507462686567,0.95529444973713,-0.0658813993445503,0.623903214125819,0.826823364029649,0.727639209832274,"89780/627",2,FALSE,"Higher_in_IPF","GO_Biological_Process"
"GO:0051881","regulation of mitochondrial membrane potential","2/423","67/13537",0.0298507462686567,0.95529444973713,-0.0658813993445503,0.623903214125819,0.826823364029649,0.727639209832274,"138429/120892",2,FALSE,"Higher_in_IPF","GO_Biological_Process"
"GO:2000144","positive regulation of DNA-templated transcription initiation","2/423","67/13537",0.0298507462686567,0.95529444973713,-0.0658813993445503,0.623903214125819,0.826823364029649,0.727639209832274,"6928/1050",2,FALSE,"Higher_in_IPF","GO_Biological_Process"
"GO:0007584","response to nutrient","4/423","137/13537",0.0291970802919708,0.934375593173543,-0.138650372962503,0.624255986088111,0.826823364029649,0.727639209832274,"249/3552/51085/6532",4,FALSE,"Higher_in_IPF","GO_Biological_Process"
"GO:0001945","lymph vessel development","1/423","31/13537",0.032258064516129,1.03233432471593,0.0323689816543315,0.626652426174269,0.826823364029649,0.727639209832274,"94",1,FALSE,"Higher_in_IPF","GO_Biological_Process"
"GO:0001990","regulation of systemic arterial blood pressure by hormone","1/423","31/13537",0.032258064516129,1.03233432471593,0.0323689816543315,0.626652426174269,0.826823364029649,0.727639209832274,"186",1,FALSE,"Higher_in_IPF","GO_Biological_Process"
"GO:0006516","glycoprotein catabolic process","1/423","31/13537",0.032258064516129,1.03233432471593,0.0323689816543315,0.626652426174269,0.826823364029649,0.727639209832274,"3373",1,FALSE,"Higher_in_IPF","GO_Biological_Process"
"GO:0006921","cellular component disassembly involved in execution phase of apoptosis","1/423","31/13537",0.032258064516129,1.03233432471593,0.0323689816543315,0.626652426174269,0.826823364029649,0.727639209832274,"27443",1,FALSE,"Higher_in_IPF","GO_Biological_Process"
"GO:0009595","detection of biotic stimulus","1/423","31/13537",0.032258064516129,1.03233432471593,0.0323689816543315,0.626652426174269,0.826823364029649,0.727639209832274,"8993",1,FALSE,"Higher_in_IPF","GO_Biological_Process"
"GO:0010765","positive regulation of sodium ion transport","1/423","31/13537",0.032258064516129,1.03233432471593,0.0323689816543315,0.626652426174269,0.826823364029649,0.727639209832274,"5652",1,FALSE,"Higher_in_IPF","GO_Biological_Process"
"GO:0021799","cerebral cortex radially oriented cell migration","1/423","31/13537",0.032258064516129,1.03233432471593,0.0323689816543315,0.626652426174269,0.826823364029649,0.727639209832274,"285025",1,FALSE,"Higher_in_IPF","GO_Biological_Process"
"GO:0032633","interleukin-4 production","1/423","31/13537",0.032258064516129,1.03233432471593,0.0323689816543315,0.626652426174269,0.826823364029649,0.727639209832274,"5590",1,FALSE,"Higher_in_IPF","GO_Biological_Process"
"GO:0032673","regulation of interleukin-4 production","1/423","31/13537",0.032258064516129,1.03233432471593,0.0323689816543315,0.626652426174269,0.826823364029649,0.727639209832274,"5590",1,FALSE,"Higher_in_IPF","GO_Biological_Process"
"GO:0032885","regulation of polysaccharide biosynthetic process","1/423","31/13537",0.032258064516129,1.03233432471593,0.0323689816543315,0.626652426174269,0.826823364029649,0.727639209832274,"1950",1,FALSE,"Higher_in_IPF","GO_Biological_Process"
"GO:0035909","aorta morphogenesis","1/423","31/13537",0.032258064516129,1.03233432471593,0.0323689816543315,0.626652426174269,0.826823364029649,0.727639209832274,"94",1,FALSE,"Higher_in_IPF","GO_Biological_Process"
"GO:0042558","pteridine-containing compound metabolic process","1/423","31/13537",0.032258064516129,1.03233432471593,0.0323689816543315,0.626652426174269,0.826823364029649,0.727639209832274,"5593",1,FALSE,"Higher_in_IPF","GO_Biological_Process"
"GO:0048147","negative regulation of fibroblast proliferation","1/423","31/13537",0.032258064516129,1.03233432471593,0.0323689816543315,0.626652426174269,0.826823364029649,0.727639209832274,"26471",1,FALSE,"Higher_in_IPF","GO_Biological_Process"
"GO:0048384","retinoic acid receptor signaling pathway","1/423","31/13537",0.032258064516129,1.03233432471593,0.0323689816543315,0.626652426174269,0.826823364029649,0.727639209832274,"6258",1,FALSE,"Higher_in_IPF","GO_Biological_Process"
"GO:0051085","chaperone cofactor-dependent protein refolding","1/423","31/13537",0.032258064516129,1.03233432471593,0.0323689816543315,0.626652426174269,0.826823364029649,0.727639209832274,"3310",1,FALSE,"Higher_in_IPF","GO_Biological_Process"
"GO:0051503","adenine nucleotide transport","1/423","31/13537",0.032258064516129,1.03233432471593,0.0323689816543315,0.626652426174269,0.826823364029649,0.727639209832274,"57864",1,FALSE,"Higher_in_IPF","GO_Biological_Process"
"GO:0051642","centrosome localization","1/423","31/13537",0.032258064516129,1.03233432471593,0.0323689816543315,0.626652426174269,0.826823364029649,0.727639209832274,"285025",1,FALSE,"Higher_in_IPF","GO_Biological_Process"
"GO:0052652","cyclic purine nucleotide metabolic process","1/423","31/13537",0.032258064516129,1.03233432471593,0.0323689816543315,0.626652426174269,0.826823364029649,0.727639209832274,"114",1,FALSE,"Higher_in_IPF","GO_Biological_Process"
"GO:0061842","microtubule organizing center localization","1/423","31/13537",0.032258064516129,1.03233432471593,0.0323689816543315,0.626652426174269,0.826823364029649,0.727639209832274,"285025",1,FALSE,"Higher_in_IPF","GO_Biological_Process"
"GO:0062098","regulation of programmed necrotic cell death","1/423","31/13537",0.032258064516129,1.03233432471593,0.0323689816543315,0.626652426174269,0.826823364029649,0.727639209832274,"26471",1,FALSE,"Higher_in_IPF","GO_Biological_Process"
"GO:0070306","lens fiber cell differentiation","1/423","31/13537",0.032258064516129,1.03233432471593,0.0323689816543315,0.626652426174269,0.826823364029649,0.727639209832274,"7476",1,FALSE,"Higher_in_IPF","GO_Biological_Process"
"GO:0071392","cellular response to estradiol stimulus","1/423","31/13537",0.032258064516129,1.03233432471593,0.0323689816543315,0.626652426174269,0.826823364029649,0.727639209832274,"6751",1,FALSE,"Higher_in_IPF","GO_Biological_Process"
"GO:0086004","regulation of cardiac muscle cell contraction","1/423","31/13537",0.032258064516129,1.03233432471593,0.0323689816543315,0.626652426174269,0.826823364029649,0.727639209832274,"3759",1,FALSE,"Higher_in_IPF","GO_Biological_Process"
"GO:1902235","regulation of endoplasmic reticulum stress-induced intrinsic apoptotic signaling pathway","1/423","31/13537",0.032258064516129,1.03233432471593,0.0323689816543315,0.626652426174269,0.826823364029649,0.727639209832274,"120892",1,FALSE,"Higher_in_IPF","GO_Biological_Process"
"GO:1902253","regulation of intrinsic apoptotic signaling pathway by p53 class mediator","1/423","31/13537",0.032258064516129,1.03233432471593,0.0323689816543315,0.626652426174269,0.826823364029649,0.727639209832274,"4582",1,FALSE,"Higher_in_IPF","GO_Biological_Process"
"GO:1903524","positive regulation of blood circulation","1/423","31/13537",0.032258064516129,1.03233432471593,0.0323689816543315,0.626652426174269,0.826823364029649,0.727639209832274,"148",1,FALSE,"Higher_in_IPF","GO_Biological_Process"
"GO:0015931","nucleobase-containing compound transport","6/423","206/13537",0.029126213592233,0.932107691248365,-0.176348021040893,0.626722581325774,0.826823364029649,0.727639209832274,"23089/57864/3177/7263/2705/56000",6,FALSE,"Higher_in_IPF","GO_Biological_Process"
"GO:0071902","positive regulation of protein serine/threonine kinase activity","3/423","103/13537",0.029126213592233,0.932107691248365,-0.124217929155776,0.628910864568345,0.829423723979946,0.729927635561189,"6283/120892/5319",3,FALSE,"Higher_in_IPF","GO_Biological_Process"
"GO:0009100","glycoprotein metabolic process","10/423","342/13537",0.0292397660818713,0.935741639362393,-0.216165192625465,0.630083718928252,0.830683576957205,0.731036358977529,"114805/3549/3373/64116/64168/2529/123264/2525/374907/2523",10,FALSE,"Higher_in_IPF","GO_Biological_Process"
"GO:0060828","regulation of canonical Wnt signaling pathway","7/423","241/13537",0.029045643153527,0.929529246735921,-0.198246121107065,0.631195653489401,0.831163183403665,0.731458432749166,"89780/1950/1501/6469/120892/8796/2262",7,FALSE,"Higher_in_IPF","GO_Biological_Process"
"GO:0051924","regulation of calcium ion transport","6/423","207/13537",0.0289855072463768,0.927604755541851,-0.188507183145618,0.631395397683257,0.831163183403665,0.731458432749166,"1950/56704/5319/9914/353514/11027",6,FALSE,"Higher_in_IPF","GO_Biological_Process"
"GO:0043491","phosphatidylinositol 3-kinase/protein kinase B signal transduction","8/423","275/13537",0.0290909090909091,0.930977863743821,-0.207681589348201,0.63165139929832,0.831163183403665,0.731458432749166,"11126/4036/1524/1950/3135/8395/256764/55273",8,FALSE,"Higher_in_IPF","GO_Biological_Process"
"GO:0043489","RNA stabilization","2/423","68/13537",0.0294117647058824,0.941246001946878,-0.087231224984267,0.631971378056794,0.831163183403665,0.731458432749166,"115572/7432",2,FALSE,"Higher_in_IPF","GO_Biological_Process"
"GO:0048844","artery morphogenesis","2/423","68/13537",0.0294117647058824,0.941246001946878,-0.087231224984267,0.631971378056794,0.831163183403665,0.731458432749166,"4036/94",2,FALSE,"Higher_in_IPF","GO_Biological_Process"
"GO:0055013","cardiac muscle cell development","2/423","68/13537",0.0294117647058824,0.941246001946878,-0.087231224984267,0.631971378056794,0.831163183403665,0.731458432749166,"7273/148",2,FALSE,"Higher_in_IPF","GO_Biological_Process"
"GO:0055017","cardiac muscle tissue growth","2/423","68/13537",0.0294117647058824,0.941246001946878,-0.087231224984267,0.631971378056794,0.831163183403665,0.731458432749166,"148/5950",2,FALSE,"Higher_in_IPF","GO_Biological_Process"
"GO:0007498","mesoderm development","3/423","104/13537",0.0288461538461538,0.923145117294054,-0.141302352789699,0.635425120204882,0.834372797165624,0.734283027364195,"89780/6469/79191",3,FALSE,"Higher_in_IPF","GO_Biological_Process"
"GO:0019080","viral gene expression","3/423","104/13537",0.0288461538461538,0.923145117294054,-0.141302352789699,0.635425120204882,0.834372797165624,0.734283027364195,"23089/25833/3249",3,FALSE,"Higher_in_IPF","GO_Biological_Process"
"GO:1902414","protein localization to cell junction","3/423","104/13537",0.0288461538461538,0.923145117294054,-0.141302352789699,0.635425120204882,0.834372797165624,0.734283027364195,"5590/7476/9254",3,FALSE,"Higher_in_IPF","GO_Biological_Process"
"GO:0009112","nucleobase metabolic process","1/423","32/13537",0.03125,1.00007387706856,7.51424093495953e-05,0.638345453253218,0.834372797165624,0.734283027364195,"55",1,FALSE,"Higher_in_IPF","GO_Biological_Process"
"GO:0009187","cyclic nucleotide metabolic process","1/423","32/13537",0.03125,1.00007387706856,7.51424093495953e-05,0.638345453253218,0.834372797165624,0.734283027364195,"114",1,FALSE,"Higher_in_IPF","GO_Biological_Process"
"GO:0010951","negative regulation of endopeptidase activity","1/423","32/13537",0.03125,1.00007387706856,7.51424093495953e-05,0.638345453253218,0.834372797165624,0.734283027364195,"9806",1,FALSE,"Higher_in_IPF","GO_Biological_Process"
"GO:0021696","cerebellar cortex morphogenesis","1/423","32/13537",0.03125,1.00007387706856,7.51424093495953e-05,0.638345453253218,0.834372797165624,0.734283027364195,"7476",1,FALSE,"Higher_in_IPF","GO_Biological_Process"
"GO:0031116","positive regulation of microtubule polymerization","1/423","32/13537",0.03125,1.00007387706856,7.51424093495953e-05,0.638345453253218,0.834372797165624,0.734283027364195,"100506658",1,FALSE,"Higher_in_IPF","GO_Biological_Process"
"GO:0032814","regulation of natural killer cell activation","1/423","32/13537",0.03125,1.00007387706856,7.51424093495953e-05,0.638345453253218,0.834372797165624,0.734283027364195,"8993",1,FALSE,"Higher_in_IPF","GO_Biological_Process"
"GO:0043516","regulation of DNA damage response, signal transduction by p53 class mediator","1/423","32/13537",0.03125,1.00007387706856,7.51424093495953e-05,0.638345453253218,0.834372797165624,0.734283027364195,"27063",1,FALSE,"Higher_in_IPF","GO_Biological_Process"
"GO:0045494","photoreceptor cell maintenance","1/423","32/13537",0.03125,1.00007387706856,7.51424093495953e-05,0.638345453253218,0.834372797165624,0.734283027364195,"84059",1,FALSE,"Higher_in_IPF","GO_Biological_Process"
"GO:0045589","regulation of regulatory T cell differentiation","1/423","32/13537",0.03125,1.00007387706856,7.51424093495953e-05,0.638345453253218,0.834372797165624,0.734283027364195,"3135",1,FALSE,"Higher_in_IPF","GO_Biological_Process"
"GO:0045879","negative regulation of smoothened signaling pathway","1/423","32/13537",0.03125,1.00007387706856,7.51424093495953e-05,0.638345453253218,0.834372797165624,0.734283027364195,"64399",1,FALSE,"Higher_in_IPF","GO_Biological_Process"
"GO:0060043","regulation of cardiac muscle cell proliferation","1/423","32/13537",0.03125,1.00007387706856,7.51424093495953e-05,0.638345453253218,0.834372797165624,0.734283027364195,"5950",1,FALSE,"Higher_in_IPF","GO_Biological_Process"
"GO:0060306","regulation of membrane repolarization","1/423","32/13537",0.03125,1.00007387706856,7.51424093495953e-05,0.638345453253218,0.834372797165624,0.734283027364195,"3759",1,FALSE,"Higher_in_IPF","GO_Biological_Process"
"GO:0140448","signaling receptor ligand precursor processing","1/423","32/13537",0.03125,1.00007387706856,7.51424093495953e-05,0.638345453253218,0.834372797165624,0.734283027364195,"4311",1,FALSE,"Higher_in_IPF","GO_Biological_Process"
"GO:1902745","positive regulation of lamellipodium organization","1/423","32/13537",0.03125,1.00007387706856,7.51424093495953e-05,0.638345453253218,0.834372797165624,0.734283027364195,"100506658",1,FALSE,"Higher_in_IPF","GO_Biological_Process"
"GO:2000515","negative regulation of CD4-positive, alpha-beta T cell activation","1/423","32/13537",0.03125,1.00007387706856,7.51424093495953e-05,0.638345453253218,0.834372797165624,0.734283027364195,"29126",1,FALSE,"Higher_in_IPF","GO_Biological_Process"
"GO:0003151","outflow tract morphogenesis","2/423","69/13537",0.0289855072463768,0.927604755541851,-0.108275649440429,0.639904012089895,0.835837672993233,0.735572179480687,"4036/4091",2,FALSE,"Higher_in_IPF","GO_Biological_Process"
"GO:0006487","protein N-linked glycosylation","2/423","69/13537",0.0289855072463768,0.927604755541851,-0.108275649440429,0.639904012089895,0.835837672993233,0.735572179480687,"64116/2525",2,FALSE,"Higher_in_IPF","GO_Biological_Process"
"GO:0050730","regulation of peptidyl-tyrosine phosphorylation","4/423","140/13537",0.0285714285714286,0.91435325903411,-0.182944285312838,0.641203157204281,0.836961933061862,0.736561575455174,"5590/1950/9052/353514",4,FALSE,"Higher_in_IPF","GO_Biological_Process"
"GO:0055002","striated muscle cell development","4/423","140/13537",0.0285714285714286,0.91435325903411,-0.182944285312838,0.641203157204281,0.836961933061862,0.736561575455174,"7273/148/27063/7138",4,FALSE,"Higher_in_IPF","GO_Biological_Process"
"GO:0003231","cardiac ventricle development","3/423","105/13537",0.0285714285714286,0.91435325903411,-0.158227846258651,0.641859436115669,0.837532237556262,0.737063467309859,"4036/7134/4091",3,FALSE,"Higher_in_IPF","GO_Biological_Process"
"GO:0016055","Wnt signaling pathway","12/423","413/13537",0.0290556900726392,0.929850771899095,-0.260023487223732,0.643316358381958,0.839146517356446,0.738484101183252,"89780/7855/7476/1950/1501/6469/8325/120892/387914/8796/2262/6928",12,FALSE,"Higher_in_IPF","GO_Biological_Process"
"GO:0043524","negative regulation of neuron apoptotic process","4/423","141/13537",0.0283687943262411,0.907868484147343,-0.197504943550194,0.646740101734272,0.840831151498012,0.739966649825385,"1524/627/4099/50487",4,FALSE,"Higher_in_IPF","GO_Biological_Process"
"GO:0001776","leukocyte homeostasis","3/423","106/13537",0.0283018867924528,0.905727284892279,-0.174997780332088,0.648213591426758,0.840831151498012,0.739966649825385,"3579/729230/57864",3,FALSE,"Higher_in_IPF","GO_Biological_Process"
"GO:0002761","regulation of myeloid leukocyte differentiation","3/423","106/13537",0.0283018867924528,0.905727284892279,-0.174997780332088,0.648213591426758,0.840831151498012,0.739966649825385,"51208/5196/50487",3,FALSE,"Higher_in_IPF","GO_Biological_Process"
"GO:0000038","very long-chain fatty acid metabolic process","1/423","33/13537",0.0303030303030303,0.96976860806648,-0.0312271008525584,0.649673100293121,0.840831151498012,0.739966649825385,"83401",1,FALSE,"Higher_in_IPF","GO_Biological_Process"
"GO:0006688","glycosphingolipid biosynthetic process","1/423","33/13537",0.0303030303030303,0.96976860806648,-0.0312271008525584,0.649673100293121,0.840831151498012,0.739966649825385,"2523",1,FALSE,"Higher_in_IPF","GO_Biological_Process"
"GO:0007143","female meiotic nuclear division","1/423","33/13537",0.0303030303030303,0.96976860806648,-0.0312271008525584,0.649673100293121,0.840831151498012,0.739966649825385,"994",1,FALSE,"Higher_in_IPF","GO_Biological_Process"
"GO:0010830","regulation of myotube differentiation","1/423","33/13537",0.0303030303030303,0.96976860806648,-0.0312271008525584,0.649673100293121,0.840831151498012,0.739966649825385,"627",1,FALSE,"Higher_in_IPF","GO_Biological_Process"
"GO:0030513","positive regulation of BMP signaling pathway","1/423","33/13537",0.0303030303030303,0.96976860806648,-0.0312271008525584,0.649673100293121,0.840831151498012,0.739966649825385,"94",1,FALSE,"Higher_in_IPF","GO_Biological_Process"
"GO:0031114","regulation of microtubule depolymerization","1/423","33/13537",0.0303030303030303,0.96976860806648,-0.0312271008525584,0.649673100293121,0.840831151498012,0.739966649825385,"58526",1,FALSE,"Higher_in_IPF","GO_Biological_Process"
"GO:0033280","response to vitamin D","1/423","33/13537",0.0303030303030303,0.96976860806648,-0.0312271008525584,0.649673100293121,0.840831151498012,0.739966649825385,"249",1,FALSE,"Higher_in_IPF","GO_Biological_Process"
"GO:0033687","osteoblast proliferation","1/423","33/13537",0.0303030303030303,0.96976860806648,-0.0312271008525584,0.649673100293121,0.840831151498012,0.739966649825385,"4883",1,FALSE,"Higher_in_IPF","GO_Biological_Process"
"GO:0038094","Fc-gamma receptor signaling pathway","1/423","33/13537",0.0303030303030303,0.96976860806648,-0.0312271008525584,0.649673100293121,0.840831151498012,0.739966649825385,"2209",1,FALSE,"Higher_in_IPF","GO_Biological_Process"
"GO:0043369","CD4-positive or CD8-positive, alpha-beta T cell lineage commitment","1/423","33/13537",0.0303030303030303,0.96976860806648,-0.0312271008525584,0.649673100293121,0.840831151498012,0.739966649825385,"6469",1,FALSE,"Higher_in_IPF","GO_Biological_Process"
"GO:0043372","positive regulation of CD4-positive, alpha-beta T cell differentiation","1/423","33/13537",0.0303030303030303,0.96976860806648,-0.0312271008525584,0.649673100293121,0.840831151498012,0.739966649825385,"5590",1,FALSE,"Higher_in_IPF","GO_Biological_Process"
"GO:0045109","intermediate filament organization","1/423","33/13537",0.0303030303030303,0.96976860806648,-0.0312271008525584,0.649673100293121,0.840831151498012,0.739966649825385,"6469",1,FALSE,"Higher_in_IPF","GO_Biological_Process"
"GO:0048713","regulation of oligodendrocyte differentiation","1/423","33/13537",0.0303030303030303,0.96976860806648,-0.0312271008525584,0.649673100293121,0.840831151498012,0.739966649825385,"6469",1,FALSE,"Higher_in_IPF","GO_Biological_Process"
"GO:0051647","nucleus localization","1/423","33/13537",0.0303030303030303,0.96976860806648,-0.0312271008525584,0.649673100293121,0.840831151498012,0.739966649825385,"25893",1,FALSE,"Higher_in_IPF","GO_Biological_Process"
"GO:0060074","synapse maturation","1/423","33/13537",0.0303030303030303,0.96976860806648,-0.0312271008525584,0.649673100293121,0.840831151498012,0.739966649825385,"1524",1,FALSE,"Higher_in_IPF","GO_Biological_Process"
"GO:0070316","regulation of G0 to G1 transition","1/423","33/13537",0.0303030303030303,0.96976860806648,-0.0312271008525584,0.649673100293121,0.840831151498012,0.739966649825385,"3135",1,FALSE,"Higher_in_IPF","GO_Biological_Process"
"GO:0071425","hematopoietic stem cell proliferation","1/423","33/13537",0.0303030303030303,0.96976860806648,-0.0312271008525584,0.649673100293121,0.840831151498012,0.739966649825385,"1050",1,FALSE,"Higher_in_IPF","GO_Biological_Process"
"GO:0090630","activation of GTPase activity","1/423","33/13537",0.0303030303030303,0.96976860806648,-0.0312271008525584,0.649673100293121,0.840831151498012,0.739966649825385,"5923",1,FALSE,"Higher_in_IPF","GO_Biological_Process"
"GO:1903426","regulation of reactive oxygen species biosynthetic process","1/423","33/13537",0.0303030303030303,0.96976860806648,-0.0312271008525584,0.649673100293121,0.840831151498012,0.739966649825385,"90527",1,FALSE,"Higher_in_IPF","GO_Biological_Process"
"GO:1904861","excitatory synapse assembly","1/423","33/13537",0.0303030303030303,0.96976860806648,-0.0312271008525584,0.649673100293121,0.840831151498012,0.739966649825385,"7476",1,FALSE,"Higher_in_IPF","GO_Biological_Process"
"GO:0051963","regulation of synapse assembly","4/423","142/13537",0.028169014084507,0.901475044118137,-0.211966304953306,0.652220465228222,0.843841998048577,0.742616320964698,"89780/64284/7476/627",4,FALSE,"Higher_in_IPF","GO_Biological_Process"
"GO:0051384","response to glucocorticoid","3/423","107/13537",0.0280373831775701,0.897262543911977,-0.191615420784973,0.654487420458744,0.846488133913104,0.744945031416456,"249/306/21",3,FALSE,"Higher_in_IPF","GO_Biological_Process"
"GO:0006094","gluconeogenesis","2/423","71/13537",0.028169014084507,0.901475044118137,-0.149487157973325,0.655365071949025,0.847289150907768,0.745649959939786,"5950/2819",2,FALSE,"Higher_in_IPF","GO_Biological_Process"
"GO:0009101","glycoprotein biosynthetic process","8/423","281/13537",0.0284697508896797,0.911099332845376,-0.270457917235037,0.655550589780395,0.847289150907768,0.745649959939786,"114805/64116/64168/2529/123264/2525/374907/2523",8,FALSE,"Higher_in_IPF","GO_Biological_Process"
"GO:1904375","regulation of protein localization to cell periphery","4/423","143/13537",0.027972027972028,0.895171022830597,-0.22632992872047,0.657643982502757,0.847848512077324,0.746142221210007,"5590/89780/9254/3767",4,FALSE,"Higher_in_IPF","GO_Biological_Process"
"GO:1990138","neuron projection extension","4/423","143/13537",0.027972027972028,0.895171022830597,-0.22632992872047,0.657643982502757,0.847848512077324,0.746142221210007,"5590/89780/6456/4099",4,FALSE,"Higher_in_IPF","GO_Biological_Process"
"GO:0048545","response to steroid hormone","8/423","282/13537",0.0283687943262411,0.907868484147343,-0.280795841491072,0.659445013725548,0.847848512077324,0.746142221210007,"249/6258/306/84830/1668/6337/55885/21",8,FALSE,"Higher_in_IPF","GO_Biological_Process"
"GO:0001662","behavioral fear response","1/423","34/13537",0.0294117647058824,0.941246001946878,-0.061604085663044,0.660646758363027,0.847848512077324,0.746142221210007,"1620",1,FALSE,"Higher_in_IPF","GO_Biological_Process"
"GO:0001953","negative regulation of cell-matrix adhesion","1/423","34/13537",0.0294117647058824,0.941246001946878,-0.061604085663044,0.660646758363027,0.847848512077324,0.746142221210007,"94",1,FALSE,"Higher_in_IPF","GO_Biological_Process"
"GO:0010591","regulation of lamellipodium assembly","1/423","34/13537",0.0294117647058824,0.941246001946878,-0.061604085663044,0.660646758363027,0.847848512077324,0.746142221210007,"100506658",1,FALSE,"Higher_in_IPF","GO_Biological_Process"
"GO:0010712","regulation of collagen metabolic process","1/423","34/13537",0.0294117647058824,0.941246001946878,-0.061604085663044,0.660646758363027,0.847848512077324,0.746142221210007,"3549",1,FALSE,"Higher_in_IPF","GO_Biological_Process"
"GO:0010828","positive regulation of D-glucose transmembrane transport","1/423","34/13537",0.0294117647058824,0.941246001946878,-0.061604085663044,0.660646758363027,0.847848512077324,0.746142221210007,"100506658",1,FALSE,"Higher_in_IPF","GO_Biological_Process"
"GO:0043276","anoikis","1/423","34/13537",0.0294117647058824,0.941246001946878,-0.061604085663044,0.660646758363027,0.847848512077324,0.746142221210007,"23604",1,FALSE,"Higher_in_IPF","GO_Biological_Process"
"GO:0045023","G0 to G1 transition","1/423","34/13537",0.0294117647058824,0.941246001946878,-0.061604085663044,0.660646758363027,0.847848512077324,0.746142221210007,"3135",1,FALSE,"Higher_in_IPF","GO_Biological_Process"
"GO:0048483","autonomic nervous system development","1/423","34/13537",0.0294117647058824,0.941246001946878,-0.061604085663044,0.660646758363027,0.847848512077324,0.746142221210007,"6532",1,FALSE,"Higher_in_IPF","GO_Biological_Process"
"GO:0050858","negative regulation of antigen receptor-mediated signaling pathway","1/423","34/13537",0.0294117647058824,0.941246001946878,-0.061604085663044,0.660646758363027,0.847848512077324,0.746142221210007,"11126",1,FALSE,"Higher_in_IPF","GO_Biological_Process"
"GO:0051154","negative regulation of striated muscle cell differentiation","1/423","34/13537",0.0294117647058824,0.941246001946878,-0.061604085663044,0.660646758363027,0.847848512077324,0.746142221210007,"627",1,FALSE,"Higher_in_IPF","GO_Biological_Process"
"GO:0051602","response to electrical stimulus","1/423","34/13537",0.0294117647058824,0.941246001946878,-0.061604085663044,0.660646758363027,0.847848512077324,0.746142221210007,"2890",1,FALSE,"Higher_in_IPF","GO_Biological_Process"
"GO:0051938","L-glutamate import","1/423","34/13537",0.0294117647058824,0.941246001946878,-0.061604085663044,0.660646758363027,0.847848512077324,0.746142221210007,"6833",1,FALSE,"Higher_in_IPF","GO_Biological_Process"
"GO:0061081","positive regulation of myeloid leukocyte cytokine production involved in immune response","1/423","34/13537",0.0294117647058824,0.941246001946878,-0.061604085663044,0.660646758363027,0.847848512077324,0.746142221210007,"3135",1,FALSE,"Higher_in_IPF","GO_Biological_Process"
"GO:0086091","regulation of heart rate by cardiac conduction","1/423","34/13537",0.0294117647058824,0.941246001946878,-0.061604085663044,0.660646758363027,0.847848512077324,0.746142221210007,"3759",1,FALSE,"Higher_in_IPF","GO_Biological_Process"
"GO:0099622","cardiac muscle cell membrane repolarization","1/423","34/13537",0.0294117647058824,0.941246001946878,-0.061604085663044,0.660646758363027,0.847848512077324,0.746142221210007,"3759",1,FALSE,"Higher_in_IPF","GO_Biological_Process"
"GO:1901797","negative regulation of signal transduction by p53 class mediator","1/423","34/13537",0.0294117647058824,0.941246001946878,-0.061604085663044,0.660646758363027,0.847848512077324,0.746142221210007,"4582",1,FALSE,"Higher_in_IPF","GO_Biological_Process"
"GO:1903749","positive regulation of establishment of protein localization to mitochondrion","1/423","34/13537",0.0294117647058824,0.941246001946878,-0.061604085663044,0.660646758363027,0.847848512077324,0.746142221210007,"7855",1,FALSE,"Higher_in_IPF","GO_Biological_Process"
"GO:2000406","positive regulation of T cell migration","1/423","34/13537",0.0294117647058824,0.941246001946878,-0.061604085663044,0.660646758363027,0.847848512077324,0.746142221210007,"729230",1,FALSE,"Higher_in_IPF","GO_Biological_Process"
"GO:0048678","response to axon injury","2/423","72/13537",0.0277777777777778,0.888954557394274,-0.169672545619339,0.662894923198701,0.850162182322016,0.748178347983754,"10675/4099",2,FALSE,"Higher_in_IPF","GO_Biological_Process"
"GO:1904377","positive regulation of protein localization to cell periphery","2/423","72/13537",0.0277777777777778,0.888954557394274,-0.169672545619339,0.662894923198701,0.850162182322016,0.748178347983754,"89780/3767",2,FALSE,"Higher_in_IPF","GO_Biological_Process"
"GO:0002429","immune response-activating cell surface receptor signaling pathway","8/423","283/13537",0.0282685512367491,0.9046604683023,-0.291098867514487,0.66331353449631,0.850413389760548,0.748399421056951,"8547/11126/57402/79908/153579/84106/2867/11027",8,FALSE,"Higher_in_IPF","GO_Biological_Process"
"GO:0001503","ossification","11/423","386/13537",0.0284974093264249,0.911984468207597,-0.315080370630695,0.665694216635025,0.853179093357679,0.750833356124097,"249/89780/3549/651/84059/6469/338557/4091/2194/1050/10682",11,FALSE,"Higher_in_IPF","GO_Biological_Process"
"GO:0007173","epidermal growth factor receptor signaling pathway","4/423","145/13537",0.0275862068965517,0.882823836308796,-0.254770021018785,0.668319576555497,0.856256423922445,0.753541535982037,"5284/1950/6098/9052",4,FALSE,"Higher_in_IPF","GO_Biological_Process"
"GO:0007422","peripheral nervous system development","2/423","73/13537",0.0273972602739726,0.876777097703941,-0.189589193474962,0.67029208259312,0.857456459819082,0.75459761786069,"400746/57716",2,FALSE,"Higher_in_IPF","GO_Biological_Process"
"GO:0030516","regulation of axon extension","2/423","73/13537",0.0273972602739726,0.876777097703941,-0.189589193474962,0.67029208259312,0.857456459819082,0.75459761786069,"89780/4099",2,FALSE,"Higher_in_IPF","GO_Biological_Process"
"GO:0002209","behavioral defense response","1/423","35/13537",0.0285714285714286,0.91435325903411,-0.0911157761649534,0.671277464221906,0.857456459819082,0.75459761786069,"1620",1,FALSE,"Higher_in_IPF","GO_Biological_Process"
"GO:0003180","aortic valve morphogenesis","1/423","35/13537",0.0285714285714286,0.91435325903411,-0.0911157761649534,0.671277464221906,0.857456459819082,0.75459761786069,"4091",1,FALSE,"Higher_in_IPF","GO_Biological_Process"
"GO:0010934","macrophage cytokine production","1/423","35/13537",0.0285714285714286,0.91435325903411,-0.0911157761649534,0.671277464221906,0.857456459819082,0.75459761786069,"3135",1,FALSE,"Higher_in_IPF","GO_Biological_Process"
"GO:0010935","regulation of macrophage cytokine production","1/423","35/13537",0.0285714285714286,0.91435325903411,-0.0911157761649534,0.671277464221906,0.857456459819082,0.75459761786069,"3135",1,FALSE,"Higher_in_IPF","GO_Biological_Process"
"GO:0032435","negative regulation of proteasomal ubiquitin-dependent protein catabolic process","1/423","35/13537",0.0285714285714286,0.91435325903411,-0.0911157761649534,0.671277464221906,0.857456459819082,0.75459761786069,"6469",1,FALSE,"Higher_in_IPF","GO_Biological_Process"
"GO:0048512","circadian behavior","1/423","35/13537",0.0285714285714286,0.91435325903411,-0.0911157761649534,0.671277464221906,0.857456459819082,0.75459761786069,"1437",1,FALSE,"Higher_in_IPF","GO_Biological_Process"
"GO:0051150","regulation of smooth muscle cell differentiation","1/423","35/13537",0.0285714285714286,0.91435325903411,-0.0911157761649534,0.671277464221906,0.857456459819082,0.75459761786069,"6469",1,FALSE,"Higher_in_IPF","GO_Biological_Process"
"GO:0016241","regulation of macroautophagy","5/423","181/13537",0.0276243093922652,0.884043206248449,-0.282062303011086,0.67181740145423,0.857572329907138,0.75469958839392,"7855/131540/120892/26471/3162",5,FALSE,"Higher_in_IPF","GO_Biological_Process"
"GO:0071383","cellular response to steroid hormone stimulus","5/423","181/13537",0.0276243093922652,0.884043206248449,-0.282062303011086,0.67181740145423,0.857572329907138,0.75469958839392,"6258/84830/1668/6337/55885",5,FALSE,"Higher_in_IPF","GO_Biological_Process"
"GO:0001704","formation of primary germ layer","3/423","110/13537",0.0272727272727273,0.872791747259832,-0.240585751172724,0.67282607770568,0.857712842965037,0.754823245773317,"89780/4317/6928",3,FALSE,"Higher_in_IPF","GO_Biological_Process"
"GO:0007368","determination of left/right symmetry","3/423","110/13537",0.0272727272727273,0.872791747259832,-0.240585751172724,0.67282607770568,0.857712842965037,0.754823245773317,"89780/3549/6469",3,FALSE,"Higher_in_IPF","GO_Biological_Process"
"GO:0030278","regulation of ossification","3/423","110/13537",0.0272727272727273,0.872791747259832,-0.240585751172724,0.67282607770568,0.857712842965037,0.754823245773317,"651/84059/4091",3,FALSE,"Higher_in_IPF","GO_Biological_Process"
"GO:0051261","protein depolymerization","3/423","110/13537",0.0272727272727273,0.872791747259832,-0.240585751172724,0.67282607770568,0.857712842965037,0.754823245773317,"6456/6457/58526",3,FALSE,"Higher_in_IPF","GO_Biological_Process"
"GO:0010508","positive regulation of autophagy","4/423","146/13537",0.0273972602739726,0.876777097703941,-0.268849432046455,0.673571279356581,0.858376216483119,0.755407042269063,"131540/120892/4210/3162",4,FALSE,"Higher_in_IPF","GO_Biological_Process"
"GO:0003300","cardiac muscle hypertrophy","2/423","74/13537",0.027027027027027,0.86492875854578,-0.20924524390598,0.677557469250382,0.861730318986662,0.75835879303174,"7273/148",2,FALSE,"Higher_in_IPF","GO_Biological_Process"
"GO:0019319","hexose biosynthetic process","2/423","74/13537",0.027027027027027,0.86492875854578,-0.20924524390598,0.677557469250382,0.861730318986662,0.75835879303174,"5950/2819",2,FALSE,"Higher_in_IPF","GO_Biological_Process"
"GO:0033273","response to vitamin","2/423","74/13537",0.027027027027027,0.86492875854578,-0.20924524390598,0.677557469250382,0.861730318986662,0.75835879303174,"249/3552",2,FALSE,"Higher_in_IPF","GO_Biological_Process"
"GO:0055006","cardiac cell development","2/423","74/13537",0.027027027027027,0.86492875854578,-0.20924524390598,0.677557469250382,0.861730318986662,0.75835879303174,"7273/148",2,FALSE,"Higher_in_IPF","GO_Biological_Process"
"GO:0086001","cardiac muscle cell action potential","2/423","74/13537",0.027027027027027,0.86492875854578,-0.20924524390598,0.677557469250382,0.861730318986662,0.75835879303174,"6323/3759",2,FALSE,"Higher_in_IPF","GO_Biological_Process"
"GO:0086003","cardiac muscle cell contraction","2/423","74/13537",0.027027027027027,0.86492875854578,-0.20924524390598,0.677557469250382,0.861730318986662,0.75835879303174,"6323/3759",2,FALSE,"Higher_in_IPF","GO_Biological_Process"
"GO:0003205","cardiac chamber development","4/423","147/13537",0.0272108843537415,0.870812627651533,-0.282836992486634,0.678765386324055,0.862420737407586,0.758966390175351,"4036/7134/5950/4091",4,FALSE,"Higher_in_IPF","GO_Biological_Process"
"GO:0007519","skeletal muscle tissue development","4/423","147/13537",0.0272108843537415,0.870812627651533,-0.282836992486634,0.678765386324055,0.862420737407586,0.758966390175351,"89780/6469/27063/26471",4,FALSE,"Higher_in_IPF","GO_Biological_Process"
"GO:0007088","regulation of mitotic nuclear division","3/423","111/13537",0.027027027027027,0.86492875854578,-0.256624919631195,0.678777976927658,0.862420737407586,0.758966390175351,"3552/1950/84101",3,FALSE,"Higher_in_IPF","GO_Biological_Process"
"GO:0097191","extrinsic apoptotic signaling pathway","6/423","218/13537",0.0275229357798165,0.880799010996161,-0.318654505161944,0.680483132249189,0.864250026368619,0.760576241120629,"3552/5196/2243/1437/3162/186",6,FALSE,"Higher_in_IPF","GO_Biological_Process"
"GO:0006734","NADH metabolic process","1/423","36/13537",0.0277777777777778,0.888954557394274,-0.119816543854688,0.681575911313754,0.864250026368619,0.760576241120629,"2819",1,FALSE,"Higher_in_IPF","GO_Biological_Process"
"GO:0006904","vesicle docking involved in exocytosis","1/423","36/13537",0.0277777777777778,0.888954557394274,-0.119816543854688,0.681575911313754,0.864250026368619,0.760576241120629,"1080",1,FALSE,"Higher_in_IPF","GO_Biological_Process"
"GO:0043903","regulation of biological process involved in symbiotic interaction","1/423","36/13537",0.0277777777777778,0.888954557394274,-0.119816543854688,0.681575911313754,0.864250026368619,0.760576241120629,"383",1,FALSE,"Higher_in_IPF","GO_Biological_Process"
"GO:0046627","negative regulation of insulin receptor signaling pathway","1/423","36/13537",0.0277777777777778,0.888954557394274,-0.119816543854688,0.681575911313754,0.864250026368619,0.760576241120629,"5590",1,FALSE,"Higher_in_IPF","GO_Biological_Process"
"GO:1902175","regulation of oxidative stress-induced intrinsic apoptotic signaling pathway","1/423","36/13537",0.0277777777777778,0.888954557394274,-0.119816543854688,0.681575911313754,0.864250026368619,0.760576241120629,"5625",1,FALSE,"Higher_in_IPF","GO_Biological_Process"
"GO:0042692","muscle cell differentiation","10/423","357/13537",0.0280112044817927,0.896424763758932,-0.356188671193148,0.682764677411712,0.865469966254288,0.761649839343742,"89780/7273/9254/84525/6469/148/27063/627/79191/7138",10,FALSE,"Higher_in_IPF","GO_Biological_Process"
"GO:0002286","T cell activation involved in immune response","3/423","112/13537",0.0267857142857143,0.857206180344478,-0.272526690266502,0.684649478165292,0.867049532331629,0.763039923686295,"5590/8809/57546",3,FALSE,"Higher_in_IPF","GO_Biological_Process"
"GO:0006576","biogenic amine metabolic process","2/423","75/13537",0.0266666666666667,0.853396375098503,-0.228648477661774,0.68469207437922,0.867049532331629,0.763039923686295,"6581/6799",2,FALSE,"Higher_in_IPF","GO_Biological_Process"
"GO:0060419","heart growth","2/423","75/13537",0.0266666666666667,0.853396375098503,-0.228648477661774,0.68469207437922,0.867049532331629,0.763039923686295,"148/5950",2,FALSE,"Higher_in_IPF","GO_Biological_Process"
"GO:0048511","rhythmic process","7/423","254/13537",0.0275590551181102,0.881954915210067,-0.341086434565004,0.684948089602344,0.867086142606681,0.763072142262558,"8431/60675/1437/7080/181/6532/56729",7,FALSE,"Higher_in_IPF","GO_Biological_Process"
"GO:0044403","biological process involved in symbiotic interaction","5/423","185/13537",0.027027027027027,0.86492875854578,-0.332218154045154,0.690348084009826,0.869574902081736,0.765262354896447,"820/5196/383/8993/6614",5,FALSE,"Higher_in_IPF","GO_Biological_Process"
"GO:0097696","cell surface receptor signaling pathway via STAT","3/423","113/13537",0.0265486725663717,0.8496202849432,-0.288293781297585,0.690440704738976,0.869574902081736,0.765262354896447,"729230/1950/1437",3,FALSE,"Higher_in_IPF","GO_Biological_Process"
"GO:0002360","T cell lineage commitment","1/423","37/13537",0.027027027027027,0.86492875854578,-0.147755833518428,0.691552460422285,0.869574902081736,0.765262354896447,"6469",1,FALSE,"Higher_in_IPF","GO_Biological_Process"
"GO:0002478","antigen processing and presentation of exogenous peptide antigen","1/423","37/13537",0.027027027027027,0.86492875854578,-0.147755833518428,0.691552460422285,0.869574902081736,0.765262354896447,"2209",1,FALSE,"Higher_in_IPF","GO_Biological_Process"
"GO:0007622","rhythmic behavior","1/423","37/13537",0.027027027027027,0.86492875854578,-0.147755833518428,0.691552460422285,0.869574902081736,0.765262354896447,"1437",1,FALSE,"Higher_in_IPF","GO_Biological_Process"
"GO:0009066","aspartate family amino acid metabolic process","1/423","37/13537",0.027027027027027,0.86492875854578,-0.147755833518428,0.691552460422285,0.869574902081736,0.765262354896447,"374569",1,FALSE,"Higher_in_IPF","GO_Biological_Process"
"GO:0021587","cerebellum morphogenesis","1/423","37/13537",0.027027027027027,0.86492875854578,-0.147755833518428,0.691552460422285,0.869574902081736,0.765262354896447,"7476",1,FALSE,"Higher_in_IPF","GO_Biological_Process"
"GO:0030261","chromosome condensation","1/423","37/13537",0.027027027027027,0.86492875854578,-0.147755833518428,0.691552460422285,0.869574902081736,0.765262354896447,"7273",1,FALSE,"Higher_in_IPF","GO_Biological_Process"
"GO:0031112","positive regulation of microtubule polymerization or depolymerization","1/423","37/13537",0.027027027027027,0.86492875854578,-0.147755833518428,0.691552460422285,0.869574902081736,0.765262354896447,"100506658",1,FALSE,"Higher_in_IPF","GO_Biological_Process"
"GO:0032872","regulation of stress-activated MAPK cascade","1/423","37/13537",0.027027027027027,0.86492875854578,-0.147755833518428,0.691552460422285,0.869574902081736,0.765262354896447,"3552",1,FALSE,"Higher_in_IPF","GO_Biological_Process"
"GO:0032881","regulation of polysaccharide metabolic process","1/423","37/13537",0.027027027027027,0.86492875854578,-0.147755833518428,0.691552460422285,0.869574902081736,0.765262354896447,"1950",1,FALSE,"Higher_in_IPF","GO_Biological_Process"
"GO:0042307","positive regulation of protein import into nucleus","1/423","37/13537",0.027027027027027,0.86492875854578,-0.147755833518428,0.691552460422285,0.869574902081736,0.765262354896447,"6469",1,FALSE,"Higher_in_IPF","GO_Biological_Process"
"GO:0042461","photoreceptor cell development","1/423","37/13537",0.027027027027027,0.86492875854578,-0.147755833518428,0.691552460422285,0.869574902081736,0.765262354896447,"84879",1,FALSE,"Higher_in_IPF","GO_Biological_Process"
"GO:0061001","regulation of dendritic spine morphogenesis","1/423","37/13537",0.027027027027027,0.86492875854578,-0.147755833518428,0.691552460422285,0.869574902081736,0.765262354896447,"120892",1,FALSE,"Higher_in_IPF","GO_Biological_Process"
"GO:1900077","negative regulation of cellular response to insulin stimulus","1/423","37/13537",0.027027027027027,0.86492875854578,-0.147755833518428,0.691552460422285,0.869574902081736,0.765262354896447,"5590",1,FALSE,"Higher_in_IPF","GO_Biological_Process"
"GO:1900181","negative regulation of protein localization to nucleus","1/423","37/13537",0.027027027027027,0.86492875854578,-0.147755833518428,0.691552460422285,0.869574902081736,0.765262354896447,"51208",1,FALSE,"Higher_in_IPF","GO_Biological_Process"
"GO:1902229","regulation of intrinsic apoptotic signaling pathway in response to DNA damage","1/423","37/13537",0.027027027027027,0.86492875854578,-0.147755833518428,0.691552460422285,0.869574902081736,0.765262354896447,"4582",1,FALSE,"Higher_in_IPF","GO_Biological_Process"
"GO:1990000","amyloid fibril formation","1/423","37/13537",0.027027027027027,0.86492875854578,-0.147755833518428,0.691552460422285,0.869574902081736,0.765262354896447,"820",1,FALSE,"Higher_in_IPF","GO_Biological_Process"
"GO:0014897","striated muscle hypertrophy","2/423","76/13537",0.0263157894736842,0.842167475426154,-0.247806334708634,0.691696955898961,0.869574902081736,0.765262354896447,"7273/148",2,FALSE,"Higher_in_IPF","GO_Biological_Process"
"GO:0021675","nerve development","2/423","76/13537",0.0263157894736842,0.842167475426154,-0.247806334708634,0.691696955898961,0.869574902081736,0.765262354896447,"6323/627",2,FALSE,"Higher_in_IPF","GO_Biological_Process"
"GO:0046364","monosaccharide biosynthetic process","2/423","76/13537",0.0263157894736842,0.842167475426154,-0.247806334708634,0.691696955898961,0.869574902081736,0.765262354896447,"5950/2819",2,FALSE,"Higher_in_IPF","GO_Biological_Process"
"GO:0009259","ribonucleotide metabolic process","9/423","327/13537",0.0275229357798165,0.880799010996161,-0.391877287360092,0.697892410078938,0.875775949847452,0.770719536796081,"5208/51085/114/80201/120892/2819/26471/6799/51733",9,FALSE,"Higher_in_IPF","GO_Biological_Process"
"GO:0031647","regulation of protein stability","9/423","327/13537",0.0275229357798165,0.880799010996161,-0.391877287360092,0.697892410078938,0.875775949847452,0.770719536796081,"84059/338328/1620/335/120892/123264/1512/4047/79589",9,FALSE,"Higher_in_IPF","GO_Biological_Process"
"GO:0006942","regulation of striated muscle contraction","2/423","77/13537",0.025974025974026,0.831230235485555,-0.266725933599721,0.698573233323941,0.875775949847452,0.770719536796081,"148/3759",2,FALSE,"Higher_in_IPF","GO_Biological_Process"
"GO:0033555","multicellular organismal response to stress","2/423","77/13537",0.025974025974026,0.831230235485555,-0.266725933599721,0.698573233323941,0.875775949847452,0.770719536796081,"2890/1620",2,FALSE,"Higher_in_IPF","GO_Biological_Process"
"GO:0048864","stem cell development","2/423","77/13537",0.025974025974026,0.831230235485555,-0.266725933599721,0.698573233323941,0.875775949847452,0.770719536796081,"7476/6469",2,FALSE,"Higher_in_IPF","GO_Biological_Process"
"GO:0006643","membrane lipid metabolic process","5/423","187/13537",0.0267379679144385,0.855678183588071,-0.356910992078713,0.699342808741922,0.875775949847452,0.770719536796081,"6439/2529/83401/2525/2523",5,FALSE,"Higher_in_IPF","GO_Biological_Process"
"GO:1901654","response to ketone","5/423","187/13537",0.0267379679144385,0.855678183588071,-0.356910992078713,0.699342808741922,0.875775949847452,0.770719536796081,"1080/441376/114/3767/6337",5,FALSE,"Higher_in_IPF","GO_Biological_Process"
"GO:0000266","mitochondrial fission","1/423","38/13537",0.0263157894736842,0.842167475426154,-0.174978733888457,0.70121714999572,0.875775949847452,0.770719536796081,"120892",1,FALSE,"Higher_in_IPF","GO_Biological_Process"
"GO:0001754","eye photoreceptor cell differentiation","1/423","38/13537",0.0263157894736842,0.842167475426154,-0.174978733888457,0.70121714999572,0.875775949847452,0.770719536796081,"3549",1,FALSE,"Higher_in_IPF","GO_Biological_Process"
"GO:0032467","positive regulation of cytokinesis","1/423","38/13537",0.0263157894736842,0.842167475426154,-0.174978733888457,0.70121714999572,0.875775949847452,0.770719536796081,"994",1,FALSE,"Higher_in_IPF","GO_Biological_Process"
"GO:0045124","regulation of bone resorption","1/423","38/13537",0.0263157894736842,0.842167475426154,-0.174978733888457,0.70121714999572,0.875775949847452,0.770719536796081,"51208",1,FALSE,"Higher_in_IPF","GO_Biological_Process"
"GO:0048821","erythrocyte development","1/423","38/13537",0.0263157894736842,0.842167475426154,-0.174978733888457,0.70121714999572,0.875775949847452,0.770719536796081,"25893",1,FALSE,"Higher_in_IPF","GO_Biological_Process"
"GO:0060323","head morphogenesis","1/423","38/13537",0.0263157894736842,0.842167475426154,-0.174978733888457,0.70121714999572,0.875775949847452,0.770719536796081,"3549",1,FALSE,"Higher_in_IPF","GO_Biological_Process"
"GO:0060391","positive regulation of SMAD protein signal transduction","1/423","38/13537",0.0263157894736842,0.842167475426154,-0.174978733888457,0.70121714999572,0.875775949847452,0.770719536796081,"94",1,FALSE,"Higher_in_IPF","GO_Biological_Process"
"GO:0070269","pyroptotic inflammatory response","1/423","38/13537",0.0263157894736842,0.842167475426154,-0.174978733888457,0.70121714999572,0.875775949847452,0.770719536796081,"4210",1,FALSE,"Higher_in_IPF","GO_Biological_Process"
"GO:0071711","basement membrane organization","1/423","38/13537",0.0263157894736842,0.842167475426154,-0.174978733888457,0.70121714999572,0.875775949847452,0.770719536796081,"3249",1,FALSE,"Higher_in_IPF","GO_Biological_Process"
"GO:0090049","regulation of cell migration involved in sprouting angiogenesis","1/423","38/13537",0.0263157894736842,0.842167475426154,-0.174978733888457,0.70121714999572,0.875775949847452,0.770719536796081,"3162",1,FALSE,"Higher_in_IPF","GO_Biological_Process"
"GO:0120033","negative regulation of plasma membrane bounded cell projection assembly","1/423","38/13537",0.0263157894736842,0.842167475426154,-0.174978733888457,0.70121714999572,0.875775949847452,0.770719536796081,"5909",1,FALSE,"Higher_in_IPF","GO_Biological_Process"
"GO:1900225","regulation of NLRP3 inflammasome complex assembly","1/423","38/13537",0.0263157894736842,0.842167475426154,-0.174978733888457,0.70121714999572,0.875775949847452,0.770719536796081,"4210",1,FALSE,"Higher_in_IPF","GO_Biological_Process"
"GO:1904646","cellular response to amyloid-beta","1/423","38/13537",0.0263157894736842,0.842167475426154,-0.174978733888457,0.70121714999572,0.875775949847452,0.770719536796081,"177",1,FALSE,"Higher_in_IPF","GO_Biological_Process"
"GO:0014896","muscle hypertrophy","2/423","78/13537",0.0256410256410256,0.820573437594714,-0.285414089502314,0.705322082901161,0.880039121737462,0.774471306715,"7273/148",2,FALSE,"Higher_in_IPF","GO_Biological_Process"
"GO:0045638","negative regulation of myeloid cell differentiation","2/423","78/13537",0.0256410256410256,0.820573437594714,-0.285414089502314,0.705322082901161,0.880039121737462,0.774471306715,"51208/5196",2,FALSE,"Higher_in_IPF","GO_Biological_Process"
"GO:0061337","cardiac conduction","2/423","78/13537",0.0256410256410256,0.820573437594714,-0.285414089502314,0.705322082901161,0.880039121737462,0.774471306715,"79191/3759",2,FALSE,"Higher_in_IPF","GO_Biological_Process"
"GO:0051017","actin filament bundle assembly","4/423","153/13537",0.0261437908496732,0.836663112841669,-0.364909183286357,0.708716046157094,0.881128066933363,0.775429624121556,"85462/221692/408/335",4,FALSE,"Higher_in_IPF","GO_Biological_Process"
"GO:0009205","purine ribonucleoside triphosphate metabolic process","6/423","225/13537",0.0266666666666667,0.853396375098503,-0.398255773248901,0.709428248346462,0.881128066933363,0.775429624121556,"5208/51085/80201/120892/2819/26471",6,FALSE,"Higher_in_IPF","GO_Biological_Process"
"GO:0001895","retina homeostasis","1/423","39/13537",0.0256410256410256,0.820573437594714,-0.201526468800598,0.710579706151866,0.881128066933363,0.775429624121556,"84059",1,FALSE,"Higher_in_IPF","GO_Biological_Process"
"GO:0002714","positive regulation of B cell mediated immunity","1/423","39/13537",0.0256410256410256,0.820573437594714,-0.201526468800598,0.710579706151866,0.881128066933363,0.775429624121556,"2209",1,FALSE,"Higher_in_IPF","GO_Biological_Process"
"GO:0002891","positive regulation of immunoglobulin mediated immune response","1/423","39/13537",0.0256410256410256,0.820573437594714,-0.201526468800598,0.710579706151866,0.881128066933363,0.775429624121556,"2209",1,FALSE,"Higher_in_IPF","GO_Biological_Process"
"GO:0009394","2'-deoxyribonucleotide metabolic process","1/423","39/13537",0.0256410256410256,0.820573437594714,-0.201526468800598,0.710579706151866,0.881128066933363,0.775429624121556,"51733",1,FALSE,"Higher_in_IPF","GO_Biological_Process"
"GO:0010453","regulation of cell fate commitment","1/423","39/13537",0.0256410256410256,0.820573437594714,-0.201526468800598,0.710579706151866,0.881128066933363,0.775429624121556,"89780",1,FALSE,"Higher_in_IPF","GO_Biological_Process"
"GO:0021575","hindbrain morphogenesis","1/423","39/13537",0.0256410256410256,0.820573437594714,-0.201526468800598,0.710579706151866,0.881128066933363,0.775429624121556,"7476",1,FALSE,"Higher_in_IPF","GO_Biological_Process"
"GO:0031111","negative regulation of microtubule polymerization or depolymerization","1/423","39/13537",0.0256410256410256,0.820573437594714,-0.201526468800598,0.710579706151866,0.881128066933363,0.775429624121556,"58526",1,FALSE,"Higher_in_IPF","GO_Biological_Process"
"GO:0035330","regulation of hippo signaling","1/423","39/13537",0.0256410256410256,0.820573437594714,-0.201526468800598,0.710579706151866,0.881128066933363,0.775429624121556,"23286",1,FALSE,"Higher_in_IPF","GO_Biological_Process"
"GO:0042596","fear response","1/423","39/13537",0.0256410256410256,0.820573437594714,-0.201526468800598,0.710579706151866,0.881128066933363,0.775429624121556,"1620",1,FALSE,"Higher_in_IPF","GO_Biological_Process"
"GO:0043331","response to dsRNA","1/423","39/13537",0.0256410256410256,0.820573437594714,-0.201526468800598,0.710579706151866,0.881128066933363,0.775429624121556,"2890",1,FALSE,"Higher_in_IPF","GO_Biological_Process"
"GO:0046622","positive regulation of organ growth","1/423","39/13537",0.0256410256410256,0.820573437594714,-0.201526468800598,0.710579706151866,0.881128066933363,0.775429624121556,"9254",1,FALSE,"Higher_in_IPF","GO_Biological_Process"
"GO:0048066","developmental pigmentation","1/423","39/13537",0.0256410256410256,0.820573437594714,-0.201526468800598,0.710579706151866,0.881128066933363,0.775429624121556,"3549",1,FALSE,"Higher_in_IPF","GO_Biological_Process"
"GO:0050922","negative regulation of chemotaxis","1/423","39/13537",0.0256410256410256,0.820573437594714,-0.201526468800598,0.710579706151866,0.881128066933363,0.775429624121556,"89780",1,FALSE,"Higher_in_IPF","GO_Biological_Process"
"GO:0070302","regulation of stress-activated protein kinase signaling cascade","1/423","39/13537",0.0256410256410256,0.820573437594714,-0.201526468800598,0.710579706151866,0.881128066933363,0.775429624121556,"3552",1,FALSE,"Higher_in_IPF","GO_Biological_Process"
"GO:0089718","amino acid import across plasma membrane","1/423","39/13537",0.0256410256410256,0.820573437594714,-0.201526468800598,0.710579706151866,0.881128066933363,0.775429624121556,"11254",1,FALSE,"Higher_in_IPF","GO_Biological_Process"
"GO:0090329","regulation of DNA-templated DNA replication","1/423","39/13537",0.0256410256410256,0.820573437594714,-0.201526468800598,0.710579706151866,0.881128066933363,0.775429624121556,"57662",1,FALSE,"Higher_in_IPF","GO_Biological_Process"
"GO:1900744","regulation of p38MAPK cascade","1/423","39/13537",0.0256410256410256,0.820573437594714,-0.201526468800598,0.710579706151866,0.881128066933363,0.775429624121556,"177",1,FALSE,"Higher_in_IPF","GO_Biological_Process"
"GO:0071230","cellular response to amino acid stimulus","2/423","79/13537",0.0253164556962025,0.810186432055541,-0.303877330991579,0.711944732990415,0.881675313187611,0.77591122375861,"2890/80339",2,FALSE,"Higher_in_IPF","GO_Biological_Process"
"GO:0072665","protein localization to vacuole","2/423","79/13537",0.0253164556962025,0.810186432055541,-0.303877330991579,0.711944732990415,0.881675313187611,0.77591122375861,"27092/79589",2,FALSE,"Higher_in_IPF","GO_Biological_Process"
"GO:1902369","negative regulation of RNA catabolic process","2/423","79/13537",0.0253164556962025,0.810186432055541,-0.303877330991579,0.711944732990415,0.881675313187611,0.77591122375861,"115572/7432",2,FALSE,"Higher_in_IPF","GO_Biological_Process"
"GO:2000142","regulation of DNA-templated transcription initiation","2/423","79/13537",0.0253164556962025,0.810186432055541,-0.303877330991579,0.711944732990415,0.881675313187611,0.77591122375861,"6928/1050",2,FALSE,"Higher_in_IPF","GO_Biological_Process"
"GO:0009799","specification of symmetry","3/423","117/13537",0.0256410256410256,0.820573437594714,-0.350067002996553,0.712806746811143,0.881884691939385,0.776095485834556,"89780/3549/6469",3,FALSE,"Higher_in_IPF","GO_Biological_Process"
"GO:0009855","determination of bilateral symmetry","3/423","117/13537",0.0256410256410256,0.820573437594714,-0.350067002996553,0.712806746811143,0.881884691939385,0.776095485834556,"89780/3549/6469",3,FALSE,"Higher_in_IPF","GO_Biological_Process"
"GO:0060972","left/right pattern formation","3/423","117/13537",0.0256410256410256,0.820573437594714,-0.350067002996553,0.712806746811143,0.881884691939385,0.776095485834556,"89780/3549/6469",3,FALSE,"Higher_in_IPF","GO_Biological_Process"
"GO:0043401","steroid hormone receptor signaling pathway","3/423","118/13537",0.0254237288135593,0.813619425411708,-0.365198798762271,0.718199841448169,0.884048259640122,0.777999516079311,"6258/1668/55885",3,FALSE,"Higher_in_IPF","GO_Biological_Process"
"GO:0061025","membrane fusion","4/423","155/13537",0.0258064516129032,0.825867459772745,-0.391591303780216,0.718236777765424,0.884048259640122,0.777999516079311,"8676/2352/29091/284359",4,FALSE,"Higher_in_IPF","GO_Biological_Process"
"GO:0061572","actin filament bundle organization","4/423","155/13537",0.0258064516129032,0.825867459772745,-0.391591303780216,0.718236777765424,0.884048259640122,0.777999516079311,"85462/221692/408/335",4,FALSE,"Higher_in_IPF","GO_Biological_Process"
"GO:0008625","extrinsic apoptotic signaling pathway via death domain receptors","2/423","80/13537",0.025,0.800059101654846,-0.32212191570997,0.718442459676548,0.884048259640122,0.777999516079311,"2243/3162",2,FALSE,"Higher_in_IPF","GO_Biological_Process"
"GO:0035023","regulation of Rho protein signal transduction","2/423","80/13537",0.025,0.800059101654846,-0.32212191570997,0.718442459676548,0.884048259640122,0.777999516079311,"408/335",2,FALSE,"Higher_in_IPF","GO_Biological_Process"
"GO:0038084","vascular endothelial growth factor signaling pathway","2/423","80/13537",0.025,0.800059101654846,-0.32212191570997,0.718442459676548,0.884048259640122,0.777999516079311,"6098/2277",2,FALSE,"Higher_in_IPF","GO_Biological_Process"
"GO:0046849","bone remodeling","2/423","80/13537",0.025,0.800059101654846,-0.32212191570997,0.718442459676548,0.884048259640122,0.777999516079311,"3549/51208",2,FALSE,"Higher_in_IPF","GO_Biological_Process"
"GO:0003254","regulation of membrane depolarization","1/423","40/13537",0.025,0.800059101654846,-0.227436821683892,0.719649552373363,0.884048259640122,0.777999516079311,"120892",1,FALSE,"Higher_in_IPF","GO_Biological_Process"
"GO:0006584","catecholamine metabolic process","1/423","40/13537",0.025,0.800059101654846,-0.227436821683892,0.719649552373363,0.884048259640122,0.777999516079311,"6799",1,FALSE,"Higher_in_IPF","GO_Biological_Process"
"GO:0006911","phagocytosis, engulfment","1/423","40/13537",0.025,0.800059101654846,-0.227436821683892,0.719649552373363,0.884048259640122,0.777999516079311,"2209",1,FALSE,"Higher_in_IPF","GO_Biological_Process"
"GO:0009262","deoxyribonucleotide metabolic process","1/423","40/13537",0.025,0.800059101654846,-0.227436821683892,0.719649552373363,0.884048259640122,0.777999516079311,"51733",1,FALSE,"Higher_in_IPF","GO_Biological_Process"
"GO:0009712","catechol-containing compound metabolic process","1/423","40/13537",0.025,0.800059101654846,-0.227436821683892,0.719649552373363,0.884048259640122,0.777999516079311,"6799",1,FALSE,"Higher_in_IPF","GO_Biological_Process"
"GO:0019692","deoxyribose phosphate metabolic process","1/423","40/13537",0.025,0.800059101654846,-0.227436821683892,0.719649552373363,0.884048259640122,0.777999516079311,"51733",1,FALSE,"Higher_in_IPF","GO_Biological_Process"
"GO:0030890","positive regulation of B cell proliferation","1/423","40/13537",0.025,0.800059101654846,-0.227436821683892,0.719649552373363,0.884048259640122,0.777999516079311,"89780",1,FALSE,"Higher_in_IPF","GO_Biological_Process"
"GO:0032413","negative regulation of ion transmembrane transporter activity","1/423","40/13537",0.025,0.800059101654846,-0.227436821683892,0.719649552373363,0.884048259640122,0.777999516079311,"255738",1,FALSE,"Higher_in_IPF","GO_Biological_Process"
"GO:0032728","positive regulation of interferon-beta production","1/423","40/13537",0.025,0.800059101654846,-0.227436821683892,0.719649552373363,0.884048259640122,0.777999516079311,"51311",1,FALSE,"Higher_in_IPF","GO_Biological_Process"
"GO:0042168","heme metabolic process","1/423","40/13537",0.025,0.800059101654846,-0.227436821683892,0.719649552373363,0.884048259640122,0.777999516079311,"3162",1,FALSE,"Higher_in_IPF","GO_Biological_Process"
"GO:0046839","phospholipid dephosphorylation","1/423","40/13537",0.025,0.800059101654846,-0.227436821683892,0.719649552373363,0.884048259640122,0.777999516079311,"54886",1,FALSE,"Higher_in_IPF","GO_Biological_Process"
"GO:1902991","regulation of amyloid precursor protein catabolic process","1/423","40/13537",0.025,0.800059101654846,-0.227436821683892,0.719649552373363,0.884048259640122,0.777999516079311,"177",1,FALSE,"Higher_in_IPF","GO_Biological_Process"
"GO:1903351","cellular response to dopamine","1/423","40/13537",0.025,0.800059101654846,-0.227436821683892,0.719649552373363,0.884048259640122,0.777999516079311,"120892",1,FALSE,"Higher_in_IPF","GO_Biological_Process"
"GO:2000403","positive regulation of lymphocyte migration","1/423","40/13537",0.025,0.800059101654846,-0.227436821683892,0.719649552373363,0.884048259640122,0.777999516079311,"729230",1,FALSE,"Higher_in_IPF","GO_Biological_Process"
"GO:2000772","regulation of cellular senescence","1/423","40/13537",0.025,0.800059101654846,-0.227436821683892,0.719649552373363,0.884048259640122,0.777999516079311,"3135",1,FALSE,"Higher_in_IPF","GO_Biological_Process"
"GO:0045860","positive regulation of protein kinase activity","5/423","192/13537",0.0260416666666667,0.833394897557132,-0.417568173717019,0.721035023927425,0.88542396135518,0.77921019123976,"6283/114/120892/5319/353514",5,FALSE,"Higher_in_IPF","GO_Biological_Process"
"GO:0019693","ribose phosphate metabolic process","9/423","334/13537",0.0269461077844311,0.862339151484266,-0.457504247847652,0.721233242486802,0.88542396135518,0.77921019123976,"5208/51085/114/80201/120892/2819/26471/6799/51733",9,FALSE,"Higher_in_IPF","GO_Biological_Process"
"GO:0051258","protein polymerization","7/423","264/13537",0.0265151515151515,0.84854753205817,-0.446315056149993,0.722742644058368,0.886912777697551,0.780520412012512,"85462/2243/100506658/256764/57662/81027/58526",7,FALSE,"Higher_in_IPF","GO_Biological_Process"
"GO:0070507","regulation of microtubule cytoskeleton organization","4/423","156/13537",0.0256410256410256,0.820573437594714,-0.404811197796312,0.722910572078255,0.886912777697551,0.780520412012512,"89780/100506658/57662/58526",4,FALSE,"Higher_in_IPF","GO_Biological_Process"
"GO:0010977","negative regulation of neuron projection development","3/423","119/13537",0.0252100840336134,0.806782287383038,-0.380210661057248,0.723514212211722,0.887368217868408,0.780921218448887,"89780/120892/4099",3,FALSE,"Higher_in_IPF","GO_Biological_Process"
"GO:0048477","oogenesis","2/423","81/13537",0.0246913580246914,0.79018182879491,-0.340153844982237,0.724816582603898,0.888268271022164,0.781713302942502,"3549/994",2,FALSE,"Higher_in_IPF","GO_Biological_Process"
"GO:0050773","regulation of dendrite development","2/423","81/13537",0.0246913580246914,0.79018182879491,-0.340153844982237,0.724816582603898,0.888268271022164,0.781713302942502,"84879/64284",2,FALSE,"Higher_in_IPF","GO_Biological_Process"
"GO:0060348","bone development","5/423","193/13537",0.0259067357512953,0.829076789279633,-0.429521044423553,0.725236995562965,0.888268271022164,0.781713302942502,"249/389058/3549/51208/10682",5,FALSE,"Higher_in_IPF","GO_Biological_Process"
"GO:0072331","signal transduction by p53 class mediator","4/423","157/13537",0.0254777070063694,0.815346855189652,-0.417951843193579,0.727526789011412,0.888268271022164,0.781713302942502,"4582/151126/27063/26471",4,FALSE,"Higher_in_IPF","GO_Biological_Process"
"GO:0003176","aortic valve development","1/423","41/13537",0.024390243902439,0.780545465029118,-0.252744503874694,0.728435818902671,0.888268271022164,0.781713302942502,"4091",1,FALSE,"Higher_in_IPF","GO_Biological_Process"
"GO:0010466","negative regulation of peptidase activity","1/423","41/13537",0.024390243902439,0.780545465029118,-0.252744503874694,0.728435818902671,0.888268271022164,0.781713302942502,"9806",1,FALSE,"Higher_in_IPF","GO_Biological_Process"
"GO:0010837","regulation of keratinocyte proliferation","1/423","41/13537",0.024390243902439,0.780545465029118,-0.252744503874694,0.728435818902671,0.888268271022164,0.781713302942502,"126695",1,FALSE,"Higher_in_IPF","GO_Biological_Process"
"GO:0015804","neutral amino acid transport","1/423","41/13537",0.024390243902439,0.780545465029118,-0.252744503874694,0.728435818902671,0.888268271022164,0.781713302942502,"11254",1,FALSE,"Higher_in_IPF","GO_Biological_Process"
"GO:0022602","ovulation cycle process","1/423","41/13537",0.024390243902439,0.780545465029118,-0.252744503874694,0.728435818902671,0.888268271022164,0.781713302942502,"56729",1,FALSE,"Higher_in_IPF","GO_Biological_Process"
"GO:0030501","positive regulation of bone mineralization","1/423","41/13537",0.024390243902439,0.780545465029118,-0.252744503874694,0.728435818902671,0.888268271022164,0.781713302942502,"84059",1,FALSE,"Higher_in_IPF","GO_Biological_Process"
"GO:0032480","negative regulation of type I interferon production","1/423","41/13537",0.024390243902439,0.780545465029118,-0.252744503874694,0.728435818902671,0.888268271022164,0.781713302942502,"6614",1,FALSE,"Higher_in_IPF","GO_Biological_Process"
"GO:0032964","collagen biosynthetic process","1/423","41/13537",0.024390243902439,0.780545465029118,-0.252744503874694,0.728435818902671,0.888268271022164,0.781713302942502,"3549",1,FALSE,"Higher_in_IPF","GO_Biological_Process"
"GO:0035196","miRNA processing","1/423","41/13537",0.024390243902439,0.780545465029118,-0.252744503874694,0.728435818902671,0.888268271022164,0.781713302942502,"131405",1,FALSE,"Higher_in_IPF","GO_Biological_Process"
"GO:0044546","NLRP3 inflammasome complex assembly","1/423","41/13537",0.024390243902439,0.780545465029118,-0.252744503874694,0.728435818902671,0.888268271022164,0.781713302942502,"4210",1,FALSE,"Higher_in_IPF","GO_Biological_Process"
"GO:0048246","macrophage chemotaxis","1/423","41/13537",0.024390243902439,0.780545465029118,-0.252744503874694,0.728435818902671,0.888268271022164,0.781713302942502,"6441",1,FALSE,"Higher_in_IPF","GO_Biological_Process"
"GO:0060632","regulation of microtubule-based movement","1/423","41/13537",0.024390243902439,0.780545465029118,-0.252744503874694,0.728435818902671,0.888268271022164,0.781713302942502,"25893",1,FALSE,"Higher_in_IPF","GO_Biological_Process"
"GO:0072528","pyrimidine-containing compound biosynthetic process","1/423","41/13537",0.024390243902439,0.780545465029118,-0.252744503874694,0.728435818902671,0.888268271022164,0.781713302942502,"80704",1,FALSE,"Higher_in_IPF","GO_Biological_Process"
"GO:0097178","ruffle assembly","1/423","41/13537",0.024390243902439,0.780545465029118,-0.252744503874694,0.728435818902671,0.888268271022164,0.781713302942502,"26084",1,FALSE,"Higher_in_IPF","GO_Biological_Process"
"GO:0048568","embryonic organ development","10/423","372/13537",0.0268817204301075,0.860278603929942,-0.490762897006185,0.730704589069579,0.89062520235713,0.783787501288621,"89780/7855/3549/3373/1437/6469/5950/6928/1050/3249",10,FALSE,"Higher_in_IPF","GO_Biological_Process"
"GO:0048041","focal adhesion assembly","2/423","82/13537",0.024390243902439,0.780545465029118,-0.357978877467863,0.731068461023375,0.89062520235713,0.783787501288621,"94/57662",2,FALSE,"Higher_in_IPF","GO_Biological_Process"
"GO:0048145","regulation of fibroblast proliferation","2/423","82/13537",0.024390243902439,0.780545465029118,-0.357978877467863,0.731068461023375,0.89062520235713,0.783787501288621,"5319/26471",2,FALSE,"Higher_in_IPF","GO_Biological_Process"
"GO:0031669","cellular response to nutrient levels","6/423","231/13537",0.025974025974026,0.831230235485555,-0.464648609343581,0.732780029926774,0.892425567547184,0.785371898103337,"84879/255738/51085/3767/6833/120892",6,FALSE,"Higher_in_IPF","GO_Biological_Process"
"GO:0043467","regulation of generation of precursor metabolites and energy","3/423","121/13537",0.0247933884297521,0.793447042963484,-0.409883413172271,0.733908323654703,0.893226980745495,0.786077175302479,"51085/2819/26471",3,FALSE,"Higher_in_IPF","GO_Biological_Process"
"GO:0045667","regulation of osteoblast differentiation","3/423","121/13537",0.0247933884297521,0.793447042963484,-0.409883413172271,0.733908323654703,0.893226980745495,0.786077175302479,"338557/4091/1050",3,FALSE,"Higher_in_IPF","GO_Biological_Process"
"GO:0048872","homeostasis of number of cells","8/423","303/13537",0.0264026402640264,0.844946906038122,-0.490234591871599,0.735022585825614,0.893226980745495,0.786077175302479,"25893/3579/1524/729230/80739/57864/1620/3162",8,FALSE,"Higher_in_IPF","GO_Biological_Process"
"GO:0009144","purine nucleoside triphosphate metabolic process","6/423","232/13537",0.0258620689655172,0.827647346539496,-0.475556688108492,0.736540352243119,0.893226980745495,0.786077175302479,"5208/51085/80201/120892/2819/26471",6,FALSE,"Higher_in_IPF","GO_Biological_Process"
"GO:0009199","ribonucleoside triphosphate metabolic process","6/423","232/13537",0.0258620689655172,0.827647346539496,-0.475556688108492,0.736540352243119,0.893226980745495,0.786077175302479,"5208/51085/80201/120892/2819/26471",6,FALSE,"Higher_in_IPF","GO_Biological_Process"
"GO:0140588","chromatin looping","4/423","159/13537",0.0251572327044025,0.805090919904248,-0.443999831185243,0.736587026627154,0.893226980745495,0.786077175302479,"249/84239/1080/122402",4,FALSE,"Higher_in_IPF","GO_Biological_Process"
"GO:0003016","respiratory system process","1/423","42/13537",0.0238095238095238,0.761961049195092,-0.27748147538114,0.736947351846074,0.893226980745495,0.786077175302479,"7134",1,FALSE,"Higher_in_IPF","GO_Biological_Process"
"GO:0019369","arachidonate metabolic process","1/423","42/13537",0.0238095238095238,0.761961049195092,-0.27748147538114,0.736947351846074,0.893226980745495,0.786077175302479,"247",1,FALSE,"Higher_in_IPF","GO_Biological_Process"
"GO:0042551","neuron maturation","1/423","42/13537",0.0238095238095238,0.761961049195092,-0.27748147538114,0.736947351846074,0.893226980745495,0.786077175302479,"120892",1,FALSE,"Higher_in_IPF","GO_Biological_Process"
"GO:0045022","early endosome to late endosome transport","1/423","42/13537",0.0238095238095238,0.761961049195092,-0.27748147538114,0.736947351846074,0.893226980745495,0.786077175302479,"2013",1,FALSE,"Higher_in_IPF","GO_Biological_Process"
"GO:0048168","regulation of neuronal synaptic plasticity","1/423","42/13537",0.0238095238095238,0.761961049195092,-0.27748147538114,0.736947351846074,0.893226980745495,0.786077175302479,"5923",1,FALSE,"Higher_in_IPF","GO_Biological_Process"
"GO:0060711","labyrinthine layer development","1/423","42/13537",0.0238095238095238,0.761961049195092,-0.27748147538114,0.736947351846074,0.893226980745495,0.786077175302479,"7855",1,FALSE,"Higher_in_IPF","GO_Biological_Process"
"GO:0141085","regulation of inflammasome-mediated signaling pathway","1/423","42/13537",0.0238095238095238,0.761961049195092,-0.27748147538114,0.736947351846074,0.893226980745495,0.786077175302479,"4210",1,FALSE,"Higher_in_IPF","GO_Biological_Process"
"GO:1901524","regulation of mitophagy","1/423","42/13537",0.0238095238095238,0.761961049195092,-0.27748147538114,0.736947351846074,0.893226980745495,0.786077175302479,"7855",1,FALSE,"Higher_in_IPF","GO_Biological_Process"
"GO:1903350","response to dopamine","1/423","42/13537",0.0238095238095238,0.761961049195092,-0.27748147538114,0.736947351846074,0.893226980745495,0.786077175302479,"120892",1,FALSE,"Higher_in_IPF","GO_Biological_Process"
"GO:1990542","mitochondrial transmembrane transport","2/423","83/13537",0.0240963855421687,0.771141302799852,-0.375602541925415,0.737199490043012,0.893249017132408,0.786096568246436,"64116/7263",2,FALSE,"Higher_in_IPF","GO_Biological_Process"
"GO:0007041","lysosomal transport","3/423","122/13537",0.0245901639344262,0.786943378676898,-0.424548567026113,0.738988908341097,0.895133138339564,0.787754673866143,"255738/120892/27092",3,FALSE,"Higher_in_IPF","GO_Biological_Process"
"GO:0060538","skeletal muscle organ development","4/423","160/13537",0.025,0.800059101654846,-0.456909337777571,0.741031364820361,0.896945736766755,0.789349836442194,"89780/6469/27063/26471",4,FALSE,"Higher_in_IPF","GO_Biological_Process"
"GO:0009308","amine metabolic process","2/423","84/13537",0.0238095238095238,0.761961049195092,-0.393030149156696,0.743211097073175,0.896945736766755,0.789349836442194,"6581/6799",2,FALSE,"Higher_in_IPF","GO_Biological_Process"
"GO:0034728","nucleosome organization","2/423","84/13537",0.0238095238095238,0.761961049195092,-0.393030149156696,0.743211097073175,0.896945736766755,0.789349836442194,"23569/4778",2,FALSE,"Higher_in_IPF","GO_Biological_Process"
"GO:0042472","inner ear morphogenesis","2/423","84/13537",0.0238095238095238,0.761961049195092,-0.393030149156696,0.743211097073175,0.896945736766755,0.789349836442194,"89780/3249",2,FALSE,"Higher_in_IPF","GO_Biological_Process"
"GO:0045995","regulation of embryonic development","2/423","84/13537",0.0238095238095238,0.761961049195092,-0.393030149156696,0.743211097073175,0.896945736766755,0.789349836442194,"89780/3170",2,FALSE,"Higher_in_IPF","GO_Biological_Process"
"GO:0070167","regulation of biomineral tissue development","2/423","84/13537",0.0238095238095238,0.761961049195092,-0.393030149156696,0.743211097073175,0.896945736766755,0.789349836442194,"84059/1080",2,FALSE,"Higher_in_IPF","GO_Biological_Process"
"GO:0006865","amino acid transport","3/423","123/13537",0.024390243902439,0.780545465029118,-0.439102319732216,0.743992454220063,0.896945736766755,0.789349836442194,"6833/6532/11254",3,FALSE,"Higher_in_IPF","GO_Biological_Process"
"GO:0071214","cellular response to abiotic stimulus","8/423","306/13537",0.0261437908496732,0.836663112841669,-0.519034731674423,0.744822462419876,0.896945736766755,0.789349836442194,"3373/4311/27063/838/6337/3759/4099/51311",8,FALSE,"Higher_in_IPF","GO_Biological_Process"
"GO:0104004","cellular response to environmental stimulus","8/423","306/13537",0.0261437908496732,0.836663112841669,-0.519034731674423,0.744822462419876,0.896945736766755,0.789349836442194,"3373/4311/27063/838/6337/3759/4099/51311",8,FALSE,"Higher_in_IPF","GO_Biological_Process"
"GO:0006778","porphyrin-containing compound metabolic process","1/423","43/13537",0.0232558139534884,0.744241024795206,-0.301677225225949,0.745192721995693,0.896945736766755,0.789349836442194,"3162",1,FALSE,"Higher_in_IPF","GO_Biological_Process"
"GO:0019674","NAD metabolic process","1/423","43/13537",0.0232558139534884,0.744241024795206,-0.301677225225949,0.745192721995693,0.896945736766755,0.789349836442194,"2819",1,FALSE,"Higher_in_IPF","GO_Biological_Process"
"GO:0032527","protein exit from endoplasmic reticulum","1/423","43/13537",0.0232558139534884,0.744241024795206,-0.301677225225949,0.745192721995693,0.896945736766755,0.789349836442194,"123264",1,FALSE,"Higher_in_IPF","GO_Biological_Process"
"GO:0042311","vasodilation","1/423","43/13537",0.0232558139534884,0.744241024795206,-0.301677225225949,0.745192721995693,0.896945736766755,0.789349836442194,"186",1,FALSE,"Higher_in_IPF","GO_Biological_Process"
"GO:0045071","negative regulation of viral genome replication","1/423","43/13537",0.0232558139534884,0.744241024795206,-0.301677225225949,0.745192721995693,0.896945736766755,0.789349836442194,"6590",1,FALSE,"Higher_in_IPF","GO_Biological_Process"
"GO:0045622","regulation of T-helper cell differentiation","1/423","43/13537",0.0232558139534884,0.744241024795206,-0.301677225225949,0.745192721995693,0.896945736766755,0.789349836442194,"5590",1,FALSE,"Higher_in_IPF","GO_Biological_Process"
"GO:0051084","'de novo' post-translational protein folding","1/423","43/13537",0.0232558139534884,0.744241024795206,-0.301677225225949,0.745192721995693,0.896945736766755,0.789349836442194,"3310",1,FALSE,"Higher_in_IPF","GO_Biological_Process"
"GO:0071868","cellular response to monoamine stimulus","1/423","43/13537",0.0232558139534884,0.744241024795206,-0.301677225225949,0.745192721995693,0.896945736766755,0.789349836442194,"120892",1,FALSE,"Higher_in_IPF","GO_Biological_Process"
"GO:0071870","cellular response to catecholamine stimulus","1/423","43/13537",0.0232558139534884,0.744241024795206,-0.301677225225949,0.745192721995693,0.896945736766755,0.789349836442194,"120892",1,FALSE,"Higher_in_IPF","GO_Biological_Process"
"GO:0140632","canonical inflammasome complex assembly","1/423","43/13537",0.0232558139534884,0.744241024795206,-0.301677225225949,0.745192721995693,0.896945736766755,0.789349836442194,"4210",1,FALSE,"Higher_in_IPF","GO_Biological_Process"
"GO:1902305","regulation of sodium ion transmembrane transport","1/423","43/13537",0.0232558139534884,0.744241024795206,-0.301677225225949,0.745192721995693,0.896945736766755,0.789349836442194,"255738",1,FALSE,"Higher_in_IPF","GO_Biological_Process"
"GO:0046777","protein autophosphorylation","4/423","161/13537",0.0248447204968944,0.795089790464444,-0.469743924993928,0.745418759235441,0.896945736766755,0.789349836442194,"84451/120892/23604/91662",4,FALSE,"Higher_in_IPF","GO_Biological_Process"
"GO:0009150","purine ribonucleotide metabolic process","8/423","307/13537",0.0260586319218241,0.833937825829156,-0.528576379790349,0.748032829563428,0.899807606576297,0.791868401806275,"5208/51085/114/80201/120892/2819/26471/6799",8,FALSE,"Higher_in_IPF","GO_Biological_Process"
"GO:0050848","regulation of calcium-mediated signaling","2/423","85/13537",0.0235294117647059,0.752996801557502,-0.410266803192649,0.749104738457982,0.900813194151993,0.792753361013802,"120892/55273",2,FALSE,"Higher_in_IPF","GO_Biological_Process"
"GO:0001666","response to hypoxia","7/423","272/13537",0.0257352941176471,0.823590251703518,-0.527838631267078,0.750676894956326,0.902020743738408,0.793816055254335,"3552/177/3767/94/6532/64344/2277",7,FALSE,"Higher_in_IPF","GO_Biological_Process"
"GO:0003351","epithelial cilium movement involved in extracellular fluid movement","1/423","44/13537",0.0227272727272727,0.72732645604986,-0.325359017286324,0.75318023337822,0.902020743738408,0.793816055254335,"361",1,FALSE,"Higher_in_IPF","GO_Biological_Process"
"GO:0010883","regulation of lipid storage","1/423","44/13537",0.0227272727272727,0.72732645604986,-0.325359017286324,0.75318023337822,0.902020743738408,0.793816055254335,"440503",1,FALSE,"Higher_in_IPF","GO_Biological_Process"
"GO:0021695","cerebellar cortex development","1/423","44/13537",0.0227272727272727,0.72732645604986,-0.325359017286324,0.75318023337822,0.902020743738408,0.793816055254335,"7476",1,FALSE,"Higher_in_IPF","GO_Biological_Process"
"GO:0033138","positive regulation of peptidyl-serine phosphorylation","1/423","44/13537",0.0227272727272727,0.72732645604986,-0.325359017286324,0.75318023337822,0.902020743738408,0.793816055254335,"89780",1,FALSE,"Higher_in_IPF","GO_Biological_Process"
"GO:0036323","vascular endothelial growth factor receptor-1 signaling pathway","1/423","44/13537",0.0227272727272727,0.72732645604986,-0.325359017286324,0.75318023337822,0.902020743738408,0.793816055254335,"6098",1,FALSE,"Higher_in_IPF","GO_Biological_Process"
"GO:0045332","phospholipid translocation","1/423","44/13537",0.0227272727272727,0.72732645604986,-0.325359017286324,0.75318023337822,0.902020743738408,0.793816055254335,"84879",1,FALSE,"Higher_in_IPF","GO_Biological_Process"
"GO:0046578","regulation of Ras protein signal transduction","1/423","44/13537",0.0227272727272727,0.72732645604986,-0.325359017286324,0.75318023337822,0.902020743738408,0.793816055254335,"5923",1,FALSE,"Higher_in_IPF","GO_Biological_Process"
"GO:0048662","negative regulation of smooth muscle cell proliferation","1/423","44/13537",0.0227272727272727,0.72732645604986,-0.325359017286324,0.75318023337822,0.902020743738408,0.793816055254335,"3162",1,FALSE,"Higher_in_IPF","GO_Biological_Process"
"GO:0060038","cardiac muscle cell proliferation","1/423","44/13537",0.0227272727272727,0.72732645604986,-0.325359017286324,0.75318023337822,0.902020743738408,0.793816055254335,"5950",1,FALSE,"Higher_in_IPF","GO_Biological_Process"
"GO:0061383","trabecula morphogenesis","1/423","44/13537",0.0227272727272727,0.72732645604986,-0.325359017286324,0.75318023337822,0.902020743738408,0.793816055254335,"5950",1,FALSE,"Higher_in_IPF","GO_Biological_Process"
"GO:0120316","sperm flagellum assembly","1/423","44/13537",0.0227272727272727,0.72732645604986,-0.325359017286324,0.75318023337822,0.902020743738408,0.793816055254335,"50487",1,FALSE,"Higher_in_IPF","GO_Biological_Process"
"GO:0140719","constitutive heterochromatin formation","1/423","44/13537",0.0227272727272727,0.72732645604986,-0.325359017286324,0.75318023337822,0.902020743738408,0.793816055254335,"122402",1,FALSE,"Higher_in_IPF","GO_Biological_Process"
"GO:1903322","positive regulation of protein modification by small protein conjugation or removal","3/423","125/13537",0.024,0.768056737588653,-0.46788353498485,0.753770408438426,0.902444471438668,0.794188953387617,"120892/57761/79444",3,FALSE,"Higher_in_IPF","GO_Biological_Process"
"GO:0043122","regulation of canonical NF-kappaB signal transduction","7/423","273/13537",0.0256410256410256,0.820573437594714,-0.537871546264538,0.754023985096664,0.90246507056397,0.794207081481126,"6283/3552/1524/64116/91662/3162/51311",7,FALSE,"Higher_in_IPF","GO_Biological_Process"
"GO:0021549","cerebellum development","2/423","86/13537",0.0232558139534884,0.744241024795206,-0.427317411777598,0.754881896284807,0.902642994054305,0.794363661608817,"7476/6751",2,FALSE,"Higher_in_IPF","GO_Biological_Process"
"GO:0071229","cellular response to acid chemical","2/423","86/13537",0.0232558139534884,0.744241024795206,-0.427317411777598,0.754881896284807,0.902642994054305,0.794363661608817,"2890/80339",2,FALSE,"Higher_in_IPF","GO_Biological_Process"
"GO:1905897","regulation of response to endoplasmic reticulum stress","2/423","86/13537",0.0232558139534884,0.744241024795206,-0.427317411777598,0.754881896284807,0.902642994054305,0.794363661608817,"120892/26471",2,FALSE,"Higher_in_IPF","GO_Biological_Process"
"GO:1901875","positive regulation of post-translational protein modification","3/423","126/13537",0.0238095238095238,0.761961049195092,-0.482114824257191,0.758545865285019,0.905564317693386,0.79693454883441,"120892/57761/79444",3,FALSE,"Higher_in_IPF","GO_Biological_Process"
"GO:0033627","cell adhesion mediated by integrin","2/423","87/13537",0.0229885057471264,0.73568653025733,-0.444186696203585,0.760544075364065,0.905564317693386,0.79693454883441,"4582/3674",2,FALSE,"Higher_in_IPF","GO_Biological_Process"
"GO:0034644","cellular response to UV","2/423","87/13537",0.0229885057471264,0.73568653025733,-0.444186696203585,0.760544075364065,0.905564317693386,0.79693454883441,"3373/4311",2,FALSE,"Higher_in_IPF","GO_Biological_Process"
"GO:0048534","hematopoietic or lymphoid organ development","2/423","87/13537",0.0229885057471264,0.73568653025733,-0.444186696203585,0.760544075364065,0.905564317693386,0.79693454883441,"6469/57864",2,FALSE,"Higher_in_IPF","GO_Biological_Process"
"GO:1903312","negative regulation of mRNA metabolic process","2/423","87/13537",0.0229885057471264,0.73568653025733,-0.444186696203585,0.760544075364065,0.905564317693386,0.79693454883441,"115572/7432",2,FALSE,"Higher_in_IPF","GO_Biological_Process"
"GO:0007019","microtubule depolymerization","1/423","45/13537",0.0222222222222222,0.711163645915419,-0.348552106568349,0.760917931538823,0.905564317693386,0.79693454883441,"58526",1,FALSE,"Higher_in_IPF","GO_Biological_Process"
"GO:0031670","cellular response to nutrient","1/423","45/13537",0.0222222222222222,0.711163645915419,-0.348552106568349,0.760917931538823,0.905564317693386,0.79693454883441,"51085",1,FALSE,"Higher_in_IPF","GO_Biological_Process"
"GO:0043029","T cell homeostasis","1/423","45/13537",0.0222222222222222,0.711163645915419,-0.348552106568349,0.760917931538823,0.905564317693386,0.79693454883441,"57864",1,FALSE,"Higher_in_IPF","GO_Biological_Process"
"GO:0044788","modulation by host of viral process","1/423","45/13537",0.0222222222222222,0.711163645915419,-0.348552106568349,0.760917931538823,0.905564317693386,0.79693454883441,"2194",1,FALSE,"Higher_in_IPF","GO_Biological_Process"
"GO:0046850","regulation of bone remodeling","1/423","45/13537",0.0222222222222222,0.711163645915419,-0.348552106568349,0.760917931538823,0.905564317693386,0.79693454883441,"51208",1,FALSE,"Higher_in_IPF","GO_Biological_Process"
"GO:1902743","regulation of lamellipodium organization","1/423","45/13537",0.0222222222222222,0.711163645915419,-0.348552106568349,0.760917931538823,0.905564317693386,0.79693454883441,"100506658",1,FALSE,"Higher_in_IPF","GO_Biological_Process"
"GO:1904645","response to amyloid-beta","1/423","45/13537",0.0222222222222222,0.711163645915419,-0.348552106568349,0.760917931538823,0.905564317693386,0.79693454883441,"177",1,FALSE,"Higher_in_IPF","GO_Biological_Process"
"GO:1905314","semi-lunar valve development","1/423","45/13537",0.0222222222222222,0.711163645915419,-0.348552106568349,0.760917931538823,0.905564317693386,0.79693454883441,"4091",1,FALSE,"Higher_in_IPF","GO_Biological_Process"
"GO:0042594","response to starvation","5/423","202/13537",0.0247524752475248,0.792137724410739,-0.534567583119047,0.761015031851892,0.905564317693386,0.79693454883441,"84879/255738/120892/6751/57546",5,FALSE,"Higher_in_IPF","GO_Biological_Process"
"GO:0046034","ATP metabolic process","5/423","202/13537",0.0247524752475248,0.792137724410739,-0.534567583119047,0.761015031851892,0.905564317693386,0.79693454883441,"5208/51085/80201/2819/26471",5,FALSE,"Higher_in_IPF","GO_Biological_Process"
"GO:0009117","nucleotide metabolic process","12/423","453/13537",0.0264900662251656,0.847744743475334,-0.591968906117434,0.761293065316331,0.905564317693386,0.79693454883441,"2330/5208/55/51085/114/80201/120892/2819/26471/6799/51181/51733",12,FALSE,"Higher_in_IPF","GO_Biological_Process"
"GO:0030522","intracellular receptor signaling pathway","9/423","347/13537",0.0259365994236311,0.830032497394077,-0.576044453991875,0.761357113618588,0.905564317693386,0.79693454883441,"6258/1668/2171/57864/55885/4210/247/440503/51311",9,FALSE,"Higher_in_IPF","GO_Biological_Process"
"GO:0031345","negative regulation of cell projection organization","4/423","165/13537",0.0242424242424242,0.775814886453184,-0.520353315403999,0.762403257830157,0.906526203175191,0.7977810483679,"5909/89780/120892/4099",4,FALSE,"Higher_in_IPF","GO_Biological_Process"
"GO:0051783","regulation of nuclear division","3/423","127/13537",0.0236220472440945,0.755961355894343,-0.496242369400772,0.763246377711418,0.907242639708619,0.798411542540849,"3552/1950/84101",3,FALSE,"Higher_in_IPF","GO_Biological_Process"
"GO:0043123","positive regulation of canonical NF-kappaB signal transduction","5/423","203/13537",0.0246305418719212,0.788235568132854,-0.545969746239905,0.764765343969869,0.907242639708619,0.798411542540849,"6283/3552/1524/3162/51311",5,FALSE,"Higher_in_IPF","GO_Biological_Process"
"GO:0007127","meiosis I","2/423","88/13537",0.0227272727272727,0.72732645604986,-0.460879200542182,0.766092800371809,0.907242639708619,0.798411542540849,"122402/994",2,FALSE,"Higher_in_IPF","GO_Biological_Process"
"GO:0010631","epithelial cell migration","2/423","88/13537",0.0227272727272727,0.72732645604986,-0.460879200542182,0.766092800371809,0.907242639708619,0.798411542540849,"57111/1512",2,FALSE,"Higher_in_IPF","GO_Biological_Process"
"GO:0045824","negative regulation of innate immune response","2/423","88/13537",0.0227272727272727,0.72732645604986,-0.460879200542182,0.766092800371809,0.907242639708619,0.798411542540849,"3135/383",2,FALSE,"Higher_in_IPF","GO_Biological_Process"
"GO:0072384","organelle transport along microtubule","2/423","88/13537",0.0227272727272727,0.72732645604986,-0.460879200542182,0.766092800371809,0.907242639708619,0.798411542540849,"5590/25893",2,FALSE,"Higher_in_IPF","GO_Biological_Process"
"GO:0007266","Rho protein signal transduction","3/423","128/13537",0.0234375,0.750055407801418,-0.510267961757592,0.767872523194016,0.907242639708619,0.798411542540849,"408/335/120892",3,FALSE,"Higher_in_IPF","GO_Biological_Process"
"GO:0008277","regulation of G protein-coupled receptor signaling pathway","3/423","128/13537",0.0234375,0.750055407801418,-0.510267961757592,0.767872523194016,0.907242639708619,0.798411542540849,"55/408/120892",3,FALSE,"Higher_in_IPF","GO_Biological_Process"
"GO:0034614","cellular response to reactive oxygen species","3/423","128/13537",0.0234375,0.750055407801418,-0.510267961757592,0.767872523194016,0.907242639708619,0.798411542540849,"8807/120892/4353",3,FALSE,"Higher_in_IPF","GO_Biological_Process"
"GO:0010543","regulation of platelet activation","1/423","46/13537",0.0217391304347826,0.695703566656388,-0.371279930052755,0.768413611568402,0.907242639708619,0.798411542540849,"2811",1,FALSE,"Higher_in_IPF","GO_Biological_Process"
"GO:0019884","antigen processing and presentation of exogenous antigen","1/423","46/13537",0.0217391304347826,0.695703566656388,-0.371279930052755,0.768413611568402,0.907242639708619,0.798411542540849,"2209",1,FALSE,"Higher_in_IPF","GO_Biological_Process"
"GO:0032410","negative regulation of transporter activity","1/423","46/13537",0.0217391304347826,0.695703566656388,-0.371279930052755,0.768413611568402,0.907242639708619,0.798411542540849,"255738",1,FALSE,"Higher_in_IPF","GO_Biological_Process"
"GO:0043303","mast cell degranulation","1/423","46/13537",0.0217391304347826,0.695703566656388,-0.371279930052755,0.768413611568402,0.907242639708619,0.798411542540849,"50487",1,FALSE,"Higher_in_IPF","GO_Biological_Process"
"GO:0045668","negative regulation of osteoblast differentiation","1/423","46/13537",0.0217391304347826,0.695703566656388,-0.371279930052755,0.768413611568402,0.907242639708619,0.798411542540849,"4091",1,FALSE,"Higher_in_IPF","GO_Biological_Process"
"GO:0071867","response to monoamine","1/423","46/13537",0.0217391304347826,0.695703566656388,-0.371279930052755,0.768413611568402,0.907242639708619,0.798411542540849,"120892",1,FALSE,"Higher_in_IPF","GO_Biological_Process"
"GO:0071869","response to catecholamine","1/423","46/13537",0.0217391304347826,0.695703566656388,-0.371279930052755,0.768413611568402,0.907242639708619,0.798411542540849,"120892",1,FALSE,"Higher_in_IPF","GO_Biological_Process"
"GO:0086009","membrane repolarization","1/423","46/13537",0.0217391304347826,0.695703566656388,-0.371279930052755,0.768413611568402,0.907242639708619,0.798411542540849,"3759",1,FALSE,"Higher_in_IPF","GO_Biological_Process"
"GO:0086065","cell communication involved in cardiac conduction","1/423","46/13537",0.0217391304347826,0.695703566656388,-0.371279930052755,0.768413611568402,0.907242639708619,0.798411542540849,"79191",1,FALSE,"Higher_in_IPF","GO_Biological_Process"
"GO:0140894","endolysosomal toll-like receptor signaling pathway","1/423","46/13537",0.0217391304347826,0.695703566656388,-0.371279930052755,0.768413611568402,0.907242639708619,0.798411542540849,"51311",1,FALSE,"Higher_in_IPF","GO_Biological_Process"
"GO:0170036","import into the mitochondrion","1/423","46/13537",0.0217391304347826,0.695703566656388,-0.371279930052755,0.768413611568402,0.907242639708619,0.798411542540849,"7263",1,FALSE,"Higher_in_IPF","GO_Biological_Process"
"GO:1903573","negative regulation of response to endoplasmic reticulum stress","1/423","46/13537",0.0217391304347826,0.695703566656388,-0.371279930052755,0.768413611568402,0.907242639708619,0.798411542540849,"120892",1,FALSE,"Higher_in_IPF","GO_Biological_Process"
"GO:2000404","regulation of T cell migration","1/423","46/13537",0.0217391304347826,0.695703566656388,-0.371279930052755,0.768413611568402,0.907242639708619,0.798411542540849,"729230",1,FALSE,"Higher_in_IPF","GO_Biological_Process"
"GO:0033674","positive regulation of kinase activity","5/423","204/13537",0.0245098039215686,0.784371668289065,-0.557320135279766,0.768471109695567,0.907242639708619,0.798411542540849,"6283/114/120892/5319/353514",5,FALSE,"Higher_in_IPF","GO_Biological_Process"
"GO:0022412","cellular process involved in reproduction in multicellular organism","7/423","278/13537",0.0251798561151079,0.805814922530061,-0.58753079148702,0.770278381186872,0.909095165184382,0.800041842592856,"3549/1080/2352/56729/284359/994/50487",7,FALSE,"Higher_in_IPF","GO_Biological_Process"
"GO:0090132","epithelium migration","2/423","89/13537",0.0224719101123595,0.719154248678514,-0.47739930031721,0.771529613147941,0.910290501544758,0.801093788682658,"57111/1512",2,FALSE,"Higher_in_IPF","GO_Biological_Process"
"GO:0002762","negative regulation of myeloid leukocyte differentiation","1/423","47/13537",0.0212765957446809,0.680901363110508,-0.393564275592713,0.775674825882134,0.910958623567514,0.801681764061511,"51208",1,FALSE,"Higher_in_IPF","GO_Biological_Process"
"GO:0006858","extracellular transport","1/423","47/13537",0.0212765957446809,0.680901363110508,-0.393564275592713,0.775674825882134,0.910958623567514,0.801681764061511,"361",1,FALSE,"Higher_in_IPF","GO_Biological_Process"
"GO:0030520","estrogen receptor signaling pathway","1/423","47/13537",0.0212765957446809,0.680901363110508,-0.393564275592713,0.775674825882134,0.910958623567514,0.801681764061511,"1668",1,FALSE,"Higher_in_IPF","GO_Biological_Process"
"GO:0033628","regulation of cell adhesion mediated by integrin","1/423","47/13537",0.0212765957446809,0.680901363110508,-0.393564275592713,0.775674825882134,0.910958623567514,0.801681764061511,"4582",1,FALSE,"Higher_in_IPF","GO_Biological_Process"
"GO:0036215","response to stem cell factor","1/423","47/13537",0.0212765957446809,0.680901363110508,-0.393564275592713,0.775674825882134,0.910958623567514,0.801681764061511,"6098",1,FALSE,"Higher_in_IPF","GO_Biological_Process"
"GO:0036216","cellular response to stem cell factor stimulus","1/423","47/13537",0.0212765957446809,0.680901363110508,-0.393564275592713,0.775674825882134,0.910958623567514,0.801681764061511,"6098",1,FALSE,"Higher_in_IPF","GO_Biological_Process"
"GO:0038109","Kit signaling pathway","1/423","47/13537",0.0212765957446809,0.680901363110508,-0.393564275592713,0.775674825882134,0.910958623567514,0.801681764061511,"6098",1,FALSE,"Higher_in_IPF","GO_Biological_Process"
"GO:0043368","positive T cell selection","1/423","47/13537",0.0212765957446809,0.680901363110508,-0.393564275592713,0.775674825882134,0.910958623567514,0.801681764061511,"6469",1,FALSE,"Higher_in_IPF","GO_Biological_Process"
"GO:0060071","Wnt signaling pathway, planar cell polarity pathway","1/423","47/13537",0.0212765957446809,0.680901363110508,-0.393564275592713,0.775674825882134,0.910958623567514,0.801681764061511,"7476",1,FALSE,"Higher_in_IPF","GO_Biological_Process"
"GO:0061028","establishment of endothelial barrier","1/423","47/13537",0.0212765957446809,0.680901363110508,-0.393564275592713,0.775674825882134,0.910958623567514,0.801681764061511,"2194",1,FALSE,"Higher_in_IPF","GO_Biological_Process"
"GO:0061082","myeloid leukocyte cytokine production","1/423","47/13537",0.0212765957446809,0.680901363110508,-0.393564275592713,0.775674825882134,0.910958623567514,0.801681764061511,"3135",1,FALSE,"Higher_in_IPF","GO_Biological_Process"
"GO:0085029","extracellular matrix assembly","1/423","47/13537",0.0212765957446809,0.680901363110508,-0.393564275592713,0.775674825882134,0.910958623567514,0.801681764061511,"3549",1,FALSE,"Higher_in_IPF","GO_Biological_Process"
"GO:0141084","inflammasome-mediated signaling pathway","1/423","47/13537",0.0212765957446809,0.680901363110508,-0.393564275592713,0.775674825882134,0.910958623567514,0.801681764061511,"4210",1,FALSE,"Higher_in_IPF","GO_Biological_Process"
"GO:1901019","regulation of calcium ion transmembrane transporter activity","1/423","47/13537",0.0212765957446809,0.680901363110508,-0.393564275592713,0.775674825882134,0.910958623567514,0.801681764061511,"56704",1,FALSE,"Higher_in_IPF","GO_Biological_Process"
"GO:1903146","regulation of autophagy of mitochondrion","1/423","47/13537",0.0212765957446809,0.680901363110508,-0.393564275592713,0.775674825882134,0.910958623567514,0.801681764061511,"7855",1,FALSE,"Higher_in_IPF","GO_Biological_Process"
"GO:0007283","spermatogenesis","11/423","424/13537",0.0259433962264151,0.830250011151256,-0.637807202113498,0.777429683098174,0.912738785384019,0.803248381060844,"3552/60675/353189/116369/6098/1080/120892/6751/122402/10942/50487",11,FALSE,"Higher_in_IPF","GO_Biological_Process"
"GO:0006672","ceramide metabolic process","2/423","91/13537",0.021978021978022,0.703348660795469,-0.509938993971147,0.782073740007893,0.913878455268564,0.804251338319113,"2529/2525",2,FALSE,"Higher_in_IPF","GO_Biological_Process"
"GO:0016239","positive regulation of macroautophagy","2/423","91/13537",0.021978021978022,0.703348660795469,-0.509938993971147,0.782073740007893,0.913878455268564,0.804251338319113,"131540/3162",2,FALSE,"Higher_in_IPF","GO_Biological_Process"
"GO:0045639","positive regulation of myeloid cell differentiation","2/423","91/13537",0.021978021978022,0.703348660795469,-0.509938993971147,0.782073740007893,0.913878455268564,0.804251338319113,"5196/50487",2,FALSE,"Higher_in_IPF","GO_Biological_Process"
"GO:0000381","regulation of alternative mRNA splicing, via spliceosome","1/423","48/13537",0.0208333333333333,0.666715918045705,-0.415425431803929,0.782708891756994,0.913878455268564,0.804251338319113,"202559",1,FALSE,"Higher_in_IPF","GO_Biological_Process"
"GO:0006458","'de novo' protein folding","1/423","48/13537",0.0208333333333333,0.666715918045705,-0.415425431803929,0.782708891756994,0.913878455268564,0.804251338319113,"3310",1,FALSE,"Higher_in_IPF","GO_Biological_Process"
"GO:0006509","membrane protein ectodomain proteolysis","1/423","48/13537",0.0208333333333333,0.666715918045705,-0.415425431803929,0.782708891756994,0.913878455268564,0.804251338319113,"5657",1,FALSE,"Higher_in_IPF","GO_Biological_Process"
"GO:0007094","mitotic spindle assembly checkpoint signaling","1/423","48/13537",0.0208333333333333,0.666715918045705,-0.415425431803929,0.782708891756994,0.913878455268564,0.804251338319113,"84101",1,FALSE,"Higher_in_IPF","GO_Biological_Process"
"GO:0031648","protein destabilization","1/423","48/13537",0.0208333333333333,0.666715918045705,-0.415425431803929,0.782708891756994,0.913878455268564,0.804251338319113,"1512",1,FALSE,"Higher_in_IPF","GO_Biological_Process"
"GO:0045912","negative regulation of carbohydrate metabolic process","1/423","48/13537",0.0208333333333333,0.666715918045705,-0.415425431803929,0.782708891756994,0.913878455268564,0.804251338319113,"26471",1,FALSE,"Higher_in_IPF","GO_Biological_Process"
"GO:0047496","vesicle transport along microtubule","1/423","48/13537",0.0208333333333333,0.666715918045705,-0.415425431803929,0.782708891756994,0.913878455268564,0.804251338319113,"5590",1,FALSE,"Higher_in_IPF","GO_Biological_Process"
"GO:0048489","synaptic vesicle transport","1/423","48/13537",0.0208333333333333,0.666715918045705,-0.415425431803929,0.782708891756994,0.913878455268564,0.804251338319113,"120892",1,FALSE,"Higher_in_IPF","GO_Biological_Process"
"GO:0048599","oocyte development","1/423","48/13537",0.0208333333333333,0.666715918045705,-0.415425431803929,0.782708891756994,0.913878455268564,0.804251338319113,"994",1,FALSE,"Higher_in_IPF","GO_Biological_Process"
"GO:0051489","regulation of filopodium assembly","1/423","48/13537",0.0208333333333333,0.666715918045705,-0.415425431803929,0.782708891756994,0.913878455268564,0.804251338319113,"64284",1,FALSE,"Higher_in_IPF","GO_Biological_Process"
"GO:0055021","regulation of cardiac muscle tissue growth","1/423","48/13537",0.0208333333333333,0.666715918045705,-0.415425431803929,0.782708891756994,0.913878455268564,0.804251338319113,"5950",1,FALSE,"Higher_in_IPF","GO_Biological_Process"
"GO:0071173","spindle assembly checkpoint signaling","1/423","48/13537",0.0208333333333333,0.666715918045705,-0.415425431803929,0.782708891756994,0.913878455268564,0.804251338319113,"84101",1,FALSE,"Higher_in_IPF","GO_Biological_Process"
"GO:0071174","mitotic spindle checkpoint signaling","1/423","48/13537",0.0208333333333333,0.666715918045705,-0.415425431803929,0.782708891756994,0.913878455268564,0.804251338319113,"84101",1,FALSE,"Higher_in_IPF","GO_Biological_Process"
"GO:0098927","vesicle-mediated transport between endosomal compartments","1/423","48/13537",0.0208333333333333,0.666715918045705,-0.415425431803929,0.782708891756994,0.913878455268564,0.804251338319113,"2013",1,FALSE,"Higher_in_IPF","GO_Biological_Process"
"GO:1901976","regulation of cell cycle checkpoint","1/423","48/13537",0.0208333333333333,0.666715918045705,-0.415425431803929,0.782708891756994,0.913878455268564,0.804251338319113,"84101",1,FALSE,"Higher_in_IPF","GO_Biological_Process"
"GO:0048667","cell morphogenesis involved in neuron differentiation","13/423","498/13537",0.0261044176706827,0.835403078033173,-0.672143502977596,0.785308535543707,0.916633441976726,0.806675842074856,"84879/56956/89780/27255/7476/1501/221692/6469/627/120892/7080/4099/84612",13,FALSE,"Higher_in_IPF","GO_Biological_Process"
"GO:0008360","regulation of cell shape","3/423","132/13537",0.0227272727272727,0.72732645604986,-0.565385057048976,0.78564562779941,0.91674664026227,0.806775461309908,"5028/23221/3249",3,FALSE,"Higher_in_IPF","GO_Biological_Process"
"GO:0010970","transport along microtubule","4/423","171/13537",0.0233918128654971,0.748593311489915,-0.594185324674763,0.786213981342474,0.917066756005805,0.807057176579231,"5590/25893/64284/57662",4,FALSE,"Higher_in_IPF","GO_Biological_Process"
"GO:1990830","cellular response to leukemia inhibitory factor","2/423","92/13537",0.0217391304347826,0.695703566656388,-0.525966567160317,0.787184201317284,0.917066756005805,0.807057176579231,"9806/6751",2,FALSE,"Higher_in_IPF","GO_Biological_Process"
"GO:0001755","neural crest cell migration","1/423","49/13537",0.0204081632653061,0.65310947073865,-0.436882321440255,0.789522898635694,0.917066756005805,0.807057176579231,"6469",1,FALSE,"Higher_in_IPF","GO_Biological_Process"
"GO:0002279","mast cell activation involved in immune response","1/423","49/13537",0.0204081632653061,0.65310947073865,-0.436882321440255,0.789522898635694,0.917066756005805,0.807057176579231,"50487",1,FALSE,"Higher_in_IPF","GO_Biological_Process"
"GO:0002448","mast cell mediated immunity","1/423","49/13537",0.0204081632653061,0.65310947073865,-0.436882321440255,0.789522898635694,0.917066756005805,0.807057176579231,"50487",1,FALSE,"Higher_in_IPF","GO_Biological_Process"
"GO:0002639","positive regulation of immunoglobulin production","1/423","49/13537",0.0204081632653061,0.65310947073865,-0.436882321440255,0.789522898635694,0.917066756005805,0.807057176579231,"5950",1,FALSE,"Higher_in_IPF","GO_Biological_Process"
"GO:0006024","glycosaminoglycan biosynthetic process","1/423","49/13537",0.0204081632653061,0.65310947073865,-0.436882321440255,0.789522898635694,0.917066756005805,0.807057176579231,"1950",1,FALSE,"Higher_in_IPF","GO_Biological_Process"
"GO:0006497","protein lipidation","1/423","49/13537",0.0204081632653061,0.65310947073865,-0.436882321440255,0.789522898635694,0.917066756005805,0.807057176579231,"131540",1,FALSE,"Higher_in_IPF","GO_Biological_Process"
"GO:0031577","spindle checkpoint signaling","1/423","49/13537",0.0204081632653061,0.65310947073865,-0.436882321440255,0.789522898635694,0.917066756005805,0.807057176579231,"84101",1,FALSE,"Higher_in_IPF","GO_Biological_Process"
"GO:0035790","platelet-derived growth factor receptor-alpha signaling pathway","1/423","49/13537",0.0204081632653061,0.65310947073865,-0.436882321440255,0.789522898635694,0.917066756005805,0.807057176579231,"6098",1,FALSE,"Higher_in_IPF","GO_Biological_Process"
"GO:0038145","macrophage colony-stimulating factor signaling pathway","1/423","49/13537",0.0204081632653061,0.65310947073865,-0.436882321440255,0.789522898635694,0.917066756005805,0.807057176579231,"6098",1,FALSE,"Higher_in_IPF","GO_Biological_Process"
"GO:0045778","positive regulation of ossification","1/423","49/13537",0.0204081632653061,0.65310947073865,-0.436882321440255,0.789522898635694,0.917066756005805,0.807057176579231,"84059",1,FALSE,"Higher_in_IPF","GO_Biological_Process"
"GO:0050856","regulation of T cell receptor signaling pathway","1/423","49/13537",0.0204081632653061,0.65310947073865,-0.436882321440255,0.789522898635694,0.917066756005805,0.807057176579231,"11126",1,FALSE,"Higher_in_IPF","GO_Biological_Process"
"GO:0051341","regulation of oxidoreductase activity","1/423","49/13537",0.0204081632653061,0.65310947073865,-0.436882321440255,0.789522898635694,0.917066756005805,0.807057176579231,"4883",1,FALSE,"Higher_in_IPF","GO_Biological_Process"
"GO:0099024","plasma membrane invagination","1/423","49/13537",0.0204081632653061,0.65310947073865,-0.436882321440255,0.789522898635694,0.917066756005805,0.807057176579231,"2209",1,FALSE,"Higher_in_IPF","GO_Biological_Process"
"GO:0007156","homophilic cell adhesion via plasma membrane adhesion molecules","3/423","133/13537",0.0225563909774436,0.721857836079561,-0.578926203123945,0.789909227294048,0.917236444589014,0.807206509643553,"27255/253559/5101",3,FALSE,"Higher_in_IPF","GO_Biological_Process"
"GO:0009141","nucleoside triphosphate metabolic process","6/423","248/13537",0.0241935483870968,0.774250743536948,-0.644397408428211,0.791624077842418,0.91775372724938,0.807661740062314,"5208/51085/80201/120892/2819/26471",6,FALSE,"Higher_in_IPF","GO_Biological_Process"
"GO:0036293","response to decreased oxygen levels","7/423","285/13537",0.0245614035087719,0.78602297706441,-0.655687076927326,0.791697512290738,0.91775372724938,0.807661740062314,"3552/177/3767/94/6532/64344/2277",7,FALSE,"Higher_in_IPF","GO_Biological_Process"
"GO:0007029","endoplasmic reticulum organization","2/423","93/13537",0.021505376344086,0.688222883143954,-0.541837708431837,0.792189040425415,0.91775372724938,0.807661740062314,"83850/120892",2,FALSE,"Higher_in_IPF","GO_Biological_Process"
"GO:0007044","cell-substrate junction assembly","2/423","93/13537",0.021505376344086,0.688222883143954,-0.541837708431837,0.792189040425415,0.91775372724938,0.807661740062314,"94/57662",2,FALSE,"Higher_in_IPF","GO_Biological_Process"
"GO:0022037","metencephalon development","2/423","93/13537",0.021505376344086,0.688222883143954,-0.541837708431837,0.792189040425415,0.91775372724938,0.807661740062314,"7476/6751",2,FALSE,"Higher_in_IPF","GO_Biological_Process"
"GO:0042542","response to hydrogen peroxide","2/423","93/13537",0.021505376344086,0.688222883143954,-0.541837708431837,0.792189040425415,0.91775372724938,0.807661740062314,"8807/3162",2,FALSE,"Higher_in_IPF","GO_Biological_Process"
"GO:0090130","tissue migration","2/423","93/13537",0.021505376344086,0.688222883143954,-0.541837708431837,0.792189040425415,0.91775372724938,0.807661740062314,"57111/1512",2,FALSE,"Higher_in_IPF","GO_Biological_Process"
"GO:0007030","Golgi organization","3/423","134/13537",0.0223880597014925,0.716470837302847,-0.592375233109579,0.794102284958563,0.91775372724938,0.807661740062314,"85462/120892/57662",3,FALSE,"Higher_in_IPF","GO_Biological_Process"
"GO:0007224","smoothened signaling pathway","3/423","134/13537",0.0223880597014925,0.716470837302847,-0.592375233109579,0.794102284958563,0.91775372724938,0.807661740062314,"3549/64399/6469",3,FALSE,"Higher_in_IPF","GO_Biological_Process"
"GO:0034101","erythrocyte homeostasis","3/423","134/13537",0.0223880597014925,0.716470837302847,-0.592375233109579,0.794102284958563,0.91775372724938,0.807661740062314,"25893/80739/3162",3,FALSE,"Higher_in_IPF","GO_Biological_Process"
"GO:0006163","purine nucleotide metabolic process","10/423","395/13537",0.0253164556962025,0.810186432055541,-0.687611032183599,0.794448340296588,0.91775372724938,0.807661740062314,"2330/5208/51085/114/80201/120892/2819/26471/6799/51181",10,FALSE,"Higher_in_IPF","GO_Biological_Process"
"GO:0001756","somitogenesis","1/423","50/13537",0.02,0.640047281323877,-0.457952620376758,0.796123715204281,0.91775372724938,0.807661740062314,"89780",1,FALSE,"Higher_in_IPF","GO_Biological_Process"
"GO:0009994","oocyte differentiation","1/423","50/13537",0.02,0.640047281323877,-0.457952620376758,0.796123715204281,0.91775372724938,0.807661740062314,"994",1,FALSE,"Higher_in_IPF","GO_Biological_Process"
"GO:0010171","body morphogenesis","1/423","50/13537",0.02,0.640047281323877,-0.457952620376758,0.796123715204281,0.91775372724938,0.807661740062314,"3549",1,FALSE,"Higher_in_IPF","GO_Biological_Process"
"GO:0016601","Rac protein signal transduction","1/423","50/13537",0.02,0.640047281323877,-0.457952620376758,0.796123715204281,0.91775372724938,0.807661740062314,"5923",1,FALSE,"Higher_in_IPF","GO_Biological_Process"
"GO:0021879","forebrain neuron differentiation","1/423","50/13537",0.02,0.640047281323877,-0.457952620376758,0.796123715204281,0.91775372724938,0.807661740062314,"7080",1,FALSE,"Higher_in_IPF","GO_Biological_Process"
"GO:0033046","negative regulation of sister chromatid segregation","1/423","50/13537",0.02,0.640047281323877,-0.457952620376758,0.796123715204281,0.91775372724938,0.807661740062314,"84101",1,FALSE,"Higher_in_IPF","GO_Biological_Process"
"GO:0033048","negative regulation of mitotic sister chromatid segregation","1/423","50/13537",0.02,0.640047281323877,-0.457952620376758,0.796123715204281,0.91775372724938,0.807661740062314,"84101",1,FALSE,"Higher_in_IPF","GO_Biological_Process"
"GO:0034332","adherens junction organization","1/423","50/13537",0.02,0.640047281323877,-0.457952620376758,0.796123715204281,0.91775372724938,0.807661740062314,"57662",1,FALSE,"Higher_in_IPF","GO_Biological_Process"
"GO:0045841","negative regulation of mitotic metaphase/anaphase transition","1/423","50/13537",0.02,0.640047281323877,-0.457952620376758,0.796123715204281,0.91775372724938,0.807661740062314,"84101",1,FALSE,"Higher_in_IPF","GO_Biological_Process"
"GO:0048146","positive regulation of fibroblast proliferation","1/423","50/13537",0.02,0.640047281323877,-0.457952620376758,0.796123715204281,0.91775372724938,0.807661740062314,"5319",1,FALSE,"Higher_in_IPF","GO_Biological_Process"
"GO:0051452","intracellular pH reduction","1/423","50/13537",0.02,0.640047281323877,-0.457952620376758,0.796123715204281,0.91775372724938,0.807661740062314,"760",1,FALSE,"Higher_in_IPF","GO_Biological_Process"
"GO:2000059","negative regulation of ubiquitin-dependent protein catabolic process","1/423","50/13537",0.02,0.640047281323877,-0.457952620376758,0.796123715204281,0.91775372724938,0.807661740062314,"6469",1,FALSE,"Higher_in_IPF","GO_Biological_Process"
"GO:2000816","negative regulation of mitotic sister chromatid separation","1/423","50/13537",0.02,0.640047281323877,-0.457952620376758,0.796123715204281,0.91775372724938,0.807661740062314,"84101",1,FALSE,"Higher_in_IPF","GO_Biological_Process"
"GO:0042147","retrograde transport, endosome to Golgi","2/423","94/13537",0.0212765957446809,0.680901363110508,-0.557556063707778,0.797089849443647,0.918312928538276,0.808153860630855,"127845/120892",2,FALSE,"Higher_in_IPF","GO_Biological_Process"
"GO:1990823","response to leukemia inhibitory factor","2/423","94/13537",0.0212765957446809,0.680901363110508,-0.557556063707778,0.797089849443647,0.918312928538276,0.808153860630855,"9806/6751",2,FALSE,"Higher_in_IPF","GO_Biological_Process"
"GO:0051648","vesicle localization","5/423","213/13537",0.0234741784037559,0.751229203431781,-0.657233441754878,0.799848032028208,0.919571941681846,0.809261844958356,"5590/79083/64284/120892/4640",5,FALSE,"Higher_in_IPF","GO_Biological_Process"
"GO:0099111","microtubule-based transport","5/423","213/13537",0.0234741784037559,0.751229203431781,-0.657233441754878,0.799848032028208,0.919571941681846,0.809261844958356,"5590/25893/64284/361/57662",5,FALSE,"Higher_in_IPF","GO_Biological_Process"
"GO:0030316","osteoclast differentiation","2/423","95/13537",0.0210526315789474,0.673733980340923,-0.573125152676889,0.801888224337028,0.919571941681846,0.809261844958356,"51208/126014",2,FALSE,"Higher_in_IPF","GO_Biological_Process"
"GO:0000768","syncytium formation by plasma membrane fusion","1/423","51/13537",0.0196078431372549,0.627497334631252,-0.478652864012401,0.802517996250369,0.919571941681846,0.809261844958356,"284359",1,FALSE,"Higher_in_IPF","GO_Biological_Process"
"GO:0006220","pyrimidine nucleotide metabolic process","1/423","51/13537",0.0196078431372549,0.627497334631252,-0.478652864012401,0.802517996250369,0.919571941681846,0.809261844958356,"51733",1,FALSE,"Higher_in_IPF","GO_Biological_Process"
"GO:0006826","iron ion transport","1/423","51/13537",0.0196078431372549,0.627497334631252,-0.478652864012401,0.802517996250369,0.919571941681846,0.809261844958356,"64116",1,FALSE,"Higher_in_IPF","GO_Biological_Process"
"GO:0010332","response to gamma radiation","1/423","51/13537",0.0196078431372549,0.627497334631252,-0.478652864012401,0.802517996250369,0.919571941681846,0.809261844958356,"3552",1,FALSE,"Higher_in_IPF","GO_Biological_Process"
"GO:0010611","regulation of cardiac muscle hypertrophy","1/423","51/13537",0.0196078431372549,0.627497334631252,-0.478652864012401,0.802517996250369,0.919571941681846,0.809261844958356,"148",1,FALSE,"Higher_in_IPF","GO_Biological_Process"
"GO:0017156","calcium-ion regulated exocytosis","1/423","51/13537",0.0196078431372549,0.627497334631252,-0.478652864012401,0.802517996250369,0.919571941681846,0.809261844958356,"83849",1,FALSE,"Higher_in_IPF","GO_Biological_Process"
"GO:0035195","miRNA-mediated post-transcriptional gene silencing","1/423","51/13537",0.0196078431372549,0.627497334631252,-0.478652864012401,0.802517996250369,0.919571941681846,0.809261844958356,"131405",1,FALSE,"Higher_in_IPF","GO_Biological_Process"
"GO:0039532","negative regulation of cytoplasmic pattern recognition receptor signaling pathway","1/423","51/13537",0.0196078431372549,0.627497334631252,-0.478652864012401,0.802517996250369,0.919571941681846,0.809261844958356,"4210",1,FALSE,"Higher_in_IPF","GO_Biological_Process"
"GO:0051403","stress-activated MAPK cascade","1/423","51/13537",0.0196078431372549,0.627497334631252,-0.478652864012401,0.802517996250369,0.919571941681846,0.809261844958356,"3552",1,FALSE,"Higher_in_IPF","GO_Biological_Process"
"GO:0051496","positive regulation of stress fiber assembly","1/423","51/13537",0.0196078431372549,0.627497334631252,-0.478652864012401,0.802517996250369,0.919571941681846,0.809261844958356,"335",1,FALSE,"Higher_in_IPF","GO_Biological_Process"
"GO:0090497","mesenchymal cell migration","1/423","51/13537",0.0196078431372549,0.627497334631252,-0.478652864012401,0.802517996250369,0.919571941681846,0.809261844958356,"6469",1,FALSE,"Higher_in_IPF","GO_Biological_Process"
"GO:0097300","programmed necrotic cell death","1/423","51/13537",0.0196078431372549,0.627497334631252,-0.478652864012401,0.802517996250369,0.919571941681846,0.809261844958356,"26471",1,FALSE,"Higher_in_IPF","GO_Biological_Process"
"GO:0140253","cell-cell fusion","1/423","51/13537",0.0196078431372549,0.627497334631252,-0.478652864012401,0.802517996250369,0.919571941681846,0.809261844958356,"284359",1,FALSE,"Higher_in_IPF","GO_Biological_Process"
"GO:1902100","negative regulation of metaphase/anaphase transition of cell cycle","1/423","51/13537",0.0196078431372549,0.627497334631252,-0.478652864012401,0.802517996250369,0.919571941681846,0.809261844958356,"84101",1,FALSE,"Higher_in_IPF","GO_Biological_Process"
"GO:1905819","negative regulation of chromosome separation","1/423","51/13537",0.0196078431372549,0.627497334631252,-0.478652864012401,0.802517996250369,0.919571941681846,0.809261844958356,"84101",1,FALSE,"Higher_in_IPF","GO_Biological_Process"
"GO:0030148","sphingolipid biosynthetic process","2/423","96/13537",0.0208333333333333,0.666715918045705,-0.58854837450625,0.806585763133526,0.923142898121446,0.81240443627241,"83401/2523",2,FALSE,"Higher_in_IPF","GO_Biological_Process"
"GO:0042752","regulation of circadian rhythm","2/423","96/13537",0.0208333333333333,0.666715918045705,-0.58854837450625,0.806585763133526,0.923142898121446,0.81240443627241,"1437/7080",2,FALSE,"Higher_in_IPF","GO_Biological_Process"
"GO:0061982","meiosis I cell cycle process","2/423","96/13537",0.0208333333333333,0.666715918045705,-0.58854837450625,0.806585763133526,0.923142898121446,0.81240443627241,"122402/994",2,FALSE,"Higher_in_IPF","GO_Biological_Process"
"GO:0048232","male gamete generation","11/423","436/13537",0.0252293577981651,0.807399093413148,-0.734170813207372,0.806601547441892,0.923142898121446,0.81240443627241,"3552/60675/353189/116369/6098/1080/120892/6751/122402/10942/50487",11,FALSE,"Higher_in_IPF","GO_Biological_Process"
"GO:0006984","ER-nucleus signaling pathway","1/423","52/13537",0.0192307692307692,0.615430078196036,-0.498998542645226,0.808712189308807,0.923282899241457,0.812527643125012,"79794",1,FALSE,"Higher_in_IPF","GO_Biological_Process"
"GO:0032147","activation of protein kinase activity","1/423","52/13537",0.0192307692307692,0.615430078196036,-0.498998542645226,0.808712189308807,0.923282899241457,0.812527643125012,"114",1,FALSE,"Higher_in_IPF","GO_Biological_Process"
"GO:0033013","tetrapyrrole metabolic process","1/423","52/13537",0.0192307692307692,0.615430078196036,-0.498998542645226,0.808712189308807,0.923282899241457,0.812527643125012,"3162",1,FALSE,"Higher_in_IPF","GO_Biological_Process"
"GO:0051445","regulation of meiotic cell cycle","1/423","52/13537",0.0192307692307692,0.615430078196036,-0.498998542645226,0.808712189308807,0.923282899241457,0.812527643125012,"994",1,FALSE,"Higher_in_IPF","GO_Biological_Process"
"GO:0051985","negative regulation of chromosome segregation","1/423","52/13537",0.0192307692307692,0.615430078196036,-0.498998542645226,0.808712189308807,0.923282899241457,0.812527643125012,"84101",1,FALSE,"Higher_in_IPF","GO_Biological_Process"
"GO:0061005","cell differentiation involved in kidney development","1/423","52/13537",0.0192307692307692,0.615430078196036,-0.498998542645226,0.808712189308807,0.923282899241457,0.812527643125012,"6469",1,FALSE,"Higher_in_IPF","GO_Biological_Process"
"GO:1902895","positive regulation of miRNA transcription","1/423","52/13537",0.0192307692307692,0.615430078196036,-0.498998542645226,0.808712189308807,0.923282899241457,0.812527643125012,"4091",1,FALSE,"Higher_in_IPF","GO_Biological_Process"
"GO:0007249","canonical NF-kappaB signal transduction","7/423","291/13537",0.0240549828178694,0.769816317743495,-0.712896396069858,0.808834852912236,0.923282899241457,0.812527643125012,"6283/3552/1524/64116/91662/3162/51311",7,FALSE,"Higher_in_IPF","GO_Biological_Process"
"GO:0061564","axon development","11/423","437/13537",0.0251716247139588,0.805551498233713,-0.742091468571869,0.808900287575347,0.923282899241457,0.812527643125012,"56956/89780/27255/7476/10675/6469/55118/627/7080/4099/84612",11,FALSE,"Higher_in_IPF","GO_Biological_Process"
"GO:0045445","myoblast differentiation","2/423","97/13537",0.0206185567010309,0.659842558065853,-0.603829013236234,0.811184064240915,0.925336348154112,0.814334764221534,"89780/6469",2,FALSE,"Higher_in_IPF","GO_Biological_Process"
"GO:0048010","vascular endothelial growth factor receptor signaling pathway","2/423","97/13537",0.0206185567010309,0.659842558065853,-0.603829013236234,0.811184064240915,0.925336348154112,0.814334764221534,"6098/2277",2,FALSE,"Higher_in_IPF","GO_Biological_Process"
"GO:0018108","peptidyl-tyrosine phosphorylation","4/423","178/13537",0.0224719101123595,0.719154248678514,-0.677389797577999,0.811550520309948,0.925477863364212,0.814459303536865,"5590/1950/9052/353514",4,FALSE,"Higher_in_IPF","GO_Biological_Process"
"GO:0006979","response to oxidative stress","9/423","366/13537",0.0245901639344262,0.786943378676898,-0.742119717080389,0.812422765390457,0.926195914679237,0.815091218785289,"8807/3552/3373/2878/4257/120892/53905/4353/3162",9,FALSE,"Higher_in_IPF","GO_Biological_Process"
"GO:0008631","intrinsic apoptotic signaling pathway in response to oxidative stress","1/423","53/13537",0.0188679245283019,0.603818189928186,-0.519004187154924,0.814712541101345,0.926318940969576,0.815199487076421,"5625",1,FALSE,"Higher_in_IPF","GO_Biological_Process"
"GO:0014743","regulation of muscle hypertrophy","1/423","53/13537",0.0188679245283019,0.603818189928186,-0.519004187154924,0.814712541101345,0.926318940969576,0.815199487076421,"148",1,FALSE,"Higher_in_IPF","GO_Biological_Process"
"GO:0033363","secretory granule organization","1/423","53/13537",0.0188679245283019,0.603818189928186,-0.519004187154924,0.814712541101345,0.926318940969576,0.815199487076421,"50487",1,FALSE,"Higher_in_IPF","GO_Biological_Process"
"GO:0038063","collagen-activated tyrosine kinase receptor signaling pathway","1/423","53/13537",0.0188679245283019,0.603818189928186,-0.519004187154924,0.814712541101345,0.926318940969576,0.815199487076421,"6098",1,FALSE,"Higher_in_IPF","GO_Biological_Process"
"GO:0045744","negative regulation of G protein-coupled receptor signaling pathway","1/423","53/13537",0.0188679245283019,0.603818189928186,-0.519004187154924,0.814712541101345,0.926318940969576,0.815199487076421,"408",1,FALSE,"Higher_in_IPF","GO_Biological_Process"
"GO:0050435","amyloid-beta metabolic process","1/423","53/13537",0.0188679245283019,0.603818189928186,-0.519004187154924,0.814712541101345,0.926318940969576,0.815199487076421,"4311",1,FALSE,"Higher_in_IPF","GO_Biological_Process"
"GO:0060420","regulation of heart growth","1/423","53/13537",0.0188679245283019,0.603818189928186,-0.519004187154924,0.814712541101345,0.926318940969576,0.815199487076421,"5950",1,FALSE,"Higher_in_IPF","GO_Biological_Process"
"GO:2000242","negative regulation of reproductive process","1/423","53/13537",0.0188679245283019,0.603818189928186,-0.519004187154924,0.814712541101345,0.926318940969576,0.815199487076421,"3552",1,FALSE,"Higher_in_IPF","GO_Biological_Process"
"GO:0018212","peptidyl-tyrosine modification","4/423","179/13537",0.0223463687150838,0.715136627177516,-0.68903324230676,0.814962333251636,0.926318940969576,0.815199487076421,"5590/1950/9052/353514",4,FALSE,"Higher_in_IPF","GO_Biological_Process"
"GO:0050851","antigen receptor-mediated signaling pathway","4/423","179/13537",0.0223463687150838,0.715136627177516,-0.68903324230676,0.814962333251636,0.926318940969576,0.815199487076421,"11126/79908/153579/84106",4,FALSE,"Higher_in_IPF","GO_Biological_Process"
"GO:0003279","cardiac septum development","2/423","98/13537",0.0204081632653061,0.65310947073865,-0.618970242879468,0.815684724866347,0.926318940969576,0.815199487076421,"4036/4091",2,FALSE,"Higher_in_IPF","GO_Biological_Process"
"GO:0006029","proteoglycan metabolic process","2/423","98/13537",0.0204081632653061,0.65310947073865,-0.618970242879468,0.815684724866347,0.926318940969576,0.815199487076421,"3549/3373",2,FALSE,"Higher_in_IPF","GO_Biological_Process"
"GO:0048675","axon extension","2/423","98/13537",0.0204081632653061,0.65310947073865,-0.618970242879468,0.815684724866347,0.926318940969576,0.815199487076421,"89780/4099",2,FALSE,"Higher_in_IPF","GO_Biological_Process"
"GO:0010976","positive regulation of neuron projection development","3/423","140/13537",0.0214285714285714,0.685764944275583,-0.671216523144046,0.817818504509735,0.928226621102027,0.816878325537666,"6280/627/50487",3,FALSE,"Higher_in_IPF","GO_Biological_Process"
"GO:0034655","nucleobase-containing compound catabolic process","12/423","478/13537",0.0251046025104603,0.803406629276833,-0.7859150822138,0.819936704099567,0.928226621102027,0.816878325537666,"115572/5208/131405/7432/51085/80201/2819/6037/6036/26471/27443/51733",12,FALSE,"Higher_in_IPF","GO_Biological_Process"
"GO:0043271","negative regulation of monoatomic ion transport","2/423","99/13537",0.0202020202020202,0.646512405377654,-0.63397513224293,0.820089339533878,0.928226621102027,0.816878325537666,"255738/5593",2,FALSE,"Higher_in_IPF","GO_Biological_Process"
"GO:0006687","glycosphingolipid metabolic process","1/423","54/13537",0.0185185185185185,0.592636371596182,-0.5386834461439,0.820525103776674,0.928226621102027,0.816878325537666,"2523",1,FALSE,"Higher_in_IPF","GO_Biological_Process"
"GO:0006949","syncytium formation","1/423","54/13537",0.0185185185185185,0.592636371596182,-0.5386834461439,0.820525103776674,0.928226621102027,0.816878325537666,"284359",1,FALSE,"Higher_in_IPF","GO_Biological_Process"
"GO:0010718","positive regulation of epithelial to mesenchymal transition","1/423","54/13537",0.0185185185185185,0.592636371596182,-0.5386834461439,0.820525103776674,0.928226621102027,0.816878325537666,"2013",1,FALSE,"Higher_in_IPF","GO_Biological_Process"
"GO:0031098","stress-activated protein kinase signaling cascade","1/423","54/13537",0.0185185185185185,0.592636371596182,-0.5386834461439,0.820525103776674,0.928226621102027,0.816878325537666,"3552",1,FALSE,"Higher_in_IPF","GO_Biological_Process"
"GO:0043113","receptor clustering","1/423","54/13537",0.0185185185185185,0.592636371596182,-0.5386834461439,0.820525103776674,0.928226621102027,0.816878325537666,"5284",1,FALSE,"Higher_in_IPF","GO_Biological_Process"
"GO:0043370","regulation of CD4-positive, alpha-beta T cell differentiation","1/423","54/13537",0.0185185185185185,0.592636371596182,-0.5386834461439,0.820525103776674,0.928226621102027,0.816878325537666,"5590",1,FALSE,"Higher_in_IPF","GO_Biological_Process"
"GO:0043462","regulation of ATP-dependent activity","1/423","54/13537",0.0185185185185185,0.592636371596182,-0.5386834461439,0.820525103776674,0.928226621102027,0.816878325537666,"7134",1,FALSE,"Higher_in_IPF","GO_Biological_Process"
"GO:0043536","positive regulation of blood vessel endothelial cell migration","1/423","54/13537",0.0185185185185185,0.592636371596182,-0.5386834461439,0.820525103776674,0.928226621102027,0.816878325537666,"3162",1,FALSE,"Higher_in_IPF","GO_Biological_Process"
"GO:0060612","adipose tissue development","1/423","54/13537",0.0185185185185185,0.592636371596182,-0.5386834461439,0.820525103776674,0.928226621102027,0.816878325537666,"84649",1,FALSE,"Higher_in_IPF","GO_Biological_Process"
"GO:2000134","negative regulation of G1/S transition of mitotic cell cycle","1/423","54/13537",0.0185185185185185,0.592636371596182,-0.5386834461439,0.820525103776674,0.928226621102027,0.816878325537666,"8328",1,FALSE,"Higher_in_IPF","GO_Biological_Process"
"GO:0035264","multicellular organism growth","3/423","141/13537",0.0212765957446809,0.680901363110508,-0.684060798115976,0.821537600222245,0.928930967121884,0.817498179551999,"84879/3549/9254",3,FALSE,"Higher_in_IPF","GO_Biological_Process"
"GO:0045637","regulation of myeloid cell differentiation","4/423","181/13537",0.0220994475138122,0.707234564998759,-0.712145361792464,0.821634331055684,0.928930967121884,0.817498179551999,"1441/51208/5196/50487",4,FALSE,"Higher_in_IPF","GO_Biological_Process"
"GO:0006626","protein targeting to mitochondrion","2/423","100/13537",0.02,0.640047281323877,-0.648846649490897,0.824399498695377,0.931229966277796,0.819521395152801,"7855/120892",2,FALSE,"Higher_in_IPF","GO_Biological_Process"
"GO:0071482","cellular response to light stimulus","2/423","100/13537",0.02,0.640047281323877,-0.648846649490897,0.824399498695377,0.931229966277796,0.819521395152801,"3373/4311",2,FALSE,"Higher_in_IPF","GO_Biological_Process"
"GO:0150115","cell-substrate junction organization","2/423","100/13537",0.02,0.640047281323877,-0.648846649490897,0.824399498695377,0.931229966277796,0.819521395152801,"94/57662",2,FALSE,"Higher_in_IPF","GO_Biological_Process"
"GO:0033157","regulation of intracellular protein transport","3/423","142/13537",0.0211267605633803,0.676106283088602,-0.69682400521571,0.825191926876792,0.931285095652159,0.819569911312534,"6469/1128/123264",3,FALSE,"Higher_in_IPF","GO_Biological_Process"
"GO:0000271","polysaccharide biosynthetic process","1/423","55/13537",0.0181818181818182,0.581861164839888,-0.558049155532322,0.82615574095701,0.931285095652159,0.819569911312534,"1950",1,FALSE,"Higher_in_IPF","GO_Biological_Process"
"GO:0001738","morphogenesis of a polarized epithelium","1/423","55/13537",0.0181818181818182,0.581861164839888,-0.558049155532322,0.82615574095701,0.931285095652159,0.819569911312534,"57662",1,FALSE,"Higher_in_IPF","GO_Biological_Process"
"GO:0035329","hippo signaling","1/423","55/13537",0.0181818181818182,0.581861164839888,-0.558049155532322,0.82615574095701,0.931285095652159,0.819569911312534,"23286",1,FALSE,"Higher_in_IPF","GO_Biological_Process"
"GO:0036006","cellular response to macrophage colony-stimulating factor stimulus","1/423","55/13537",0.0181818181818182,0.581861164839888,-0.558049155532322,0.82615574095701,0.931285095652159,0.819569911312534,"6098",1,FALSE,"Higher_in_IPF","GO_Biological_Process"
"GO:0048012","hepatocyte growth factor receptor signaling pathway","1/423","55/13537",0.0181818181818182,0.581861164839888,-0.558049155532322,0.82615574095701,0.931285095652159,0.819569911312534,"6098",1,FALSE,"Higher_in_IPF","GO_Biological_Process"
"GO:0071384","cellular response to corticosteroid stimulus","1/423","55/13537",0.0181818181818182,0.581861164839888,-0.558049155532322,0.82615574095701,0.931285095652159,0.819569911312534,"6337",1,FALSE,"Higher_in_IPF","GO_Biological_Process"
"GO:0008630","intrinsic apoptotic signaling pathway in response to DNA damage","2/423","101/13537",0.0198019801980198,0.633710179528591,-0.663587666465175,0.828616787430467,0.933508083331226,0.821526233628318,"4582/26471",2,FALSE,"Higher_in_IPF","GO_Biological_Process"
"GO:0042471","ear morphogenesis","2/423","101/13537",0.0198019801980198,0.633710179528591,-0.663587666465175,0.828616787430467,0.933508083331226,0.821526233628318,"89780/3249",2,FALSE,"Higher_in_IPF","GO_Biological_Process"
"GO:0009161","ribonucleoside monophosphate metabolic process","1/423","56/13537",0.0178571428571429,0.571470786896319,-0.577113401470592,0.83161013359721,0.933849261786514,0.821826484966655,"51733",1,FALSE,"Higher_in_IPF","GO_Biological_Process"
"GO:0010324","membrane invagination","1/423","56/13537",0.0178571428571429,0.571470786896319,-0.577113401470592,0.83161013359721,0.933849261786514,0.821826484966655,"2209",1,FALSE,"Higher_in_IPF","GO_Biological_Process"
"GO:0010812","negative regulation of cell-substrate adhesion","1/423","56/13537",0.0178571428571429,0.571470786896319,-0.577113401470592,0.83161013359721,0.933849261786514,0.821826484966655,"94",1,FALSE,"Higher_in_IPF","GO_Biological_Process"
"GO:0015800","acidic amino acid transport","1/423","56/13537",0.0178571428571429,0.571470786896319,-0.577113401470592,0.83161013359721,0.933849261786514,0.821826484966655,"6833",1,FALSE,"Higher_in_IPF","GO_Biological_Process"
"GO:0030865","cortical cytoskeleton organization","1/423","56/13537",0.0178571428571429,0.571470786896319,-0.577113401470592,0.83161013359721,0.933849261786514,0.821826484966655,"23221",1,FALSE,"Higher_in_IPF","GO_Biological_Process"
"GO:0046425","regulation of receptor signaling pathway via JAK-STAT","1/423","56/13537",0.0178571428571429,0.571470786896319,-0.577113401470592,0.83161013359721,0.933849261786514,0.821826484966655,"1950",1,FALSE,"Higher_in_IPF","GO_Biological_Process"
"GO:0051898","negative regulation of phosphatidylinositol 3-kinase/protein kinase B signal transduction","1/423","56/13537",0.0178571428571429,0.571470786896319,-0.577113401470592,0.83161013359721,0.933849261786514,0.821826484966655,"3135",1,FALSE,"Higher_in_IPF","GO_Biological_Process"
"GO:0051952","regulation of amine transport","1/423","56/13537",0.0178571428571429,0.571470786896319,-0.577113401470592,0.83161013359721,0.933849261786514,0.821826484966655,"5028",1,FALSE,"Higher_in_IPF","GO_Biological_Process"
"GO:0099518","vesicle cytoskeletal trafficking","1/423","56/13537",0.0178571428571429,0.571470786896319,-0.577113401470592,0.83161013359721,0.933849261786514,0.821826484966655,"5590",1,FALSE,"Higher_in_IPF","GO_Biological_Process"
"GO:0140374","antiviral innate immune response","1/423","56/13537",0.0178571428571429,0.571470786896319,-0.577113401470592,0.83161013359721,0.933849261786514,0.821826484966655,"84101",1,FALSE,"Higher_in_IPF","GO_Biological_Process"
"GO:2001238","positive regulation of extrinsic apoptotic signaling pathway","1/423","56/13537",0.0178571428571429,0.571470786896319,-0.577113401470592,0.83161013359721,0.933849261786514,0.821826484966655,"186",1,FALSE,"Higher_in_IPF","GO_Biological_Process"
"GO:0034763","negative regulation of transmembrane transport","2/423","102/13537",0.0196078431372549,0.627497334631252,-0.678200962777824,0.832742784231306,0.934022312043222,0.821978776444532,"255738/2171",2,FALSE,"Higher_in_IPF","GO_Biological_Process"
"GO:0035924","cellular response to vascular endothelial growth factor stimulus","2/423","102/13537",0.0196078431372549,0.627497334631252,-0.678200962777824,0.832742784231306,0.934022312043222,0.821978776444532,"6098/2277",2,FALSE,"Higher_in_IPF","GO_Biological_Process"
"GO:1901796","regulation of signal transduction by p53 class mediator","2/423","102/13537",0.0196078431372549,0.627497334631252,-0.678200962777824,0.832742784231306,0.934022312043222,0.821978776444532,"4582/27063",2,FALSE,"Higher_in_IPF","GO_Biological_Process"
"GO:1903900","regulation of viral life cycle","2/423","102/13537",0.0196078431372549,0.627497334631252,-0.678200962777824,0.832742784231306,0.934022312043222,0.821978776444532,"27074/6590",2,FALSE,"Higher_in_IPF","GO_Biological_Process"
"GO:0009266","response to temperature stimulus","3/423","145/13537",0.0206896551724138,0.662117877231597,-0.734639476220023,0.835773871584353,0.93620289295586,0.82389777902873,"3310/3552/3162",3,FALSE,"Higher_in_IPF","GO_Biological_Process"
"GO:0050657","nucleic acid transport","3/423","145/13537",0.0206896551724138,0.662117877231597,-0.734639476220023,0.835773871584353,0.93620289295586,0.82389777902873,"23089/7263/56000",3,FALSE,"Higher_in_IPF","GO_Biological_Process"
"GO:0050658","RNA transport","3/423","145/13537",0.0206896551724138,0.662117877231597,-0.734639476220023,0.835773871584353,0.93620289295586,0.82389777902873,"23089/7263/56000",3,FALSE,"Higher_in_IPF","GO_Biological_Process"
"GO:0050731","positive regulation of peptidyl-tyrosine phosphorylation","2/423","103/13537",0.0194174757281553,0.62140512749891,-0.692689229690508,0.836779059868196,0.93620289295586,0.82389777902873,"1950/353514",2,FALSE,"Higher_in_IPF","GO_Biological_Process"
"GO:0033047","regulation of mitotic sister chromatid segregation","1/423","57/13537",0.0175438596491228,0.561444983617436,-0.595887577320108,0.836893785662219,0.93620289295586,0.82389777902873,"84101",1,FALSE,"Higher_in_IPF","GO_Biological_Process"
"GO:0042306","regulation of protein import into nucleus","1/423","57/13537",0.0175438596491228,0.561444983617436,-0.595887577320108,0.836893785662219,0.93620289295586,0.82389777902873,"6469",1,FALSE,"Higher_in_IPF","GO_Biological_Process"
"GO:0045005","DNA-templated DNA replication maintenance of fidelity","1/423","57/13537",0.0175438596491228,0.561444983617436,-0.595887577320108,0.836893785662219,0.93620289295586,0.82389777902873,"57662",1,FALSE,"Higher_in_IPF","GO_Biological_Process"
"GO:0072666","establishment of protein localization to vacuole","1/423","57/13537",0.0175438596491228,0.561444983617436,-0.595887577320108,0.836893785662219,0.93620289295586,0.82389777902873,"27092",1,FALSE,"Higher_in_IPF","GO_Biological_Process"
"GO:2000630","positive regulation of miRNA metabolic process","1/423","57/13537",0.0175438596491228,0.561444983617436,-0.595887577320108,0.836893785662219,0.93620289295586,0.82389777902873,"4091",1,FALSE,"Higher_in_IPF","GO_Biological_Process"
"GO:0009416","response to light stimulus","6/423","265/13537",0.0226415094339623,0.724581827913823,-0.813195766322656,0.840039276874156,0.939446385209587,0.826752188136252,"3373/4311/6833/181/84152/164312",6,FALSE,"Higher_in_IPF","GO_Biological_Process"
"GO:0042177","negative regulation of protein catabolic process","2/423","104/13537",0.0192307692307692,0.615430078196036,-0.707055073793591,0.840727176332183,0.939451177417138,0.826756405479723,"27074/6469",2,FALSE,"Higher_in_IPF","GO_Biological_Process"
"GO:0001707","mesoderm formation","1/423","58/13537",0.0172413793103448,0.551764897692998,-0.61438243535708,0.842012029628456,0.939451177417138,0.826756405479723,"89780",1,FALSE,"Higher_in_IPF","GO_Biological_Process"
"GO:0003179","heart valve morphogenesis","1/423","58/13537",0.0172413793103448,0.551764897692998,-0.61438243535708,0.842012029628456,0.939451177417138,0.826756405479723,"4091",1,FALSE,"Higher_in_IPF","GO_Biological_Process"
"GO:0032608","interferon-beta production","1/423","58/13537",0.0172413793103448,0.551764897692998,-0.61438243535708,0.842012029628456,0.939451177417138,0.826756405479723,"51311",1,FALSE,"Higher_in_IPF","GO_Biological_Process"
"GO:0032648","regulation of interferon-beta production","1/423","58/13537",0.0172413793103448,0.551764897692998,-0.61438243535708,0.842012029628456,0.939451177417138,0.826756405479723,"51311",1,FALSE,"Higher_in_IPF","GO_Biological_Process"
"GO:0035791","platelet-derived growth factor receptor-beta signaling pathway","1/423","58/13537",0.0172413793103448,0.551764897692998,-0.61438243535708,0.842012029628456,0.939451177417138,0.826756405479723,"6098",1,FALSE,"Higher_in_IPF","GO_Biological_Process"
"GO:0045670","regulation of osteoclast differentiation","1/423","58/13537",0.0172413793103448,0.551764897692998,-0.61438243535708,0.842012029628456,0.939451177417138,0.826756405479723,"51208",1,FALSE,"Higher_in_IPF","GO_Biological_Process"
"GO:0045839","negative regulation of mitotic nuclear division","1/423","58/13537",0.0172413793103448,0.551764897692998,-0.61438243535708,0.842012029628456,0.939451177417138,0.826756405479723,"84101",1,FALSE,"Higher_in_IPF","GO_Biological_Process"
"GO:0030518","nuclear receptor-mediated steroid hormone signaling pathway","2/423","105/13537",0.019047619047619,0.609568839356073,-0.721301020497181,0.84458868585095,0.942050716499833,0.829044108810748,"1668/55885",2,FALSE,"Higher_in_IPF","GO_Biological_Process"
"GO:0050807","regulation of synapse organization","6/423","267/13537",0.0224719101123595,0.719154248678514,-0.832407135353496,0.84508905097087,0.942333527046373,0.829292993943377,"89780/64284/7476/55799/627/120892",6,FALSE,"Higher_in_IPF","GO_Biological_Process"
"GO:0051236","establishment of RNA localization","3/423","148/13537",0.0202702702702703,0.648696568909335,-0.771768316120659,0.845800353792942,0.942851314096775,0.829748668246507,"23089/7263/56000",3,FALSE,"Higher_in_IPF","GO_Biological_Process"
"GO:0032233","positive regulation of actin filament bundle assembly","1/423","59/13537",0.0169491525423729,0.542412950274472,-0.632608133771777,0.84697003181461,0.943328932750344,0.830168992677097,"335",1,FALSE,"Higher_in_IPF","GO_Biological_Process"
"GO:0045058","T cell selection","1/423","59/13537",0.0169491525423729,0.542412950274472,-0.632608133771777,0.84697003181461,0.943328932750344,0.830168992677097,"6469",1,FALSE,"Higher_in_IPF","GO_Biological_Process"
"GO:0071709","membrane assembly","1/423","59/13537",0.0169491525423729,0.542412950274472,-0.632608133771777,0.84697003181461,0.943328932750344,0.830168992677097,"2013",1,FALSE,"Higher_in_IPF","GO_Biological_Process"
"GO:0006612","protein targeting to membrane","2/423","106/13537",0.0188679245283019,0.603818189928186,-0.735429517345451,0.848365129974492,0.944331797738371,0.83105155589338,"131540/123264",2,FALSE,"Higher_in_IPF","GO_Biological_Process"
"GO:0098773","skin epidermis development","2/423","106/13537",0.0188679245283019,0.603818189928186,-0.735429517345451,0.848365129974492,0.944331797738371,0.83105155589338,"126695/6469",2,FALSE,"Higher_in_IPF","GO_Biological_Process"
"GO:0070482","response to oxygen levels","7/423","308/13537",0.0227272727272727,0.72732645604986,-0.869365936412815,0.851516268587919,0.945918714669809,0.832448109295589,"3552/177/3767/94/6532/64344/2277",7,FALSE,"Higher_in_IPF","GO_Biological_Process"
"GO:0030888","regulation of B cell proliferation","1/423","60/13537",0.0166666666666667,0.533372734436564,-0.650574279464761,0.851772797547094,0.945918714669809,0.832448109295589,"89780",1,FALSE,"Higher_in_IPF","GO_Biological_Process"
"GO:0042440","pigment metabolic process","1/423","60/13537",0.0166666666666667,0.533372734436564,-0.650574279464761,0.851772797547094,0.945918714669809,0.832448109295589,"3162",1,FALSE,"Higher_in_IPF","GO_Biological_Process"
"GO:0042698","ovulation cycle","1/423","60/13537",0.0166666666666667,0.533372734436564,-0.650574279464761,0.851772797547094,0.945918714669809,0.832448109295589,"56729",1,FALSE,"Higher_in_IPF","GO_Biological_Process"
"GO:0046824","positive regulation of nucleocytoplasmic transport","1/423","60/13537",0.0166666666666667,0.533372734436564,-0.650574279464761,0.851772797547094,0.945918714669809,0.832448109295589,"6469",1,FALSE,"Higher_in_IPF","GO_Biological_Process"
"GO:0048332","mesoderm morphogenesis","1/423","60/13537",0.0166666666666667,0.533372734436564,-0.650574279464761,0.851772797547094,0.945918714669809,0.832448109295589,"89780",1,FALSE,"Higher_in_IPF","GO_Biological_Process"
"GO:0051784","negative regulation of nuclear division","1/423","60/13537",0.0166666666666667,0.533372734436564,-0.650574279464761,0.851772797547094,0.945918714669809,0.832448109295589,"84101",1,FALSE,"Higher_in_IPF","GO_Biological_Process"
"GO:0060261","positive regulation of transcription initiation by RNA polymerase II","1/423","60/13537",0.0166666666666667,0.533372734436564,-0.650574279464761,0.851772797547094,0.945918714669809,0.832448109295589,"6928",1,FALSE,"Higher_in_IPF","GO_Biological_Process"
"GO:0098876","vesicle-mediated transport to the plasma membrane","3/423","150/13537",0.02,0.640047281323877,-0.796154259175866,0.852186386993699,0.946102828014522,0.83261013675453,"64284/123745/50487",3,FALSE,"Higher_in_IPF","GO_Biological_Process"
"GO:0050803","regulation of synapse structure or activity","6/423","271/13537",0.022140221402214,0.70853942581979,-0.870446797832817,0.854801014095854,0.947777194956267,0.834083649830554,"89780/64284/7476/55799/627/120892",6,FALSE,"Higher_in_IPF","GO_Biological_Process"
"GO:0010975","regulation of neuron projection development","9/423","385/13537",0.0233766233766234,0.748107211936999,-0.900529542921717,0.85480620321235,0.947777194956267,0.834083649830554,"84879/6280/89780/64284/7476/627/120892/4099/50487",9,FALSE,"Higher_in_IPF","GO_Biological_Process"
"GO:0030705","cytoskeleton-dependent intracellular transport","4/423","192/13537",0.0208333333333333,0.666715918045705,-0.83532150810526,0.854866316233582,0.947777194956267,0.834083649830554,"5590/25893/64284/57662",4,FALSE,"Higher_in_IPF","GO_Biological_Process"
"GO:1903076","regulation of protein localization to plasma membrane","2/423","108/13537",0.0185185185185185,0.592636371596182,-0.763343581055667,0.855668929822937,0.947777194956267,0.834083649830554,"89780/3767",2,FALSE,"Higher_in_IPF","GO_Biological_Process"
"GO:0051338","regulation of transferase activity","10/423","423/13537",0.0236406619385343,0.756557070122786,-0.913581984968467,0.856285917494228,0.947777194956267,0.834083649830554,"6283/114/335/9052/120892/84101/5319/2013/353514/57761",10,FALSE,"Higher_in_IPF","GO_Biological_Process"
"GO:0044089","positive regulation of cellular component biogenesis","11/423","460/13537",0.0239130434782609,0.765273923322027,-0.91988589707502,0.856333440462885,0.947777194956267,0.834083649830554,"7476/3373/84525/100506658/1437/627/335/94/21/79191/92359",11,FALSE,"Higher_in_IPF","GO_Biological_Process"
"GO:0010965","regulation of mitotic sister chromatid separation","1/423","61/13537",0.0163934426229508,0.524628919117932,-0.668289967080713,0.856425176165301,0.947777194956267,0.834083649830554,"84101",1,FALSE,"Higher_in_IPF","GO_Biological_Process"
"GO:0032922","circadian regulation of gene expression","1/423","61/13537",0.0163934426229508,0.524628919117932,-0.668289967080713,0.856425176165301,0.947777194956267,0.834083649830554,"8431",1,FALSE,"Higher_in_IPF","GO_Biological_Process"
"GO:0035194","regulatory ncRNA-mediated post-transcriptional gene silencing","1/423","61/13537",0.0163934426229508,0.524628919117932,-0.668289967080713,0.856425176165301,0.947777194956267,0.834083649830554,"131405",1,FALSE,"Higher_in_IPF","GO_Biological_Process"
"GO:0042058","regulation of epidermal growth factor receptor signaling pathway","1/423","61/13537",0.0163934426229508,0.524628919117932,-0.668289967080713,0.856425176165301,0.947777194956267,0.834083649830554,"9052",1,FALSE,"Higher_in_IPF","GO_Biological_Process"
"GO:0140115","export across plasma membrane","1/423","61/13537",0.0163934426229508,0.524628919117932,-0.668289967080713,0.856425176165301,0.947777194956267,0.834083649830554,"81615",1,FALSE,"Higher_in_IPF","GO_Biological_Process"
"GO:0007409","axonogenesis","9/423","386/13537",0.0233160621761658,0.74616911035167,-0.908670653454119,0.856808651089388,0.947926812477336,0.83421531951908,"56956/89780/27255/7476/6469/627/7080/4099/84612",9,FALSE,"Higher_in_IPF","GO_Biological_Process"
"GO:0051650","establishment of vesicle localization","4/423","193/13537",0.0207253886010363,0.663261431423707,-0.846206323079253,0.857609793919733,0.948538294665567,0.83475344946996,"5590/79083/64284/120892",4,FALSE,"Higher_in_IPF","GO_Biological_Process"
"GO:0014902","myotube differentiation","2/423","109/13537",0.018348623853211,0.587199340664108,-0.777133681237233,0.859199307940569,0.949471188919564,0.83557443550805,"6469/627",2,FALSE,"Higher_in_IPF","GO_Biological_Process"
"GO:0043200","response to amino acid","2/423","109/13537",0.018348623853211,0.587199340664108,-0.777133681237233,0.859199307940569,0.949471188919564,0.83557443550805,"2890/80339",2,FALSE,"Higher_in_IPF","GO_Biological_Process"
"GO:0051209","release of sequestered calcium ion into cytosol","2/423","109/13537",0.018348623853211,0.587199340664108,-0.777133681237233,0.859199307940569,0.949471188919564,0.83557443550805,"56704/2811",2,FALSE,"Higher_in_IPF","GO_Biological_Process"
"GO:0008652","amino acid biosynthetic process","1/423","62/13537",0.0161290322580645,0.516167162357965,-0.685763814667721,0.8609318658716,0.950454174862445,0.836439504331538,"51733",1,FALSE,"Higher_in_IPF","GO_Biological_Process"
"GO:0051101","regulation of DNA binding","1/423","62/13537",0.0161290322580645,0.516167162357965,-0.685763814667721,0.8609318658716,0.950454174862445,0.836439504331538,"1950",1,FALSE,"Higher_in_IPF","GO_Biological_Process"
"GO:0070301","cellular response to hydrogen peroxide","1/423","62/13537",0.0161290322580645,0.516167162357965,-0.685763814667721,0.8609318658716,0.950454174862445,0.836439504331538,"8807",1,FALSE,"Higher_in_IPF","GO_Biological_Process"
"GO:0008286","insulin receptor signaling pathway","3/423","153/13537",0.0196078431372549,0.627497334631252,-0.832204199287438,0.861333537198548,0.950454174862445,0.836439504331538,"5590/6098/2529",3,FALSE,"Higher_in_IPF","GO_Biological_Process"
"GO:0051348","negative regulation of transferase activity","3/423","153/13537",0.0196078431372549,0.627497334631252,-0.832204199287438,0.861333537198548,0.950454174862445,0.836439504331538,"9052/84101/57761",3,FALSE,"Higher_in_IPF","GO_Biological_Process"
"GO:0031047","regulatory ncRNA-mediated gene silencing","2/423","110/13537",0.0181818181818182,0.581861164839888,-0.790815403753425,0.86265066405603,0.951357664750411,0.83723461329528,"131405/122402",2,FALSE,"Higher_in_IPF","GO_Biological_Process"
"GO:0051283","negative regulation of sequestering of calcium ion","2/423","110/13537",0.0181818181818182,0.581861164839888,-0.790815403753425,0.86265066405603,0.951357664750411,0.83723461329528,"56704/2811",2,FALSE,"Higher_in_IPF","GO_Biological_Process"
"GO:0043488","regulation of mRNA stability","3/423","154/13537",0.0194805194805195,0.623422676614166,-0.84408377546135,0.864270522083923,0.952593779825756,0.838322446363159,"115572/131405/7432",3,FALSE,"Higher_in_IPF","GO_Biological_Process"
"GO:0097553","calcium ion transmembrane import into cytosol","3/423","154/13537",0.0194805194805195,0.623422676614166,-0.84408377546135,0.864270522083923,0.952593779825756,0.838322446363159,"56704/5319/2811",3,FALSE,"Higher_in_IPF","GO_Biological_Process"
"GO:0032886","regulation of microtubule-based process","5/423","236/13537",0.0211864406779661,0.67801618784309,-0.896180850198099,0.864884419092029,0.952625589264447,0.838350440002237,"89780/25893/100506658/57662/58526",5,FALSE,"Higher_in_IPF","GO_Biological_Process"
"GO:0008333","endosome to lysosome transport","1/423","63/13537",0.0158730158730159,0.507974032796728,-0.703003996304245,0.865297418430881,0.952625589264447,0.838350440002237,"27092",1,FALSE,"Higher_in_IPF","GO_Biological_Process"
"GO:0015837","amine transport","1/423","63/13537",0.0158730158730159,0.507974032796728,-0.703003996304245,0.865297418430881,0.952625589264447,0.838350440002237,"5028",1,FALSE,"Higher_in_IPF","GO_Biological_Process"
"GO:0097479","synaptic vesicle localization","1/423","63/13537",0.0158730158730159,0.507974032796728,-0.703003996304245,0.865297418430881,0.952625589264447,0.838350440002237,"120892",1,FALSE,"Higher_in_IPF","GO_Biological_Process"
"GO:0071900","regulation of protein serine/threonine kinase activity","4/423","196/13537",0.0204081632653061,0.65310947073865,-0.878565314486993,0.865577063001576,0.952658756569622,0.838379628620725,"6283/120892/5319/57761",4,FALSE,"Higher_in_IPF","GO_Biological_Process"
"GO:0000045","autophagosome assembly","2/423","111/13537",0.018018018018018,0.576619172363853,-0.804390851048334,0.866024474829028,0.952876497088538,0.838571249402171,"120892/26471",2,FALSE,"Higher_in_IPF","GO_Biological_Process"
"GO:0051282","regulation of sequestering of calcium ion","2/423","112/13537",0.0178571428571429,0.571470786896319,-0.817862064418407,0.869322202041096,0.955627863713136,0.840992567332671,"56704/2811",2,FALSE,"Higher_in_IPF","GO_Biological_Process"
"GO:1904064","positive regulation of cation transmembrane transport","2/423","112/13537",0.0178571428571429,0.571470786896319,-0.817862064418407,0.869322202041096,0.955627863713136,0.840992567332671,"5319/3759",2,FALSE,"Higher_in_IPF","GO_Biological_Process"
"GO:0051145","smooth muscle cell differentiation","1/423","64/13537",0.015625,0.500036938534279,-0.720018271996394,0.869526243724315,0.955627863713136,0.840992567332671,"6469",1,FALSE,"Higher_in_IPF","GO_Biological_Process"
"GO:0051306","mitotic sister chromatid separation","1/423","64/13537",0.015625,0.500036938534279,-0.720018271996394,0.869526243724315,0.955627863713136,0.840992567332671,"84101",1,FALSE,"Higher_in_IPF","GO_Biological_Process"
"GO:0001764","neuron migration","3/423","156/13537",0.0192307692307692,0.615430078196036,-0.867643054601099,0.869981045370114,0.955852555747653,0.84119030573916,"221692/10718/7080",3,FALSE,"Higher_in_IPF","GO_Biological_Process"
"GO:0030282","bone mineralization","2/423","113/13537",0.0176991150442478,0.566413523295466,-0.83123102634842,0.872545292082575,0.958199121192146,0.843255381667263,"249/84059",2,FALSE,"Higher_in_IPF","GO_Biological_Process"
"GO:0006334","nucleosome assembly","1/423","65/13537",0.0153846153846154,0.492344062556828,-0.736814015113593,0.873622614161828,0.958199121192146,0.843255381667263,"23569",1,FALSE,"Higher_in_IPF","GO_Biological_Process"
"GO:0006406","mRNA export from nucleus","1/423","65/13537",0.0153846153846154,0.492344062556828,-0.736814015113593,0.873622614161828,0.958199121192146,0.843255381667263,"56000",1,FALSE,"Higher_in_IPF","GO_Biological_Process"
"GO:0032835","glomerulus development","1/423","65/13537",0.0153846153846154,0.492344062556828,-0.736814015113593,0.873622614161828,0.958199121192146,0.843255381667263,"186",1,FALSE,"Higher_in_IPF","GO_Biological_Process"
"GO:0048525","negative regulation of viral process","1/423","65/13537",0.0153846153846154,0.492344062556828,-0.736814015113593,0.873622614161828,0.958199121192146,0.843255381667263,"6590",1,FALSE,"Higher_in_IPF","GO_Biological_Process"
"GO:1904892","regulation of receptor signaling pathway via STAT","1/423","65/13537",0.0153846153846154,0.492344062556828,-0.736814015113593,0.873622614161828,0.958199121192146,0.843255381667263,"1950",1,FALSE,"Higher_in_IPF","GO_Biological_Process"
"GO:0051896","regulation of phosphatidylinositol 3-kinase/protein kinase B signal transduction","5/423","240/13537",0.0208333333333333,0.666715918045705,-0.935601964600364,0.874167002610097,0.958520854671266,0.843538520611696,"1524/1950/3135/8395/55273",5,FALSE,"Higher_in_IPF","GO_Biological_Process"
"GO:0016197","endosomal transport","6/423","280/13537",0.0214285714285714,0.685764944275583,-0.954242570297589,0.874836099211988,0.958969998305774,0.843933785832216,"127845/64284/120892/123745/2013/50487",6,FALSE,"Higher_in_IPF","GO_Biological_Process"
"GO:0007034","vacuolar transport","3/423","158/13537",0.0189873417721519,0.607639824041655,-0.890941941656611,0.875478784494786,0.958969998305774,0.843933785832216,"255738/120892/27092",3,FALSE,"Higher_in_IPF","GO_Biological_Process"
"GO:0006906","vesicle fusion","2/423","114/13537",0.0175438596491228,0.561444983617436,-0.844499662737708,0.875695175486006,0.958969998305774,0.843933785832216,"8676/29091",2,FALSE,"Higher_in_IPF","GO_Biological_Process"
"GO:0039531","regulation of cytoplasmic pattern recognition receptor signaling pathway","2/423","114/13537",0.0175438596491228,0.561444983617436,-0.844499662737708,0.875695175486006,0.958969998305774,0.843933785832216,"57864/4210",2,FALSE,"Higher_in_IPF","GO_Biological_Process"
"GO:0030032","lamellipodium assembly","1/423","66/13537",0.0151515151515152,0.48488430403324,-0.753398237600684,0.877590668957668,0.958969998305774,0.843933785832216,"100506658",1,FALSE,"Higher_in_IPF","GO_Biological_Process"
"GO:0033143","regulation of intracellular steroid hormone receptor signaling pathway","1/423","66/13537",0.0151515151515152,0.48488430403324,-0.753398237600684,0.877590668957668,0.958969998305774,0.843933785832216,"55885",1,FALSE,"Higher_in_IPF","GO_Biological_Process"
"GO:0044091","membrane biogenesis","1/423","66/13537",0.0151515151515152,0.48488430403324,-0.753398237600684,0.877590668957668,0.958969998305774,0.843933785832216,"2013",1,FALSE,"Higher_in_IPF","GO_Biological_Process"
"GO:0046847","filopodium assembly","1/423","66/13537",0.0151515151515152,0.48488430403324,-0.753398237600684,0.877590668957668,0.958969998305774,0.843933785832216,"64284",1,FALSE,"Higher_in_IPF","GO_Biological_Process"
"GO:0050810","regulation of steroid biosynthetic process","1/423","66/13537",0.0151515151515152,0.48488430403324,-0.753398237600684,0.877590668957668,0.958969998305774,0.843933785832216,"3552",1,FALSE,"Higher_in_IPF","GO_Biological_Process"
"GO:1901880","negative regulation of protein depolymerization","1/423","66/13537",0.0151515151515152,0.48488430403324,-0.753398237600684,0.877590668957668,0.958969998305774,0.843933785832216,"58526",1,FALSE,"Higher_in_IPF","GO_Biological_Process"
"GO:1904888","cranial skeletal system development","1/423","66/13537",0.0151515151515152,0.48488430403324,-0.753398237600684,0.877590668957668,0.958969998305774,0.843933785832216,"4036",1,FALSE,"Higher_in_IPF","GO_Biological_Process"
"GO:2000036","regulation of stem cell population maintenance","1/423","66/13537",0.0151515151515152,0.48488430403324,-0.753398237600684,0.877590668957668,0.958969998305774,0.843933785832216,"6928",1,FALSE,"Higher_in_IPF","GO_Biological_Process"
"GO:0006275","regulation of DNA replication","2/423","115/13537",0.0173913043478261,0.55656285332511,-0.857669845022766,0.878773266503538,0.959987505439344,0.844829234750182,"94/57662",2,FALSE,"Higher_in_IPF","GO_Biological_Process"
"GO:1904062","regulation of monoatomic cation transmembrane transport","5/423","243/13537",0.0205761316872428,0.658484857329092,-0.964790528702543,0.880769948340574,0.961073284524168,0.845784765846308,"255738/56704/5319/3759/3787",5,FALSE,"Higher_in_IPF","GO_Biological_Process"
"GO:0016441","post-transcriptional gene silencing","1/423","67/13537",0.0149253731343284,0.477647224868565,-0.769777613178157,0.881434418273302,0.961073284524168,0.845784765846308,"131405",1,FALSE,"Higher_in_IPF","GO_Biological_Process"
"GO:0044458","motile cilium assembly","1/423","67/13537",0.0149253731343284,0.477647224868565,-0.769777613178157,0.881434418273302,0.961073284524168,0.845784765846308,"50487",1,FALSE,"Higher_in_IPF","GO_Biological_Process"
"GO:0050854","regulation of antigen receptor-mediated signaling pathway","1/423","67/13537",0.0149253731343284,0.477647224868565,-0.769777613178157,0.881434418273302,0.961073284524168,0.845784765846308,"11126",1,FALSE,"Higher_in_IPF","GO_Biological_Process"
"GO:0061180","mammary gland epithelium development","1/423","67/13537",0.0149253731343284,0.477647224868565,-0.769777613178157,0.881434418273302,0.961073284524168,0.845784765846308,"9914",1,FALSE,"Higher_in_IPF","GO_Biological_Process"
"GO:1901184","regulation of ERBB signaling pathway","1/423","67/13537",0.0149253731343284,0.477647224868565,-0.769777613178157,0.881434418273302,0.961073284524168,0.845784765846308,"9052",1,FALSE,"Higher_in_IPF","GO_Biological_Process"
"GO:0051208","sequestering of calcium ion","2/423","116/13537",0.0172413793103448,0.551764897692998,-0.870743392201904,0.881780962726077,0.961073284524168,0.845784765846308,"56704/2811",2,FALSE,"Higher_in_IPF","GO_Biological_Process"
"GO:0090174","organelle membrane fusion","2/423","116/13537",0.0172413793103448,0.551764897692998,-0.870743392201904,0.881780962726077,0.961073284524168,0.845784765846308,"8676/29091",2,FALSE,"Higher_in_IPF","GO_Biological_Process"
"GO:0032479","regulation of type I interferon production","2/423","117/13537",0.0170940170940171,0.547048958396476,-0.883722072767313,0.884719644741988,0.963653344434231,0.848055326689109,"6614/51311",2,FALSE,"Higher_in_IPF","GO_Biological_Process"
"GO:0032606","type I interferon production","2/423","117/13537",0.0170940170940171,0.547048958396476,-0.883722072767313,0.884719644741988,0.963653344434231,0.848055326689109,"6614/51311",2,FALSE,"Higher_in_IPF","GO_Biological_Process"
"GO:0071806","protein transmembrane transport","1/423","68/13537",0.0147058823529412,0.470623000973439,-0.785958498719192,0.885157747231757,0.963653344434231,0.848055326689109,"563",1,FALSE,"Higher_in_IPF","GO_Biological_Process"
"GO:1904063","negative regulation of cation transmembrane transport","1/423","68/13537",0.0147058823529412,0.470623000973439,-0.785958498719192,0.885157747231757,0.963653344434231,0.848055326689109,"255738",1,FALSE,"Higher_in_IPF","GO_Biological_Process"
"GO:0006888","endoplasmic reticulum to Golgi vesicle-mediated transport","2/423","118/13537",0.0169491525423729,0.542412950274472,-0.896607606549528,0.887590675833261,0.96575126826201,0.849901587574739,"127845/120892",2,FALSE,"Higher_in_IPF","GO_Biological_Process"
"GO:1905037","autophagosome organization","2/423","118/13537",0.0169491525423729,0.542412950274472,-0.896607606549528,0.887590675833261,0.96575126826201,0.849901587574739,"120892/26471",2,FALSE,"Higher_in_IPF","GO_Biological_Process"
"GO:0002637","regulation of immunoglobulin production","1/423","69/13537",0.0144927536231884,0.463802377770925,-0.801946953971945,0.888764419807373,0.966202321988767,0.850298533756484,"5950",1,FALSE,"Higher_in_IPF","GO_Biological_Process"
"GO:0009247","glycolipid biosynthetic process","1/423","69/13537",0.0144927536231884,0.463802377770925,-0.801946953971945,0.888764419807373,0.966202321988767,0.850298533756484,"2523",1,FALSE,"Higher_in_IPF","GO_Biological_Process"
"GO:0062208","positive regulation of pattern recognition receptor signaling pathway","1/423","69/13537",0.0144927536231884,0.463802377770925,-0.801946953971945,0.888764419807373,0.966202321988767,0.850298533756484,"57864",1,FALSE,"Higher_in_IPF","GO_Biological_Process"
"GO:0043549","regulation of kinase activity","8/423","366/13537",0.0218579234972678,0.699505225490576,-1.04668465902725,0.88993497031104,0.966824497787798,0.850846074533002,"6283/114/9052/120892/5319/2013/353514/57761",8,FALSE,"Higher_in_IPF","GO_Biological_Process"
"GO:0072655","establishment of protein localization to mitochondrion","2/423","119/13537",0.0168067226890756,0.537854858255359,-0.909401666479001,0.890395401707134,0.966824497787798,0.850846074533002,"7855/120892",2,FALSE,"Higher_in_IPF","GO_Biological_Process"
"GO:0019827","stem cell population maintenance","3/423","164/13537",0.0182926829268293,0.585409098771839,-0.959345483451001,0.890756404492839,0.966824497787798,0.850846074533002,"23569/7476/6928",3,FALSE,"Higher_in_IPF","GO_Biological_Process"
"GO:0015807","L-amino acid transport","1/423","70/13537",0.0142857142857143,0.457176629517055,-0.817748759777711,0.892258082594831,0.966824497787798,0.850846074533002,"6833",1,FALSE,"Higher_in_IPF","GO_Biological_Process"
"GO:0030500","regulation of bone mineralization","1/423","70/13537",0.0142857142857143,0.457176629517055,-0.817748759777711,0.892258082594831,0.966824497787798,0.850846074533002,"84059",1,FALSE,"Higher_in_IPF","GO_Biological_Process"
"GO:0045069","regulation of viral genome replication","1/423","70/13537",0.0142857142857143,0.457176629517055,-0.817748759777711,0.892258082594831,0.966824497787798,0.850846074533002,"6590",1,FALSE,"Higher_in_IPF","GO_Biological_Process"
"GO:0051279","regulation of release of sequestered calcium ion into cytosol","1/423","70/13537",0.0142857142857143,0.457176629517055,-0.817748759777711,0.892258082594831,0.966824497787798,0.850846074533002,"56704",1,FALSE,"Higher_in_IPF","GO_Biological_Process"
"GO:0061077","chaperone-mediated protein folding","1/423","70/13537",0.0142857142857143,0.457176629517055,-0.817748759777711,0.892258082594831,0.966824497787798,0.850846074533002,"3310",1,FALSE,"Higher_in_IPF","GO_Biological_Process"
"GO:0070972","protein localization to endoplasmic reticulum","1/423","70/13537",0.0142857142857143,0.457176629517055,-0.817748759777711,0.892258082594831,0.966824497787798,0.850846074533002,"120892",1,FALSE,"Higher_in_IPF","GO_Biological_Process"
"GO:0097194","execution phase of apoptosis","1/423","70/13537",0.0142857142857143,0.457176629517055,-0.817748759777711,0.892258082594831,0.966824497787798,0.850846074533002,"27443",1,FALSE,"Higher_in_IPF","GO_Biological_Process"
"GO:2001257","regulation of cation channel activity","1/423","70/13537",0.0142857142857143,0.457176629517055,-0.817748759777711,0.892258082594831,0.966824497787798,0.850846074533002,"56704",1,FALSE,"Higher_in_IPF","GO_Biological_Process"
"GO:0045787","positive regulation of cell cycle","6/423","289/13537",0.0207612456747405,0.664408942550737,-1.03569506797203,0.892510056426233,0.966824497787798,0.850846074533002,"3552/1950/114821/26471/6532/994",6,FALSE,"Higher_in_IPF","GO_Biological_Process"
"GO:0051028","mRNA transport","2/423","120/13537",0.0166666666666667,0.533372734436564,-0.922105880269172,0.893135150261279,0.966824497787798,0.850846074533002,"23089/56000",2,FALSE,"Higher_in_IPF","GO_Biological_Process"
"GO:0051053","negative regulation of DNA metabolic process","2/423","120/13537",0.0166666666666667,0.533372734436564,-0.922105880269172,0.893135150261279,0.966824497787798,0.850846074533002,"27063/57662",2,FALSE,"Higher_in_IPF","GO_Biological_Process"
"GO:1905039","carboxylic acid transmembrane transport","2/423","120/13537",0.0166666666666667,0.533372734436564,-0.922105880269172,0.893135150261279,0.966824497787798,0.850846074533002,"4036/11254",2,FALSE,"Higher_in_IPF","GO_Biological_Process"
"GO:0043484","regulation of RNA splicing","3/423","166/13537",0.0180722891566265,0.578355977099889,-0.981670668347845,0.895463817088415,0.967526812280503,0.851464140718306,"202559/80004/57716",3,FALSE,"Higher_in_IPF","GO_Biological_Process"
"GO:0043487","regulation of RNA stability","3/423","166/13537",0.0180722891566265,0.578355977099889,-0.981670668347845,0.895463817088415,0.967526812280503,0.851464140718306,"115572/131405/7432",3,FALSE,"Higher_in_IPF","GO_Biological_Process"
"GO:0003170","heart valve development","1/423","71/13537",0.0140845070422535,0.450737522059068,-0.833369434919894,0.895642268461199,0.967526812280503,0.851464140718306,"4091",1,FALSE,"Higher_in_IPF","GO_Biological_Process"
"GO:0014032","neural crest cell development","1/423","71/13537",0.0140845070422535,0.450737522059068,-0.833369434919894,0.895642268461199,0.967526812280503,0.851464140718306,"6469",1,FALSE,"Higher_in_IPF","GO_Biological_Process"
"GO:0032481","positive regulation of type I interferon production","1/423","71/13537",0.0140845070422535,0.450737522059068,-0.833369434919894,0.895642268461199,0.967526812280503,0.851464140718306,"51311",1,FALSE,"Higher_in_IPF","GO_Biological_Process"
"GO:0060260","regulation of transcription initiation by RNA polymerase II","1/423","71/13537",0.0140845070422535,0.450737522059068,-0.833369434919894,0.895642268461199,0.967526812280503,0.851464140718306,"6928",1,FALSE,"Higher_in_IPF","GO_Biological_Process"
"GO:1904427","positive regulation of calcium ion transmembrane transport","1/423","71/13537",0.0140845070422535,0.450737522059068,-0.833369434919894,0.895642268461199,0.967526812280503,0.851464140718306,"5319",1,FALSE,"Higher_in_IPF","GO_Biological_Process"
"GO:0001101","response to acid chemical","2/423","121/13537",0.0165289256198347,0.528964695308989,-0.934721832025186,0.895811231380717,0.967526812280503,0.851464140718306,"2890/80339",2,FALSE,"Higher_in_IPF","GO_Biological_Process"
"GO:0098727","maintenance of cell number","3/423","167/13537",0.0179640718562874,0.574892767656177,-0.992747478100385,0.897748643563933,0.969345113440921,0.853064321938579,"23569/7476/6928",3,FALSE,"Higher_in_IPF","GO_Biological_Process"
"GO:0009123","nucleoside monophosphate metabolic process","1/423","72/13537",0.0138888888888889,0.444477278697137,-0.848814251724896,0.898920400084615,0.970061641470621,0.853694896632082,"51733",1,FALSE,"Higher_in_IPF","GO_Biological_Process"
"GO:1902893","regulation of miRNA transcription","1/423","72/13537",0.0138888888888889,0.444477278697137,-0.848814251724896,0.898920400084615,0.970061641470621,0.853694896632082,"4091",1,FALSE,"Higher_in_IPF","GO_Biological_Process"
"GO:0030218","erythrocyte differentiation","2/423","123/13537",0.016260162601626,0.520363643352746,-0.95969507697648,0.900977539781978,0.97161526638852,0.855062151667215,"25893/80739",2,FALSE,"Higher_in_IPF","GO_Biological_Process"
"GO:1903825","organic acid transmembrane transport","2/423","123/13537",0.016260162601626,0.520363643352746,-0.95969507697648,0.900977539781978,0.97161526638852,0.855062151667215,"4036/11254",2,FALSE,"Higher_in_IPF","GO_Biological_Process"
"GO:0044042","glucan metabolic process","1/423","73/13537",0.0136986301369863,0.438388548851971,-0.864088250523729,0.902095793383108,0.97161526638852,0.855062151667215,"8972",1,FALSE,"Higher_in_IPF","GO_Biological_Process"
"GO:0061614","miRNA transcription","1/423","73/13537",0.0136986301369863,0.438388548851971,-0.864088250523729,0.902095793383108,0.97161526638852,0.855062151667215,"4091",1,FALSE,"Higher_in_IPF","GO_Biological_Process"
"GO:0009267","cellular response to starvation","3/423","169/13537",0.0177514792899408,0.568089302950187,-1.01473317936111,0.902184167727386,0.97161526638852,0.855062151667215,"84879/255738/120892",3,FALSE,"Higher_in_IPF","GO_Biological_Process"
"GO:0051897","positive regulation of phosphatidylinositol 3-kinase/protein kinase B signal transduction","3/423","169/13537",0.0177514792899408,0.568089302950187,-1.01473317936111,0.902184167727386,0.97161526638852,0.855062151667215,"1524/1950/55273",3,FALSE,"Higher_in_IPF","GO_Biological_Process"
"GO:0061013","regulation of mRNA catabolic process","3/423","169/13537",0.0177514792899408,0.568089302950187,-1.01473317936111,0.902184167727386,0.97161526638852,0.855062151667215,"115572/131405/7432",3,FALSE,"Higher_in_IPF","GO_Biological_Process"
"GO:0051493","regulation of cytoskeleton organization","11/423","489/13537",0.0224948875255624,0.71988958022113,-1.13307716375445,0.902395949348793,0.97161526638852,0.855062151667215,"6280/6279/89780/3552/26084/54959/100506658/23221/335/57662/58526",11,FALSE,"Higher_in_IPF","GO_Biological_Process"
"GO:0007292","female gamete generation","2/423","124/13537",0.0161290322580645,0.516167162357965,-0.972055333854068,0.903470295352627,0.972497769285687,0.855838791199557,"3549/994",2,FALSE,"Higher_in_IPF","GO_Biological_Process"
"GO:0002753","cytoplasmic pattern recognition receptor signaling pathway","3/423","170/13537",0.0176470588235294,0.564747601168127,-1.02564348782757,0.904336300689432,0.973155579490488,0.856417691746474,"57864/4210/51311",3,FALSE,"Higher_in_IPF","GO_Biological_Process"
"GO:0009791","post-embryonic development","1/423","74/13537",0.0135135135135135,0.43246437927289,-0.879196253072313,0.905171660836981,0.973505746781857,0.856725853637255,"7855",1,FALSE,"Higher_in_IPF","GO_Biological_Process"
"GO:0048704","embryonic skeletal system morphogenesis","1/423","74/13537",0.0135135135135135,0.43246437927289,-0.879196253072313,0.905171660836981,0.973505746781857,0.856725853637255,"3373",1,FALSE,"Higher_in_IPF","GO_Biological_Process"
"GO:0006469","negative regulation of protein kinase activity","2/423","125/13537",0.016,0.512037825059102,-0.984333258818012,0.905904439855297,0.974019473772888,0.857177954917994,"9052/57761",2,FALSE,"Higher_in_IPF","GO_Biological_Process"
"GO:0002260","lymphocyte homeostasis","1/423","75/13537",0.0133333333333333,0.426698187549251,-0.894142875018782,0.908151114708031,0.974379766074631,0.85749502724221,"57864",1,FALSE,"Higher_in_IPF","GO_Biological_Process"
"GO:0006289","nucleotide-excision repair","1/423","75/13537",0.0133333333333333,0.426698187549251,-0.894142875018782,0.908151114708031,0.974379766074631,0.85749502724221,"84101",1,FALSE,"Higher_in_IPF","GO_Biological_Process"
"GO:0021954","central nervous system neuron development","1/423","75/13537",0.0133333333333333,0.426698187549251,-0.894142875018782,0.908151114708031,0.974379766074631,0.85749502724221,"1620",1,FALSE,"Higher_in_IPF","GO_Biological_Process"
"GO:0034766","negative regulation of monoatomic ion transmembrane transport","1/423","75/13537",0.0133333333333333,0.426698187549251,-0.894142875018782,0.908151114708031,0.974379766074631,0.85749502724221,"255738",1,FALSE,"Higher_in_IPF","GO_Biological_Process"
"GO:0099068","postsynapse assembly","1/423","75/13537",0.0133333333333333,0.426698187549251,-0.894142875018782,0.908151114708031,0.974379766074631,0.85749502724221,"7476",1,FALSE,"Higher_in_IPF","GO_Biological_Process"
"GO:1905818","regulation of chromosome separation","1/423","75/13537",0.0133333333333333,0.426698187549251,-0.894142875018782,0.908151114708031,0.974379766074631,0.85749502724221,"84101",1,FALSE,"Higher_in_IPF","GO_Biological_Process"
"GO:0050792","regulation of viral process","2/423","126/13537",0.0158730158730159,0.507974032796728,-0.996530239719443,0.908281191058044,0.974379766074631,0.85749502724221,"27074/6590",2,FALSE,"Higher_in_IPF","GO_Biological_Process"
"GO:0070585","protein localization to mitochondrion","2/423","126/13537",0.0158730158730159,0.507974032796728,-0.996530239719443,0.908281191058044,0.974379766074631,0.85749502724221,"7855/120892",2,FALSE,"Higher_in_IPF","GO_Biological_Process"
"GO:0007015","actin filament organization","9/423","417/13537",0.0215827338129496,0.690698505025767,-1.15220802565108,0.908664922557462,0.974517605147301,0.857616331402548,"7273/85462/221692/23221/408/335/4640/5319/2013",9,FALSE,"Higher_in_IPF","GO_Biological_Process"
"GO:0045859","regulation of protein kinase activity","7/423","340/13537",0.0205882352941176,0.658872201362815,-1.1441072264545,0.910884592186789,0.97596518396924,0.858890261429189,"6283/114/9052/120892/5319/353514/57761",7,FALSE,"Higher_in_IPF","GO_Biological_Process"
"GO:0006360","transcription by RNA polymerase I","1/423","76/13537",0.0131578947368421,0.421083737713077,-0.908932537497513,0.911037170158819,0.97596518396924,0.858890261429189,"1050",1,FALSE,"Higher_in_IPF","GO_Biological_Process"
"GO:0008088","axo-dendritic transport","1/423","76/13537",0.0131578947368421,0.421083737713077,-0.908932537497513,0.911037170158819,0.97596518396924,0.858890261429189,"64284",1,FALSE,"Higher_in_IPF","GO_Biological_Process"
"GO:0043242","negative regulation of protein-containing complex disassembly","1/423","76/13537",0.0131578947368421,0.421083737713077,-0.908932537497513,0.911037170158819,0.97596518396924,0.858890261429189,"58526",1,FALSE,"Higher_in_IPF","GO_Biological_Process"
"GO:0003333","amino acid transmembrane transport","1/423","77/13537",0.012987012987013,0.415615117742777,-0.923569477921974,0.913832748275067,0.978410945853675,0.861042634381443,"11254",1,FALSE,"Higher_in_IPF","GO_Biological_Process"
"GO:0032418","lysosome localization","1/423","77/13537",0.012987012987013,0.415615117742777,-0.923569477921974,0.913832748275067,0.978410945853675,0.861042634381443,"50487",1,FALSE,"Higher_in_IPF","GO_Biological_Process"
"GO:0034976","response to endoplasmic reticulum stress","5/423","261/13537",0.0191570881226054,0.613072108547775,-1.13361200213427,0.914481476683182,0.978831028308492,0.861412324545975,"1080/120892/5923/26471/57761",5,FALSE,"Higher_in_IPF","GO_Biological_Process"
"GO:0031333","negative regulation of protein-containing complex assembly","2/423","129/13537",0.0155038759689922,0.496160683196804,-1.03264887388827,0.915078982552818,0.978921702265806,0.861492121428263,"5590/4210",2,FALSE,"Higher_in_IPF","GO_Biological_Process"
"GO:0099175","regulation of postsynapse organization","2/423","129/13537",0.0155038759689922,0.496160683196804,-1.03264887388827,0.915078982552818,0.978921702265806,0.861492121428263,"7476/120892",2,FALSE,"Higher_in_IPF","GO_Biological_Process"
"GO:0001942","hair follicle development","1/423","78/13537",0.0128205128205128,0.410286718797357,-0.938057760041642,0.916540678994209,0.979661901567718,0.862143527833298,"6469",1,FALSE,"Higher_in_IPF","GO_Biological_Process"
"GO:0048013","ephrin receptor signaling pathway","1/423","78/13537",0.0128205128205128,0.410286718797357,-0.938057760041642,0.916540678994209,0.979661901567718,0.862143527833298,"6098",1,FALSE,"Higher_in_IPF","GO_Biological_Process"
"GO:1990849","vacuolar localization","1/423","78/13537",0.0128205128205128,0.410286718797357,-0.938057760041642,0.916540678994209,0.979661901567718,0.862143527833298,"50487",1,FALSE,"Higher_in_IPF","GO_Biological_Process"
"GO:0032465","regulation of cytokinesis","1/423","79/13537",0.0126582278481013,0.40509321602777,-0.952401283322181,0.919163703942976,0.981286159966518,0.863572943291645,"994",1,FALSE,"Higher_in_IPF","GO_Biological_Process"
"GO:0043543","protein acylation","1/423","79/13537",0.0126582278481013,0.40509321602777,-0.952401283322181,0.919163703942976,0.981286159966518,0.863572943291645,"131540",1,FALSE,"Higher_in_IPF","GO_Biological_Process"
"GO:0048661","positive regulation of smooth muscle cell proliferation","1/423","79/13537",0.0126582278481013,0.40509321602777,-0.952401283322181,0.919163703942976,0.981286159966518,0.863572943291645,"3162",1,FALSE,"Higher_in_IPF","GO_Biological_Process"
"GO:0050871","positive regulation of B cell activation","1/423","79/13537",0.0126582278481013,0.40509321602777,-0.952401283322181,0.919163703942976,0.981286159966518,0.863572943291645,"89780",1,FALSE,"Higher_in_IPF","GO_Biological_Process"
"GO:0016482","cytosolic transport","2/423","131/13537",0.0152671755725191,0.488585710934257,-1.05634715099774,0.919345362545897,0.981286159966518,0.863572943291645,"127845/120892",2,FALSE,"Higher_in_IPF","GO_Biological_Process"
"GO:0002520","immune system development","3/423","178/13537",0.0168539325842697,0.539365686508885,-1.11103330887155,0.920070541948072,0.981785726427541,0.864012582712555,"3135/6469/57864",3,FALSE,"Higher_in_IPF","GO_Biological_Process"
"GO:0033673","negative regulation of kinase activity","2/423","132/13537",0.0151515151515152,0.48488430403324,-1.06808571499788,0.921402281541997,0.982156768499975,0.864339115285468,"9052/57761",2,FALSE,"Higher_in_IPF","GO_Biological_Process"
"GO:0046467","membrane lipid biosynthetic process","2/423","132/13537",0.0151515151515152,0.48488430403324,-1.06808571499788,0.921402281541997,0.982156768499975,0.864339115285468,"83401/2523",2,FALSE,"Higher_in_IPF","GO_Biological_Process"
"GO:0022604","regulation of cell morphogenesis","4/423","223/13537",0.0179372197309417,0.574033436164912,-1.15191764988174,0.921571891354308,0.982156768499975,0.864339115285468,"84879/5028/23221/3249",4,FALSE,"Higher_in_IPF","GO_Biological_Process"
"GO:0022404","molting cycle process","1/423","80/13537",0.0125,0.400029550827423,-0.966603791702561,0.921704479186854,0.982156768499975,0.864339115285468,"6469",1,FALSE,"Higher_in_IPF","GO_Biological_Process"
"GO:0022405","hair cycle process","1/423","80/13537",0.0125,0.400029550827423,-0.966603791702561,0.921704479186854,0.982156768499975,0.864339115285468,"6469",1,FALSE,"Higher_in_IPF","GO_Biological_Process"
"GO:0141188","nucleic acid catabolic process","6/423","308/13537",0.0194805194805195,0.623422676614166,-1.20064269028249,0.922951436060094,0.983211100133214,0.865266971306338,"115572/131405/7432/6037/6036/27443",6,FALSE,"Higher_in_IPF","GO_Biological_Process"
"GO:0042100","B cell proliferation","1/423","81/13537",0.0123456790123457,0.395090914397455,-0.980668881777974,0.924165577894141,0.984229895787959,0.866163554176936,"89780",1,FALSE,"Higher_in_IPF","GO_Biological_Process"
"GO:0034599","cellular response to oxidative stress","4/423","225/13537",0.0177777777777778,0.568930916732335,-1.17101982434478,0.924743534779656,0.984570779639912,0.866463546251992,"8807/4257/120892/4353",4,FALSE,"Higher_in_IPF","GO_Biological_Process"
"GO:0014033","neural crest cell differentiation","1/423","82/13537",0.0121951219512195,0.390272732514559,-0.994600010452948,0.926549492917237,0.985668978533857,0.867430007300618,"6469",1,FALSE,"Higher_in_IPF","GO_Biological_Process"
"GO:0051304","chromosome separation","1/423","82/13537",0.0121951219512195,0.390272732514559,-0.994600010452948,0.926549492917237,0.985668978533857,0.867430007300618,"84101",1,FALSE,"Higher_in_IPF","GO_Biological_Process"
"GO:2000628","regulation of miRNA metabolic process","1/423","82/13537",0.0121951219512195,0.390272732514559,-0.994600010452948,0.926549492917237,0.985668978533857,0.867430007300618,"4091",1,FALSE,"Higher_in_IPF","GO_Biological_Process"
"GO:0032970","regulation of actin filament-based process","7/423","352/13537",0.0198863636363636,0.636410649043628,-1.24133838902932,0.927203434987553,0.986089892697069,0.867800429403393,"3552/7134/26084/54959/23221/335/3759",7,FALSE,"Higher_in_IPF","GO_Biological_Process"
"GO:0051607","defense response to virus","5/423","270/13537",0.0185185185185185,0.592636371596182,-1.21429871279806,0.927964941663694,0.986624936583677,0.868271290445562,"8547/1668/84101/6036/51311",5,FALSE,"Higher_in_IPF","GO_Biological_Process"
"GO:0006405","RNA export from nucleus","1/423","83/13537",0.0120481927710843,0.385570651399926,-1.00840050210517,0.928858639293752,0.986750774853519,0.868382033396496,"56000",1,FALSE,"Higher_in_IPF","GO_Biological_Process"
"GO:0140888","interferon-mediated signaling pathway","1/423","83/13537",0.0120481927710843,0.385570651399926,-1.00840050210517,0.928858639293752,0.986750774853519,0.868382033396496,"383",1,FALSE,"Higher_in_IPF","GO_Biological_Process"
"GO:1901879","regulation of protein depolymerization","1/423","83/13537",0.0120481927710843,0.385570651399926,-1.00840050210517,0.928858639293752,0.986750774853519,0.868382033396496,"58526",1,FALSE,"Higher_in_IPF","GO_Biological_Process"
"GO:1900180","regulation of protein localization to nucleus","2/423","137/13537",0.0145985401459854,0.467187796586772,-1.12571852904633,0.930967106106228,0.988576771903697,0.869988987322268,"51208/6469",2,FALSE,"Higher_in_IPF","GO_Biological_Process"
"GO:0097581","lamellipodium organization","1/423","84/13537",0.0119047619047619,0.380980524597546,-1.02207355529694,0.931095356669904,0.988576771903697,0.869988987322268,"100506658",1,FALSE,"Higher_in_IPF","GO_Biological_Process"
"GO:0006403","RNA localization","3/423","185/13537",0.0162162162162162,0.518957255127468,-1.18316179667699,0.931862824226927,0.988841651722737,0.870222092663278,"23089/7263/56000",3,FALSE,"Higher_in_IPF","GO_Biological_Process"
"GO:0033002","muscle cell proliferation","3/423","185/13537",0.0162162162162162,0.518957255127468,-1.18316179667699,0.931862824226927,0.988841651722737,0.870222092663278,"6469/5950/3162",3,FALSE,"Higher_in_IPF","GO_Biological_Process"
"GO:0006119","oxidative phosphorylation","2/423","138/13537",0.0144927536231884,0.463802377770925,-1.13704067351993,0.93274334276833,0.989226134080412,0.870560453250442,"51085/26471",2,FALSE,"Higher_in_IPF","GO_Biological_Process"
"GO:0140013","meiotic nuclear division","2/423","138/13537",0.0144927536231884,0.463802377770925,-1.13704067351993,0.93274334276833,0.989226134080412,0.870560453250442,"122402/994",2,FALSE,"Higher_in_IPF","GO_Biological_Process"
"GO:0032273","positive regulation of protein polymerization","1/423","85/13537",0.0117647058823529,0.376498400778751,-1.03562224906799,0.933261911648617,0.989226534890178,0.870560805979832,"100506658",1,FALSE,"Higher_in_IPF","GO_Biological_Process"
"GO:0034243","regulation of transcription elongation by RNA polymerase II","1/423","85/13537",0.0117647058823529,0.376498400778751,-1.03562224906799,0.933261911648617,0.989226534890178,0.870560805979832,"6469",1,FALSE,"Higher_in_IPF","GO_Biological_Process"
"GO:0048009","insulin-like growth factor receptor signaling pathway","1/423","86/13537",0.0116279069767442,0.372120512397603,-1.04904954884051,0.935360500064662,0.991175794961665,0.872276236529909,"6098",1,FALSE,"Higher_in_IPF","GO_Biological_Process"
"GO:0043648","dicarboxylic acid metabolic process","1/423","87/13537",0.0114942528735632,0.367843265128665,-1.06235831196465,0.937393249189088,0.99195327755098,0.872960453790281,"5625",1,FALSE,"Higher_in_IPF","GO_Biological_Process"
"GO:0051492","regulation of stress fiber assembly","1/423","87/13537",0.0114942528735632,0.367843265128665,-1.06235831196465,0.937393249189088,0.99195327755098,0.872960453790281,"335",1,FALSE,"Higher_in_IPF","GO_Biological_Process"
"GO:1900182","positive regulation of protein localization to nucleus","1/423","87/13537",0.0114942528735632,0.367843265128665,-1.06235831196465,0.937393249189088,0.99195327755098,0.872960453790281,"6469",1,FALSE,"Higher_in_IPF","GO_Biological_Process"
"GO:1901992","positive regulation of mitotic cell cycle phase transition","1/423","87/13537",0.0114942528735632,0.367843265128665,-1.06235831196465,0.937393249189088,0.99195327755098,0.872960453790281,"994",1,FALSE,"Higher_in_IPF","GO_Biological_Process"
"GO:1902117","positive regulation of organelle assembly","1/423","87/13537",0.0114942528735632,0.367843265128665,-1.06235831196465,0.937393249189088,0.99195327755098,0.872960453790281,"1437",1,FALSE,"Higher_in_IPF","GO_Biological_Process"
"GO:0009615","response to virus","7/423","362/13537",0.0193370165745856,0.618830244373914,-1.3202165537083,0.938751924737781,0.993110538868393,0.873978892246673,"8547/3373/1129/1668/84101/6036/51311",7,FALSE,"Higher_in_IPF","GO_Biological_Process"
"GO:0120032","regulation of plasma membrane bounded cell projection assembly","3/423","190/13537",0.0157894736842105,0.505300485255692,-1.23331559040385,0.939283437387227,0.993110538868393,0.873978892246673,"5909/64284/100506658",3,FALSE,"Higher_in_IPF","GO_Biological_Process"
"GO:0043409","negative regulation of MAPK cascade","2/423","142/13537",0.0140845070422535,0.450737522059068,-1.18168170547811,0.939425285286541,0.993110538868393,0.873978892246673,"55885/91662",2,FALSE,"Higher_in_IPF","GO_Biological_Process"
"GO:0010948","negative regulation of cell cycle process","5/423","279/13537",0.017921146953405,0.573519069286628,-1.29273789098949,0.939527309165174,0.993110538868393,0.873978892246673,"3135/8328/84101/57662/56241",5,FALSE,"Higher_in_IPF","GO_Biological_Process"
"GO:0032535","regulation of cellular component size","6/423","322/13537",0.0186335403726708,0.596317342848333,-1.31668597869168,0.940279867658883,0.993630925746365,0.874436854507015,"89780/6344/7476/627/361/4099",6,FALSE,"Higher_in_IPF","GO_Biological_Process"
"GO:0031334","positive regulation of protein-containing complex assembly","3/423","191/13537",0.0157068062827225,0.502654932976867,-1.24321632672939,0.94067501089377,0.993773434308913,0.87456226801413,"100506658/1437/21",3,FALSE,"Higher_in_IPF","GO_Biological_Process"
"GO:1903169","regulation of calcium ion transmembrane transport","2/423","143/13537",0.013986013986014,0.447585511415299,-1.19268483964588,0.94099469018464,0.993836162413543,0.874617471374936,"56704/5319",2,FALSE,"Higher_in_IPF","GO_Biological_Process"
"GO:0000423","mitophagy","1/423","89/13537",0.0112359550561798,0.359577124339257,-1.08863114826898,0.941269408577844,0.99385138328269,0.874630866377642,"7855",1,FALSE,"Higher_in_IPF","GO_Biological_Process"
"GO:0060491","regulation of cell projection assembly","3/423","192/13537",0.015625,0.500036938534279,-1.2530748424935,0.942037053666154,0.994386914818185,0.875102156571268,"5909/64284/100506658",3,FALSE,"Higher_in_IPF","GO_Biological_Process"
"GO:0007286","spermatid development","2/423","144/13537",0.0138888888888889,0.444477278697137,-1.20362695498582,0.942525470328606,0.994426884682399,0.875137331726784,"1080/50487",2,FALSE,"Higher_in_IPF","GO_Biological_Process"
"GO:0030071","regulation of mitotic metaphase/anaphase transition","1/423","90/13537",0.0111111111111111,0.35558182295771,-1.10160044116747,0.943116749459133,0.994426884682399,0.875137331726784,"84101",1,FALSE,"Higher_in_IPF","GO_Biological_Process"
"GO:0035082","axoneme assembly","1/423","90/13537",0.0111111111111111,0.35558182295771,-1.10160044116747,0.943116749459133,0.994426884682399,0.875137331726784,"50487",1,FALSE,"Higher_in_IPF","GO_Biological_Process"
"GO:0061157","mRNA destabilization","1/423","90/13537",0.0111111111111111,0.35558182295771,-1.10160044116747,0.943116749459133,0.994426884682399,0.875137331726784,"131405",1,FALSE,"Higher_in_IPF","GO_Biological_Process"
"GO:0072522","purine-containing compound biosynthetic process","4/423","239/13537",0.0167364016736402,0.535604419517889,-1.30089316257967,0.943899880267476,0.994924486828844,0.875575242468548,"114/83401/2194/55902",4,FALSE,"Higher_in_IPF","GO_Biological_Process"
"GO:0006401","RNA catabolic process","5/423","283/13537",0.0176678445229682,0.565412792688937,-1.32691908206201,0.944109852221295,0.994924486828844,0.875575242468548,"115572/131405/7432/6037/6036",5,FALSE,"Higher_in_IPF","GO_Biological_Process"
"GO:2000278","regulation of DNA biosynthetic process","1/423","91/13537",0.010989010989011,0.351674330397735,-1.11446164581346,0.944906116230813,0.995238764743305,0.875851820203642,"27063",1,FALSE,"Higher_in_IPF","GO_Biological_Process"
"GO:0031503","protein-containing complex localization","3/423","195/13537",0.0153846153846154,0.492344062556828,-1.28240166840795,0.945951458901188,0.995238764743305,0.875851820203642,"5590/9254/27092",3,FALSE,"Higher_in_IPF","GO_Biological_Process"
"GO:0016579","protein deubiquitination","1/423","92/13537",0.0108695652173913,0.347851783328194,-1.12721715149144,0.946639324087006,0.995238764743305,0.875851820203642,"84101",1,FALSE,"Higher_in_IPF","GO_Biological_Process"
"GO:1902099","regulation of metaphase/anaphase transition of cell cycle","1/423","92/13537",0.0108695652173913,0.347851783328194,-1.12721715149144,0.946639324087006,0.995238764743305,0.875851820203642,"84101",1,FALSE,"Higher_in_IPF","GO_Biological_Process"
"GO:0003341","cilium movement","3/423","196/13537",0.0153061224489796,0.489832103053987,-1.29209586602421,0.947200801842633,0.995238764743305,0.875851820203642,"361/57662/50487",3,FALSE,"Higher_in_IPF","GO_Biological_Process"
"GO:0032984","protein-containing complex disassembly","4/423","242/13537",0.0165289256198347,0.528964695308989,-1.32789806573749,0.947377734517071,0.995238764743305,0.875851820203642,"6456/4778/6457/58526",4,FALSE,"Higher_in_IPF","GO_Biological_Process"
"GO:1901988","negative regulation of cell cycle phase transition","4/423","242/13537",0.0165289256198347,0.528964695308989,-1.32789806573749,0.947377734517071,0.995238764743305,0.875851820203642,"8328/84101/57662/56241",4,FALSE,"Higher_in_IPF","GO_Biological_Process"
"GO:0016311","dephosphorylation","2/423","148/13537",0.0135135135135135,0.43246437927289,-1.24680254043409,0.94827957266455,0.995238764743305,0.875851820203642,"55/54886",2,FALSE,"Higher_in_IPF","GO_Biological_Process"
"GO:0006664","glycolipid metabolic process","1/423","93/13537",0.010752688172043,0.344111441571977,-1.13986926644584,0.94831813151811,0.995238764743305,0.875851820203642,"2523",1,FALSE,"Higher_in_IPF","GO_Biological_Process"
"GO:0042303","molting cycle","1/423","93/13537",0.010752688172043,0.344111441571977,-1.13986926644584,0.94831813151811,0.995238764743305,0.875851820203642,"6469",1,FALSE,"Higher_in_IPF","GO_Biological_Process"
"GO:0042633","hair cycle","1/423","93/13537",0.010752688172043,0.344111441571977,-1.13986926644584,0.94831813151811,0.995238764743305,0.875851820203642,"6469",1,FALSE,"Higher_in_IPF","GO_Biological_Process"
"GO:0048024","regulation of mRNA splicing, via spliceosome","1/423","93/13537",0.010752688172043,0.344111441571977,-1.13986926644584,0.94831813151811,0.995238764743305,0.875851820203642,"202559",1,FALSE,"Higher_in_IPF","GO_Biological_Process"
"GO:0050779","RNA destabilization","1/423","93/13537",0.010752688172043,0.344111441571977,-1.13986926644584,0.94831813151811,0.995238764743305,0.875851820203642,"131405",1,FALSE,"Higher_in_IPF","GO_Biological_Process"
"GO:0090398","cellular senescence","1/423","93/13537",0.010752688172043,0.344111441571977,-1.13986926644584,0.94831813151811,0.995238764743305,0.875851820203642,"3135",1,FALSE,"Higher_in_IPF","GO_Biological_Process"
"GO:2001251","negative regulation of chromosome organization","1/423","93/13537",0.010752688172043,0.344111441571977,-1.13986926644584,0.94831813151811,0.995238764743305,0.875851820203642,"84101",1,FALSE,"Higher_in_IPF","GO_Biological_Process"
"GO:0009314","response to radiation","7/423","373/13537",0.0187667560321716,0.600580558882995,-1.40487422814718,0.949563362404416,0.995850388867105,0.87639007506377,"3552/3373/4311/6833/181/84152/164312",7,FALSE,"Higher_in_IPF","GO_Biological_Process"
"GO:0009411","response to UV","2/423","149/13537",0.0134228187919463,0.429561933774414,-1.25745238284794,0.949630006552382,0.995850388867105,0.87639007506377,"3373/4311",2,FALSE,"Higher_in_IPF","GO_Biological_Process"
"GO:0007091","metaphase/anaphase transition of mitotic cell cycle","1/423","94/13537",0.0106382978723404,0.340450681555254,-1.15242022152715,0.94994424207805,0.995850388867105,0.87639007506377,"84101",1,FALSE,"Higher_in_IPF","GO_Biological_Process"
"GO:1903509","liposaccharide metabolic process","1/423","94/13537",0.0106382978723404,0.340450681555254,-1.15242022152715,0.94994424207805,0.995850388867105,0.87639007506377,"2523",1,FALSE,"Higher_in_IPF","GO_Biological_Process"
"GO:0032784","regulation of DNA-templated transcription elongation","1/423","95/13537",0.0105263157894737,0.336866990170462,-1.1648721736354,0.951519306096572,0.996638048065622,0.877083248166707,"6469",1,FALSE,"Higher_in_IPF","GO_Biological_Process"
"GO:0061014","positive regulation of mRNA catabolic process","1/423","95/13537",0.0105263157894737,0.336866990170462,-1.1648721736354,0.951519306096572,0.996638048065622,0.877083248166707,"131405",1,FALSE,"Higher_in_IPF","GO_Biological_Process"
"GO:0006606","protein import into nucleus","2/423","151/13537",0.0132450331125828,0.423872371737667,-1.27858478638021,0.952230766126599,0.996638048065622,0.877083248166707,"6469/120892",2,FALSE,"Higher_in_IPF","GO_Biological_Process"
"GO:0048515","spermatid differentiation","2/423","151/13537",0.0132450331125828,0.423872371737667,-1.27858478638021,0.952230766126599,0.996638048065622,0.877083248166707,"1080/50487",2,FALSE,"Higher_in_IPF","GO_Biological_Process"
"GO:0002377","immunoglobulin production","1/423","96/13537",0.0104166666666667,0.333357959022853,-1.17722720897434,0.953044922338288,0.996638048065622,0.877083248166707,"5950",1,FALSE,"Higher_in_IPF","GO_Biological_Process"
"GO:0032231","regulation of actin filament bundle assembly","1/423","96/13537",0.0104166666666667,0.333357959022853,-1.17722720897434,0.953044922338288,0.996638048065622,0.877083248166707,"335",1,FALSE,"Higher_in_IPF","GO_Biological_Process"
"GO:0044784","metaphase/anaphase transition of cell cycle","1/423","96/13537",0.0104166666666667,0.333357959022853,-1.17722720897434,0.953044922338288,0.996638048065622,0.877083248166707,"84101",1,FALSE,"Higher_in_IPF","GO_Biological_Process"
"GO:0048008","platelet-derived growth factor receptor signaling pathway","1/423","96/13537",0.0104166666666667,0.333357959022853,-1.17722720897434,0.953044922338288,0.996638048065622,0.877083248166707,"6098",1,FALSE,"Higher_in_IPF","GO_Biological_Process"
"GO:0110020","regulation of actomyosin structure organization","1/423","96/13537",0.0104166666666667,0.333357959022853,-1.17722720897434,0.953044922338288,0.996638048065622,0.877083248166707,"335",1,FALSE,"Higher_in_IPF","GO_Biological_Process"
"GO:0030178","negative regulation of Wnt signaling pathway","2/423","152/13537",0.0131578947368421,0.421083737713077,-1.28906887560373,0.953482629176631,0.99682274868466,0.877245792451665,"6469/387914",2,FALSE,"Higher_in_IPF","GO_Biological_Process"
"GO:0090100","positive regulation of transmembrane receptor protein serine/threonine kinase signaling pathway","1/423","97/13537",0.0103092783505155,0.329921279032926,-1.18948734612861,0.954522639610136,0.997636856838625,0.877962241743788,"94",1,FALSE,"Higher_in_IPF","GO_Biological_Process"
"GO:0010586","miRNA metabolic process","1/423","98/13537",0.0102040816326531,0.326554735369325,-1.20165453897539,0.955953958318835,0.99885939049297,0.879038122592032,"4091",1,FALSE,"Higher_in_IPF","GO_Biological_Process"
"GO:0048284","organelle fusion","2/423","156/13537",0.0128205128205128,0.410286718797357,-1.33047491140589,0.958183858909419,0.999998163680171,0.880040290719061,"8676/29091",2,FALSE,"Higher_in_IPF","GO_Biological_Process"
"GO:0051170","import into nucleus","2/423","156/13537",0.0128205128205128,0.410286718797357,-1.33047491140589,0.958183858909419,0.999998163680171,0.880040290719061,"6469/120892",2,FALSE,"Higher_in_IPF","GO_Biological_Process"
"GO:0099173","postsynapse organization","3/423","206/13537",0.0145631067961165,0.466053845624182,-1.38690743322678,0.958299055045591,0.999998163680171,0.880040290719061,"7476/1501/120892",3,FALSE,"Higher_in_IPF","GO_Biological_Process"
"GO:0045814","negative regulation of gene expression, epigenetic","2/423","157/13537",0.0127388535031847,0.407673427594826,-1.34069735429388,0.959286152207784,0.999998163680171,0.880040290719061,"195814/122402",2,FALSE,"Higher_in_IPF","GO_Biological_Process"
"GO:1903046","meiotic cell cycle process","2/423","157/13537",0.0127388535031847,0.407673427594826,-1.34069735429388,0.959286152207784,0.999998163680171,0.880040290719061,"122402/994",2,FALSE,"Higher_in_IPF","GO_Biological_Process"
"GO:0050821","protein stabilization","3/423","208/13537",0.0144230769230769,0.461572558647027,-1.4054255232714,0.960239076971582,0.999998163680171,0.880040290719061,"338328/1620/335",3,FALSE,"Higher_in_IPF","GO_Biological_Process"
"GO:0010389","regulation of G2/M transition of mitotic cell cycle","1/423","102/13537",0.00980392156862745,0.313748667315626,-1.24943083044354,0.961243644851261,0.999998163680171,0.880040290719061,"994",1,FALSE,"Higher_in_IPF","GO_Biological_Process"
"GO:0051701","biological process involved in interaction with host","2/423","159/13537",0.0125786163522013,0.402545459952124,-1.36099208303582,0.961407877306264,0.999998163680171,0.880040290719061,"8993/6614",2,FALSE,"Higher_in_IPF","GO_Biological_Process"
"GO:0006839","mitochondrial transport","2/423","160/13537",0.0125,0.400029550827423,-1.37106566433609,0.962428611488107,0.999998163680171,0.880040290719061,"64116/7263",2,FALSE,"Higher_in_IPF","GO_Biological_Process"
"GO:0071478","cellular response to radiation","2/423","160/13537",0.0125,0.400029550827423,-1.37106566433609,0.962428611488107,0.999998163680171,0.880040290719061,"3373/4311",2,FALSE,"Higher_in_IPF","GO_Biological_Process"
"GO:0007281","germ cell development","4/423","258/13537",0.0155038759689922,0.496160683196804,-1.46746242172417,0.962812436852163,0.999998163680171,0.880040290719061,"3549/1080/994/50487",4,FALSE,"Higher_in_IPF","GO_Biological_Process"
"GO:0033045","regulation of sister chromatid segregation","1/423","104/13537",0.00961538461538462,0.307715039098018,-1.27280779479748,0.963645795681947,0.999998163680171,0.880040290719061,"84101",1,FALSE,"Higher_in_IPF","GO_Biological_Process"
"GO:0120034","positive regulation of plasma membrane bounded cell projection assembly","1/423","104/13537",0.00961538461538462,0.307715039098018,-1.27280779479748,0.963645795681947,0.999998163680171,0.880040290719061,"100506658",1,FALSE,"Higher_in_IPF","GO_Biological_Process"
"GO:0051321","meiotic cell cycle","3/423","212/13537",0.0141509433962264,0.452863642446139,-1.44204118254045,0.963868000023904,0.999998163680171,0.880040290719061,"116369/122402/994",3,FALSE,"Higher_in_IPF","GO_Biological_Process"
"GO:1902806","regulation of cell cycle G1/S phase transition","2/423","162/13537",0.0123456790123457,0.395090914397455,-1.39106840390181,0.964392976742375,0.999998163680171,0.880040290719061,"8328/56241",2,FALSE,"Higher_in_IPF","GO_Biological_Process"
"GO:0007040","lysosome organization","1/423","105/13537",0.00952380952380952,0.304784419678037,-1.28437419473571,0.964790575584168,0.999998163680171,0.880040290719061,"120892",1,FALSE,"Higher_in_IPF","GO_Biological_Process"
"GO:0080171","lytic vacuole organization","1/423","105/13537",0.00952380952380952,0.304784419678037,-1.28437419473571,0.964790575584168,0.999998163680171,0.880040290719061,"120892",1,FALSE,"Higher_in_IPF","GO_Biological_Process"
"GO:1901989","positive regulation of cell cycle phase transition","1/423","105/13537",0.00952380952380952,0.304784419678037,-1.28437419473571,0.964790575584168,0.999998163680171,0.880040290719061,"994",1,FALSE,"Higher_in_IPF","GO_Biological_Process"
"GO:0043254","regulation of protein-containing complex assembly","7/423","394/13537",0.0177664974619289,0.568569919957759,-1.56084236884623,0.965589586985702,0.999998163680171,0.880040290719061,"5590/100506658/1437/29091/21/4210/57662",7,FALSE,"Higher_in_IPF","GO_Biological_Process"
"GO:0001667","ameboidal-type cell migration","3/423","215/13537",0.013953488372093,0.446544614877124,-1.46914580595604,0.966382934415453,0.999998163680171,0.880040290719061,"57111/6469/1512",3,FALSE,"Higher_in_IPF","GO_Biological_Process"
"GO:0038202","TORC1 signaling","1/423","108/13537",0.00925925925925926,0.296318185798091,-1.31860322945709,0.968013592717912,0.999998163680171,0.880040290719061,"6196",1,FALSE,"Higher_in_IPF","GO_Biological_Process"
"GO:0042770","signal transduction in response to DNA damage","2/423","166/13537",0.0120481927710843,0.385570651399926,-1.43051303121557,0.968030123036538,0.999998163680171,0.880040290719061,"4582/27063",2,FALSE,"Higher_in_IPF","GO_Biological_Process"
"GO:1902905","positive regulation of supramolecular fiber organization","2/423","166/13537",0.0120481927710843,0.385570651399926,-1.43051303121557,0.968030123036538,0.999998163680171,0.880040290719061,"100506658/335",2,FALSE,"Higher_in_IPF","GO_Biological_Process"
"GO:1903311","regulation of mRNA metabolic process","4/423","265/13537",0.0150943396226415,0.483054551942549,-1.52632575619794,0.968146255129905,0.999998163680171,0.880040290719061,"115572/131405/202559/7432",4,FALSE,"Higher_in_IPF","GO_Biological_Process"
"GO:0045930","negative regulation of mitotic cell cycle","3/423","218/13537",0.0137614678899083,0.440399505498081,-1.49595418757931,0.968732390420536,0.999998163680171,0.880040290719061,"1620/8328/84101",3,FALSE,"Higher_in_IPF","GO_Biological_Process"
"GO:0031929","TOR signaling","2/423","167/13537",0.0119760479041916,0.383261845104118,-1.44026071856142,0.968882019757418,0.999998163680171,0.880040290719061,"6098/6196",2,FALSE,"Higher_in_IPF","GO_Biological_Process"
"GO:0000422","autophagy of mitochondrion","1/423","109/13537",0.00917431192660551,0.293599670332054,-1.32986097819034,0.969021132391776,0.999998163680171,0.880040290719061,"7855",1,FALSE,"Higher_in_IPF","GO_Biological_Process"
"GO:0140014","mitotic nuclear division","4/423","267/13537",0.0149812734082397,0.479436165785676,-1.54291474223141,0.969534082605281,0.999998163680171,0.880040290719061,"3552/7273/1950/84101",4,FALSE,"Higher_in_IPF","GO_Biological_Process"
"GO:1901991","negative regulation of mitotic cell cycle phase transition","2/423","169/13537",0.0118343195266272,0.378726201966791,-1.4596238079727,0.970520779215802,0.999998163680171,0.880040290719061,"8328/84101",2,FALSE,"Higher_in_IPF","GO_Biological_Process"
"GO:0032956","regulation of actin cytoskeleton organization","5/423","315/13537",0.0158730158730159,0.507974032796728,-1.58687417007961,0.970876117701526,0.999998163680171,0.880040290719061,"3552/26084/54959/23221/335",5,FALSE,"Higher_in_IPF","GO_Biological_Process"
"GO:0048863","stem cell differentiation","3/423","221/13537",0.0135746606334842,0.43442123166779,-1.52247478369618,0.970926357194,0.999998163680171,0.880040290719061,"7476/6469/6928",3,FALSE,"Higher_in_IPF","GO_Biological_Process"
"GO:1902115","regulation of organelle assembly","3/423","221/13537",0.0135746606334842,0.43442123166779,-1.52247478369618,0.970926357194,0.999998163680171,0.880040290719061,"1437/120892/26471",3,FALSE,"Higher_in_IPF","GO_Biological_Process"
"GO:0010821","regulation of mitochondrion organization","1/423","111/13537",0.00900900900900901,0.288309586181927,-1.35215678246547,0.970942213097331,0.999998163680171,0.880040290719061,"120892",1,FALSE,"Higher_in_IPF","GO_Biological_Process"
"GO:0019079","viral genome replication","1/423","111/13537",0.00900900900900901,0.288309586181927,-1.35215678246547,0.970942213097331,0.999998163680171,0.880040290719061,"6590",1,FALSE,"Higher_in_IPF","GO_Biological_Process"
"GO:0070646","protein modification by small protein removal","1/423","111/13537",0.00900900900900901,0.288309586181927,-1.35215678246547,0.970942213097331,0.999998163680171,0.880040290719061,"84101",1,FALSE,"Higher_in_IPF","GO_Biological_Process"
"GO:0031346","positive regulation of cell projection organization","5/423","317/13537",0.0157728706624606,0.504769149309051,-1.6023941909982,0.972071880432972,0.999998163680171,0.880040290719061,"6280/89780/100506658/627/50487",5,FALSE,"Higher_in_IPF","GO_Biological_Process"
"GO:0000910","cytokinesis","2/423","171/13537",0.0116959064327485,0.374296655744957,-1.47881405606022,0.972076299873903,0.999998163680171,0.880040290719061,"994/27443",2,FALSE,"Higher_in_IPF","GO_Biological_Process"
"GO:0006368","transcription elongation by RNA polymerase II","1/423","113/13537",0.00884955752212389,0.283206761647733,-1.37416827139926,0.972744426697877,0.999998163680171,0.880040290719061,"6469",1,FALSE,"Higher_in_IPF","GO_Biological_Process"
"GO:1902749","regulation of cell cycle G2/M phase transition","1/423","113/13537",0.00884955752212389,0.283206761647733,-1.37416827139926,0.972744426697877,0.999998163680171,0.880040290719061,"994",1,FALSE,"Higher_in_IPF","GO_Biological_Process"
"GO:0044843","cell cycle G1/S phase transition","3/423","224/13537",0.0133928571428571,0.428603090172239,-1.5487156870693,0.972974307599858,0.999998163680171,0.880040290719061,"131405/8328/56241",3,FALSE,"Higher_in_IPF","GO_Biological_Process"
"GO:0046822","regulation of nucleocytoplasmic transport","1/423","114/13537",0.0087719298245614,0.280722491808718,-1.38507049376099,0.973603269628956,0.999998163680171,0.880040290719061,"6469",1,FALSE,"Higher_in_IPF","GO_Biological_Process"
"GO:0050684","regulation of mRNA processing","1/423","115/13537",0.00869565217391304,0.278281426662555,-1.39590528575677,0.974435111761635,0.999998163680171,0.880040290719061,"202559",1,FALSE,"Higher_in_IPF","GO_Biological_Process"
"GO:0090068","positive regulation of cell cycle process","3/423","227/13537",0.013215859030837,0.422938732152342,-1.5746846474899,0.974885216079242,0.999998163680171,0.880040290719061,"3552/1950/994",3,FALSE,"Higher_in_IPF","GO_Biological_Process"
"GO:0051495","positive regulation of cytoskeleton organization","2/423","175/13537",0.0114285714285714,0.365741303613644,-1.51669232153232,0.974953480401478,0.999998163680171,0.880040290719061,"100506658/335",2,FALSE,"Higher_in_IPF","GO_Biological_Process"
"GO:0007264","small GTPase-mediated signal transduction","8/423","457/13537",0.0175054704595186,0.560216438795516,-1.71767496791035,0.976396970664864,0.999998163680171,0.880040290719061,"5909/1718/79930/408/335/120892/5923/266747",8,FALSE,"Higher_in_IPF","GO_Biological_Process"
"GO:0031507","heterochromatin formation","1/423","118/13537",0.00847457627118644,0.271206475137236,-1.42801641433679,0.9767769708605,0.999998163680171,0.880040290719061,"122402",1,FALSE,"Higher_in_IPF","GO_Biological_Process"
"GO:0045931","positive regulation of mitotic cell cycle","1/423","118/13537",0.00847457627118644,0.271206475137236,-1.42801641433679,0.9767769708605,0.999998163680171,0.880040290719061,"994",1,FALSE,"Higher_in_IPF","GO_Biological_Process"
"GO:1903313","positive regulation of mRNA metabolic process","1/423","118/13537",0.00847457627118644,0.271206475137236,-1.42801641433679,0.9767769708605,0.999998163680171,0.880040290719061,"131405",1,FALSE,"Higher_in_IPF","GO_Biological_Process"
"GO:0031570","DNA integrity checkpoint signaling","1/423","119/13537",0.00840336134453781,0.268927429127679,-1.43859267190075,0.977509018056715,0.999998163680171,0.880040290719061,"57662",1,FALSE,"Higher_in_IPF","GO_Biological_Process"
"GO:0043244","regulation of protein-containing complex disassembly","1/423","119/13537",0.00840336134453781,0.268927429127679,-1.43859267190075,0.977509018056715,0.999998163680171,0.880040290719061,"58526",1,FALSE,"Higher_in_IPF","GO_Biological_Process"
"GO:0061640","cytoskeleton-dependent cytokinesis","1/423","119/13537",0.00840336134453781,0.268927429127679,-1.43859267190075,0.977509018056715,0.999998163680171,0.880040290719061,"27443",1,FALSE,"Higher_in_IPF","GO_Biological_Process"
"GO:0000075","cell cycle checkpoint signaling","2/423","180/13537",0.0111111111111111,0.35558182295771,-1.56313806303496,0.978149460811937,0.999998163680171,0.880040290719061,"84101/57662",2,FALSE,"Higher_in_IPF","GO_Biological_Process"
"GO:0001578","microtubule bundle formation","1/423","120/13537",0.00833333333333333,0.266686367218282,-1.44910694846151,0.978218042155836,0.999998163680171,0.880040290719061,"50487",1,FALSE,"Higher_in_IPF","GO_Biological_Process"
"GO:0017148","negative regulation of translation","1/423","120/13537",0.00833333333333333,0.266686367218282,-1.44910694846151,0.978218042155836,0.999998163680171,0.880040290719061,"131405",1,FALSE,"Higher_in_IPF","GO_Biological_Process"
"GO:0006402","mRNA catabolic process","3/423","234/13537",0.0128205128205128,0.410286718797357,-1.63426247525198,0.978857914370955,0.999998163680171,0.880040290719061,"115572/131405/7432",3,FALSE,"Higher_in_IPF","GO_Biological_Process"
"GO:0046718","symbiont entry into host cell","1/423","121/13537",0.00826446280991736,0.264482347654495,-1.4595602508781,0.978904765578962,0.999998163680171,0.880040290719061,"6614",1,FALSE,"Higher_in_IPF","GO_Biological_Process"
"GO:0048285","organelle fission","7/423","420/13537",0.0166666666666667,0.533372734436564,-1.74471809108854,0.978982114785422,0.999998163680171,0.880040290719061,"3552/7273/1950/120892/84101/122402/994",7,FALSE,"Higher_in_IPF","GO_Biological_Process"
"GO:0000280","nuclear division","6/423","376/13537",0.0159574468085106,0.510676022332881,-1.72819897089097,0.979071137317311,0.999998163680171,0.880040290719061,"3552/7273/1950/84101/122402/994",6,FALSE,"Higher_in_IPF","GO_Biological_Process"
"GO:0016032","viral process","6/423","376/13537",0.0159574468085106,0.510676022332881,-1.72819897089097,0.979071137317311,0.999998163680171,0.880040290719061,"27074/23089/25833/3249/6614/6590",6,FALSE,"Higher_in_IPF","GO_Biological_Process"
"GO:0006352","DNA-templated transcription initiation","2/423","182/13537",0.010989010989011,0.351674330397735,-1.58144732855262,0.979314227270414,0.999998163680171,0.880040290719061,"6928/1050",2,FALSE,"Higher_in_IPF","GO_Biological_Process"
"GO:0043161","proteasome-mediated ubiquitin-dependent protein catabolic process","7/423","421/13537",0.0166270783847981,0.532105815827451,-1.75160331249474,0.979385290560397,0.999998163680171,0.880040290719061,"131405/6469/408/120892/84101/1050/57761",7,FALSE,"Higher_in_IPF","GO_Biological_Process"
"GO:0051056","regulation of small GTPase mediated signal transduction","4/423","285/13537",0.0140350877192982,0.449155986893949,-1.68794432150384,0.979717513513932,0.999998163680171,0.880040290719061,"5909/408/335/5923",4,FALSE,"Higher_in_IPF","GO_Biological_Process"
"GO:0032271","regulation of protein polymerization","2/423","183/13537",0.0109289617486339,0.349752612745288,-1.5905460286464,0.979873856763765,0.999998163680171,0.880040290719061,"100506658/57662",2,FALSE,"Higher_in_IPF","GO_Biological_Process"
"GO:0050864","regulation of B cell activation","1/423","124/13537",0.00806451612903226,0.258083581178983,-1.49056400492281,0.980838020978958,0.999998163680171,0.880040290719061,"89780",1,FALSE,"Higher_in_IPF","GO_Biological_Process"
"GO:0009060","aerobic respiration","2/423","186/13537",0.010752688172043,0.344111441571977,-1.6176233081621,0.981466215266062,0.999998163680171,0.880040290719061,"51085/26471",2,FALSE,"Higher_in_IPF","GO_Biological_Process"
"GO:0051651","maintenance of location in cell","2/423","186/13537",0.010752688172043,0.344111441571977,-1.6176233081621,0.981466215266062,0.999998163680171,0.880040290719061,"56704/2811",2,FALSE,"Higher_in_IPF","GO_Biological_Process"
"GO:0044409","symbiont entry into host","1/423","126/13537",0.00793650793650794,0.253987016398364,-1.5109456551817,0.982027613116492,0.999998163680171,0.880040290719061,"6614",1,FALSE,"Higher_in_IPF","GO_Biological_Process"
"GO:0045727","positive regulation of translation","1/423","126/13537",0.00793650793650794,0.253987016398364,-1.5109456551817,0.982027613116492,0.999998163680171,0.880040290719061,"115572",1,FALSE,"Higher_in_IPF","GO_Biological_Process"
"GO:0048660","regulation of smooth muscle cell proliferation","1/423","126/13537",0.00793650793650794,0.253987016398364,-1.5109456551817,0.982027613116492,0.999998163680171,0.880040290719061,"3162",1,FALSE,"Higher_in_IPF","GO_Biological_Process"
"GO:0090090","negative regulation of canonical Wnt signaling pathway","1/423","126/13537",0.00793650793650794,0.253987016398364,-1.5109456551817,0.982027613116492,0.999998163680171,0.880040290719061,"6469",1,FALSE,"Higher_in_IPF","GO_Biological_Process"
"GO:0062197","cellular response to chemical stress","4/423","292/13537",0.0136986301369863,0.438388548851971,-1.74240522870856,0.982733055673946,0.999998163680171,0.880040290719061,"8807/4257/120892/4353",4,FALSE,"Higher_in_IPF","GO_Biological_Process"
"GO:0000070","mitotic sister chromatid segregation","2/423","189/13537",0.0105820105820106,0.338649355197819,-1.64438062588399,0.982936223226253,0.999998163680171,0.880040290719061,"7273/84101",2,FALSE,"Higher_in_IPF","GO_Biological_Process"
"GO:0002244","hematopoietic progenitor cell differentiation","1/423","128/13537",0.0078125,0.250018469267139,-1.53110552893597,0.98314351808285,0.999998163680171,0.880040290719061,"6469",1,FALSE,"Higher_in_IPF","GO_Biological_Process"
"GO:0006354","DNA-templated transcription elongation","1/423","128/13537",0.0078125,0.250018469267139,-1.53110552893597,0.98314351808285,0.999998163680171,0.880040290719061,"6469",1,FALSE,"Higher_in_IPF","GO_Biological_Process"
"GO:0071824","protein-DNA complex organization","2/423","190/13537",0.0105263157894737,0.336866990170462,-1.65323040584934,0.983400614564967,0.999998163680171,0.880040290719061,"23569/4778",2,FALSE,"Higher_in_IPF","GO_Biological_Process"
"GO:1901293","nucleoside phosphate biosynthetic process","4/423","294/13537",0.0136054421768707,0.435406313825767,-1.7577789514143,0.983513603692963,0.999998163680171,0.880040290719061,"114/83401/2194/55902",4,FALSE,"Higher_in_IPF","GO_Biological_Process"
"GO:0051983","regulation of chromosome segregation","1/423","129/13537",0.00775193798449612,0.248080341598402,-1.54110440096154,0.983675272266678,0.999998163680171,0.880040290719061,"84101",1,FALSE,"Higher_in_IPF","GO_Biological_Process"
"GO:0071456","cellular response to hypoxia","1/423","129/13537",0.00775193798449612,0.248080341598402,-1.54110440096154,0.983675272266678,0.999998163680171,0.880040290719061,"64344",1,FALSE,"Higher_in_IPF","GO_Biological_Process"
"GO:0048659","smooth muscle cell proliferation","1/423","130/13537",0.00769230769230769,0.246172031278414,-1.5510503107062,0.98419029015385,0.999998163680171,0.880040290719061,"3162",1,FALSE,"Higher_in_IPF","GO_Biological_Process"
"GO:0051225","spindle assembly","1/423","131/13537",0.00763358778625954,0.244292855467129,-1.56094404513855,0.984689097289295,0.999998163680171,0.880040290719061,"81027",1,FALSE,"Higher_in_IPF","GO_Biological_Process"
"GO:0051235","maintenance of location","2/423","193/13537",0.0103626943005181,0.331630715711853,-1.67957688039065,0.984721413302982,0.999998163680171,0.880040290719061,"56704/2811",2,FALSE,"Higher_in_IPF","GO_Biological_Process"
"GO:0007093","mitotic cell cycle checkpoint signaling","1/423","134/13537",0.00746268656716418,0.238823612434282,-1.59031979543978,0.986093265732435,0.999998163680171,0.880040290719061,"84101",1,FALSE,"Higher_in_IPF","GO_Biological_Process"
"GO:0007098","centrosome cycle","1/423","134/13537",0.00746268656716418,0.238823612434282,-1.59031979543978,0.986093265732435,0.999998163680171,0.880040290719061,"84612",1,FALSE,"Higher_in_IPF","GO_Biological_Process"
"GO:0010212","response to ionizing radiation","1/423","134/13537",0.00746268656716418,0.238823612434282,-1.59031979543978,0.986093265732435,0.999998163680171,0.880040290719061,"3552",1,FALSE,"Higher_in_IPF","GO_Biological_Process"
"GO:0000086","G2/M transition of mitotic cell cycle","1/423","135/13537",0.00740740740740741,0.237054548638473,-1.60001234111978,0.98653216363553,0.999998163680171,0.880040290719061,"994",1,FALSE,"Higher_in_IPF","GO_Biological_Process"
"GO:0036294","cellular response to decreased oxygen levels","1/423","136/13537",0.00735294117647059,0.23531150048672,-1.6096563831995,0.986957241592713,0.999998163680171,0.880040290719061,"64344",1,FALSE,"Higher_in_IPF","GO_Biological_Process"
"GO:0006986","response to unfolded protein","1/423","137/13537",0.0072992700729927,0.233593898293386,-1.61925260708824,0.987368933765408,0.999998163680171,0.880040290719061,"3310",1,FALSE,"Higher_in_IPF","GO_Biological_Process"
"GO:0000082","G1/S transition of mitotic cell cycle","2/423","200/13537",0.01,0.320023640661939,-1.73991287981575,0.987418681758131,0.999998163680171,0.880040290719061,"131405/8328",2,FALSE,"Higher_in_IPF","GO_Biological_Process"
"GO:0006605","protein targeting","4/423","306/13537",0.0130718954248366,0.418331556420835,-1.84836462717658,0.987539445685802,0.999998163680171,0.880040290719061,"7855/131540/120892/123264",4,FALSE,"Higher_in_IPF","GO_Biological_Process"
"GO:0016236","macroautophagy","5/423","355/13537",0.0140845070422535,0.450737522059068,-1.88343753661338,0.987701841172089,0.999998163680171,0.880040290719061,"7855/131540/120892/26471/3162",5,FALSE,"Higher_in_IPF","GO_Biological_Process"
"GO:0030317","flagellated sperm motility","1/423","139/13537",0.00719424460431655,0.230232835008589,-1.63830426651897,0.988153829788338,0.999998163680171,0.880040290719061,"50487",1,FALSE,"Higher_in_IPF","GO_Biological_Process"
"GO:0097722","sperm motility","1/423","139/13537",0.00719424460431655,0.230232835008589,-1.63830426651897,0.988153829788338,0.999998163680171,0.880040290719061,"50487",1,FALSE,"Higher_in_IPF","GO_Biological_Process"
"GO:2000045","regulation of G1/S transition of mitotic cell cycle","1/423","140/13537",0.00714285714285714,0.228588314758528,-1.64776099880646,0.988527835610067,0.999998163680171,0.880040290719061,"8328",1,FALSE,"Higher_in_IPF","GO_Biological_Process"
"GO:0007018","microtubule-based movement","6/423","406/13537",0.0147783251231527,0.472941340879712,-1.93651486836208,0.988762957486298,0.999998163680171,0.880040290719061,"5590/25893/64284/361/57662/50487",6,FALSE,"Higher_in_IPF","GO_Biological_Process"
"GO:0032006","regulation of TOR signaling","1/423","141/13537",0.00709219858156028,0.226967121036836,-1.65717250724754,0.988890060401956,0.999998163680171,0.880040290719061,"6098",1,FALSE,"Higher_in_IPF","GO_Biological_Process"
"GO:0051494","negative regulation of cytoskeleton organization","1/423","141/13537",0.00709219858156028,0.226967121036836,-1.65717250724754,0.988890060401956,0.999998163680171,0.880040290719061,"58526",1,FALSE,"Higher_in_IPF","GO_Biological_Process"
"GO:0009152","purine ribonucleotide biosynthetic process","1/423","142/13537",0.00704225352112676,0.225368761029534,-1.66653940574052,0.989240874409867,0.999998163680171,0.880040290719061,"114",1,FALSE,"Higher_in_IPF","GO_Biological_Process"
"GO:1902904","negative regulation of supramolecular fiber organization","1/423","144/13537",0.00694444444444444,0.222238639348568,-1.6851417634746,0.989909693375098,0.999998163680171,0.880040290719061,"58526",1,FALSE,"Higher_in_IPF","GO_Biological_Process"
"GO:0030041","actin filament polymerization","1/423","145/13537",0.00689655172413793,0.220705959077199,-1.6943783866225,0.990228382220191,0.999998163680171,0.880040290719061,"85462",1,FALSE,"Higher_in_IPF","GO_Biological_Process"
"GO:0006367","transcription initiation at RNA polymerase II promoter","1/423","146/13537",0.00684931506849315,0.219194274425985,-1.70357272834588,0.990537028749526,0.999998163680171,0.880040290719061,"6928",1,FALSE,"Higher_in_IPF","GO_Biological_Process"
"GO:0031023","microtubule organizing center organization","1/423","146/13537",0.00684931506849315,0.219194274425985,-1.70357272834588,0.990537028749526,0.999998163680171,0.880040290719061,"84612",1,FALSE,"Higher_in_IPF","GO_Biological_Process"
"GO:0019058","viral life cycle","3/423","268/13537",0.0111940298507463,0.358235418651424,-1.9057758171321,0.991017759188624,0.999998163680171,0.880040290719061,"27074/6614/6590",3,FALSE,"Higher_in_IPF","GO_Biological_Process"
"GO:0071453","cellular response to oxygen levels","1/423","149/13537",0.00671140939597315,0.214780966887207,-1.73090753002933,0.991405822443622,0.999998163680171,0.880040290719061,"64344",1,FALSE,"Higher_in_IPF","GO_Biological_Process"
"GO:0044839","cell cycle G2/M phase transition","1/423","150/13537",0.00666666666666667,0.213349093774626,-1.73993815570931,0.991677359424975,0.999998163680171,0.880040290719061,"994",1,FALSE,"Higher_in_IPF","GO_Biological_Process"
"GO:0010639","negative regulation of organelle organization","4/423","324/13537",0.0123456790123457,0.395090914397455,-1.97929105537411,0.99187248256382,0.999998163680171,0.880040290719061,"120892/84101/26471/58526",4,FALSE,"Higher_in_IPF","GO_Biological_Process"
"GO:0006261","DNA-templated DNA replication","1/423","152/13537",0.00657894736842105,0.210541868856538,-1.75788101275508,0.992195023518511,0.999998163680171,0.880040290719061,"57662",1,FALSE,"Higher_in_IPF","GO_Biological_Process"
"GO:0006091","generation of precursor metabolites and energy","6/423","424/13537",0.0141509433962264,0.452863642446139,-2.05577338621769,0.992353171043471,0.999998163680171,0.880040290719061,"5208/51085/80201/2819/26471/1050",6,FALSE,"Higher_in_IPF","GO_Biological_Process"
"GO:0035966","response to topologically incorrect protein","1/423","154/13537",0.00649350649350649,0.207807558871389,-1.77566928509571,0.99268056054035,0.999998163680171,0.880040290719061,"3310",1,FALSE,"Higher_in_IPF","GO_Biological_Process"
"GO:0060294","cilium movement involved in cell motility","1/423","156/13537",0.00641025641025641,0.205143359398679,-1.79330676821067,0.993135959917504,0.999998163680171,0.880040290719061,"50487",1,FALSE,"Higher_in_IPF","GO_Biological_Process"
"GO:0009260","ribonucleotide biosynthetic process","1/423","157/13537",0.00636942675159236,0.203836713797413,-1.80207010984403,0.993352945864361,0.999998163680171,0.880040290719061,"114",1,FALSE,"Higher_in_IPF","GO_Biological_Process"
"GO:0007033","vacuole organization","2/423","224/13537",0.00892857142857143,0.285735393448159,-1.93594466798685,0.993584703650296,0.999998163680171,0.880040290719061,"120892/26471",2,FALSE,"Higher_in_IPF","GO_Biological_Process"
"GO:0045333","cellular respiration","2/423","224/13537",0.00892857142857143,0.285735393448159,-1.93594466798685,0.993584703650296,0.999998163680171,0.880040290719061,"51085/26471",2,FALSE,"Higher_in_IPF","GO_Biological_Process"
"GO:0001539","cilium or flagellum-dependent cell motility","1/423","159/13537",0.00628930817610063,0.201272729976062,-1.81948820896111,0.993766602151521,0.999998163680171,0.880040290719061,"50487",1,FALSE,"Higher_in_IPF","GO_Biological_Process"
"GO:0009451","RNA modification","1/423","159/13537",0.00628930817610063,0.201272729976062,-1.81948820896111,0.993766602151521,0.999998163680171,0.880040290719061,"105",1,FALSE,"Higher_in_IPF","GO_Biological_Process"
"GO:0060285","cilium-dependent cell motility","1/423","159/13537",0.00628930817610063,0.201272729976062,-1.81948820896111,0.993766602151521,0.999998163680171,0.880040290719061,"50487",1,FALSE,"Higher_in_IPF","GO_Biological_Process"
"GO:0071897","DNA biosynthetic process","1/423","159/13537",0.00628930817610063,0.201272729976062,-1.81948820896111,0.993766602151521,0.999998163680171,0.880040290719061,"27063",1,FALSE,"Higher_in_IPF","GO_Biological_Process"
"GO:0000819","sister chromatid segregation","2/423","227/13537",0.00881057268722467,0.281959154768228,-1.95938968400083,0.994107175250757,0.999998163680171,0.880040290719061,"7273/84101",2,FALSE,"Higher_in_IPF","GO_Biological_Process"
"GO:0051168","nuclear export","1/423","161/13537",0.0062111801242236,0.198772447616111,-1.83676438632882,0.994154573042207,0.999998163680171,0.880040290719061,"56000",1,FALSE,"Higher_in_IPF","GO_Biological_Process"
"GO:0046390","ribose phosphate biosynthetic process","1/423","163/13537",0.00613496932515337,0.19633352187849,-1.85390195920088,0.994518449890124,0.999998163680171,0.880040290719061,"114",1,FALSE,"Higher_in_IPF","GO_Biological_Process"
"GO:0140694","membraneless organelle assembly","5/423","393/13537",0.0127226463104326,0.407154759111881,-2.14201054607783,0.99479694842101,0.999998163680171,0.880040290719061,"7273/1437/27063/7138/81027",5,FALSE,"Higher_in_IPF","GO_Biological_Process"
"GO:0040029","epigenetic regulation of gene expression","2/423","235/13537",0.00851063829787234,0.272360545244203,-2.02087506835378,0.995305262142336,0.999998163680171,0.880040290719061,"195814/122402",2,FALSE,"Higher_in_IPF","GO_Biological_Process"
"GO:0016050","vesicle organization","4/423","348/13537",0.0114942528735632,0.367843265128665,-2.14563687265829,0.995460042821771,0.999998163680171,0.880040290719061,"8676/29091/256764/50487",4,FALSE,"Higher_in_IPF","GO_Biological_Process"
"GO:0080135","regulation of cellular response to stress","7/423","497/13537",0.0140845070422535,0.450737522059068,-2.24061426901305,0.995627248298653,0.999998163680171,0.880040290719061,"4582/3552/114/27063/120892/79794/26471",7,FALSE,"Higher_in_IPF","GO_Biological_Process"
"GO:0065004","protein-DNA complex assembly","1/423","171/13537",0.00584795321637427,0.187148327872479,-1.92112842175295,0.995761525681811,0.999998163680171,0.880040290719061,"23569",1,FALSE,"Higher_in_IPF","GO_Biological_Process"
"GO:0051656","establishment of organelle localization","6/423","451/13537",0.0133037694013304,0.425752071834065,-2.22757336702354,0.995771657615955,0.999998163680171,0.880040290719061,"5590/25893/79083/64284/120892/50487",6,FALSE,"Higher_in_IPF","GO_Biological_Process"
"GO:0008154","actin polymerization or depolymerization","1/423","173/13537",0.00578034682080925,0.184984763388404,-1.9376186805714,0.99602556423035,0.999998163680171,0.880040290719061,"85462",1,FALSE,"Higher_in_IPF","GO_Biological_Process"
"GO:0034504","protein localization to nucleus","3/423","300/13537",0.01,0.320023640661939,-2.13898344700541,0.996088808246368,0.999998163680171,0.880040290719061,"51208/6469/120892",3,FALSE,"Higher_in_IPF","GO_Biological_Process"
"GO:1902903","regulation of supramolecular fiber organization","4/423","355/13537",0.0112676056338028,0.360590017647255,-2.1925560372576,0.996178821405114,0.999998163680171,0.880040290719061,"100506658/335/57662/58526",4,FALSE,"Higher_in_IPF","GO_Biological_Process"
"GO:1901987","regulation of cell cycle phase transition","5/423","407/13537",0.0122850122850123,0.393149435702627,-2.23251491267655,0.996243655079192,0.999998163680171,0.880040290719061,"8328/84101/57662/994/56241",5,FALSE,"Higher_in_IPF","GO_Biological_Process"
"GO:0006164","purine nucleotide biosynthetic process","1/423","176/13537",0.00568181818181818,0.181831614012465,-1.96212789987082,0.996391170149231,0.999998163680171,0.880040290719061,"114",1,FALSE,"Higher_in_IPF","GO_Biological_Process"
"GO:0007346","regulation of mitotic cell cycle","6/423","459/13537",0.0130718954248366,0.418331556420835,-2.27697858666426,0.99646401073157,0.999998163680171,0.880040290719061,"3552/1950/1620/8328/84101/994",6,FALSE,"Higher_in_IPF","GO_Biological_Process"
"GO:0090150","establishment of protein localization to membrane","2/423","247/13537",0.00809716599190283,0.259128453977278,-2.11045778059781,0.996668150396685,0.999998163680171,0.880040290719061,"131540/123264",2,FALSE,"Higher_in_IPF","GO_Biological_Process"
"GO:0000209","protein polyubiquitination","2/423","249/13537",0.00803212851405622,0.257047100933284,-2.12509775449753,0.996853926798301,0.999998163680171,0.880040290719061,"25893/131405",2,FALSE,"Higher_in_IPF","GO_Biological_Process"
"GO:0006913","nucleocytoplasmic transport","3/423","311/13537",0.00964630225080386,0.30870447652277,-2.21501895371155,0.997075686543244,0.999998163680171,0.880040290719061,"6469/120892/56000",3,FALSE,"Higher_in_IPF","GO_Biological_Process"
"GO:0051169","nuclear transport","3/423","311/13537",0.00964630225080386,0.30870447652277,-2.21501895371155,0.997075686543244,0.999998163680171,0.880040290719061,"6469/120892/56000",3,FALSE,"Higher_in_IPF","GO_Biological_Process"
"GO:1901990","regulation of mitotic cell cycle phase transition","3/423","311/13537",0.00964630225080386,0.30870447652277,-2.21501895371155,0.997075686543244,0.999998163680171,0.880040290719061,"8328/84101/994",3,FALSE,"Higher_in_IPF","GO_Biological_Process"
"GO:0072594","establishment of protein localization to organelle","5/423","420/13537",0.0119047619047619,0.380980524597546,-2.3145121538638,0.997235140925926,0.999998163680171,0.880040290719061,"7855/27074/6469/120892/27092",5,FALSE,"Higher_in_IPF","GO_Biological_Process"
"GO:0006457","protein folding","1/423","190/13537",0.00526315789473684,0.168433495085231,-2.07314522129482,0.997700337030411,0.999998163680171,0.880040290719061,"3310",1,FALSE,"Higher_in_IPF","GO_Biological_Process"
"GO:0006260","DNA replication","2/423","263/13537",0.00760456273764259,0.24336398529425,-2.22541875426828,0.997898014498915,0.999998163680171,0.880040290719061,"94/57662",2,FALSE,"Higher_in_IPF","GO_Biological_Process"
"GO:0007051","spindle organization","1/423","195/13537",0.00512820512820513,0.164114687518943,-2.11154965452049,0.998042417904873,0.999998163680171,0.880040290719061,"81027",1,FALSE,"Higher_in_IPF","GO_Biological_Process"
"GO:0032259","methylation","1/423","195/13537",0.00512820512820513,0.164114687518943,-2.11154965452049,0.998042417904873,0.999998163680171,0.880040290719061,"196410",1,FALSE,"Higher_in_IPF","GO_Biological_Process"
"GO:0000377","RNA splicing, via transesterification reactions with bulged adenosine as nucleophile","2/423","278/13537",0.00719424460431655,0.230232835008589,-2.32902506001336,0.998639633502167,0.999998163680171,0.880040290719061,"202559/80004",2,FALSE,"Higher_in_IPF","GO_Biological_Process"
"GO:0000398","mRNA splicing, via spliceosome","2/423","278/13537",0.00719424460431655,0.230232835008589,-2.32902506001336,0.998639633502167,0.999998163680171,0.880040290719061,"202559/80004",2,FALSE,"Higher_in_IPF","GO_Biological_Process"
"GO:0000375","RNA splicing, via transesterification reactions","2/423","282/13537",0.00709219858156028,0.226967121036836,-2.35602785583028,0.998789276415529,0.999998163680171,0.880040290719061,"202559/80004",2,FALSE,"Higher_in_IPF","GO_Biological_Process"
"GO:0009165","nucleotide biosynthetic process","1/423","211/13537",0.004739336492891,0.151669971877696,-2.23050874319513,0.998831256043187,0.999998163680171,0.880040290719061,"114",1,FALSE,"Higher_in_IPF","GO_Biological_Process"
"GO:0048193","Golgi vesicle transport","2/423","286/13537",0.00699300699300699,0.223792755707649,-2.38278110797732,0.998922676976307,0.999998163680171,0.880040290719061,"127845/120892",2,FALSE,"Higher_in_IPF","GO_Biological_Process"
"GO:0098813","nuclear chromosome segregation","2/423","286/13537",0.00699300699300699,0.223792755707649,-2.38278110797732,0.998922676976307,0.999998163680171,0.880040290719061,"7273/84101",2,FALSE,"Higher_in_IPF","GO_Biological_Process"
"GO:0044772","mitotic cell cycle phase transition","4/423","407/13537",0.00982800982800983,0.314519548562102,-2.52178282466498,0.998970918178755,0.999998163680171,0.880040290719061,"131405/8328/84101/994",4,FALSE,"Higher_in_IPF","GO_Biological_Process"
"GO:0010638","positive regulation of organelle organization","5/423","463/13537",0.0107991360691145,0.345597884084167,-2.57323065755843,0.999021202449873,0.999998163680171,0.880040290719061,"3552/1950/100506658/1437/335",5,FALSE,"Higher_in_IPF","GO_Biological_Process"
"GO:0060271","cilium assembly","3/423","362/13537",0.00828729281767956,0.265212961874535,-2.54500257920553,0.999261889424236,0.999998163680171,0.880040290719061,"64284/85462/50487",3,FALSE,"Higher_in_IPF","GO_Biological_Process"
"GO:0033044","regulation of chromosome organization","1/423","235/13537",0.00425531914893617,0.136180272622102,-2.3990889158093,0.999461475498894,0.999998163680171,0.880040290719061,"84101",1,FALSE,"Higher_in_IPF","GO_Biological_Process"
"GO:0015980","energy derivation by oxidation of organic compounds","2/423","310/13537",0.00645161290322581,0.206466864943186,-2.53841720709057,0.999467407267017,0.999998163680171,0.880040290719061,"51085/26471",2,FALSE,"Higher_in_IPF","GO_Biological_Process"
"GO:0042113","B cell activation","1/423","239/13537",0.00418410041841004,0.133901104879472,-2.42616893470523,0.999526783552643,0.999998163680171,0.880040290719061,"89780",1,FALSE,"Higher_in_IPF","GO_Biological_Process"
"GO:0110053","regulation of actin filament organization","1/423","240/13537",0.00416666666666667,0.133343183609141,-2.43289693073545,0.999541836234041,0.999998163680171,0.880040290719061,"335",1,FALSE,"Higher_in_IPF","GO_Biological_Process"
"GO:0044782","cilium organization","3/423","389/13537",0.0077120822622108,0.246804864263706,-2.70707461533922,0.999649773196136,0.999998163680171,0.880040290719061,"64284/85462/50487",3,FALSE,"Higher_in_IPF","GO_Biological_Process"
"GO:0007059","chromosome segregation","3/423","392/13537",0.0076530612244898,0.244916051526994,-2.72461876469537,0.9996778198796,0.999998163680171,0.880040290719061,"7273/84101/81027",3,FALSE,"Higher_in_IPF","GO_Biological_Process"
"GO:0006417","regulation of translation","2/423","337/13537",0.00593471810089021,0.189925009294919,-2.70458712446469,0.999760727252177,0.999998163680171,0.880040290719061,"115572/131405",2,FALSE,"Higher_in_IPF","GO_Biological_Process"
"GO:0051052","regulation of DNA metabolic process","4/423","468/13537",0.00854700854700855,0.273524479198238,-2.87256919854332,0.999792157218072,0.999998163680171,0.880040290719061,"306/27063/94/57662",4,FALSE,"Higher_in_IPF","GO_Biological_Process"
"GO:0008380","RNA splicing","3/423","417/13537",0.00719424460431655,0.230232835008589,-2.86753190591488,0.999840041353529,0.999998163680171,0.880040290719061,"202559/80004/57716",3,FALSE,"Higher_in_IPF","GO_Biological_Process"
"GO:0051054","positive regulation of DNA metabolic process","1/423","279/13537",0.003584229390681,0.114703813857326,-2.68348674502468,0.999870384307973,0.999998163680171,0.880040290719061,"306",1,FALSE,"Higher_in_IPF","GO_Biological_Process"
"GO:0006397","mRNA processing","3/423","448/13537",0.00669642857142857,0.21430154508612,-3.03731223170925,0.9999335798189,0.999998163680171,0.880040290719061,"202559/105/80004",3,FALSE,"Higher_in_IPF","GO_Biological_Process"
"GO:0010608","post-transcriptional regulation of gene expression","3/423","478/13537",0.00627615062761506,0.200851657319208,-3.19472998061264,0.99997191590722,0.999998163680171,0.880040290719061,"115572/131405/7432",3,FALSE,"Higher_in_IPF","GO_Biological_Process"
"GO:0007005","mitochondrion organization","2/423","417/13537",0.00479616306954436,0.153488556672393,-3.15341921929218,0.999978522906613,0.999998163680171,0.880040290719061,"120892/1050",2,FALSE,"Higher_in_IPF","GO_Biological_Process"
"GO:0051276","chromosome organization","2/423","497/13537",0.00402414486921529,0.128782149159734,-3.55397141878224,0.999998163680171,0.999998163680171,0.880040290719061,"7273/84101",2,FALSE,"Higher_in_IPF","GO_Biological_Process"
