"ID","Description","GeneRatio","BgRatio","RichFactor","FoldEnrichment","zScore","pvalue","p.adjust","qvalue","geneID","Count","BH_significant","direction","ontology"
"GO:0003341","cilium movement","89/1207","196/13537",0.454081632653061,5.09271173258036,18.05769318258,4.43519208633242e-42,2.07034766589998e-38,1.78808270427928e-38,"93190/27285/440585/149465/79819/126820/127003/200162/388701/25790/257177/92749/339778/6869/1768/129881/401024/56171/255101/151651/152110/51364/348807/80157/83894/134121/642987/8382/221421/202500/345895/135138/8701/57639/79846/154865/79645/84688/27019/26206/138255/286207/389799/138162/9576/219681/219670/55130/118491/80217/159686/54777/399949/85478/144535/387885/144406/196385/80127/55329/161502/55567/84229/54768/123872/83659/146754/146845/1770/64518/246176/83538/64446/55036/26256/220136/257062/115948/93233/25876/26074/164395/57119/64800/26150/286464/80258/158787/139212",89,TRUE,"Higher_in_IPF","GO_Biological_Process"
"GO:0001539","cilium or flagellum-dependent cell motility","71/1207","159/13537",0.446540880503145,5.00813910469848,15.9060748390189,3.7558271194002e-33,5.84406699778671e-30,5.04730451484307e-30,"93190/27285/440585/149465/126820/127003/388701/25790/257177/92749/339778/6869/1768/129881/401024/56171/255101/151651/134121/642987/221421/202500/345895/135138/8701/57639/79846/154865/79645/84688/27019/26206/138255/286207/389799/138162/9576/219681/219670/80217/159686/54777/399949/85478/144535/144406/196385/80127/55329/161502/55567/84229/83659/146754/146845/1770/64518/246176/55036/220136/257062/115948/26074/164395/57119/64800/26150/286464/80258/158787/139212",71,TRUE,"Higher_in_IPF","GO_Biological_Process"
"GO:0060285","cilium-dependent cell motility","71/1207","159/13537",0.446540880503145,5.00813910469848,15.9060748390189,3.7558271194002e-33,5.84406699778671e-30,5.04730451484307e-30,"93190/27285/440585/149465/126820/127003/388701/25790/257177/92749/339778/6869/1768/129881/401024/56171/255101/151651/134121/642987/221421/202500/345895/135138/8701/57639/79846/154865/79645/84688/27019/26206/138255/286207/389799/138162/9576/219681/219670/80217/159686/54777/399949/85478/144535/144406/196385/80127/55329/161502/55567/84229/83659/146754/146845/1770/64518/246176/55036/220136/257062/115948/26074/164395/57119/64800/26150/286464/80258/158787/139212",71,TRUE,"Higher_in_IPF","GO_Biological_Process"
"GO:0060294","cilium movement involved in cell motility","70/1207","156/13537",0.448717948717949,5.03255581755996,15.8495038217308,7.26692688984744e-33,8.48050368045196e-30,7.3242973652936e-30,"93190/27285/440585/149465/126820/127003/388701/25790/257177/92749/339778/6869/1768/129881/401024/56171/255101/151651/134121/642987/221421/202500/345895/135138/8701/57639/79846/154865/79645/84688/27019/26206/138255/286207/389799/138162/9576/219681/219670/80217/159686/54777/399949/144535/144406/196385/80127/55329/161502/55567/84229/83659/146754/146845/1770/64518/246176/55036/220136/257062/115948/26074/164395/57119/64800/26150/286464/80258/158787/139212",70,TRUE,"Higher_in_IPF","GO_Biological_Process"
"GO:0035082","axoneme assembly","48/1207","90/13537",0.533333333333333,5.9815520574427,14.8351005743015,3.62494213394628e-27,3.38424597625225e-24,2.92284807852932e-24,"85452/27285/149465/79819/126820/200162/92749/401024/56171/255101/51364/348807/221421/345895/57639/79846/79645/6101/27019/286207/138162/9576/55130/80217/159686/54777/374407/399949/85478/387885/80127/55329/146562/84229/54768/123872/146754/83538/64446/2302/55036/115948/93233/352909/25876/89765/286464/139212",48,TRUE,"Higher_in_IPF","GO_Biological_Process"
"GO:0030317","flagellated sperm motility","59/1207","139/13537",0.424460431654676,4.76049781550071,13.9428008338726,2.70065022204835e-26,1.80094789093167e-23,1.55541208277371e-23,"93190/27285/440585/149465/127003/388701/25790/257177/92749/339778/6869/129881/401024/255101/151651/134121/642987/202500/135138/8701/57639/79846/154865/79645/84688/27019/26206/138255/286207/389799/138162/9576/219681/219670/80217/159686/399949/144535/144406/80127/55329/161502/84229/83659/146845/64518/55036/220136/257062/115948/26074/164395/57119/64800/26150/286464/80258/158787/139212",59,TRUE,"Higher_in_IPF","GO_Biological_Process"
"GO:0097722","sperm motility","59/1207","139/13537",0.424460431654676,4.76049781550071,13.9428008338726,2.70065022204835e-26,1.80094789093167e-23,1.55541208277371e-23,"93190/27285/440585/149465/127003/388701/25790/257177/92749/339778/6869/129881/401024/255101/151651/134121/642987/202500/135138/8701/57639/79846/154865/79645/84688/27019/26206/138255/286207/389799/138162/9576/219681/219670/80217/159686/399949/144535/144406/80127/55329/161502/84229/83659/146845/64518/55036/220136/257062/115948/26074/164395/57119/64800/26150/286464/80258/158787/139212",59,TRUE,"Higher_in_IPF","GO_Biological_Process"
"GO:0030198","extracellular matrix organization","86/1207","296/13537",0.290540540540541,3.25853131507647,12.2921782360805,5.9021635387451e-24,3.3463648832188e-21,2.89013157956253e-21,"1307/1298/255631/1301/1513/9507/25903/1805/7143/83872/183/84168/2191/1281/1290/1294/1295/151887/6423/170690/81792/133584/3673/11174/4015/171019/2296/7148/1310/1303/1300/64094/2006/1278/4017/23213/4325/7373/3037/169044/92949/1842/1515/1306/1289/140766/60495/1308/7490/283208/4316/4319/4312/4314/4321/4322/4327/4060/10631/1215/1511/64093/23768/26585/4016/4629/4313/170692/83716/2303/84627/1277/5268/1311/5650/3036/55612/1299/9510/11096/80781/4320/2192/25975/1288/1287",86,TRUE,"Higher_in_IPF","GO_Biological_Process"
"GO:0043062","extracellular structure organization","86/1207","297/13537",0.28956228956229,3.24755982916712,12.2535735813724,7.61492354143503e-24,3.3463648832188e-21,2.89013157956253e-21,"1307/1298/255631/1301/1513/9507/25903/1805/7143/83872/183/84168/2191/1281/1290/1294/1295/151887/6423/170690/81792/133584/3673/11174/4015/171019/2296/7148/1310/1303/1300/64094/2006/1278/4017/23213/4325/7373/3037/169044/92949/1842/1515/1306/1289/140766/60495/1308/7490/283208/4316/4319/4312/4314/4321/4322/4327/4060/10631/1215/1511/64093/23768/26585/4016/4629/4313/170692/83716/2303/84627/1277/5268/1311/5650/3036/55612/1299/9510/11096/80781/4320/2192/25975/1288/1287",86,TRUE,"Higher_in_IPF","GO_Biological_Process"
"GO:0045229","external encapsulating structure organization","86/1207","297/13537",0.28956228956229,3.24755982916712,12.2535735813724,7.61492354143503e-24,3.3463648832188e-21,2.89013157956253e-21,"1307/1298/255631/1301/1513/9507/25903/1805/7143/83872/183/84168/2191/1281/1290/1294/1295/151887/6423/170690/81792/133584/3673/11174/4015/171019/2296/7148/1310/1303/1300/64094/2006/1278/4017/23213/4325/7373/3037/169044/92949/1842/1515/1306/1289/140766/60495/1308/7490/283208/4316/4319/4312/4314/4321/4322/4327/4060/10631/1215/1511/64093/23768/26585/4016/4629/4313/170692/83716/2303/84627/1277/5268/1311/5650/3036/55612/1299/9510/11096/80781/4320/2192/25975/1288/1287",86,TRUE,"Higher_in_IPF","GO_Biological_Process"
"GO:0001578","microtubule bundle formation","52/1207","120/13537",0.433333333333333,4.86001104667219,13.2882787649953,7.8856070512868e-24,3.3463648832188e-21,2.89013157956253e-21,"85452/27285/149465/79819/126820/200162/92749/401024/56171/255101/51364/348807/4131/221421/345895/57639/79846/79645/6101/27019/286207/138162/9576/55130/80217/159686/54777/374407/399949/85478/387885/80127/55329/146562/84229/51673/54768/123872/146754/246176/83538/64446/2302/55036/115948/93233/352909/25876/89765/286464/139212/827",52,TRUE,"Higher_in_IPF","GO_Biological_Process"
"GO:0007018","microtubule-based movement","101/1207","406/13537",0.248768472906404,2.79004044551283,11.457615122316,2.87836630201712e-22,1.11968449148466e-19,9.6703008216891e-20,"93190/27285/440585/149465/79819/126820/127003/200162/388701/25790/257177/56776/55083/92749/339778/6869/1768/129881/401024/56171/255101/151651/152110/51364/201625/348807/80157/83894/134121/4131/642987/8382/221458/221421/202500/345895/135138/8701/57639/79846/154865/79645/84688/27019/26206/138255/286207/389799/138162/9576/219681/219670/55130/118491/80217/159686/54777/7275/1740/399949/85478/3798/144535/387885/144406/196385/80127/4130/55329/161502/374654/55567/84229/54768/83657/123872/83659/146754/146845/1770/64518/246176/83538/64446/124602/55036/26256/220136/257062/115948/93233/25876/26074/164395/57119/64800/26150/286464/80258/158787/139212",101,TRUE,"Higher_in_IPF","GO_Biological_Process"
"GO:0070286","axonemal dynein complex assembly","23/1207","36/13537",0.638888888888889,7.1654009021449,11.5890242862322,4.36205509583407e-16,1.56631332210411e-13,1.35276688397121e-13,"27285/149465/79819/126820/92749/56171/51364/348807/79645/27019/55130/85478/387885/146562/123872/146754/83538/64446/55036/115948/93233/352909/139212",23,TRUE,"Higher_in_IPF","GO_Biological_Process"
"GO:0044782","cilium organization","77/1207","389/13537",0.197943444730077,2.22001691077966,7.63885160007367,1.30881975200229e-11,4.3639790016762e-09,3.76900725576598e-09,"85452/127733/27285/149465/79819/127254/126820/128344/200162/257177/3754/92749/401024/56171/375307/255101/51364/348807/80157/83894/170690/345643/10309/8382/221421/345895/57639/79846/154865/79645/6101/225689/27019/286207/138162/9576/55130/118491/387707/80217/159686/54777/7275/374407/57562/399949/85478/144535/387885/80127/55329/161502/146562/84229/29070/54768/79583/123872/339145/83659/146754/64518/83538/64446/124602/2302/55036/220136/115948/93233/352909/25876/26074/89765/1756/286464/139212",77,TRUE,"Higher_in_IPF","GO_Biological_Process"
"GO:0044458","motile cilium assembly","26/1207","67/13537",0.388059701492537,4.35224869851241,8.60611418433918,2.92350194061199e-11,9.09793803918451e-09,7.85755258424135e-09,"149465/200162/92749/401024/255101/51364/345643/221421/57639/79846/286207/9576/80217/159686/144535/80127/55329/84229/123872/2302/55036/220136/352909/26074/1756/286464",26,TRUE,"Higher_in_IPF","GO_Biological_Process"
"GO:0060537","muscle tissue development","71/1207","363/13537",0.195592286501377,2.19364770701669,7.21253478434428,1.47874519304661e-10,4.31423910071349e-08,3.72604874300561e-08,"7161/1301/844/5999/63923/5997/7832/467/3776/130497/2274/1281/2660/8324/3488/92737/2047/25976/6474/51176/51778/4015/5307/1958/6444/2296/221662/221476/1310/9096/5350/7291/2006/10512/6608/2138/23414/7373/5079/5239/7490/26011/8538/10060/5318/3164/2735/3479/6495/51804/2353/51676/26585/70/10021/64220/30812/4629/2303/6665/93649/124872/8913/8736/80206/115701/57158/2139/655/1756/26576",71,TRUE,"Higher_in_IPF","GO_Biological_Process"
"GO:0060271","cilium assembly","70/1207","362/13537",0.193370165745856,2.16872571143468,7.05194378033812,3.38158221944632e-10,9.28542694139731e-08,8.01947981453833e-08,"85452/127733/27285/149465/79819/127254/126820/200162/3754/92749/401024/56171/255101/51364/348807/170690/345643/10309/8382/221421/345895/57639/79846/154865/79645/6101/225689/27019/286207/138162/9576/55130/118491/387707/80217/159686/54777/374407/57562/399949/85478/144535/387885/80127/55329/161502/146562/84229/29070/54768/79583/123872/339145/83659/146754/64518/83538/64446/2302/55036/220136/115948/93233/352909/25876/26074/89765/1756/286464/139212",70,TRUE,"Higher_in_IPF","GO_Biological_Process"
"GO:0030199","collagen fibril organization","24/1207","65/13537",0.369230769230769,4.14107450130648,7.94211457722049,5.65402725499969e-10,1.46627773479659e-07,1.26636984717245e-07,"1301/1805/1281/1290/6423/81792/4015/171019/2296/7148/1303/1278/4017/7373/1289/140766/283208/4060/26585/4016/2303/1277/1311/4320",24,TRUE,"Higher_in_IPF","GO_Biological_Process"
"GO:0014706","striated muscle tissue development","65/1207","343/13537",0.189504373177843,2.12536926239309,6.60497440004572,3.42746303306676e-09,8.4207354938714e-07,7.27267779315552e-07,"7161/1301/844/5999/5997/7832/467/3776/2274/2660/8324/92737/2047/6474/51176/51778/4015/5307/1958/6444/2296/221662/221476/1310/9096/5350/7291/2006/10512/6608/2138/23414/7373/5079/5239/7490/26011/8538/10060/5318/3164/2735/3479/6495/51804/2353/51676/26585/70/10021/30812/4629/2303/6665/93649/124872/8913/8736/80206/115701/57158/2139/655/1756/26576",65,TRUE,"Higher_in_IPF","GO_Biological_Process"
"GO:0061564","axon development","76/1207","437/13537",0.173913043478261,1.95050610568784,6.31942044953113,8.76460749813537e-09,2.0456593900648e-06,1.7667603535715e-06,"284656/9048/9890/10100/1382/4914/57549/63923/7143/23057/59352/23114/79805/151449/2736/4929/2335/10752/2917/7474/6092/6091/2042/91653/2596/2047/6474/22865/6696/2668/4131/9315/90249/347733/2045/10512/223117/1749/168620/5803/6608/91584/27319/3371/256158/5979/6387/57689/25987/53942/4684/7070/5818/4753/3798/9201/84189/23768/4130/57611/56963/4313/10381/1949/9423/4804/5794/84446/6616/85449/655/140578/170302/54413/5354/5063",76,TRUE,"Higher_in_IPF","GO_Biological_Process"
"GO:0003351","epithelial cilium movement involved in extracellular fluid movement","18/1207","44/13537",0.409090909090909,4.58812231678843,7.45858746754086,1.21837322520645e-08,2.61559569684768e-06,2.25899326183345e-06,"200162/25790/152110/80157/8382/345895/8701/27019/9576/80217/144535/123872/1770/83538/55036/26256/220136/115948",18,TRUE,"Higher_in_IPF","GO_Biological_Process"
"GO:0003352","regulation of cilium movement","14/1207","27/13537",0.518518518518518,5.81539783362484,7.83616641080886,1.23271433870285e-08,2.61559569684768e-06,2.25899326183345e-06,"25790/92749/6869/345895/8701/79846/79645/55130/80217/85478/123872/246176/55036/57119",14,TRUE,"Higher_in_IPF","GO_Biological_Process"
"GO:0007517","muscle organ development","58/1207","303/13537",0.191419141914191,2.14684417903265,6.31680446014236,1.65935054456333e-08,3.36776014870505e-06,2.90860987902863e-06,"1301/844/7832/467/150921/1281/2660/1674/10290/92737/1293/2047/339855/6474/51176/51778/4015/5307/1958/6444/2296/221662/1310/7291/2006/6608/1960/23414/5079/84159/7490/6876/9099/8538/10060/5318/3164/3679/3479/6495/51804/8110/2353/51676/70/22801/64220/30812/2303/6665/93649/124872/8736/57158/140578/1756/26548/26576",58,TRUE,"Higher_in_IPF","GO_Biological_Process"
"GO:0001501","skeletal system development","77/1207","452/13537",0.170353982300885,1.91058977498515,6.16059122365346,1.76856944333812e-08,3.43986756729264e-06,2.9708863894671e-06,"2134/353500/1298/1301/6913/1513/9507/5396/63923/60676/130497/6716/10736/2736/2487/1281/1290/7474/25976/6474/8626/344901/6423/81792/10468/1404/4015/5307/8817/2296/7020/1310/1300/7291/3696/6424/1278/1749/10234/4017/6422/23213/2138/4325/392255/116039/3037/8840/158326/54796/5079/4969/84159/4192/25884/25987/4322/8538/4256/5744/3221/3479/59341/8600/6495/51804/7043/26585/2200/176/4313/2303/5026/1277/1311/655/80781",77,TRUE,"Higher_in_IPF","GO_Biological_Process"
"GO:0007411","axon guidance","43/1207","196/13537",0.219387755102041,2.46052364607815,6.4440619349837,2.10459135421985e-08,3.92969297659931e-06,3.39393047859454e-06,"284656/9048/4914/57549/7143/59352/23114/151449/2736/10752/7474/6092/6091/2042/91653/2596/2047/2668/90249/347733/2045/10512/223117/1749/6608/91584/256158/5979/6387/53942/4684/5818/4753/3798/23768/10381/1949/9423/4804/5794/85449/655/170302",43,TRUE,"Higher_in_IPF","GO_Biological_Process"
"GO:0097485","neuron projection guidance","43/1207","197/13537",0.218274111675127,2.44803367833156,6.40547190503725,2.46516077769271e-08,4.42591173471906e-06,3.82249626662473e-06,"284656/9048/4914/57549/7143/59352/23114/151449/2736/10752/7474/6092/6091/2042/91653/2596/2047/2668/90249/347733/2045/10512/223117/1749/6608/91584/256158/5979/6387/53942/4684/5818/4753/3798/23768/10381/1949/9423/4804/5794/85449/655/170302",43,TRUE,"Higher_in_IPF","GO_Biological_Process"
"GO:0006858","extracellular transport","18/1207","47/13537",0.382978723404255,4.29526344550406,7.0802788853578,4.17121072706276e-08,7.21155987923294e-06,6.22835753787538e-06,"200162/25790/152110/80157/8382/345895/8701/27019/9576/80217/144535/123872/1770/83538/55036/26256/220136/115948",18,TRUE,"Higher_in_IPF","GO_Biological_Process"
"GO:0090596","sensory organ morphogenesis","46/1207","222/13537",0.207207207207207,2.32391380610105,6.22275758079411,4.36912739021049e-08,7.28395952053664e-06,6.29088643026549e-06,"148398/4237/57822/1301/5396/130497/10736/5013/140469/2487/1290/7474/1295/2047/8842/55714/2195/6678/7020/9096/7291/1749/6101/2138/116039/115908/401498/25861/286204/1289/219736/25987/7070/5818/8076/362/84189/6495/51804/2200/64220/220/30812/9423/54549/655",46,TRUE,"Higher_in_IPF","GO_Biological_Process"
"GO:0060485","mesenchyme development","54/1207","282/13537",0.191489361702128,2.14763172275203,6.0933272374198,5.11527599405119e-08,8.2338304621486e-06,7.11125483020546e-06,"4139/183/130497/10736/72/2487/2335/80326/3357/7474/54756/6092/6091/2042/51176/10252/6423/2668/2296/221662/7148/7291/10512/223117/6608/4017/6422/23414/3037/54796/286204/5979/59/7490/4192/187/4684/3479/6495/51804/7043/26585/70/30812/2303/4222/1277/753/1000/6317/399473/81610/655/11096",54,TRUE,"Higher_in_IPF","GO_Biological_Process"
"GO:0036159","inner dynein arm assembly","10/1207","15/13537",0.666666666666667,7.47694007180337,7.852578960297,6.06396333924415e-08,9.4355269558639e-06,8.14911564537021e-06,"27285/126820/56171/51364/348807/387885/123872/146754/55036/139212",10,TRUE,"Higher_in_IPF","GO_Biological_Process"
"GO:0001823","mesonephros development","26/1207","92/13537",0.282608695652174,3.16957242174273,6.53288377355946,6.86858613028104e-08,1.03427613084361e-05,8.93266040033154e-06,"183/55083/130497/10736/6092/10252/170690/2668/2246/2296/6608/6422/2138/116039/5979/7490/6495/51804/26585/30812/2303/9955/2302/9244/25789/655",26,TRUE,"Higher_in_IPF","GO_Biological_Process"
"GO:0120316","sperm flagellum assembly","17/1207","44/13537",0.386363636363636,4.33322663252241,6.92873882015738,8.52032383781324e-08,1.24290223984101e-05,1.07344869404029e-05,"149465/92749/401024/255101/57639/79846/286207/9576/80217/159686/144535/80127/55329/84229/220136/26074/286464",17,TRUE,"Higher_in_IPF","GO_Biological_Process"
"GO:0001657","ureteric bud development","25/1207","88/13537",0.284090909090909,3.1861960533253,6.43728466819017,1.09329541102206e-07,1.54651605413666e-05,1.33566871585789e-05,"183/55083/130497/10736/6092/10252/170690/2668/2246/2296/6608/6422/2138/5979/7490/6495/51804/26585/30812/2303/9955/2302/9244/25789/655",25,TRUE,"Higher_in_IPF","GO_Biological_Process"
"GO:0072163","mesonephric epithelium development","25/1207","89/13537",0.280898876404494,3.15039609766996,6.36798286257463,1.39327959351706e-07,1.8582368978679e-05,1.60489047914898e-05,"183/55083/130497/10736/6092/10252/170690/2668/2246/2296/6608/6422/2138/5979/7490/6495/51804/26585/30812/2303/9955/2302/9244/25789/655",25,TRUE,"Higher_in_IPF","GO_Biological_Process"
"GO:0072164","mesonephric tubule development","25/1207","89/13537",0.280898876404494,3.15039609766996,6.36798286257463,1.39327959351706e-07,1.8582368978679e-05,1.60489047914898e-05,"183/55083/130497/10736/6092/10252/170690/2668/2246/2296/6608/6422/2138/5979/7490/6495/51804/26585/30812/2303/9955/2302/9244/25789/655",25,TRUE,"Higher_in_IPF","GO_Biological_Process"
"GO:0007409","axonogenesis","66/1207","386/13537",0.170984455958549,1.91766079561796,5.72286776702255,1.6363040206998e-07,2.12174088017407e-05,1.83246912259656e-05,"284656/9048/9890/1382/4914/57549/63923/7143/59352/23114/151449/2736/4929/2335/10752/7474/6092/6091/2042/91653/2596/2047/6474/22865/6696/2668/4131/90249/347733/2045/10512/223117/1749/5803/6608/91584/256158/5979/6387/57689/25987/53942/4684/7070/5818/4753/3798/9201/84189/23768/4130/57611/56963/10381/1949/9423/4804/5794/84446/6616/85449/655/140578/170302/54413/5063",66,TRUE,"Higher_in_IPF","GO_Biological_Process"
"GO:0007423","sensory organ development","76/1207","468/13537",0.162393162393162,1.82130591492646,5.65749225020733,1.69679420065608e-07,2.14071225098989e-05,1.848853993887e-05,"148398/4237/57822/9890/1301/5396/343035/3776/130497/10736/5013/140469/2487/1290/80326/7474/1295/2047/6657/8842/51176/10252/55714/2195/6678/2296/7020/9096/7291/1749/168620/6101/27319/2138/116039/115908/54796/401498/5079/117531/25861/286204/1289/5979/219736/7275/7490/25987/7070/5818/8076/362/283310/11081/2706/84189/6495/51804/64093/2353/7043/2200/64220/220/30812/79583/170692/2303/5176/9423/124842/54549/8736/399473/655/4810",76,TRUE,"Higher_in_IPF","GO_Biological_Process"
"GO:0003012","muscle system process","63/1207","363/13537",0.173553719008264,1.94647613439509,5.71901743014101,1.80901738028991e-07,2.22223503452455e-05,1.91926220678957e-05,"388591/3752/845/477/844/5999/5997/4660/183/6869/151/6328/6326/2660/3488/1674/23704/3357/5021/80852/287/51778/2668/3673/6444/221476/5350/3751/23213/7373/114907/8013/29119/3778/59/6588/6327/3741/10060/8082/5318/3164/3479/59341/3356/51676/624/6263/10021/124093/4629/2775/93649/342667/8913/6329/6752/126306/1264/1311/3270/28954/1756",63,TRUE,"Higher_in_IPF","GO_Biological_Process"
"GO:0010951","negative regulation of endopeptidase activity","14/1207","32/13537",0.4375,4.90674192212096,6.92244776476252,1.88999409588872e-07,2.26217754861758e-05,1.95375907888092e-05,"5270/5276/50859/5054/286204/653145/5176/5268/5275/6318/89778/6317/5055/3053",14,TRUE,"Higher_in_IPF","GO_Biological_Process"
"GO:0036158","outer dynein arm assembly","11/1207","20/13537",0.55,6.16847555923778,7.23693342545509,2.1357406309498e-07,2.49240931631842e-05,2.15260174119414e-05,"51364/79645/27019/55130/146562/123872/83538/64446/115948/93233/139212",11,TRUE,"Higher_in_IPF","GO_Biological_Process"
"GO:0001503","ossification","65/1207","386/13537",0.16839378238342,1.88860532901769,5.541667268912,3.59237864149737e-07,4.09005451183164e-05,3.53242880537482e-05,"353500/126820/1301/1513/63923/130497/10736/6869/2274/2736/1290/3485/3488/151176/7474/6474/6657/8626/344901/374/6696/51176/6423/81792/4015/8817/2296/7020/222663/7291/1278/1749/6608/6422/5179/4325/116039/115908/8840/4920/54829/3371/4745/4192/25884/4322/4256/5744/2735/3479/8600/64093/26585/22801/30812/4313/2303/246/50964/1277/1311/6320/1591/655/4330",65,TRUE,"Higher_in_IPF","GO_Biological_Process"
"GO:2000027","regulation of animal organ morphogenesis","22/1207","77/13537",0.285714285714286,3.20440288791573,6.06919475103051,5.6312757908348e-07,6.25876080752782e-05,5.40546022027501e-05,"183/10736/80326/7474/6092/6091/10252/6423/2668/2246/6608/6422/23213/219736/7490/5083/6495/51804/26585/30812/4804/655",22,TRUE,"Higher_in_IPF","GO_Biological_Process"
"GO:0048562","embryonic organ morphogenesis","45/1207","234/13537",0.192307692307692,2.15680963609713,5.58486012294387,5.82736472524767e-07,6.32607872964096e-05,5.46360021975485e-05,"388591/4237/57822/1301/6913/5396/130497/10736/5013/140469/2487/7474/6474/6678/7020/9096/7291/1749/6608/2138/4325/116039/115908/5079/25861/286204/219736/187/5818/8076/3221/2735/84189/6495/51804/7043/51676/2200/64220/220/123872/2303/9423/55036/655",45,TRUE,"Higher_in_IPF","GO_Biological_Process"
"GO:0072001","renal system development","53/1207","296/13537",0.179054054054054,2.0081646476634,5.48699035416044,6.33996706854055e-07,6.72612869907893e-05,5.80910858194027e-05,"7161/183/55083/130497/10736/2736/7474/6092/25976/8842/10252/54798/170690/2668/11174/1958/2246/2296/7020/9096/2045/100133941/6608/6422/23213/2138/392255/116039/3037/5979/80114/84159/59/2674/7490/80310/6495/51804/26585/2200/9245/64220/30812/2303/5176/93649/9955/65266/2302/9244/25789/655/9510",53,TRUE,"Higher_in_IPF","GO_Biological_Process"
"GO:0002009","morphogenesis of an epithelium","71/1207","445/13537",0.159550561797753,1.78942498347654,5.29791691875002,8.56655199043127e-07,8.88636993140737e-05,7.67482903470217e-05,"388591/57822/183/55083/9687/130497/388/151449/10736/2736/2487/3488/80326/7474/8626/374/51176/10252/6423/2195/170690/81792/2668/10468/2246/7020/9096/2045/7291/10512/6608/64478/6422/9420/23213/2138/115908/3371/23245/1289/5979/219736/7490/4192/187/4321/3853/6495/51804/51676/26585/56963/220/30812/4313/123872/2303/9423/9955/6356/3868/3872/65266/4804/55036/5268/25789/84446/55612/57167/655",71,TRUE,"Higher_in_IPF","GO_Biological_Process"
"GO:0006936","muscle contraction","51/1207","285/13537",0.178947368421053,2.00696812453669,5.37544854715999,1.04852608063455e-06,0.000106402603139175,9.18959928794124e-05,"388591/3752/845/477/844/5997/4660/6869/151/6328/6326/1674/23704/3357/5021/80852/287/2668/3673/6444/5350/3751/23213/29119/3778/59/6327/3741/10060/8082/5318/3164/59341/3356/624/6263/10021/124093/4629/2775/93649/342667/8913/6329/6752/126306/1264/1311/3270/28954/1756",51,TRUE,"Higher_in_IPF","GO_Biological_Process"
"GO:0010466","negative regulation of peptidase activity","15/1207","41/13537",0.365853658536585,4.10319881989209,6.2261024774945,1.12331557884146e-06,0.000111566747277275,9.63560731682597e-05,"5270/5276/50859/5054/286204/653145/5176/5268/5275/6318/89778/6317/5055/57119/3053",15,TRUE,"Higher_in_IPF","GO_Biological_Process"
"GO:0001822","kidney development","51/1207","286/13537",0.178321678321678,1.99995075347188,5.34754651786413,1.16840193315907e-06,0.000113627087999719,9.81355132455972e-05,"7161/183/55083/130497/10736/2736/7474/6092/25976/8842/10252/54798/170690/2668/11174/1958/2246/2296/7020/2045/100133941/6608/6422/23213/2138/392255/116039/3037/5979/80114/84159/59/2674/7490/80310/6495/51804/26585/2200/9245/64220/30812/2303/5176/9955/65266/2302/9244/25789/655/9510",51,TRUE,"Higher_in_IPF","GO_Biological_Process"
"GO:0042391","regulation of membrane potential","57/1207","337/13537",0.169139465875371,1.89696847519047,5.21701918808376,1.63100234118221e-06,0.000155377937319154,0.000134194177588139,"2563/388591/1269/2899/3737/3752/845/10962/477/5999/3756/3776/183/3754/6869/6328/6326/6508/23704/131096/287/401190/9096/2898/5350/3751/3788/9699/1029/114131/29119/219736/3778/642938/6327/3741/10060/5318/41/259232/10021/2903/5026/482/4355/8913/6329/63895/116444/3783/50944/83959/3745/1137/1756/54413/2892",57,TRUE,"Higher_in_IPF","GO_Biological_Process"
"GO:0009612","response to mechanical stimulus","39/1207","198/13537",0.196969696969697,2.20909593030554,5.36227382910663,1.75845131503453e-06,0.000164169014771624,0.00014178670603331,"1647/1301/4914/477/7832/3776/6869/3485/5270/2596/3673/4131/26047/23349/117531/25861/3371/6387/63982/4192/9379/8061/5138/3741/3852/59341/10631/3356/84189/2353/623/64220/4313/50964/1277/63895/1000/2354/1756",39,TRUE,"Higher_in_IPF","GO_Biological_Process"
"GO:0001656","metanephros development","21/1207","76/13537",0.276315789473684,3.09899489818166,5.74112214261865,1.8504621250771e-06,0.000165821268878764,0.000143213696794675,"55083/130497/10736/6092/10252/2668/1958/6608/2138/392255/116039/5979/7490/6495/51804/26585/2200/30812/2303/2302/655",21,TRUE,"Higher_in_IPF","GO_Biological_Process"
"GO:0042471","ear morphogenesis","25/1207","101/13537",0.247524752475248,2.77609161081808,5.60542210507305,1.88022871049982e-06,0.000165821268878764,0.000143213696794675,"57822/1301/5396/130497/10736/5013/140469/2487/7474/6678/7020/9096/7291/1749/2138/116039/115908/25861/219736/5818/84189/6495/51804/220/9423",25,TRUE,"Higher_in_IPF","GO_Biological_Process"
"GO:0007288","sperm axoneme assembly","12/1207","28/13537",0.428571428571429,4.80660433187359,6.3084464654811,1.8827179200031e-06,0.000165821268878764,0.000143213696794675,"401024/255101/57639/79846/286207/9576/80217/159686/80127/55329/84229/286464",12,TRUE,"Higher_in_IPF","GO_Biological_Process"
"GO:0048705","skeletal system morphogenesis","38/1207","192/13537",0.197916666666667,2.21971658381663,5.32558748801367,2.10666944261552e-06,0.000182109869594986,0.000157281558776169,"1301/6913/5396/60676/130497/10736/1281/25976/6474/8817/2296/7020/7291/6424/1749/6422/2138/4325/116039/3037/158326/5079/84159/25987/4322/8538/4256/3221/59341/6495/51804/7043/26585/4313/2303/1277/1311/655",38,TRUE,"Higher_in_IPF","GO_Biological_Process"
"GO:0008015","blood circulation","68/1207","432/13537",0.157407407407407,1.76538862806468,5.05851026555259,2.38099285142739e-06,0.00020208135691751,0.000174530193702716,"388591/6518/27129/3752/845/477/5999/5997/183/6869/151/6328/6326/1674/6508/23704/3357/5021/80852/3680/1359/6474/1816/10699/287/170690/6444/3779/2296/9096/5350/2006/1278/3751/9414/6387/29119/3778/59/3043/5138/6327/3741/2784/5139/10060/5318/552/4922/59341/10631/3356/1215/1511/624/623/70/10021/4313/2775/2303/482/65266/8913/6329/1311/3270/1756",68,TRUE,"Higher_in_IPF","GO_Biological_Process"
"GO:0022617","extracellular matrix disassembly","17/1207","54/13537",0.314814814814815,3.53077725612937,5.83008390546812,2.47547959676936e-06,0.000203779699966942,0.000175996989778873,"1513/9507/2191/1515/4316/4319/4312/4314/4321/4322/4327/1215/1511/4313/5650/11096/4320",17,TRUE,"Higher_in_IPF","GO_Biological_Process"
"GO:0051606","detection of stimulus","33/1207","157/13537",0.210191082802548,2.35737919461316,5.35229728075472,2.48831253173001e-06,0.000203779699966942,0.000175996989778873,"83756/1301/845/4914/3776/114548/6869/2191/5270/2047/3673/3779/721/6785/2898/6608/5304/6101/23349/117531/25861/6387/63982/55107/3164/3356/7043/4804/63895/1000/284297/1469/1470",33,TRUE,"Higher_in_IPF","GO_Biological_Process"
"GO:0001704","formation of primary germ layer","26/1207","110/13537",0.236363636363636,2.65091511636665,5.4393732585325,2.99314711506528e-06,0.000240896736778013,0.000208053601646099,"1301/83881/10736/1844/1290/8324/2335/1294/7474/1295/6657/51176/6423/3673/2296/1303/2138/286204/1289/1847/3679/4313/2303/3691/2139/655",26,TRUE,"Higher_in_IPF","GO_Biological_Process"
"GO:0061448","connective tissue development","45/1207","248/13537",0.181451612903226,2.03505425341422,5.14706998804318,3.04965076838944e-06,0.000241284233675286,0.000208388268384149,"353500/1301/1513/5396/130497/151449/10736/2487/1281/7474/6474/6423/81792/4015/5307/1958/8817/3696/4017/64641/23213/392255/116039/8840/4969/1289/84159/59/7490/4192/25884/25987/4322/80310/8538/4256/5744/3221/59341/26585/30812/2303/1277/1311/655",45,TRUE,"Higher_in_IPF","GO_Biological_Process"
"GO:0051966","regulation of synaptic transmission, glutamatergic","17/1207","55/13537",0.309090909090909,3.46658130601793,5.73478167268064,3.28798269767832e-06,0.000255805053879373,0.000220929363721192,"2899/9890/4914/477/7143/5270/2917/5021/2912/2898/4920/23732/3356/2903/6347/23025/54413",17,TRUE,"Higher_in_IPF","GO_Biological_Process"
"GO:0006935","chemotaxis","64/1207","404/13537",0.158415841584158,1.77669863092357,4.95882200401435,3.79574528327306e-06,0.000285782886811591,0.000246820109251881,"1269/9048/7412/8995/59352/2660/7857/1233/3680/1237/7474/6092/6091/2047/3576/6372/10563/51176/2668/3673/7060/4015/9547/2246/8817/347733/7162/2045/64094/6369/10512/223117/5054/91584/1960/9420/6363/6366/6387/9023/4192/8061/80310/643/4908/3164/59341/8600/1880/1511/5228/23768/26585/4313/6367/1800/9423/6347/6354/6356/6357/6358/245937/3053",64,TRUE,"Higher_in_IPF","GO_Biological_Process"
"GO:0042330","taxis","64/1207","404/13537",0.158415841584158,1.77669863092357,4.95882200401435,3.79574528327306e-06,0.000285782886811591,0.000246820109251881,"1269/9048/7412/8995/59352/2660/7857/1233/3680/1237/7474/6092/6091/2047/3576/6372/10563/51176/2668/3673/7060/4015/9547/2246/8817/347733/7162/2045/64094/6369/10512/223117/5054/91584/1960/9420/6363/6366/6387/9023/4192/8061/80310/643/4908/3164/59341/8600/1880/1511/5228/23768/26585/4313/6367/1800/9423/6347/6354/6356/6357/6358/245937/3053",64,TRUE,"Higher_in_IPF","GO_Biological_Process"
"GO:0050804","modulation of chemical synaptic transmission","62/1207","388/13537",0.15979381443299,1.7921531615405,4.95331479778849,4.03474736909397e-06,0.000298955566967153,0.000258196865891895,"1269/2899/9890/4914/477/5999/7143/3776/6869/5270/2917/5021/6529/2912/7474/2047/590/27065/57537/1816/4131/5924/9627/347733/2045/2898/5179/9699/23349/4920/23732/1759/90019/57689/9379/91683/79827/4908/41/8499/3356/259232/4130/9899/2903/112476/2775/1949/388336/6347/4355/4804/116444/23025/50944/84446/24141/6616/3745/140689/54413/2892",62,TRUE,"Higher_in_IPF","GO_Biological_Process"
"GO:0048245","eosinophil chemotaxis","9/1207","17/13537",0.529411764705882,5.93757005702032,6.37333365555154,4.34435882644318e-06,0.000313721781762353,0.000270949899461014,"7857/6369/6363/6366/6367/6347/6354/6356/6357",9,TRUE,"Higher_in_IPF","GO_Biological_Process"
"GO:0099177","regulation of trans-synaptic signaling","62/1207","389/13537",0.159383033419023,1.7875460840044,4.93103629201685,4.39445122054107e-06,0.000313721781762353,0.000270949899461014,"1269/2899/9890/4914/477/5999/7143/3776/6869/5270/2917/5021/6529/2912/7474/2047/590/27065/57537/1816/4131/5924/9627/347733/2045/2898/5179/9699/23349/4920/23732/1759/90019/57689/9379/91683/79827/4908/41/8499/3356/259232/4130/9899/2903/112476/2775/1949/388336/6347/4355/4804/116444/23025/50944/84446/24141/6616/3745/140689/54413/2892",62,TRUE,"Higher_in_IPF","GO_Biological_Process"
"GO:0060326","cell chemotaxis","48/1207","275/13537",0.174545454545455,1.95759885516306,5.01952617096635,4.43565501206412e-06,0.000313721781762353,0.000270949899461014,"1269/7412/8995/2660/7857/1233/3680/1237/7474/2047/3576/6372/10563/51176/7060/4015/9547/2246/8817/7162/64094/6369/5054/1960/9420/6363/6366/6387/9023/4192/80310/643/3164/59341/8600/1880/1511/5228/26585/4313/6367/1800/6347/6354/6356/6357/6358/245937",48,TRUE,"Higher_in_IPF","GO_Biological_Process"
"GO:0072073","kidney epithelium development","29/1207","133/13537",0.218045112781955,2.44546536183043,5.24123423958059,4.66263186348112e-06,0.000324853216995968,0.000280563708360293,"183/55083/130497/10736/6092/8842/10252/170690/2668/2246/2296/2045/100133941/6608/6422/2138/5979/7490/6495/51804/26585/30812/2303/9955/65266/2302/9244/25789/655",29,TRUE,"Higher_in_IPF","GO_Biological_Process"
"GO:0060632","regulation of microtubule-based movement","14/1207","41/13537",0.341463414634146,3.82965223189929,5.67727232252834,6.56356530288314e-06,0.000450569453439095,0.000389140171982081,"25790/92749/6869/345895/8701/79846/79645/55130/80217/85478/123872/246176/55036/57119",14,TRUE,"Higher_in_IPF","GO_Biological_Process"
"GO:0048667","cell morphogenesis involved in neuron differentiation","74/1207","498/13537",0.14859437751004,1.66654688347424,4.74177017273064,7.41256290017579e-06,0.000501475994464067,0.00043310626861439,"284656/9048/9890/1382/4914/57549/63923/7143/59352/23114/151449/2736/4929/2335/25791/10752/7474/6092/6091/2042/91653/2596/2047/6474/22865/6696/2668/4131/90249/347733/7162/2045/23072/10512/223117/1749/5803/6608/91584/25861/256158/5979/6387/80312/92211/57689/25987/53942/4684/7070/5818/4753/3798/8499/9201/84189/23768/4130/57611/56963/10381/1949/9423/4804/50944/5794/84446/6616/85449/655/140578/170302/54413/5063",74,TRUE,"Higher_in_IPF","GO_Biological_Process"
"GO:0072006","nephron development","29/1207","138/13537",0.210144927536232,2.3568615443728,5.01252040174624,9.99582339033525e-06,0.000662250171385235,0.000571960978759178,"183/55083/130497/10736/8842/54798/170690/2668/1958/2246/2296/100133941/6608/23213/2138/5979/59/7490/80310/6495/51804/26585/30812/2303/9955/65266/2302/25789/655",29,TRUE,"Higher_in_IPF","GO_Biological_Process"
"GO:0007600","sensory perception","57/1207","357/13537",0.159663865546218,1.79069573148232,4.73699653246592,1.00727853831088e-05,0.000662250171385235,0.000571960978759178,"83756/83715/127534/1301/3737/4914/83872/343035/3776/140469/5270/2917/6314/2047/1259/51176/3673/51308/7020/2898/79846/3751/5304/5368/6101/5179/2138/23349/117531/25861/286204/6387/1262/7275/55107/53942/41/283310/11081/4060/2706/3356/84189/1690/6495/2903/1001/6347/1277/162282/63895/2774/50944/1469/1470/1137/80781",57,TRUE,"Higher_in_IPF","GO_Biological_Process"
"GO:0042472","inner ear morphogenesis","21/1207","84/13537",0.25,2.80385252692626,5.18857824827333,1.04209996891481e-05,0.000664905052698658,0.000574253901555013,"57822/1301/5396/5013/140469/2487/7474/6678/7020/9096/1749/2138/115908/25861/219736/5818/84189/6495/51804/220/9423",21,TRUE,"Higher_in_IPF","GO_Biological_Process"
"GO:0060538","skeletal muscle organ development","32/1207","160/13537",0.2,2.24308202154101,4.94877470438839,1.05095144443801e-05,0.000664905052698658,0.000574253901555013,"844/7832/467/2660/1674/92737/2047/6474/51778/5307/1958/221662/1310/7291/2006/6608/5079/7490/8538/10060/3164/6495/51804/2353/51676/64220/30812/93649/124872/8736/1756/26576",32,TRUE,"Higher_in_IPF","GO_Biological_Process"
"GO:0060287","epithelial cilium movement involved in determination of left/right asymmetry","7/1207","11/13537",0.636363636363636,7.13707915944867,6.37075121497832,1.05404828405528e-05,0.000664905052698658,0.000574253901555013,"25790/8701/123872/83538/55036/220136/115948",7,TRUE,"Higher_in_IPF","GO_Biological_Process"
"GO:0051216","cartilage development","34/1207","175/13537",0.194285714285714,2.1789939637827,4.91147730766396,1.08418160037799e-05,0.000674794628075263,0.000582795162027749,"353500/1301/1513/5396/130497/10736/2487/1281/7474/6474/6423/81792/5307/8817/3696/4017/23213/392255/116039/8840/4969/4192/25884/25987/4322/8538/4256/5744/3221/59341/26585/1277/1311/655",34,TRUE,"Higher_in_IPF","GO_Biological_Process"
"GO:0050673","epithelial cell proliferation","60/1207","384/13537",0.15625,1.75240782932891,4.67976212033413,1.17353512424259e-05,0.000720797626311109,0.000622526250117609,"79805/130497/7498/6869/2191/8324/3488/7857/3357/7474/6091/1295/6657/8626/9076/255324/2069/374/6423/10468/7060/2246/6678/1026/7128/7291/6369/1749/6608/1960/4017/6422/9420/23213/2138/116039/3037/687/8013/6387/4192/187/4321/3164/2735/3479/8600/6495/51804/1001/5176/6347/6356/3487/4804/5268/7538/2524/55612/170302",60,TRUE,"Higher_in_IPF","GO_Biological_Process"
"GO:0042476","odontogenesis","24/1207","105/13537",0.228571428571429,2.56352231033258,5.03205825574508,1.30996804247027e-05,0.000794146860032627,0.000685875270356957,"130497/10913/2736/80326/51066/8626/51176/10468/2296/7020/1278/5054/6608/116039/54829/3371/5818/362/8600/5083/7043/4804/1277/655",24,TRUE,"Higher_in_IPF","GO_Biological_Process"
"GO:0014812","muscle cell migration","21/1207","86/13537",0.244186046511628,2.73864665420705,5.06058283435545,1.54040349744121e-05,0.000921872246930201,0.000796186962914958,"6869/2660/3488/2195/3673/7060/5054/6608/3037/8840/8013/10276/4192/80310/3479/10631/6495/51804/93649/9510/25817",21,TRUE,"Higher_in_IPF","GO_Biological_Process"
"GO:0048762","mesenchymal cell differentiation","41/1207","232/13537",0.176724137931034,1.98203368282719,4.72041526941326,1.60143197872715e-05,0.000946263857809918,0.000817253095073284,"4139/183/130497/10736/2487/2335/80326/3357/7474/54756/2042/51176/10252/6423/2668/2296/7148/7291/10512/223117/6608/4017/6422/3037/286204/5979/4192/4684/3479/6495/7043/26585/30812/2303/1277/753/1000/6317/399473/81610/655",41,TRUE,"Higher_in_IPF","GO_Biological_Process"
"GO:0044703","multi-organism reproductive process","32/1207","164/13537",0.195121951219512,2.18837270394245,4.79046243714779,1.78078656155794e-05,0.00103345220919696,0.000892554449380862,"1307/5997/150921/6869/151/3485/3488/5270/5021/10699/3490/6696/3673/154865/64478/5368/5069/8061/5858/5744/8909/552/2706/2353/7043/4313/51673/3691/116/2354/2192/7216",32,TRUE,"Higher_in_IPF","GO_Biological_Process"
"GO:0070588","calcium ion transmembrane transport","46/1207","273/13537",0.168498168498169,1.88977606210415,4.64667239184427,1.79326540156286e-05,0.00103345220919696,0.000892554449380862,"9651/845/477/844/3973/3357/1259/287/5350/168620/55503/6363/6366/80036/117531/23413/1262/187/931/6588/7070/23017/41/59341/3356/259232/728215/623/6263/2903/930/162514/5026/342667/8913/116444/255057/3783/3270/59285/5332/28954/57158/1756/27112/5354",46,TRUE,"Higher_in_IPF","GO_Biological_Process"
"GO:0030574","collagen catabolic process","13/1207","39/13537",0.333333333333333,3.73847003590168,5.35824854234217,1.88801566555379e-05,0.00107478745448842,0.000928254171896149,"1513/2191/4325/140766/4316/4319/4312/4314/4321/4322/4327/4313/4320",13,TRUE,"Higher_in_IPF","GO_Biological_Process"
"GO:0051952","regulation of amine transport","16/1207","56/13537",0.285714285714286,3.20440288791573,5.17179378664387,1.94263514095256e-05,0.00108620017378135,0.000938110915433762,"5865/3737/477/5999/5997/151/2917/5021/6529/2912/2668/6387/552/3356/3745/1137",16,TRUE,"Higher_in_IPF","GO_Biological_Process"
"GO:1905330","regulation of morphogenesis of an epithelium","17/1207","62/13537",0.274193548387097,3.07519309404816,5.12397781680568,1.95460185513353e-05,0.00108620017378135,0.000938110915433762,"388591/183/10736/7474/81792/2668/2246/6608/6422/23213/219736/4192/6495/51804/26585/30812/655",17,TRUE,"Higher_in_IPF","GO_Biological_Process"
"GO:0001975","response to amphetamine","11/1207","29/13537",0.379310344827586,4.2541210753364,5.48850987792302,2.06857094594761e-05,0.00113601049125687,0.000981130244331806,"1269/5999/5997/4929/5021/1816/26575/41/3164/2903/2354",11,TRUE,"Higher_in_IPF","GO_Biological_Process"
"GO:0001508","action potential","28/1207","136/13537",0.205882352941176,2.30905502217457,4.80038446240971,2.10962243936568e-05,0.00114508343569291,0.000988966210865428,"388591/1269/3737/3752/477/3776/3754/6869/6328/6326/6508/23704/287/9096/2898/3751/3788/29119/6327/3741/10060/5318/10021/8913/6329/3745/1137/1756",28,TRUE,"Higher_in_IPF","GO_Biological_Process"
"GO:0010959","regulation of metal ion transport","51/1207","316/13537",0.161392405063291,1.81008201105366,4.55887460174829,2.16938604431762e-05,0.00116398782239938,0.00100529323045813,"845/477/844/5999/183/3754/130497/3973/57628/23704/5270/151651/7018/287/3779/5350/3788/117531/65268/6387/219527/187/931/6588/6327/7070/3741/10060/5318/3356/2259/623/930/162514/5026/482/6347/342667/65266/116444/255057/3783/3270/59285/28954/57158/57119/2847/1756/9843/5354",51,TRUE,"Higher_in_IPF","GO_Biological_Process"
"GO:0007218","neuropeptide signaling pathway","14/1207","45/13537",0.311111111111111,3.48923870017491,5.23301409574801,2.21291373862141e-05,0.00117385015135054,0.00101381095920096,"84417/2825/9427/57537/1363/2861/5368/5179/4922/6447/6752/116/2847/27344",14,TRUE,"Higher_in_IPF","GO_Biological_Process"
"GO:0072677","eosinophil migration","9/1207","20/13537",0.45,5.04693454846727,5.66654433570563,2.34423917724255e-05,0.00119471033448354,0.00103182712782933,"7857/6369/6363/6366/6367/6347/6354/6356/6357",9,TRUE,"Higher_in_IPF","GO_Biological_Process"
"GO:0007286","spermatid development","29/1207","144/13537",0.201388888888889,2.25865898002393,4.75080997760763,2.34499659595858e-05,0.00119471033448354,0.00103182712782933,"149465/200162/92749/401024/255101/8382/5350/79747/135138/57639/79846/64753/286207/9576/219681/80217/159686/2735/144535/80127/55329/84229/146845/26256/220136/257062/26074/89765/286464",29,TRUE,"Higher_in_IPF","GO_Biological_Process"
"GO:0071805","potassium ion transmembrane transport","29/1207","144/13537",0.201388888888889,2.25865898002393,4.75080997760763,2.34499659595858e-05,0.00119471033448354,0.00103182712782933,"3737/3752/845/3782/477/5999/3756/3776/3754/57628/23704/131096/287/3779/3751/3788/3778/219527/3741/10060/479/259232/10021/482/65266/3773/3783/6616/3745",29,TRUE,"Higher_in_IPF","GO_Biological_Process"
"GO:0050678","regulation of epithelial cell proliferation","51/1207","317/13537",0.160883280757098,1.8043719731639,4.53406877195161,2.36737070861389e-05,0.00119471033448354,0.00103182712782933,"79805/130497/7498/6869/8324/7857/3357/7474/6091/6657/8626/9076/255324/2069/374/6423/7060/2246/6678/7128/7291/6369/1749/6608/1960/6422/9420/23213/2138/116039/3037/687/8013/6387/4192/187/4321/3164/2735/3479/6495/51804/1001/5176/6347/6356/4804/5268/7538/2524/170302",51,TRUE,"Higher_in_IPF","GO_Biological_Process"
"GO:0044057","regulation of system process","65/1207","436/13537",0.149082568807339,1.67202214908447,4.46264024889285,2.38971603761316e-05,0.00119471033448354,0.00103182712782933,"388591/27129/3752/845/477/844/5999/7143/5997/4660/183/6869/151/84417/3625/2660/3488/1674/6508/23704/5021/3680/6474/10699/6696/287/3673/221476/9096/5350/3751/9699/114907/8013/29119/26011/6588/6327/3741/10060/5318/3164/552/3479/59341/3356/624/10021/2903/4313/2775/482/388336/93649/65266/8913/6329/114897/1264/3270/50944/28954/1756/54413/9075",65,TRUE,"Higher_in_IPF","GO_Biological_Process"
"GO:0007193","adenylate cyclase-inhibiting G protein-coupled receptor signaling pathway","15/1207","51/13537",0.294117647058824,3.29865003167796,5.14557171169451,2.40580058786316e-05,0.00119471033448354,0.00103182712782933,"2899/5996/5997/2917/2912/3355/111/2861/1903/9568/187/5138/2775/6752/2847",15,TRUE,"Higher_in_IPF","GO_Biological_Process"
"GO:0035249","synaptic transmission, glutamatergic","20/1207","82/13537",0.24390243902439,2.73546587992806,4.9317201474531,2.48606197282353e-05,0.00122157234622529,0.0010550268538409,"2899/9890/4914/477/7143/5270/2917/5021/2912/2898/4920/23732/121551/3356/2903/6347/116444/23025/54413/2892",20,TRUE,"Higher_in_IPF","GO_Biological_Process"
"GO:0050679","positive regulation of epithelial cell proliferation","33/1207","175/13537",0.188571428571429,2.11490590602438,4.64449795828517,2.75600394409432e-05,0.00134010691781586,0.00115740077915365,"79805/130497/6869/8324/7857/3357/7474/8626/9076/255324/374/7060/2246/7128/7291/6369/1749/6608/1960/6422/9420/2138/116039/3037/8013/6387/4192/187/4321/3164/3479/1001/6356",33,TRUE,"Higher_in_IPF","GO_Biological_Process"
"GO:0043583","ear development","34/1207","183/13537",0.185792349726776,2.08373739705996,4.61807719839655,2.88821321895326e-05,0.00138991539237874,0.0012004185163962,"57822/9890/1301/5396/3776/130497/10736/5013/140469/2487/7474/6657/6678/7020/9096/7291/1749/2138/116039/115908/117531/25861/219736/25987/5818/283310/2706/84189/6495/51804/7043/64220/220/9423",34,TRUE,"Higher_in_IPF","GO_Biological_Process"
"GO:0050906","detection of stimulus involved in sensory perception","18/1207","70/13537",0.257142857142857,2.88396259912416,4.94428089960436,2.9197242004843e-05,0.00138997768716115,0.0012004723180957,"83756/1301/4914/3776/5270/2047/3673/2898/5304/23349/117531/25861/6387/55107/3356/63895/1469/1470",18,TRUE,"Higher_in_IPF","GO_Biological_Process"
"GO:0007369","gastrulation","32/1207","168/13537",0.19047619047619,2.13626859194382,4.63664078606137,2.94789612315668e-05,0.00138997768716115,0.0012004723180957,"1301/83881/130497/10736/1844/1290/8324/2335/1294/7474/1295/6657/51176/6423/3673/2296/1303/6422/2138/8013/286204/1289/1847/187/26011/3679/4313/2303/3691/3172/2139/655",32,TRUE,"Higher_in_IPF","GO_Biological_Process"
"GO:0007389","pattern specification process","56/1207","362/13537",0.154696132596685,1.73498056914774,4.43478020767449,3.04826220707547e-05,0.00142292879826283,0.00122893097401042,"388591/54626/57822/128344/25790/7832/64388/130497/92749/10736/5013/2736/7474/6092/6091/8626/51176/10252/6423/2668/10468/2246/2296/9096/8701/10512/6608/6422/2138/116039/27019/286204/138162/219670/55130/80114/7490/187/3221/2735/6495/51676/26585/55329/123872/2303/146845/83538/4222/64446/2302/55036/220136/115948/352909/655",56,TRUE,"Higher_in_IPF","GO_Biological_Process"
"GO:0097553","calcium ion transmembrane import into cytosol","30/1207","154/13537",0.194805194805195,2.18482015085163,4.62650805765672,3.32766643133825e-05,0.00152492771956962,0.00131702366976765,"9651/845/477/844/3973/3357/287/5350/55503/6363/6366/187/931/7070/59341/3356/728215/623/6263/2903/930/162514/5026/8913/3783/3270/5332/57158/1756/27112",30,TRUE,"Higher_in_IPF","GO_Biological_Process"
"GO:0044706","multi-multicellular organism process","32/1207","169/13537",0.189349112426035,2.12362794938794,4.59885733181903,3.33210427155315e-05,0.00152492771956962,0.00131702366976765,"1307/5997/150921/6869/151/3485/3488/5270/5021/10699/3490/6696/3673/64478/5368/5069/8061/5858/5744/8909/552/2706/2353/7043/4313/51673/64518/3691/116/2354/2192/7216",32,TRUE,"Higher_in_IPF","GO_Biological_Process"
"GO:0048568","embryonic organ development","57/1207","372/13537",0.153225806451613,1.71849025843868,4.39642017338424,3.4290505998523e-05,0.00155405904855442,0.00134218332114812,"388591/4237/57822/2709/1301/128344/6913/5396/79805/130497/10736/5013/2736/140469/2487/7474/6474/3576/51176/2668/6678/2296/347733/7020/9096/7291/1749/6608/91584/2138/4325/116039/115908/23414/5079/25861/286204/219736/187/5818/8076/3221/2735/84189/6495/51804/7043/51676/2200/64220/220/123872/2303/6665/9423/55036/655",57,TRUE,"Higher_in_IPF","GO_Biological_Process"
"GO:0007519","skeletal muscle tissue development","29/1207","147/13537",0.197278911564626,2.21256389879896,4.62477152581601,3.50774413837656e-05,0.00157443746518671,0.00135978340586865,"844/7832/467/2660/92737/2047/6474/51778/5307/1958/221662/1310/7291/2006/6608/5079/8538/10060/3164/6495/51804/2353/51676/30812/93649/124872/8736/1756/26576",29,TRUE,"Higher_in_IPF","GO_Biological_Process"
"GO:0007156","homophilic cell adhesion via plasma membrane adhesion molecules","27/1207","133/13537",0.203007518796992,2.27681257825591,4.62970194886424,3.82220330435214e-05,0.00169924238330627,0.00146757279756077,"57549/83872/389118/6092/6091/5099/79633/54798/55714/2195/1004/56142/56129/2196/222256/256158/5979/92211/5818/1001/54549/1000/1825/1830/11122/7216/57526",27,TRUE,"Higher_in_IPF","GO_Biological_Process"
"GO:0061337","cardiac conduction","19/1207","78/13537",0.243589743589744,2.73195887238969,4.79949727351968,4.01517300380938e-05,0.00176819128130021,0.0015271214105849,"3752/845/477/183/6508/23704/10699/287/9096/5350/29119/6327/3741/10060/5318/10021/482/8913/3270",19,TRUE,"Higher_in_IPF","GO_Biological_Process"
"GO:0003156","regulation of animal organ formation","10/1207","26/13537",0.384615384615385,4.31361927219425,5.29130510099462,4.292934451958e-05,0.00187284280577009,0.00161750506158378,"7474/6092/6091/10252/2668/2246/23213/7490/6495/655",10,TRUE,"Higher_in_IPF","GO_Biological_Process"
"GO:0072028","nephron morphogenesis","18/1207","72/13537",0.25,2.80385252692626,4.80154903152229,4.39271948228835e-05,0.00189863097623352,0.00163977735060082,"183/55083/130497/10736/170690/2668/2246/6608/2138/7490/6495/51804/26585/30812/9955/65266/25789/655",18,TRUE,"Higher_in_IPF","GO_Biological_Process"
"GO:0051592","response to calcium ion","25/1207","120/13537",0.208333333333333,2.33654377243855,4.60111797998443,4.66683822569733e-05,0.00199860558142708,0.00172612171940326,"5563/845/3756/3625/6529/7474/131034/4547/5122/3779/57699/55503/5179/3778/10060/8437/2353/6263/63928/27132/1800/5026/246/2354/3745",25,TRUE,"Higher_in_IPF","GO_Biological_Process"
"GO:0006816","calcium ion transport","54/1207","351/13537",0.153846153846154,1.7254477088777,4.30844353470864,4.89880092724936e-05,0.00207887297530909,0.00179544569869522,"9651/845/477/844/5999/3973/3357/10267/151651/1259/287/5350/168620/55503/6363/6366/80036/117531/23413/6387/1262/187/931/6588/7070/23017/41/59341/3356/259232/728215/623/6263/2903/930/162514/5026/6347/342667/8913/116444/255057/3783/3270/59285/5332/28954/57158/57119/1137/2847/1756/27112/5354",54,TRUE,"Higher_in_IPF","GO_Biological_Process"
"GO:0072171","mesonephric tubule morphogenesis","16/1207","60/13537",0.266666666666667,2.99077602872135,4.83524721317572,4.95959952176248e-05,0.0020857126637466,0.00180135288462307,"183/55083/130497/10736/170690/2668/2246/6608/2138/7490/6495/51804/26585/30812/9955/25789",16,TRUE,"Higher_in_IPF","GO_Biological_Process"
"GO:0006813","potassium ion transport","31/1207","165/13537",0.187878787878788,2.10713765659913,4.4767483295984,5.13356153758267e-05,0.00213959511227106,0.00184788916249451,"3737/3752/845/3782/477/5999/3756/3776/3754/57628/23704/131096/287/3779/3751/3788/3778/1262/219527/3741/10060/479/3356/259232/10021/482/65266/3773/3783/6616/3745",31,TRUE,"Higher_in_IPF","GO_Biological_Process"
"GO:0003002","regionalization","51/1207","327/13537",0.155963302752294,1.74919240211914,4.29074891641218,5.48964697168367e-05,0.00226775858971853,0.00195857921765705,"388591/54626/128344/25790/7832/64388/130497/92749/10736/5013/2736/7474/6092/6091/8626/51176/10252/6423/2668/2246/2296/9096/8701/10512/6608/6422/27019/286204/138162/219670/55130/80114/7490/187/3221/2735/6495/51676/26585/55329/123872/2303/146845/83538/4222/64446/2302/55036/220136/115948/352909",51,TRUE,"Higher_in_IPF","GO_Biological_Process"
"GO:0048565","digestive tract development","23/1207","107/13537",0.214953271028037,2.41078908857211,4.58388004557425,5.55734040145343e-05,0.00227558464859514,0.00196533829525084,"83881/10736/2736/1281/5021/7474/6474/8626/3576/6423/25803/1026/6608/6422/5979/79827/2735/7043/64220/123872/2300/93649/55036",23,TRUE,"Higher_in_IPF","GO_Biological_Process"
"GO:0048515","spermatid differentiation","29/1207","151/13537",0.19205298013245,2.15395293459236,4.4613719134401,5.86481004988681e-05,0.00237029855415577,0.0020471391923548,"149465/200162/92749/401024/255101/8382/5350/79747/135138/57639/79846/64753/286207/9576/219681/80217/159686/2735/144535/80127/55329/84229/146845/26256/220136/257062/26074/89765/286464",29,TRUE,"Higher_in_IPF","GO_Biological_Process"
"GO:0090103","cochlea morphogenesis","9/1207","22/13537",0.409090909090909,4.58812231678843,5.26972344977432,5.89020206259788e-05,0.00237029855415577,0.0020471391923548,"57822/140469/2487/7474/9096/2138/115908/5818/6495",9,TRUE,"Higher_in_IPF","GO_Biological_Process"
"GO:0050974","detection of mechanical stimulus involved in sensory perception","11/1207","32/13537",0.34375,3.85529722452361,5.05936821107072,6.00514498388999e-05,0.00237559464277953,0.00205171322821576,"1301/4914/3776/5270/3673/23349/117531/25861/6387/3356/63895",11,TRUE,"Higher_in_IPF","GO_Biological_Process"
"GO:0060325","face morphogenesis","11/1207","32/13537",0.34375,3.85529722452361,5.05936821107072,6.00514498388999e-05,0.00237559464277953,0.00205171322821576,"25976/51176/1749/83690/84159/5083/7043/64220/4313/83716/1277",11,TRUE,"Higher_in_IPF","GO_Biological_Process"
"GO:0014075","response to amine","13/1207","43/13537",0.302325581395349,3.3907053813992,4.91255248793389,6.06598620632658e-05,0.00237949778244811,0.00205508422558433,"1269/5999/5997/4929/5021/6529/1816/3673/26575/41/3164/2903/2354",13,TRUE,"Higher_in_IPF","GO_Biological_Process"
"GO:0001763","morphogenesis of a branching structure","33/1207","182/13537",0.181318681318681,2.03356337117729,4.39205861280596,6.22391321290212e-05,0.00242110223981892,0.00209101645661536,"183/151449/10736/2736/7474/6474/8626/374/51176/10252/6423/170690/2668/2246/2045/10512/6608/64478/6422/23213/2138/3371/7490/4192/6495/51804/26585/30812/2303/9955/6356/25789/655",33,TRUE,"Higher_in_IPF","GO_Biological_Process"
"GO:0048704","embryonic skeletal system morphogenesis","18/1207","74/13537",0.243243243243243,2.72807272890123,4.66363145799419,6.49024412707156e-05,0.00250383963513802,0.002162473684792,"1301/6913/5396/130497/10736/6474/7020/7291/2138/4325/116039/5079/3221/6495/51804/7043/2303/655",18,TRUE,"Higher_in_IPF","GO_Biological_Process"
"GO:0072078","nephron tubule morphogenesis","17/1207","68/13537",0.25,2.80385252692626,4.66557396259259,7.10865744733727e-05,0.00271993548886643,0.00234910768104416,"183/55083/130497/10736/170690/2668/2246/6608/2138/7490/6495/51804/26585/30812/9955/65266/25789",17,TRUE,"Higher_in_IPF","GO_Biological_Process"
"GO:0034329","cell junction assembly","64/1207","443/13537",0.144469525959368,1.62028498170005,4.15311761720275,7.22711780068176e-05,0.00273464393886489,0.00236181082529485,"1307/114784/4914/5317/4139/183/119/2335/92737/57633/5021/7474/6092/2042/2596/2047/22865/9076/10686/55203/287/1004/3673/4131/7162/2045/7058/222256/91584/26047/6422/143162/1308/187/9379/6712/53942/7070/5818/5318/41/59341/2706/9201/84189/9071/6495/51804/23768/26585/1001/1949/9423/54549/3691/1000/1830/6616/79953/140689/9073/54413/79983/9075",64,TRUE,"Higher_in_IPF","GO_Biological_Process"
"GO:0098742","cell-cell adhesion via plasma-membrane adhesion molecules","38/1207","223/13537",0.170403587443946,1.91114611700804,4.2924322930218,7.31805151404005e-05,0.00273464393886489,0.00236181082529485,"7412/57549/6401/83872/389118/6092/6091/22865/9076/10686/5099/79633/54798/55714/2195/1004/56142/56129/2196/222256/286204/256158/5979/92211/57689/26011/5818/9071/1001/54549/1000/1825/1830/11122/9073/7216/57526/9075",38,TRUE,"Higher_in_IPF","GO_Biological_Process"
"GO:0060993","kidney morphogenesis","20/1207","88/13537",0.227272727272727,2.54895684266024,4.5609249544562,7.34093536036927e-05,0.00273464393886489,0.00236181082529485,"183/55083/130497/10736/170690/2668/2246/6608/2138/7490/6495/51804/26585/9245/30812/9955/65266/2302/25789/655",20,TRUE,"Higher_in_IPF","GO_Biological_Process"
"GO:0008544","epidermis development","44/1207","272/13537",0.161764705882353,1.81425751742288,4.24433711414814,7.38142965503377e-05,0.00273464393886489,0.00236181082529485,"57822/2709/3713/6699/1382/5317/10913/2736/26154/3488/80326/1294/7474/8626/9076/2069/10468/2296/1026/6424/6608/117531/25861/1308/2012/5744/3853/3852/3848/2735/55504/84189/646/1001/124842/3866/3861/3868/3872/4804/7538/5650/55612/60401",44,TRUE,"Higher_in_IPF","GO_Biological_Process"
"GO:0043269","regulation of monoatomic ion transport","55/1207","365/13537",0.150684931506849,1.68999330390076,4.18102454309264,7.44259578130449e-05,0.00273559347300231,0.00236263090280947,"845/477/844/5999/183/3754/130497/3973/57628/23704/5270/151651/7018/287/3779/5350/5243/3788/117531/65268/6387/219527/187/931/6588/6327/7070/3741/10060/5318/3356/9071/2259/623/2903/930/162514/5026/482/6347/342667/65266/3773/116444/255057/3783/3270/59285/28954/57158/57119/2847/1756/9843/5354",55,TRUE,"Higher_in_IPF","GO_Biological_Process"
"GO:0051412","response to corticosterone","6/1207","10/13537",0.6,6.72924606462303,5.67040396685142,7.60853769088855e-05,0.00277473858914592,0.0023964390917848,"1026/114131/8061/552/2353/2354",6,TRUE,"Higher_in_IPF","GO_Biological_Process"
"GO:0008306","associative learning","18/1207","75/13537",0.24,2.69169842584921,4.59638134535809,7.83844032217198e-05,0.00283642166076735,0.00244971247930793,"477/7143/7832/6869/6529/1816/7162/5350/4885/64478/27087/41/2353/4130/2903/50944/84446/6616",18,TRUE,"Higher_in_IPF","GO_Biological_Process"
"GO:0052548","regulation of endopeptidase activity","14/1207","50/13537",0.28,3.14031483015742,4.7437550297796,8.14209565430204e-05,0.00290863482108642,0.00251208031496888,"5270/5276/50859/5054/286204/653145/5176/5268/5275/6318/89778/6317/5055/3053",14,TRUE,"Higher_in_IPF","GO_Biological_Process"
"GO:0061138","morphogenesis of a branching epithelium","31/1207","169/13537",0.183431952662722,2.05726457596957,4.32724101382376,8.21050465928581e-05,0.00290863482108642,0.00251208031496888,"183/151449/10736/2736/7474/8626/374/51176/10252/6423/170690/2668/2246/10512/6608/64478/6422/23213/2138/3371/7490/4192/6495/51804/26585/30812/2303/9955/6356/25789/655",31,TRUE,"Higher_in_IPF","GO_Biological_Process"
"GO:0045109","intermediate filament organization","11/1207","33/13537",0.333333333333333,3.73847003590168,4.92777668222456,8.28724145682293e-05,0.00290863482108642,0.00251208031496888,"5317/1674/5318/3853/3852/3848/3860/3866/3861/3868/3872",11,TRUE,"Higher_in_IPF","GO_Biological_Process"
"GO:0090183","regulation of kidney development","11/1207","33/13537",0.333333333333333,3.73847003590168,4.92777668222456,8.28724145682293e-05,0.00290863482108642,0.00251208031496888,"183/130497/10736/2668/6608/5979/7490/6495/51804/26585/30812",11,TRUE,"Higher_in_IPF","GO_Biological_Process"
"GO:0009799","specification of symmetry","24/1207","117/13537",0.205128205128205,2.30059694517027,4.42055371528097,8.51243397508728e-05,0.00292176777909613,0.0025234227650607,"388591/25790/64388/92749/7474/8701/6608/27019/138162/219670/55130/80114/187/51676/26585/123872/146845/83538/64446/2302/55036/220136/115948/352909",24,TRUE,"Higher_in_IPF","GO_Biological_Process"
"GO:0009855","determination of bilateral symmetry","24/1207","117/13537",0.205128205128205,2.30059694517027,4.42055371528097,8.51243397508728e-05,0.00292176777909613,0.0025234227650607,"388591/25790/64388/92749/7474/8701/6608/27019/138162/219670/55130/80114/187/51676/26585/123872/146845/83538/64446/2302/55036/220136/115948/352909",24,TRUE,"Higher_in_IPF","GO_Biological_Process"
"GO:0060972","left/right pattern formation","24/1207","117/13537",0.205128205128205,2.30059694517027,4.42055371528097,8.51243397508728e-05,0.00292176777909613,0.0025234227650607,"388591/128344/25790/92749/7474/8701/6608/27019/138162/219670/55130/80114/187/51676/55329/123872/146845/83538/64446/2302/55036/220136/115948/352909",24,TRUE,"Higher_in_IPF","GO_Biological_Process"
"GO:0060348","bone development","34/1207","193/13537",0.176165803108808,1.97577172881851,4.27170387332855,8.8067725142889e-05,0.00300073095596355,0.00259162034035547,"63923/60676/6716/1281/6474/344901/81792/4015/8817/2296/7020/7291/6424/1749/10234/23213/4325/116039/3037/8840/158326/54796/4969/25987/4322/3479/59341/8600/7043/26585/2200/5026/1277/1311",34,TRUE,"Higher_in_IPF","GO_Biological_Process"
"GO:0015837","amine transport","16/1207","63/13537",0.253968253968254,2.84835812259176,4.60071565953621,9.40556740198383e-05,0.00318153540814931,0.00274777445839802,"5865/3737/477/5999/5997/151/2917/5021/6529/2912/2668/6387/552/3356/3745/1137",16,TRUE,"Higher_in_IPF","GO_Biological_Process"
"GO:0007188","adenylate cyclase-modulating G protein-coupled receptor signaling pathway","33/1207","186/13537",0.17741935483871,1.98983082556057,4.25282799750565,9.65230441027511e-05,0.00324150769691829,0.00279957030604723,"1269/576/2899/5996/5997/3973/10267/2917/90226/2912/3355/111/1816/108/221393/5350/2861/7434/9699/1903/9568/114131/187/170589/5138/5139/5744/2775/6752/116/2774/5731/2847",33,TRUE,"Higher_in_IPF","GO_Biological_Process"
"GO:0050982","detection of mechanical stimulus","13/1207","45/13537",0.288888888888889,3.24000736444813,4.70906631489891,0.000102299051455063,0.00336637412249167,0.00290741281945229,"1301/4914/3776/5270/3673/23349/117531/25861/6387/63982/3356/63895/1000",13,TRUE,"Higher_in_IPF","GO_Biological_Process"
"GO:0007565","female pregnancy","28/1207","148/13537",0.189189189189189,2.12183434470096,4.29341419880944,0.00010265013495494,0.00336637412249167,0.00290741281945229,"1307/5997/150921/151/3485/3488/5021/10699/3490/6696/3673/64478/5368/5069/8061/5858/5744/8909/2706/2353/7043/4313/51673/3691/116/2354/2192/7216",28,TRUE,"Higher_in_IPF","GO_Biological_Process"
"GO:0072009","nephron epithelium development","22/1207","104/13537",0.211538461538462,2.37249059970684,4.39599116070285,0.000102922924414285,0.00336637412249167,0.00290741281945229,"183/55083/130497/10736/8842/170690/2668/2246/2296/100133941/6608/2138/7490/6495/51804/26585/30812/2303/9955/65266/2302/25789",22,TRUE,"Higher_in_IPF","GO_Biological_Process"
"GO:0060688","regulation of morphogenesis of a branching structure","14/1207","51/13537",0.274509803921569,3.07874002956609,4.65329899928014,0.000103125856794411,0.00336637412249167,0.00290741281945229,"183/10736/7474/6474/2668/6608/6422/23213/4192/6495/51804/26585/30812/655",14,TRUE,"Higher_in_IPF","GO_Biological_Process"
"GO:0072088","nephron epithelium morphogenesis","17/1207","70/13537",0.242857142857143,2.72374245472837,4.52379834860456,0.000105012228884062,0.00340414641965834,0.0029400353554529,"183/55083/130497/10736/170690/2668/2246/6608/2138/7490/6495/51804/26585/30812/9955/65266/25789",17,TRUE,"Higher_in_IPF","GO_Biological_Process"
"GO:0006941","striated muscle contraction","29/1207","156/13537",0.185897435897436,2.08491598156056,4.26413936321049,0.000107702932786809,0.00346729165688845,0.00299457156133197,"388591/3752/845/477/844/5997/6328/6326/23704/287/6444/5350/29119/6327/3741/10060/5318/3164/59341/6263/10021/124093/342667/8913/6329/126306/3270/28954/1756",29,TRUE,"Higher_in_IPF","GO_Biological_Process"
"GO:0048592","eye morphogenesis","26/1207","134/13537",0.194029850746269,2.1761243492562,4.28077006731144,0.000116508507490405,0.00372508022578912,0.00321721401361393,"148398/4237/1290/7474/1295/2047/8842/55714/2195/7020/7291/6101/401498/286204/1289/25987/7070/5818/8076/362/2200/64220/220/30812/54549/655",26,TRUE,"Higher_in_IPF","GO_Biological_Process"
"GO:0072080","nephron tubule development","19/1207","84/13537",0.226190476190476,2.53681895293329,4.42048630456019,0.000118017101680004,0.00374764510640993,0.00323670246641186,"183/55083/130497/10736/8842/170690/2668/2246/100133941/6608/2138/7490/6495/51804/26585/30812/9955/65266/25789",19,TRUE,"Higher_in_IPF","GO_Biological_Process"
"GO:0141091","transforming growth factor beta receptor superfamily signaling pathway","47/1207","303/13537",0.155115511551155,1.73968407611267,4.07417132729043,0.000121282284399834,0.00382530880796234,0.00330377773294,"64388/151449/4052/3625/1281/2660/7474/54756/11167/94031/51176/10252/6423/10468/9315/4015/1958/222663/3696/6424/1278/1749/375616/6422/23213/392255/54829/286204/80312/25884/25987/4053/2353/7043/26585/2200/8483/56963/1001/93649/50964/753/1311/399473/55612/655/3547",47,TRUE,"Higher_in_IPF","GO_Biological_Process"
"GO:0048754","branching morphogenesis of an epithelial tube","27/1207","142/13537",0.190140845070423,2.1325075556904,4.24454547603758,0.000124126085621874,0.00388872864216717,0.00335855109806979,"183/151449/10736/2736/7474/374/51176/10252/6423/170690/2668/2246/6608/64478/2138/3371/7490/4192/6495/51804/26585/30812/2303/9955/6356/25789/655",27,TRUE,"Higher_in_IPF","GO_Biological_Process"
"GO:0001658","branching involved in ureteric bud morphogenesis","14/1207","52/13537",0.269230769230769,3.01953349053598,4.565039351891,0.000129679193350659,0.00403544995461275,0.00348526886893223,"183/10736/170690/2668/2246/6608/2138/7490/6495/51804/26585/30812/9955/25789",14,TRUE,"Higher_in_IPF","GO_Biological_Process"
"GO:0060562","epithelial tube morphogenesis","47/1207","304/13537",0.154605263157895,1.73396143112545,4.04946960903535,0.000131392032731418,0.00403544995461275,0.00348526886893223,"388591/57822/183/55083/130497/388/151449/10736/2736/7474/374/51176/10252/6423/170690/81792/2668/2246/2045/7291/6608/64478/6422/2138/115908/3371/5979/219736/7490/4192/187/6495/51804/51676/26585/56963/30812/123872/2303/9423/9955/6356/65266/55036/25789/57167/655",47,TRUE,"Higher_in_IPF","GO_Biological_Process"
"GO:0042634","regulation of hair cycle","9/1207","24/13537",0.375,4.2057787903894,4.91790973550948,0.000131402826285591,0.00403544995461275,0.00348526886893223,"7474/10468/6608/25987/1001/162514/3872/4804/55612",9,TRUE,"Higher_in_IPF","GO_Biological_Process"
"GO:1903522","regulation of blood circulation","36/1207","213/13537",0.169014084507042,1.8955622717248,4.12178703297769,0.000132886362748871,0.00405433687131848,0.00350158080033144,"388591/27129/3752/845/477/5999/5997/183/6869/151/1674/6508/23704/5021/3680/6474/10699/287/9096/5350/3751/29119/6327/3741/10060/5318/552/3356/624/10021/4313/2775/482/8913/3270/1756",36,TRUE,"Higher_in_IPF","GO_Biological_Process"
"GO:0007612","learning","25/1207","128/13537",0.1953125,2.19050978666114,4.23406020385111,0.000140222663375893,0.00422557207059649,0.00364947030857001,"477/7143/7832/6869/6529/590/1816/7162/5350/4885/26047/64478/9379/8061/27087/41/3356/2353/4130/64220/2903/50944/84446/6616/54413",25,TRUE,"Higher_in_IPF","GO_Biological_Process"
"GO:0035914","skeletal muscle cell differentiation","16/1207","65/13537",0.246153846153846,2.76071633420432,4.45191951302588,0.000140309269696327,0.00422557207059649,0.00364947030857001,"7832/467/2660/2047/1958/221662/5079/8538/3164/6495/51804/2353/51676/30812/93649/124872",16,TRUE,"Higher_in_IPF","GO_Biological_Process"
"GO:0009582","detection of abiotic stimulus","20/1207","92/13537",0.217391304347826,2.43813263210979,4.33041701783325,0.000141337617041007,0.00422925638684243,0.00365265231624194,"1301/4914/3776/6869/5270/2047/3673/6785/2898/6101/23349/117531/25861/6387/63982/55107/3356/4804/63895/1000",20,TRUE,"Higher_in_IPF","GO_Biological_Process"
"GO:0003356","regulation of cilium beat frequency","7/1207","15/13537",0.466666666666667,5.23385805026236,5.13308819871749,0.000149149216571239,0.00437879586763864,0.00378180403487485,"25790/8701/55130/80217/123872/246176/55036",7,TRUE,"Higher_in_IPF","GO_Biological_Process"
"GO:0072087","renal vesicle development","7/1207","15/13537",0.466666666666667,5.23385805026236,5.13308819871749,0.000149149216571239,0.00437879586763864,0.00378180403487485,"55083/130497/10736/2668/6608/26585/30812",7,TRUE,"Higher_in_IPF","GO_Biological_Process"
"GO:0090660","cerebrospinal fluid circulation","7/1207","15/13537",0.466666666666667,5.23385805026236,5.13308819871749,0.000149149216571239,0.00437879586763864,0.00378180403487485,"25790/80157/80217/144535/1770/83538/115948",7,TRUE,"Higher_in_IPF","GO_Biological_Process"
"GO:0048839","inner ear development","29/1207","159/13537",0.182389937106918,2.04557794417262,4.1493173254745,0.000152419986335484,0.00442236174527188,0.00381943027204061,"57822/9890/1301/5396/3776/5013/140469/2487/7474/6657/6678/7020/9096/1749/2138/115908/117531/25861/219736/25987/5818/283310/2706/84189/6495/51804/7043/220/9423",29,TRUE,"Higher_in_IPF","GO_Biological_Process"
"GO:0060675","ureteric bud morphogenesis","15/1207","59/13537",0.254237288135593,2.85137545111145,4.45887246048925,0.000152527900811648,0.00442236174527188,0.00381943027204061,"183/55083/10736/170690/2668/2246/6608/2138/7490/6495/51804/26585/30812/9955/25789",15,TRUE,"Higher_in_IPF","GO_Biological_Process"
"GO:0048706","embryonic skeletal system development","22/1207","107/13537",0.205607476635514,2.30597217167767,4.24331306948761,0.000159660124731066,0.00456089348791904,0.00393907501437106,"1301/6913/5396/130497/10736/7474/6474/7020/7291/1749/23213/2138/4325/116039/5079/3221/6495/51804/7043/2303/1277/655",22,TRUE,"Higher_in_IPF","GO_Biological_Process"
"GO:0051384","response to glucocorticoid","22/1207","107/13537",0.205607476635514,2.30597217167767,4.24331306948761,0.000159660124731066,0.00456089348791904,0.00393907501437106,"2660/3485/590/9076/3490/374/5122/1026/114907/687/5069/5730/114131/8061/552/2706/2353/23205/5176/6752/7538/2354",22,TRUE,"Higher_in_IPF","GO_Biological_Process"
"GO:0051346","negative regulation of hydrolase activity","18/1207","79/13537",0.227848101265823,2.55540989795811,4.3379586860181,0.000160237046276504,0.00456089348791904,0.00393907501437106,"5997/5270/5276/50859/5054/286204/653145/5104/5176/5268/5275/6318/89778/6317/5055/51129/57119/3053",18,TRUE,"Higher_in_IPF","GO_Biological_Process"
"GO:0051937","catecholamine transport","12/1207","41/13537",0.292682926829268,3.28255905591367,4.57961201259602,0.000163936507731153,0.00462126361090509,0.00399121445671909,"5865/3737/151/5021/2912/2668/222962/225689/6387/3356/3745/1137",12,TRUE,"Higher_in_IPF","GO_Biological_Process"
"GO:0060349","bone morphogenesis","19/1207","86/13537",0.22093023255814,2.47782316333019,4.30141829822945,0.000164337994732272,0.00462126361090509,0.00399121445671909,"60676/1281/6474/8817/2296/7020/7291/6424/1749/4325/116039/3037/158326/25987/4322/59341/7043/1277/1311",19,TRUE,"Higher_in_IPF","GO_Biological_Process"
"GO:0071277","cellular response to calcium ion","16/1207","66/13537",0.242424242424242,2.71888729883759,4.37962293927359,0.000170101547680437,0.00475469475791785,0.00410645400325291,"5563/3756/3625/7474/131034/57699/10060/8437/2353/6263/63928/27132/1800/246/2354/3745",16,TRUE,"Higher_in_IPF","GO_Biological_Process"
"GO:0055123","digestive system development","23/1207","115/13537",0.2,2.24308202154101,4.18848879457782,0.000176834550181874,0.00491347428719634,0.00424358601000361,"83881/10736/2736/1281/5021/7474/6474/8626/3576/6423/25803/1026/6608/6422/5979/79827/2735/7043/64220/123872/2300/93649/55036",23,TRUE,"Higher_in_IPF","GO_Biological_Process"
"GO:0061333","renal tubule morphogenesis","17/1207","73/13537",0.232876712328767,2.61180783330118,4.32021052150646,0.000182389793797893,0.00503784353519861,0.00435099912952931,"183/55083/130497/10736/170690/2668/2246/6608/2138/7490/6495/51804/26585/30812/9955/65266/25789",17,TRUE,"Higher_in_IPF","GO_Biological_Process"
"GO:0090189","regulation of branching involved in ureteric bud morphogenesis","8/1207","20/13537",0.4,4.48616404308202,4.8813497908309,0.000185142768601105,0.00508380261076447,0.00439069228323364,"183/10736/2668/6608/6495/51804/26585/30812",8,TRUE,"Higher_in_IPF","GO_Biological_Process"
"GO:0031424","keratinization","9/1207","25/13537",0.36,4.03754763877382,4.75609535801848,0.000189172197161124,0.005104368880625,0.00440845460983939,"3713/6699/26154/3853/3852/3848/1001/3868/3872",9,TRUE,"Higher_in_IPF","GO_Biological_Process"
"GO:0050433","regulation of catecholamine secretion","9/1207","25/13537",0.36,4.03754763877382,4.75609535801848,0.000189172197161124,0.005104368880625,0.00440845460983939,"3737/151/5021/2912/2668/6387/3356/3745/1137",9,TRUE,"Higher_in_IPF","GO_Biological_Process"
"GO:0060512","prostate gland morphogenesis","9/1207","25/13537",0.36,4.03754763877382,4.75609535801848,0.000189172197161124,0.005104368880625,0.00440845460983939,"7474/8626/6422/9420/23213/3371/4313/5268/655",9,TRUE,"Higher_in_IPF","GO_Biological_Process"
"GO:0007586","digestion","19/1207","87/13537",0.218390804597701,2.4493424373149,4.24313414902853,0.00019298142906326,0.00517722592452469,0.00447137854393397,"6518/1118/90226/4585/57482/9414/114131/4588/4192/362/12/9245/65266/3783/7033/170302/9843/9075/340547",19,TRUE,"Higher_in_IPF","GO_Biological_Process"
"GO:0072132","mesenchyme morphogenesis","14/1207","54/13537",0.259259259259259,2.90769891681242,4.3947149929731,0.000200928940618607,0.00535963597032947,0.00462891935380009,"130497/72/7474/6092/6091/51176/2296/7291/59/187/70/2303/655/11096",14,TRUE,"Higher_in_IPF","GO_Biological_Process"
"GO:0019730","antimicrobial humoral response","22/1207","109/13537",0.201834862385321,2.26366075568359,4.14433974199205,0.000211415619856258,0.00560731882664212,0.00484283387589395,"78989/7018/3512/3576/6372/10563/9547/6369/6363/6366/6387/4316/3853/4922/1511/6367/6347/6354/6356/6357/6358/5650",22,TRUE,"Higher_in_IPF","GO_Biological_Process"
"GO:0001649","osteoblast differentiation","36/1207","218/13537",0.165137614678899,1.85208607283203,3.96819653776153,0.000213555108271894,0.00563206353340792,0.00486420496390933,"126820/63923/2274/2736/3485/3488/151176/6474/6657/8626/344901/374/6696/51176/6423/4015/222663/7291/1749/6608/6422/5179/115908/8840/3371/4745/5744/2735/3479/64093/26585/22801/30812/1277/1591/655",36,TRUE,"Higher_in_IPF","GO_Biological_Process"
"GO:0086001","cardiac muscle cell action potential","17/1207","74/13537",0.22972972972973,2.57651313285116,4.25461042081284,0.000217429881393719,0.00567018260528425,0.00489712699640073,"388591/3752/477/6328/6326/6508/23704/287/9096/29119/6327/3741/5318/10021/8913/6329/1756",17,TRUE,"Higher_in_IPF","GO_Biological_Process"
"GO:0086003","cardiac muscle cell contraction","17/1207","74/13537",0.22972972972973,2.57651313285116,4.25461042081284,0.000217429881393719,0.00567018260528425,0.00489712699640073,"388591/3752/477/6328/6326/23704/287/6444/5350/29119/6327/3741/10060/5318/10021/8913/6329",17,TRUE,"Higher_in_IPF","GO_Biological_Process"
"GO:0007368","determination of left/right symmetry","22/1207","110/13537",0.2,2.24308202154101,4.09566006095677,0.000242447409684603,0.00627814779551223,0.00542220404474176,"388591/25790/92749/7474/8701/6608/27019/138162/219670/55130/80114/187/51676/123872/146845/83538/64446/2302/55036/220136/115948/352909",22,TRUE,"Higher_in_IPF","GO_Biological_Process"
"GO:1901654","response to ketone","32/1207","187/13537",0.171122994652406,1.91921456388536,3.9601746246192,0.000243432894384686,0.00627814779551223,0.00542220404474176,"5563/7832/6716/6869/2660/5021/111/9076/3490/6696/108/1026/5244/6422/114907/6363/6366/687/3371/5069/114131/8061/552/2706/10631/2353/7043/5176/5731/6528/2354/50943",32,TRUE,"Higher_in_IPF","GO_Biological_Process"
"GO:0043588","skin development","37/1207","228/13537",0.162280701754386,1.82004462274161,3.90705446797103,0.000251282205146742,0.00643318734750591,0.00555610597143996,"57822/2707/3713/6699/5317/10913/2736/1281/1290/26154/3488/80326/7474/8626/9076/2069/3673/10468/2296/1026/1278/6608/1289/3853/3852/3848/55504/1001/3861/3868/3872/4804/1277/3691/1311/7538/55612",37,TRUE,"Higher_in_IPF","GO_Biological_Process"
"GO:0010717","regulation of epithelial to mesenchymal transition","21/1207","103/13537",0.203883495145631,2.28663701225054,4.10099510034723,0.000252200789330245,0.00643318734750591,0.00555610597143996,"4139/183/54756/2042/51176/10252/6423/2296/7148/7291/4017/6422/286204/4192/7043/26585/1277/753/6317/399473/655",21,TRUE,"Higher_in_IPF","GO_Biological_Process"
"GO:0007215","glutamate receptor signaling pathway","11/1207","37/13537",0.297297297297297,3.3343111131015,4.44846302369553,0.000262464474890585,0.0066446107196701,0.00573870451818349,"2899/2917/2912/2898/23732/2903/116444/3745/54413/5354/2892",11,TRUE,"Higher_in_IPF","GO_Biological_Process"
"GO:0061326","renal tubule development","19/1207","89/13537",0.213483146067416,2.39430103422917,4.12895331276971,0.000263642981403738,0.0066446107196701,0.00573870451818349,"183/55083/130497/10736/8842/170690/2668/2246/100133941/6608/2138/7490/6495/51804/26585/30812/9955/65266/25789",19,TRUE,"Higher_in_IPF","GO_Biological_Process"
"GO:0060047","heart contraction","34/1207","204/13537",0.166666666666667,1.86923501795084,3.91386307281141,0.000264759553097395,0.0066446107196701,0.00573870451818349,"388591/27129/3752/845/477/5999/5997/183/6328/6326/1674/6508/23704/6474/10699/287/6444/9096/5350/3751/29119/6327/3741/10060/5318/552/70/10021/2775/482/8913/6329/3270/1756",34,TRUE,"Higher_in_IPF","GO_Biological_Process"
"GO:0006959","humoral immune response","33/1207","196/13537",0.168367346938776,1.88830884466463,3.91935948985407,0.000267407140228861,0.00665191401576816,0.00574501210490057,"3075/1380/78989/940/7018/3512/3576/6372/10563/730/729/9547/721/6369/6363/6366/6387/931/4316/5450/3853/3848/4922/1880/1511/6367/6347/6354/6356/6357/6358/2302/5650",33,TRUE,"Higher_in_IPF","GO_Biological_Process"
"GO:0050920","regulation of chemotaxis","32/1207","188/13537",0.170212765957447,1.90900597577958,3.92679804379489,0.000268880397888802,0.00665191401576816,0.00574501210490057,"9048/8995/2660/7857/1233/7474/6092/6091/3576/10563/3673/7060/2246/8817/347733/7162/64094/5054/91584/6363/6366/6387/4192/80310/4908/59341/1880/5228/26585/6347/6354/245937",32,TRUE,"Higher_in_IPF","GO_Biological_Process"
"GO:0050805","negative regulation of synaptic transmission","12/1207","43/13537",0.27906976744186,3.12988189052234,4.37659807925271,0.000269325567476475,0.00665191401576816,0.00574501210490057,"1269/2899/7143/6529/2912/590/57537/1816/2898/5179/3356/3745",12,TRUE,"Higher_in_IPF","GO_Biological_Process"
"GO:0003007","heart morphogenesis","37/1207","229/13537",0.161572052401747,1.8120968296292,3.87780913792079,0.000274610875306711,0.00674108152899552,0.00582202278808751,"388591/1301/2274/3357/7474/6092/6091/6474/10252/6423/1363/171019/2296/7291/8701/2006/10512/6608/2138/23414/3037/1289/282996/187/10060/5318/6495/23768/51676/70/123872/2303/55036/115701/655/9510/11096",37,TRUE,"Higher_in_IPF","GO_Biological_Process"
"GO:0016048","detection of temperature stimulus","8/1207","21/13537",0.380952380952381,4.27253718388764,4.69556022648702,0.000275824029999603,0.00674108152899552,0.00582202278808751,"4914/2047/2898/6387/63982/55107/3356/4804",8,TRUE,"Higher_in_IPF","GO_Biological_Process"
"GO:0035296","regulation of tube diameter","24/1207","126/13537",0.19047619047619,2.13626859194382,4.00915607250579,0.000280931022284621,0.00679474617629333,0.00586837095909517,"477/5997/183/6869/151/3357/5021/80852/3680/1816/3779/2296/3778/59/3043/3741/10060/552/4922/3356/624/4313/2303/1311",24,TRUE,"Higher_in_IPF","GO_Biological_Process"
"GO:0097746","blood vessel diameter maintenance","24/1207","126/13537",0.19047619047619,2.13626859194382,4.00915607250579,0.000280931022284621,0.00679474617629333,0.00586837095909517,"477/5997/183/6869/151/3357/5021/80852/3680/1816/3779/2296/3778/59/3043/3741/10060/552/4922/3356/624/4313/2303/1311",24,TRUE,"Higher_in_IPF","GO_Biological_Process"
"GO:0051451","myoblast migration","6/1207","12/13537",0.5,5.60770505385253,4.99601722673957,0.00028613432613739,0.00684961556107353,0.00591575961730745,"2660/7060/6608/10276/6495/51804",6,TRUE,"Higher_in_IPF","GO_Biological_Process"
"GO:1903251","multi-ciliated epithelial cell differentiation","6/1207","12/13537",0.5,5.60770505385253,4.99601722673957,0.00028613432613739,0.00684961556107353,0.00591575961730745,"7161/345643/10309/159989/124093/2302",6,TRUE,"Higher_in_IPF","GO_Biological_Process"
"GO:0055001","muscle cell development","29/1207","165/13537",0.175757575757576,1.97119329165725,3.92705272034479,0.000294266167795098,0.00700833913911999,0.00605284330104848,"127294/844/5999/5997/2274/92737/6474/287/51778/4015/6444/221476/9096/2318/6608/7373/5239/11155/3479/6495/51804/51676/70/4629/8736/80206/115701/1311/1756",29,TRUE,"Higher_in_IPF","GO_Biological_Process"
"GO:0070252","actin-mediated cell contraction","20/1207","97/13537",0.206185567010309,2.31245569231032,4.05871123037541,0.000300068690405523,0.00711025709042122,0.00614086606600669,"388591/3752/477/6328/6326/23704/287/6444/5350/29119/59/6327/3741/10060/5318/122786/70/10021/8913/6329",20,TRUE,"Higher_in_IPF","GO_Biological_Process"
"GO:0110110","positive regulation of animal organ morphogenesis","10/1207","32/13537",0.3125,3.50481565865783,4.43834169317345,0.000317526076964711,0.00745282525125148,0.00643672951614422,"6092/6091/10252/2668/2246/219736/6495/51804/30812/4804",10,TRUE,"Higher_in_IPF","GO_Biological_Process"
"GO:0035150","regulation of tube size","24/1207","127/13537",0.188976377952756,2.11944757940883,3.96559631880204,0.000317718985646753,0.00745282525125148,0.00643672951614422,"477/5997/183/6869/151/3357/5021/80852/3680/1816/3779/2296/3778/59/3043/3741/10060/552/4922/3356/624/4313/2303/1311",24,TRUE,"Higher_in_IPF","GO_Biological_Process"
"GO:0021536","diencephalon development","13/1207","50/13537",0.26,2.91600662800331,4.24660239260843,0.000326591802179958,0.00762265266288022,0.00658340317025916,"6716/5013/3625/2736/4929/7474/6657/5122/5307/6608/26047/2735/170302",13,TRUE,"Higher_in_IPF","GO_Biological_Process"
"GO:0060323","head morphogenesis","11/1207","38/13537",0.289473684210526,3.24656608380936,4.33887828438835,0.000339960059778676,0.00789519183605404,0.00681878517387971,"25976/51176/1749/83690/84159/5083/7043/64220/4313/83716/1277",11,TRUE,"Higher_in_IPF","GO_Biological_Process"
"GO:0006939","smooth muscle contraction","19/1207","91/13537",0.208791208791209,2.34167903347688,4.01781601357177,0.000355909687108744,0.00818416955381092,0.00706836454045366,"477/5997/6869/151/3357/5021/80852/2668/3673/23213/3778/59/3356/624/4629/93649/6752/1264/1311",19,TRUE,"Higher_in_IPF","GO_Biological_Process"
"GO:0009581","detection of external stimulus","19/1207","91/13537",0.208791208791209,2.34167903347688,4.01781601357177,0.000355909687108744,0.00818416955381092,0.00706836454045366,"1301/4914/3776/5270/2047/3673/6785/2898/6101/23349/117531/25861/6387/63982/55107/3356/4804/63895/1000",19,TRUE,"Higher_in_IPF","GO_Biological_Process"
"GO:0007416","synapse assembly","36/1207","224/13537",0.160714285714286,1.8024766244526,3.78909682631877,0.000366445036954811,0.00838512466914243,0.0072419220409542,"114784/4914/4139/119/92737/57633/5021/7474/6092/2596/2047/22865/55203/4131/7162/2045/7058/91584/9379/6712/53942/5818/41/9201/84189/6495/51804/23768/1949/9423/54549/1000/6616/79953/140689/54413",36,TRUE,"Higher_in_IPF","GO_Biological_Process"
"GO:0048048","embryonic eye morphogenesis","9/1207","27/13537",0.333333333333333,3.73847003590168,4.45635182258362,0.000368511610440231,0.00839127901236585,0.00724723731956912,"4237/7474/7020/7291/8076/2200/64220/220/655",9,TRUE,"Higher_in_IPF","GO_Biological_Process"
"GO:0007283","spermatogenesis","59/1207","424/13537",0.139150943396226,1.56063489706273,3.66968929067685,0.000375382613003937,0.00850624290049699,0.00734652737764476,"113451/2707/149465/200162/4914/5997/92749/245711/3973/3625/401024/255101/9940/339834/8626/642987/8382/5350/79747/135138/644150/57639/79846/64753/10863/84688/26206/5079/286207/9576/219681/80217/159686/399949/2735/7103/144535/8900/80127/5104/55329/646/30812/84229/55815/146845/388336/124817/84073/6752/2302/26256/220136/257062/115948/26074/6676/89765/286464",59,TRUE,"Higher_in_IPF","GO_Biological_Process"
"GO:0050900","leukocyte migration","51/1207","353/13537",0.144475920679887,1.62035670111319,3.69506857755261,0.000379742310964186,0.0085413851197503,0.00737687841262879,"8784/1269/9048/7412/6401/8995/119/6869/2660/7857/3680/7474/3576/6372/10563/3673/7060/6369/5054/9420/84675/6363/6366/4920/5979/6387/9023/4192/80310/643/7070/969/3679/59341/8600/1880/1511/5228/51676/623/26585/4313/6367/1800/6347/6354/6356/6357/2302/245937/7499",51,TRUE,"Higher_in_IPF","GO_Biological_Process"
"GO:0007281","germ cell development","40/1207","258/13537",0.155038759689922,1.73882327251241,3.7487372713165,0.000381409549487077,0.0085413851197503,0.00737687841262879,"149465/9077/200162/56776/92749/245711/3625/401024/255101/339834/2069/8382/5350/79747/135138/57639/79846/64753/286207/9576/219681/80217/159686/7490/4192/5139/2735/144535/3479/80127/55329/646/84229/146845/26256/220136/257062/26074/89765/286464",40,TRUE,"Higher_in_IPF","GO_Biological_Process"
"GO:0051797","regulation of hair follicle development","7/1207","17/13537",0.411764705882353,4.61811004434914,4.67019652356186,0.000384252543947636,0.0085413851197503,0.00737687841262879,"7474/10468/6608/1001/3872/4804/55612",7,TRUE,"Higher_in_IPF","GO_Biological_Process"
"GO:0090190","positive regulation of branching involved in ureteric bud morphogenesis","7/1207","17/13537",0.411764705882353,4.61811004434914,4.67019652356186,0.000384252543947636,0.0085413851197503,0.00737687841262879,"183/2668/6608/6495/51804/26585/30812",7,TRUE,"Higher_in_IPF","GO_Biological_Process"
"GO:0008016","regulation of heart contraction","29/1207","168/13537",0.172619047619048,1.93599341144909,3.81940085097779,0.000401843409038736,0.00887449946222264,0.00766457694951354,"388591/27129/3752/845/477/5999/5997/183/1674/6508/23704/6474/10699/287/9096/5350/3751/29119/6327/3741/10060/5318/552/10021/2775/482/8913/3270/1756",29,TRUE,"Higher_in_IPF","GO_Biological_Process"
"GO:0060324","face development","13/1207","51/13537",0.254901960784314,2.85883002745423,4.16102628686577,0.000403040678232905,0.00887449946222264,0.00766457694951354,"7474/25976/51176/1749/83690/84159/5083/7043/64220/220/4313/83716/1277",13,TRUE,"Higher_in_IPF","GO_Biological_Process"
"GO:0051146","striated muscle cell differentiation","40/1207","259/13537",0.154440154440154,1.73210966914364,3.72200508564863,0.000413267416748646,0.00905695916142103,0.00782216064317921,"127294/5738/844/5999/5997/3756/2274/8324/3488/92737/6474/51778/6444/221662/221476/9096/168620/2318/6608/7373/5239/11155/8038/7490/8538/552/3479/6495/51804/51676/26585/70/4629/93649/124872/8736/1000/80206/115701/11096",40,TRUE,"Higher_in_IPF","GO_Biological_Process"
"GO:0071774","response to fibroblast growth factor","25/1207","137/13537",0.182481751824818,2.04660768388778,3.85220218173206,0.000419518143721177,0.00915098455556287,0.00790336689843634,"284656/4914/7474/2042/2047/3576/10563/10252/2246/8817/2045/64094/1960/6422/23213/4920/3371/5979/3164/10631/23768/6347/4804/1277/7538",25,TRUE,"Higher_in_IPF","GO_Biological_Process"
"GO:0090257","regulation of muscle system process","32/1207","193/13537",0.16580310880829,1.85954986241742,3.76291131231416,0.000435105697387476,0.00941843423362732,0.00813435329337317,"388591/845/477/844/5999/5997/4660/183/6869/151/2660/3488/5021/287/3673/221476/5350/114907/8013/29119/6588/5318/3164/3479/59341/10021/93649/6329/1264/3270/28954/1756",32,TRUE,"Higher_in_IPF","GO_Biological_Process"
"GO:0014911","positive regulation of smooth muscle cell migration","11/1207","39/13537",0.282051282051282,3.16332079960912,4.23287834782071,0.000435814437545737,0.00941843423362732,0.00813435329337317,"3488/2195/3673/3037/8840/8013/4192/80310/3479/10631/9510",11,TRUE,"Higher_in_IPF","GO_Biological_Process"
"GO:0033002","muscle cell proliferation","31/1207","185/13537",0.167567567567568,1.87933899102085,3.76778664762893,0.00044037970619075,0.00947323718202038,0.00818168457293511,"7161/3776/6869/5136/2660/3488/2047/2069/3673/2296/1026/7128/2006/7434/23414/8840/4969/8013/26011/80310/2735/3479/6495/2353/7043/4313/2303/93649/1264/9510/25817",31,TRUE,"Higher_in_IPF","GO_Biological_Process"
"GO:1904062","regulation of monoatomic cation transmembrane transport","38/1207","243/13537",0.156378600823045,1.75385014029956,3.71003143309413,0.000444653853072271,0.00952130360615304,0.00822319776565331,"845/477/844/5999/183/130497/3973/57628/23704/287/3779/5350/3788/117531/65268/219527/187/931/6588/7070/10060/2259/623/2903/930/5026/482/342667/65266/255057/3783/3270/59285/28954/57158/1756/9843/5354",38,TRUE,"Higher_in_IPF","GO_Biological_Process"
"GO:0048232","male gamete generation","60/1207","436/13537",0.137614678899083,1.54340506069336,3.6085437044091,0.000449965597616243,0.0095910475327517,0.00828343301547806,"113451/2707/149465/200162/4914/5997/92749/245711/3973/3625/401024/255101/9940/339834/8626/170690/642987/8382/5350/79747/135138/644150/57639/79846/64753/10863/84688/26206/5079/286207/9576/219681/80217/159686/399949/2735/7103/144535/8900/80127/5104/55329/646/30812/84229/55815/146845/388336/124817/84073/6752/2302/26256/220136/257062/115948/26074/6676/89765/286464",60,TRUE,"Higher_in_IPF","GO_Biological_Process"
"GO:0030856","regulation of epithelial cell differentiation","24/1207","130/13537",0.184615384615385,2.07053725065324,3.83729267615379,0.000454725223638648,0.00964844247247822,0.00833300290208622,"7161/5317/130497/7498/10736/2487/26154/8626/8842/51176/10252/2668/10468/2296/100133941/6424/5054/6608/1903/81575/2302/399473/7538/655",24,TRUE,"Higher_in_IPF","GO_Biological_Process"
"GO:0090287","regulation of cellular response to growth factor stimulus","43/1207","286/13537",0.15034965034965,1.68623298822139,3.66984355366054,0.000459247531172929,0.00970030531907345,0.00837779492446924,"183/64388/7498/4052/7474/54756/6091/11167/94031/10563/10252/6423/81792/10468/9315/4015/2246/8817/7148/222663/64094/6424/375616/6422/23213/54829/286204/80312/25884/7043/26585/2200/8483/56963/1001/93649/50964/4804/753/399473/55612/55816/1756",43,TRUE,"Higher_in_IPF","GO_Biological_Process"
"GO:0032963","collagen metabolic process","19/1207","93/13537",0.204301075268817,2.2913203445849,3.90956542536308,0.000475054254778984,0.00998897865454189,0.00862711140731868,"1513/2191/3673/7148/1278/4325/1289/140766/4316/4319/4312/4314/4321/4322/4327/7043/4313/1277/4320",19,TRUE,"Higher_in_IPF","GO_Biological_Process"
"GO:0022412","cellular process involved in reproduction in multicellular organism","42/1207","278/13537",0.151079136690647,1.69441447670364,3.66018509710761,0.000480378833032779,0.0100556430161301,0.00868468695074602,"149465/9077/200162/56776/92749/245711/3625/401024/255101/339834/2069/8382/5350/79747/135138/57639/79846/64753/6422/286207/9576/219681/80217/159686/7490/4192/5139/2735/144535/3479/80127/5104/55329/646/84229/146845/26256/220136/257062/26074/89765/286464",42,TRUE,"Higher_in_IPF","GO_Biological_Process"
"GO:0061844","antimicrobial humoral immune response mediated by antimicrobial peptide","18/1207","86/13537",0.209302325581395,2.34741141789176,3.92183603016645,0.000488377385132714,0.0101774358651764,0.00878987492978522,"3576/6372/10563/9547/6369/6363/6366/6387/4316/3853/4922/6367/6347/6354/6356/6357/6358/5650",18,TRUE,"Higher_in_IPF","GO_Biological_Process"
"GO:0003401","axis elongation","9/1207","28/13537",0.321428571428571,3.6049532489052,4.31702553853584,0.000500497920459317,0.0103836635231293,0.00896798613033536,"7474/374/10252/6423/2246/6422/3371/6495/51804",9,TRUE,"Higher_in_IPF","GO_Biological_Process"
"GO:0007178","cell surface receptor protein serine/threonine kinase signaling pathway","47/1207","322/13537",0.145962732919255,1.63703191013086,3.61970192894781,0.000503680175462568,0.0104034471639791,0.00898507252921115,"64388/151449/4052/3625/1281/2660/7474/54756/11167/94031/51176/10252/6423/10468/9315/4015/1958/222663/3696/6424/1278/1749/375616/6422/23213/392255/54829/286204/80312/25884/25987/4053/2353/7043/26585/2200/8483/56963/1001/93649/50964/753/1311/399473/55612/655/3547",47,TRUE,"Higher_in_IPF","GO_Biological_Process"
"GO:0003205","cardiac chamber development","26/1207","147/13537",0.17687074829932,1.98367797823355,3.75179065516698,0.000535695986688806,0.0110159861932306,0.00951409983314689,"1301/3776/2274/7474/6092/6091/6474/287/6423/1363/11174/171019/2296/8701/10512/6608/23414/187/5138/5318/64220/2303/93649/57167/655/9510",26,TRUE,"Higher_in_IPF","GO_Biological_Process"
"GO:0048483","autonomic nervous system development","10/1207","34/13537",0.294117647058824,3.29865003167796,4.19869617507329,0.000547396829069827,0.0111111885608335,0.00959632259685027,"7412/4914/2335/8626/2668/7020/91584/5979/6495/30812",10,TRUE,"Higher_in_IPF","GO_Biological_Process"
"GO:0072210","metanephric nephron development","10/1207","34/13537",0.294117647058824,3.29865003167796,4.19869617507329,0.000547396829069827,0.0111111885608335,0.00959632259685027,"55083/130497/10736/2668/1958/6608/5979/7490/26585/30812",10,TRUE,"Higher_in_IPF","GO_Biological_Process"
"GO:0003015","heart process","34/1207","212/13537",0.160377358490566,1.79869784746213,3.66719585606307,0.000547466445799421,0.0111111885608335,0.00959632259685027,"388591/27129/3752/845/477/5999/5997/183/6328/6326/1674/6508/23704/6474/10699/287/6444/9096/5350/3751/29119/6327/3741/10060/5318/552/70/10021/2775/482/8913/6329/3270/1756",34,TRUE,"Higher_in_IPF","GO_Biological_Process"
"GO:0060740","prostate gland epithelium morphogenesis","8/1207","23/13537",0.347826086956522,3.90101221137567,4.35651072183883,0.000565452038763255,0.011414320667739,0.00985812658581162,"7474/8626/6422/9420/23213/3371/4313/655",8,TRUE,"Higher_in_IPF","GO_Biological_Process"
"GO:0014910","regulation of smooth muscle cell migration","15/1207","66/13537",0.227272727272727,2.54895684266024,3.94665021066082,0.000567292715277515,0.011414320667739,0.00985812658581162,"6869/3488/2195/3673/5054/3037/8840/8013/4192/80310/3479/10631/93649/9510/25817",15,TRUE,"Higher_in_IPF","GO_Biological_Process"
"GO:0035725","sodium ion transmembrane transport","24/1207","132/13537",0.181818181818182,2.03916547412819,3.75366520880318,0.000572575089637671,0.0114221389676438,0.00986487896226847,"477/183/130497/6328/6326/6529/1259/9963/64078/65268/6327/41/479/259232/2259/10021/2903/162514/482/65266/6329/6528/83959/1756",24,TRUE,"Higher_in_IPF","GO_Biological_Process"
"GO:0044344","cellular response to fibroblast growth factor stimulus","24/1207","132/13537",0.181818181818182,2.03916547412819,3.75366520880318,0.000572575089637671,0.0114221389676438,0.00986487896226847,"284656/4914/7474/2042/2047/3576/10563/10252/2246/8817/2045/64094/1960/6422/23213/4920/5979/3164/10631/23768/6347/4804/1277/7538",24,TRUE,"Higher_in_IPF","GO_Biological_Process"
"GO:0055002","striated muscle cell development","25/1207","140/13537",0.178571428571429,2.00275180494733,3.73139273074254,0.000586806817060202,0.0116562307320724,0.010067055360988,"127294/844/5999/5997/2274/92737/6474/51778/6444/221476/9096/2318/6608/7373/5239/11155/3479/6495/51804/51676/70/4629/8736/80206/115701",25,TRUE,"Higher_in_IPF","GO_Biological_Process"
"GO:1901890","positive regulation of cell junction assembly","18/1207","88/13537",0.204545454545455,2.29406115839422,3.81038106896261,0.000652744946632735,0.0129110737749221,0.0111508168849392,"1307/4914/183/57633/5021/2047/22865/9076/7162/7058/26047/6422/7070/84189/23768/1830/79953/54413",18,TRUE,"Higher_in_IPF","GO_Biological_Process"
"GO:0015872","dopamine transport","9/1207","29/13537",0.310344827586207,3.48064451618433,4.18393834018169,0.000668892090842246,0.013122173753989,0.0113331361290258,"5865/3737/2912/2668/222962/225689/6387/3356/1137",9,TRUE,"Higher_in_IPF","GO_Biological_Process"
"GO:0070098","chemokine-mediated signaling pathway","15/1207","67/13537",0.223880597014925,2.51091271068024,3.87891486584924,0.000671728819050103,0.013122173753989,0.0113331361290258,"1233/1237/6091/2296/6369/6363/6366/6387/643/6367/6347/6354/6356/6357/6358",15,TRUE,"Higher_in_IPF","GO_Biological_Process"
"GO:0022612","gland morphogenesis","22/1207","118/13537",0.186440677966102,2.0910086641484,3.72414340824296,0.000671850798458305,0.013122173753989,0.0113331361290258,"151449/10913/3488/7474/8626/374/2246/7128/10512/64478/6422/9420/23213/3371/4192/2735/7043/4313/9423/6356/5268/655",22,TRUE,"Higher_in_IPF","GO_Biological_Process"
"GO:0042310","vasoconstriction","16/1207","74/13537",0.216216216216216,2.42495353680109,3.84558938363149,0.00067811892326962,0.0131346852025834,0.011343941804423,"477/183/6869/151/3357/5021/80852/3680/1816/59/3741/552/3356/624/4313/1311",16,TRUE,"Higher_in_IPF","GO_Biological_Process"
"GO:0050886","endocrine process","16/1207","74/13537",0.216216216216216,2.42495353680109,3.84558938363149,0.00067811892326962,0.0131346852025834,0.011343941804423,"183/6869/84417/3625/5021/1359/1816/10699/6696/114899/55503/552/1215/1511/65266/114897",16,TRUE,"Higher_in_IPF","GO_Biological_Process"
"GO:0097305","response to alcohol","35/1207","223/13537",0.15695067264574,1.76026616040214,3.58163301943046,0.00068571322368239,0.0132268980502041,0.0114235826302895,"5563/7412/1513/5999/5997/7832/6869/3625/2660/111/9076/3490/131/108/3779/1026/6608/6422/5179/94241/6363/6366/687/3371/114131/8061/939/552/2353/2903/6354/5731/6528/2354/50943",35,TRUE,"Higher_in_IPF","GO_Biological_Process"
"GO:0048701","embryonic cranial skeleton morphogenesis","11/1207","41/13537",0.268292682926829,3.00901246792087,4.03078185762986,0.000696066746916097,0.0133713562740919,0.0115483458552681,"6913/5396/10736/7020/7291/4325/5079/6495/51804/7043/2303",11,TRUE,"Higher_in_IPF","GO_Biological_Process"
"GO:0034765","regulation of monoatomic ion transmembrane transport","40/1207","266/13537",0.150375939849624,1.68652783574512,3.53805364910168,0.000710945032426121,0.0136011943088735,0.0117468484650218,"845/477/844/5999/183/130497/3973/57628/23704/287/3779/5350/3788/117531/65268/219527/187/931/6588/7070/10060/2259/623/2903/930/5026/482/6347/342667/65266/3773/255057/3783/3270/59285/28954/57158/1756/9843/5354",40,TRUE,"Higher_in_IPF","GO_Biological_Process"
"GO:0035051","cardiocyte differentiation","24/1207","134/13537",0.17910447761194,2.00873016854419,3.67150115906437,0.000716238501009221,0.0136465360110655,0.0117860084161775,"7412/5999/5997/2274/8324/6474/10252/6444/221476/9096/7291/10512/7373/7490/26011/3479/51676/26585/70/4629/93649/80206/115701/655",24,TRUE,"Higher_in_IPF","GO_Biological_Process"
"GO:0006814","sodium ion transport","29/1207","174/13537",0.166666666666667,1.86923501795084,3.6105812582969,0.000725459793452812,0.0136786942342869,0.0118137822841562,"477/183/130497/151258/6328/6326/5270/6529/1259/345274/9963/64078/65268/1262/6327/5318/41/479/259232/2259/10021/2903/162514/482/65266/6329/6528/83959/1756",29,TRUE,"Higher_in_IPF","GO_Biological_Process"
"GO:0051963","regulation of synapse assembly","25/1207","142/13537",0.176056338028169,1.97454403304666,3.65251114297949,0.000728356790632308,0.0136786942342869,0.0118137822841562,"4914/4139/57633/5021/7474/6092/2047/22865/4131/7162/2045/7058/9379/5818/41/9201/84189/6495/51804/23768/1949/9423/6616/79953/54413",25,TRUE,"Higher_in_IPF","GO_Biological_Process"
"GO:0001706","endoderm formation","13/1207","54/13537",0.240740740740741,2.70000613704011,3.9162586888081,0.000729339210546202,0.0136786942342869,0.0118137822841562,"1301/83881/1844/1290/2335/1294/1295/6657/1303/1289/1847/3679/4313",13,TRUE,"Higher_in_IPF","GO_Biological_Process"
"GO:0030595","leukocyte chemotaxis","33/1207","207/13537",0.159420289855072,1.78796393021385,3.57432225597957,0.000729853768474104,0.0136786942342869,0.0118137822841562,"1269/8995/2660/7857/3680/7474/3576/6372/10563/7060/6369/5054/9420/6363/6366/6387/9023/4192/643/59341/8600/1880/1511/5228/26585/4313/6367/1800/6347/6354/6356/6357/245937",33,TRUE,"Higher_in_IPF","GO_Biological_Process"
"GO:0031099","regeneration","28/1207","166/13537",0.168674698795181,1.89175592178158,3.6168905861683,0.000732577883155898,0.0136786942342869,0.0118137822841562,"5738/5396/7143/59352/2660/8324/165904/2596/6657/9076/6696/4131/9315/1026/8013/570/3371/6387/4192/7070/2735/3479/10631/56963/4313/5026/6665/124872",28,TRUE,"Higher_in_IPF","GO_Biological_Process"
"GO:0048880","sensory system development","47/1207","328/13537",0.143292682926829,1.60708620445774,3.48232728246364,0.000758401969388672,0.0141044637175551,0.0121815036391638,"148398/4237/57822/343035/1290/7474/1295/2047/6657/8842/10252/55714/2195/2296/7020/7291/6101/116039/401498/286204/1289/5979/7275/7490/25987/7070/5818/8076/362/11081/84189/64093/2353/2200/64220/220/30812/79583/170692/2303/5176/124842/54549/8736/399473/655/4810",47,TRUE,"Higher_in_IPF","GO_Biological_Process"
"GO:0014033","neural crest cell differentiation","17/1207","82/13537",0.207317073170732,2.32514599793885,3.76570308407491,0.000777132375585116,0.0143954521001243,0.0124328195425689,"2487/2335/80326/3357/2668/2296/7291/10512/223117/6608/6422/5979/6495/30812/2303/1000/655",17,TRUE,"Higher_in_IPF","GO_Biological_Process"
"GO:0050927","positive regulation of positive chemotaxis","8/1207","24/13537",0.333333333333333,3.73847003590168,4.2010223819361,0.000782476645002085,0.014437158019248,0.0124688394023632,"9048/7857/1233/3576/3673/6387/4908/5228",8,TRUE,"Higher_in_IPF","GO_Biological_Process"
"GO:0031640","killing of cells of another organism","16/1207","75/13537",0.213333333333333,2.39262082297708,3.78378100616594,0.000791999420288339,0.0144504135447277,0.0124802877094455,"5320/3576/6372/10563/730/729/9547/6363/6366/6387/3853/4922/1511/6367/6356/6357",16,TRUE,"Higher_in_IPF","GO_Biological_Process"
"GO:0141061","disruption of cell in another organism","16/1207","75/13537",0.213333333333333,2.39262082297708,3.78378100616594,0.000791999420288339,0.0144504135447277,0.0124802877094455,"5320/3576/6372/10563/730/729/9547/6363/6366/6387/3853/4922/1511/6367/6356/6357",16,TRUE,"Higher_in_IPF","GO_Biological_Process"
"GO:0072077","renal vesicle morphogenesis","6/1207","14/13537",0.428571428571429,4.80660433187359,4.45843563145876,0.000795288739828547,0.0144504135447277,0.0124802877094455,"55083/10736/2668/6608/26585/30812",6,TRUE,"Higher_in_IPF","GO_Biological_Process"
"GO:0030509","BMP signaling pathway","24/1207","135/13537",0.177777777777778,1.99385068581423,3.63095184173222,0.000799150477929952,0.0144504135447277,0.0124802877094455,"64388/151449/7474/11167/94031/51176/6423/10468/1958/222663/6424/1749/375616/6422/23213/392255/286204/25884/26585/2200/56963/50964/1311/655",24,TRUE,"Higher_in_IPF","GO_Biological_Process"
"GO:0050921","positive regulation of chemotaxis","24/1207","135/13537",0.177777777777778,1.99385068581423,3.63095184173222,0.000799150477929952,0.0144504135447277,0.0124802877094455,"9048/8995/2660/7857/1233/7474/3576/10563/3673/7060/8817/7162/64094/5054/6363/6366/6387/4192/80310/4908/59341/5228/6354/245937",24,TRUE,"Higher_in_IPF","GO_Biological_Process"
"GO:0001654","eye development","46/1207","320/13537",0.14375,1.6122152029826,3.46760742233085,0.000801768874910984,0.0144504135447277,0.0124802877094455,"148398/4237/57822/343035/1290/7474/1295/2047/6657/8842/10252/55714/2195/2296/7020/7291/6101/116039/401498/286204/1289/5979/7275/7490/25987/7070/5818/8076/362/11081/84189/64093/2353/2200/64220/220/30812/79583/170692/2303/5176/54549/8736/399473/655/4810",46,TRUE,"Higher_in_IPF","GO_Biological_Process"
"GO:0071772","response to BMP","25/1207","143/13537",0.174825174825175,1.96073603281557,3.61355126548916,0.000809666444872991,0.0144809308991077,0.0125066444196957,"64388/151449/7474/11167/94031/51176/6423/81792/10468/1958/222663/6424/1749/375616/6422/23213/392255/286204/25884/26585/2200/56963/50964/1311/655",25,TRUE,"Higher_in_IPF","GO_Biological_Process"
"GO:0071773","cellular response to BMP stimulus","25/1207","143/13537",0.174825174825175,1.96073603281557,3.61355126548916,0.000809666444872991,0.0144809308991077,0.0125066444196957,"64388/151449/7474/11167/94031/51176/6423/81792/10468/1958/222663/6424/1749/375616/6422/23213/392255/286204/25884/26585/2200/56963/50964/1311/655",25,TRUE,"Higher_in_IPF","GO_Biological_Process"
"GO:0048738","cardiac muscle tissue development","32/1207","200/13537",0.16,1.79446561723281,3.54142703600872,0.000818417989003276,0.0145815846285011,0.0125935753229512,"7161/1301/5999/5997/3776/2274/8324/6474/6444/2296/221476/9096/5350/23414/7373/7490/26011/5318/2735/3479/51676/26585/70/10021/4629/2303/93649/8913/80206/115701/57158/655",32,TRUE,"Higher_in_IPF","GO_Biological_Process"
"GO:0060602","branch elongation of an epithelium","7/1207","19/13537",0.368421052631579,4.13199319757555,4.27423758742512,0.000849084515859665,0.0150704430419503,0.0130157842535222,"7474/374/10252/2246/3371/6495/51804",7,TRUE,"Higher_in_IPF","GO_Biological_Process"
"GO:0046660","female sex differentiation","20/1207","105/13537",0.19047619047619,2.13626859194382,3.65697995548172,0.000875930027530489,0.0154880354867891,0.0133764434028779,"6716/3973/3625/7474/6092/25976/8626/2069/10468/2296/64478/6422/23414/84159/7490/4327/64220/4313/9510/117154",20,TRUE,"Higher_in_IPF","GO_Biological_Process"
"GO:0003044","regulation of systemic arterial blood pressure mediated by a chemical signal","10/1207","36/13537",0.277777777777778,3.11539169658474,3.97627439573083,0.000900255815668417,0.0158580911227931,0.0136960467686595,"6518/183/6869/5021/1359/1816/10699/552/1215/1511",10,TRUE,"Higher_in_IPF","GO_Biological_Process"
"GO:0019233","sensory perception of pain","14/1207","62/13537",0.225806451612903,2.53251195980437,3.78401282682986,0.000917740137352709,0.015995381013427,0.0138146189693378,"3737/4914/2047/3673/3751/5368/5179/23349/6387/55107/3356/2903/6347/1137",14,TRUE,"Higher_in_IPF","GO_Biological_Process"
"GO:0042246","tissue regeneration","14/1207","62/13537",0.225806451612903,2.53251195980437,3.78401282682986,0.000917740137352709,0.015995381013427,0.0138146189693378,"5738/59352/2660/8324/165904/2596/6657/1026/4192/3479/10631/5026/6665/124872",14,TRUE,"Higher_in_IPF","GO_Biological_Process"
"GO:1990868","response to chemokine","16/1207","76/13537",0.210526315789474,2.36113897004317,3.72295572841344,0.000921756103815737,0.015995381013427,0.0138146189693378,"1233/1237/6091/4015/2296/6369/6363/6366/6387/643/6367/6347/6354/6356/6357/6358",16,TRUE,"Higher_in_IPF","GO_Biological_Process"
"GO:1990869","cellular response to chemokine","16/1207","76/13537",0.210526315789474,2.36113897004317,3.72295572841344,0.000921756103815737,0.015995381013427,0.0138146189693378,"1233/1237/6091/4015/2296/6369/6363/6366/6387/643/6367/6347/6354/6356/6357/6358",16,TRUE,"Higher_in_IPF","GO_Biological_Process"
"GO:0015669","gas transport","5/1207","10/13537",0.5,5.60770505385253,4.56038171877085,0.000961235908085926,0.0163760920399456,0.0141434250018021,"3043/362/3040/3039/4151",5,TRUE,"Higher_in_IPF","GO_Biological_Process"
"GO:0060080","inhibitory postsynaptic potential","5/1207","10/13537",0.5,5.60770505385253,4.56038171877085,0.000961235908085926,0.0163760920399456,0.0141434250018021,"2898/9699/642938/1137/54413",5,TRUE,"Higher_in_IPF","GO_Biological_Process"
"GO:0072172","mesonephric tubule formation","5/1207","10/13537",0.5,5.60770505385253,4.56038171877085,0.000961235908085926,0.0163760920399456,0.0141434250018021,"130497/2668/6495/51804/26585",5,TRUE,"Higher_in_IPF","GO_Biological_Process"
"GO:0086070","SA node cell to atrial cardiac muscle cell communication","5/1207","10/13537",0.5,5.60770505385253,4.56038171877085,0.000961235908085926,0.0163760920399456,0.0141434250018021,"287/9096/3741/10021/8913",5,TRUE,"Higher_in_IPF","GO_Biological_Process"
"GO:0120197","mucociliary clearance","5/1207","10/13537",0.5,5.60770505385253,4.56038171877085,0.000961235908085926,0.0163760920399456,0.0141434250018021,"152110/80217/144535/1770/83538",5,TRUE,"Higher_in_IPF","GO_Biological_Process"
"GO:0002065","columnar/cuboidal epithelial cell differentiation","18/1207","91/13537",0.197802197802198,2.21843276855704,3.64874054585383,0.000987470513271924,0.0167618631125576,0.0144766012089243,"7161/5317/8626/51176/10468/345643/10309/133396/4131/25803/1026/5054/159989/124093/79583/2302/1000/655",18,TRUE,"Higher_in_IPF","GO_Biological_Process"
"GO:0098659","inorganic cation import across plasma membrane","17/1207","84/13537",0.202380952380952,2.26978537894031,3.65239436084706,0.00103389583075343,0.017423197609953,0.015047771353926,"477/6529/261729/55503/931/10060/59341/479/728215/10021/162514/5026/482/8913/3773/3783/27112",17,TRUE,"Higher_in_IPF","GO_Biological_Process"
"GO:0099587","inorganic ion import across plasma membrane","17/1207","84/13537",0.202380952380952,2.26978537894031,3.65239436084706,0.00103389583075343,0.017423197609953,0.015047771353926,"477/6529/261729/55503/931/10060/59341/479/728215/10021/162514/5026/482/8913/3773/3783/27112",17,TRUE,"Higher_in_IPF","GO_Biological_Process"
"GO:0150063","visual system development","46/1207","324/13537",0.141975308641975,1.59231131158775,3.37628487957475,0.00104500029671437,0.0175469833995061,0.0151546805619691,"148398/4237/57822/343035/1290/7474/1295/2047/6657/8842/10252/55714/2195/2296/7020/7291/6101/116039/401498/286204/1289/5979/7275/7490/25987/7070/5818/8076/362/11081/84189/64093/2353/2200/64220/220/30812/79583/170692/2303/5176/54549/8736/399473/655/4810",46,TRUE,"Higher_in_IPF","GO_Biological_Process"
"GO:0010996","response to auditory stimulus","8/1207","25/13537",0.32,3.58893123446562,4.05366607894304,0.00106167873810372,0.0176972898797648,0.0152844947096692,"477/6869/2596/26047/4192/9379/84189/64220",8,TRUE,"Higher_in_IPF","GO_Biological_Process"
"GO:0050926","regulation of positive chemotaxis","8/1207","25/13537",0.32,3.58893123446562,4.05366607894304,0.00106167873810372,0.0176972898797648,0.0152844947096692,"9048/7857/1233/3576/3673/6387/4908/5228",8,TRUE,"Higher_in_IPF","GO_Biological_Process"
"GO:0003018","vascular process in circulatory system","36/1207","237/13537",0.151898734177215,1.70360659863874,3.41897185637927,0.0010668516536197,0.0176972898797648,0.0152844947096692,"477/5997/183/6869/151/6508/3357/5021/6529/80852/3680/1816/3779/2296/222962/5243/6542/9414/3778/59/3043/5138/3741/5139/53919/10060/552/4922/59341/3356/624/4313/2303/482/6528/1311",36,TRUE,"Higher_in_IPF","GO_Biological_Process"
"GO:0006942","regulation of striated muscle contraction","16/1207","77/13537",0.207792207792208,2.33047482757508,3.66308304355912,0.001069116483739,0.0176972898797648,0.0152844947096692,"388591/845/477/844/5997/287/5350/29119/5318/3164/59341/10021/6329/3270/28954/1756",16,TRUE,"Higher_in_IPF","GO_Biological_Process"
"GO:0030850","prostate gland development","11/1207","43/13537",0.255813953488372,2.86905839964548,3.84064367057153,0.00107400141745883,0.0177153308010524,0.0153000759861162,"7474/8626/6422/9420/23213/3371/2735/4313/5176/5268/655",11,TRUE,"Higher_in_IPF","GO_Biological_Process"
"GO:0052547","regulation of peptidase activity","15/1207","70/13537",0.214285714285714,2.4033021659368,3.68283324660496,0.00108814751078441,0.0178854668321889,0.0154470161834852,"5270/5276/50859/5054/286204/653145/5176/5268/5275/6318/89778/6317/5055/57119/3053",15,TRUE,"Higher_in_IPF","GO_Biological_Process"
"GO:0071559","response to transforming growth factor beta","37/1207","246/13537",0.150406504065041,1.68687062595564,3.4015819498065,0.00110148450500376,0.018041156734588,0.0155814797937744,"1513/64838/4052/1281/2660/80326/7474/54756/9076/94031/10252/9315/4015/3696/1278/6422/5179/54829/80312/59/5138/25987/80310/5139/10631/4053/2353/7043/2200/8483/1001/93649/1277/753/399473/55612/25878",37,TRUE,"Higher_in_IPF","GO_Biological_Process"
"GO:0001990","regulation of systemic arterial blood pressure by hormone","9/1207","31/13537",0.290322580645161,3.25608680546276,3.93450905750154,0.00114416362669982,0.018609602123466,0.0160724250513857,"183/6869/5021/1359/1816/10699/552/1215/1511",9,TRUE,"Higher_in_IPF","GO_Biological_Process"
"GO:0050432","catecholamine secretion","9/1207","31/13537",0.290322580645161,3.25608680546276,3.93450905750154,0.00114416362669982,0.018609602123466,0.0160724250513857,"3737/151/5021/2912/2668/6387/3356/3745/1137",9,TRUE,"Higher_in_IPF","GO_Biological_Process"
"GO:0010171","body morphogenesis","12/1207","50/13537",0.24,2.69169842584921,3.74944975543725,0.00118940853132317,0.0192783299451963,0.0166499805371628,"64388/25976/51176/1749/83690/84159/5083/7043/64220/4313/83716/1277",12,TRUE,"Higher_in_IPF","GO_Biological_Process"
"GO:0072273","metanephric nephron morphogenesis","7/1207","20/13537",0.35,3.92539353769677,4.09615524595617,0.00120659161053735,0.0194891682975375,0.016832073823923,"55083/10736/2668/6608/7490/26585/30812",7,TRUE,"Higher_in_IPF","GO_Biological_Process"
"GO:0050930","induction of positive chemotaxis","6/1207","15/13537",0.4,4.48616404308202,4.22659127819099,0.00122604842200009,0.0196673334498158,0.0169859484762537,"9048/7857/3576/6387/4908/5228",6,TRUE,"Higher_in_IPF","GO_Biological_Process"
"GO:0072109","glomerular mesangium development","6/1207","15/13537",0.4,4.48616404308202,4.22659127819099,0.00122604842200009,0.0196673334498158,0.0169859484762537,"1958/59/7490/80310/2303/655",6,TRUE,"Higher_in_IPF","GO_Biological_Process"
"GO:0019722","calcium-mediated signaling","32/1207","205/13537",0.15609756097561,1.75069816315396,3.38853441514777,0.00124949551918766,0.0199748119300274,0.0172515062670827,"576/2899/845/477/844/6401/3973/2274/3357/151651/1233/1237/3576/287/51778/6444/2898/5350/168620/643/552/3479/8600/6263/2903/63928/5026/3270/28954/5121/1756/2892",32,TRUE,"Higher_in_IPF","GO_Biological_Process"
"GO:0001655","urogenital system development","13/1207","57/13537",0.228070175438596,2.5579005508801,3.68764819457289,0.00125379065079625,0.0199750674331634,0.0172517269356911,"130497/7474/8626/6422/9420/23213/116039/3371/2735/4313/5176/5268/655",13,TRUE,"Higher_in_IPF","GO_Biological_Process"
"GO:0009410","response to xenobiotic stimulus","48/1207","345/13537",0.139130434782609,1.56040488455027,3.29893233546631,0.00127549048154625,0.0202516651967956,0.0174906141937779,"7161/5563/4914/2326/6716/3973/3485/3357/54578/5021/2912/590/6423/3673/10309/4131/5122/4015/1026/2939/2938/10512/5243/6422/64078/5979/8061/5138/4316/969/5139/10060/3356/2353/2903/4313/1001/1800/218/65266/1277/22843/1548/1553/1572/2354/3172/80781",48,TRUE,"Higher_in_IPF","GO_Biological_Process"
"GO:0035850","epithelial cell differentiation involved in kidney development","11/1207","44/13537",0.25,2.80385252692626,3.74964693585652,0.0013184533616089,0.0207923658513188,0.0179575973505053,"130497/10736/8842/2668/100133941/6608/59/7490/26585/2303/2302",11,TRUE,"Higher_in_IPF","GO_Biological_Process"
"GO:0051932","synaptic transmission, GABAergic","11/1207","44/13537",0.25,2.80385252692626,3.74964693585652,0.0013184533616089,0.0207923658513188,0.0179575973505053,"2563/1269/3776/6869/5021/6529/22865/7162/23349/9568/259232",11,TRUE,"Higher_in_IPF","GO_Biological_Process"
"GO:0031960","response to corticosteroid","22/1207","124/13537",0.17741935483871,1.98983082556057,3.46438480012189,0.00133093363554797,0.020918512494067,0.0180665455401337,"2660/3485/590/9076/3490/374/5122/1026/114907/687/5069/5730/114131/8061/552/2706/2353/23205/5176/6752/7538/2354",22,TRUE,"Higher_in_IPF","GO_Biological_Process"
"GO:0007611","learning or memory","34/1207","223/13537",0.152466367713004,1.70997284153351,3.34469992823335,0.00135679033493416,0.0212533465888345,0.0183557293634682,"4914/477/7143/7832/3776/6869/6326/5021/6529/590/1816/7162/5350/8701/4885/5803/26047/64478/4192/9379/8061/27087/41/3356/2353/4130/64220/2903/5176/6356/50944/84446/6616/54413",34,TRUE,"Higher_in_IPF","GO_Biological_Process"
"GO:0050808","synapse organization","63/1207","484/13537",0.130165289256198,1.45985710079632,3.22335158407812,0.00139827255407041,0.0218298872321092,0.0188536661928874,"114784/9890/4914/57549/7143/4139/388/119/92737/25791/57633/5021/6529/7474/6092/2596/2047/339855/22865/55203/1004/2668/4131/6678/10486/7162/2045/7058/91584/9699/80728/4920/23732/3371/256158/57689/9379/6712/26011/53942/5818/56341/41/8499/9201/84189/6495/51804/23768/1949/9423/388336/54549/1000/50944/6616/79953/11122/140689/54413/1821/1287/5063",63,TRUE,"Higher_in_IPF","GO_Biological_Process"
"GO:0003338","metanephros morphogenesis","8/1207","26/13537",0.307692307692308,3.4508954177554,3.91367696789918,0.00141504933999261,0.0219069679363724,0.0189202379462198,"55083/10736/2668/6608/7490/26585/30812/2302",8,TRUE,"Higher_in_IPF","GO_Biological_Process"
"GO:0031069","hair follicle morphogenesis","8/1207","26/13537",0.307692307692308,3.4508954177554,3.91367696789918,0.00141504933999261,0.0219069679363724,0.0189202379462198,"2736/3488/80326/8626/10468/6608/3872/4804",8,TRUE,"Higher_in_IPF","GO_Biological_Process"
"GO:0051209","release of sequestered calcium ion into cytosol","20/1207","109/13537",0.18348623853211,2.05787341425781,3.46943340052828,0.00141775702004456,0.0219069679363724,0.0189202379462198,"9651/845/477/844/3973/3357/287/5350/6363/6366/187/7070/3356/623/6263/930/3270/5332/57158/1756",20,TRUE,"Higher_in_IPF","GO_Biological_Process"
"GO:0141060","disruption of anatomical structure in another organism","16/1207","79/13537",0.20253164556962,2.27147546485166,3.54608006805977,0.00142419522183446,0.0219069679363724,0.0189202379462198,"5320/3576/6372/10563/730/729/9547/6363/6366/6387/3853/4922/1511/6367/6356/6357",16,TRUE,"Higher_in_IPF","GO_Biological_Process"
"GO:0015844","monoamine transport","12/1207","51/13537",0.235294117647059,2.63892002534237,3.6687535744514,0.00143136787073556,0.0219069679363724,0.0189202379462198,"5865/3737/151/5021/2912/2668/222962/225689/6387/3356/3745/1137",12,TRUE,"Higher_in_IPF","GO_Biological_Process"
"GO:0090497","mesenchymal cell migration","12/1207","51/13537",0.235294117647059,2.63892002534237,3.6687535744514,0.00143136787073556,0.0219069679363724,0.0189202379462198,"2335/3357/2668/7162/7291/10512/223117/6608/5979/30812/1000/655",12,TRUE,"Higher_in_IPF","GO_Biological_Process"
"GO:0098703","calcium ion import across plasma membrane","9/1207","32/13537",0.28125,3.15433409279205,3.81731517527618,0.00146763049398746,0.0223156323971774,0.0192731863259797,"55503/931/59341/728215/162514/5026/8913/3783/27112",9,TRUE,"Higher_in_IPF","GO_Biological_Process"
"GO:1902656","calcium ion import into cytosol","9/1207","32/13537",0.28125,3.15433409279205,3.81731517527618,0.00146763049398746,0.0223156323971774,0.0192731863259797,"55503/931/59341/728215/162514/5026/8913/3783/27112",9,TRUE,"Higher_in_IPF","GO_Biological_Process"
"GO:0070509","calcium ion import","14/1207","65/13537",0.215384615384615,2.41562679242878,3.57937074697723,0.00149640769411706,0.0226793218056442,0.0195872914165015,"5350/55503/6387/931/6588/59341/728215/162514/5026/6347/8913/3783/57119/27112",14,TRUE,"Higher_in_IPF","GO_Biological_Process"
"GO:0033627","cell adhesion mediated by integrin","17/1207","87/13537",0.195402298850575,2.19151691759754,3.4883171789062,0.00155223484299032,0.0234492952979897,0.0202522890432734,"1307/7412/3680/10563/6423/3673/3696/5054/6366/5979/3679/9358/2200/22801/2303/3691/55612",17,TRUE,"Higher_in_IPF","GO_Biological_Process"
"GO:0048593","camera-type eye morphogenesis","20/1207","110/13537",0.181818181818182,2.03916547412819,3.42380346216891,0.00159096083945514,0.023765901580984,0.0205257301797611,"148398/7474/1295/2047/8842/55714/2195/7020/7291/6101/286204/25987/7070/5818/362/64220/220/30812/54549/655",20,TRUE,"Higher_in_IPF","GO_Biological_Process"
"GO:0051283","negative regulation of sequestering of calcium ion","20/1207","110/13537",0.181818181818182,2.03916547412819,3.42380346216891,0.00159096083945514,0.023765901580984,0.0205257301797611,"9651/845/477/844/3973/3357/287/5350/6363/6366/187/7070/3356/623/6263/930/3270/5332/57158/1756",20,TRUE,"Higher_in_IPF","GO_Biological_Process"
"GO:0060541","respiratory system development","32/1207","208/13537",0.153846153846154,1.7254477088777,3.29880213178523,0.00159355766813367,0.023765901580984,0.0205257301797611,"7161/2736/1281/26154/3488/7474/51176/10252/4015/9963/2246/8817/25803/1749/23414/3371/7490/4321/2735/6495/51804/7043/2200/64220/220/54768/123872/83716/93649/83538/2302/55036",32,TRUE,"Higher_in_IPF","GO_Biological_Process"
"GO:0060560","developmental growth involved in morphogenesis","32/1207","208/13537",0.153846153846154,1.7254477088777,3.29880213178523,0.00159355766813367,0.023765901580984,0.0205257301797611,"1382/63923/7143/55083/2335/7474/344901/374/6696/10252/6423/4131/2246/57699/2045/91584/6422/9699/3371/9576/6387/8437/9201/10631/6495/51804/57611/56963/9423/6356/23025/54413",32,TRUE,"Higher_in_IPF","GO_Biological_Process"
"GO:0090102","cochlea development","11/1207","45/13537",0.244444444444444,2.74154469299457,3.66117075320071,0.00160676216773798,0.0238865152834424,0.0206298997735048,"57822/3776/140469/2487/7474/9096/2138/115908/5818/84189/6495",11,TRUE,"Higher_in_IPF","GO_Biological_Process"
"GO:0031589","cell-substrate adhesion","46/1207","331/13537",0.138972809667674,1.558637054243,3.219403107911,0.00162997418236432,0.0239758528921786,0.0207070573618915,"1307/7412/63923/84168/1281/8324/2335/2199/3680/2042/1295/151887/2047/4585/81792/133584/3673/2196/7148/3696/5054/6422/3037/158326/1029/6366/1842/1308/4192/4321/7070/5318/3679/8499/10631/9358/26585/22801/246/482/1277/3691/27076/55612/2192/25975",46,TRUE,"Higher_in_IPF","GO_Biological_Process"
"GO:0043589","skin morphogenesis","5/1207","11/13537",0.454545454545455,5.09791368532048,4.25394359618739,0.00163331645666512,0.0239758528921786,0.0207070573618915,"8626/3673/1278/1277/3691",5,TRUE,"Higher_in_IPF","GO_Biological_Process"
"GO:0061043","regulation of vascular wound healing","5/1207","11/13537",0.454545454545455,5.09791368532048,4.25394359618739,0.00163331645666512,0.0239758528921786,0.0207070573618915,"7128/64094/5054/2303/25817",5,TRUE,"Higher_in_IPF","GO_Biological_Process"
"GO:0072283","metanephric renal vesicle morphogenesis","5/1207","11/13537",0.454545454545455,5.09791368532048,4.25394359618739,0.00163331645666512,0.0239758528921786,0.0207070573618915,"55083/10736/2668/6608/26585",5,TRUE,"Higher_in_IPF","GO_Biological_Process"
"GO:0090090","negative regulation of canonical Wnt signaling pathway","22/1207","126/13537",0.174603174603175,1.95824620928183,3.38103036213102,0.00164847142824819,0.0241224596459641,0.0208336761926763,"63923/2487/3485/7474/6657/6423/1958/7162/9096/6424/23072/6422/115908/80114/4192/2735/26585/388336/3487/50964/1000/55612",22,TRUE,"Higher_in_IPF","GO_Biological_Process"
"GO:0014909","smooth muscle cell migration","15/1207","73/13537",0.205479452054795,2.30453632350104,3.49661506417524,0.00170361791146135,0.0248515262834425,0.021463344081898,"6869/3488/2195/3673/5054/3037/8840/8013/4192/80310/3479/10631/93649/9510/25817",15,TRUE,"Higher_in_IPF","GO_Biological_Process"
"GO:0048608","reproductive structure development","37/1207","252/13537",0.146825396825397,1.64670703962336,3.24223394987501,0.0017102753285454,0.0248709197309966,0.0214800934852562,"4914/130497/151449/6716/3973/3625/5270/7474/6092/25976/8626/2069/6423/10468/2296/64478/6422/9420/23213/23414/4920/3371/84159/2674/7490/4327/2735/51804/64220/30812/4313/5176/6665/93649/5268/655/9510",37,TRUE,"Higher_in_IPF","GO_Biological_Process"
"GO:0048645","animal organ formation","13/1207","59/13537",0.220338983050847,2.47119205762993,3.5432347047264,0.00175397611581021,0.0253900534286176,0.0219284500589918,"7474/6092/6091/8626/10252/2668/2246/23213/2138/282996/7490/6495/655",13,TRUE,"Higher_in_IPF","GO_Biological_Process"
"GO:1901888","regulation of cell junction assembly","35/1207","235/13537",0.148936170212766,1.67038022880714,3.24350017996953,0.00175685245446518,0.0253900534286176,0.0219284500589918,"1307/4914/4139/183/57633/5021/7474/6092/2042/2047/22865/9076/4131/7162/2045/7058/26047/6422/187/9379/7070/5818/41/9201/84189/6495/51804/23768/26585/1949/9423/1830/6616/79953/54413",35,TRUE,"Higher_in_IPF","GO_Biological_Process"
"GO:0007158","neuron cell-cell adhesion","6/1207","16/13537",0.375,4.2057787903894,4.01426839157495,0.00181479898153665,0.0256429684246892,0.0221468833866774,"7143/460/23245/5979/9379/54413",6,TRUE,"Higher_in_IPF","GO_Biological_Process"
"GO:0014059","regulation of dopamine secretion","6/1207","16/13537",0.375,4.2057787903894,4.01426839157495,0.00181479898153665,0.0256429684246892,0.0221468833866774,"3737/2912/2668/6387/3356/1137",6,TRUE,"Higher_in_IPF","GO_Biological_Process"
"GO:0030277","maintenance of gastrointestinal epithelium","6/1207","16/13537",0.375,4.2057787903894,4.01426839157495,0.00181479898153665,0.0256429684246892,0.0221468833866774,"4585/57482/4588/12/7033/340547",6,TRUE,"Higher_in_IPF","GO_Biological_Process"
"GO:0043567","regulation of insulin-like growth factor receptor signaling pathway","6/1207","16/13537",0.375,4.2057787903894,4.01426839157495,0.00181479898153665,0.0256429684246892,0.0221468833866774,"3485/3488/3479/8483/1001/3487",6,TRUE,"Higher_in_IPF","GO_Biological_Process"
"GO:0060231","mesenchymal to epithelial transition","6/1207","16/13537",0.375,4.2057787903894,4.01426839157495,0.00181479898153665,0.0256429684246892,0.0221468833866774,"10736/8324/2668/6608/7490/26585",6,TRUE,"Higher_in_IPF","GO_Biological_Process"
"GO:0072074","kidney mesenchyme development","6/1207","16/13537",0.375,4.2057787903894,4.01426839157495,0.00181479898153665,0.0256429684246892,0.0221468833866774,"130497/10736/7490/6495/51804/655",6,TRUE,"Higher_in_IPF","GO_Biological_Process"
"GO:0097623","potassium ion export across plasma membrane","6/1207","16/13537",0.375,4.2057787903894,4.01426839157495,0.00181479898153665,0.0256429684246892,0.0221468833866774,"3737/3752/23704/3741/65266/3745",6,TRUE,"Higher_in_IPF","GO_Biological_Process"
"GO:0002687","positive regulation of leukocyte migration","24/1207","143/13537",0.167832167832168,1.88230659150295,3.31855992840329,0.00181829960337878,0.0256429684246892,0.0221468833866774,"8784/6401/8995/6869/2660/7474/3576/10563/3673/7060/6369/5054/6363/6366/6387/4192/80310/7070/59341/5228/623/6354/245937/7499",24,TRUE,"Higher_in_IPF","GO_Biological_Process"
"GO:0006937","regulation of muscle contraction","23/1207","135/13537",0.17037037037037,1.91077357390531,3.32743643766086,0.00183052637688965,0.0257376419497617,0.0222286494086473,"388591/845/477/844/5997/4660/6869/151/5021/287/3673/5350/29119/5318/3164/59341/10021/93649/6329/1264/3270/28954/1756",23,TRUE,"Higher_in_IPF","GO_Biological_Process"
"GO:0086065","cell communication involved in cardiac conduction","11/1207","46/13537",0.239130434782609,2.68194589532077,3.5750830551246,0.00194458570042898,0.0272592373861936,0.0235427951087181,"845/477/287/9096/29119/3741/5318/10021/482/8913/3270",11,TRUE,"Higher_in_IPF","GO_Biological_Process"
"GO:0022600","digestive system process","15/1207","74/13537",0.202702702702703,2.27339394075102,3.43656834645014,0.00196433799320502,0.027371730603824,0.0236399513400636,"6518/4585/57482/9414/4588/4192/362/12/9245/65266/3783/7033/9843/9075/340547",15,TRUE,"Higher_in_IPF","GO_Biological_Process"
"GO:0055006","cardiac cell development","15/1207","74/13537",0.202702702702703,2.27339394075102,3.43656834645014,0.00196433799320502,0.027371730603824,0.0236399513400636,"5999/5997/2274/6474/10252/6444/221476/9096/7373/3479/51676/70/4629/80206/115701",15,TRUE,"Higher_in_IPF","GO_Biological_Process"
"GO:0030178","negative regulation of Wnt signaling pathway","25/1207","152/13537",0.164473684210526,1.84463982034623,3.27643403074676,0.00197165441249367,0.0273919130878585,0.0236573822050462,"388630/63923/2487/3485/7474/6657/6423/1958/7162/9096/6424/23072/6422/115908/80114/4192/25987/2735/26585/388336/3487/50964/1000/115701/55612",25,TRUE,"Higher_in_IPF","GO_Biological_Process"
"GO:0051282","regulation of sequestering of calcium ion","20/1207","112/13537",0.178571428571429,2.00275180494733,3.3339768977496,0.00199173524119099,0.0275887836969719,0.0238274120685975,"9651/845/477/844/3973/3357/287/5350/6363/6366/187/7070/3356/623/6263/930/3270/5332/57158/1756",20,TRUE,"Higher_in_IPF","GO_Biological_Process"
"GO:0060048","cardiac muscle contraction","21/1207","120/13537",0.175,1.96269676884838,3.31413119701986,0.0020193442998205,0.0278884591466334,0.0240862306705466,"388591/3752/845/477/5997/6328/6326/23704/287/6444/5350/29119/6327/3741/10060/5318/10021/8913/6329/3270/1756",21,TRUE,"Higher_in_IPF","GO_Biological_Process"
"GO:0061053","somite development","14/1207","67/13537",0.208955223880597,2.34351852996822,3.44916947325924,0.00203047012924051,0.0279593939920197,0.0241474944728804,"2487/7474/51176/6423/2296/9096/10512/6608/6422/286204/6495/51804/2303/4222",14,TRUE,"Higher_in_IPF","GO_Biological_Process"
"GO:0086002","cardiac muscle cell action potential involved in contraction","12/1207","53/13537",0.226415094339623,2.5393381375936,3.51301384816051,0.00203752516270524,0.0279740219397296,0.024160128090282,"388591/3752/6328/6326/23704/287/29119/6327/3741/5318/8913/6329",12,TRUE,"Higher_in_IPF","GO_Biological_Process"
"GO:0042698","ovulation cycle","13/1207","60/13537",0.216666666666667,2.4300055233361,3.47323361431964,0.0020599713445683,0.0281992558253513,0.0243546542666972,"3973/2660/5021/6092/2069/1958/3037/4192/4327/7043/4313/5176/9510",13,TRUE,"Higher_in_IPF","GO_Biological_Process"
"GO:0061458","reproductive system development","37/1207","255/13537",0.145098039215686,1.62733401562779,3.16413102117237,0.00211188772115794,0.028770962083464,0.0248484158164586,"4914/130497/151449/6716/3973/3625/5270/7474/6092/25976/8626/2069/6423/10468/2296/64478/6422/9420/23213/23414/4920/3371/84159/2674/7490/4327/2735/51804/64220/30812/4313/5176/6665/93649/5268/655/9510",37,TRUE,"Higher_in_IPF","GO_Biological_Process"
"GO:0001837","epithelial to mesenchymal transition","26/1207","161/13537",0.161490683229814,1.81118424099585,3.23956413690542,0.00211406169550732,0.028770962083464,0.0248484158164586,"4139/183/7474/54756/2042/51176/10252/6423/2296/7148/7291/4017/6422/3037/286204/4192/4684/3479/7043/26585/1277/753/6317/399473/81610/655",26,TRUE,"Higher_in_IPF","GO_Biological_Process"
"GO:0030857","negative regulation of epithelial cell differentiation","10/1207","40/13537",0.25,2.80385252692626,3.57461826766849,0.00216309246897985,0.0293526617592964,0.0253508083114836,"130497/7498/10736/2487/8626/10252/10468/6608/1903/399473",10,TRUE,"Higher_in_IPF","GO_Biological_Process"
"GO:0050905","neuromuscular process","23/1207","137/13537",0.167883211678832,1.88287906917676,3.24957357837719,0.00223004784036453,0.0301735168661497,0.026059750506777,"844/7143/111/80157/26047/64478/5179/3164/84189/4130/64220/220/124093/2903/112476/342667/162282/6329/126306/1311/50944/28954/1756",23,TRUE,"Higher_in_IPF","GO_Biological_Process"
"GO:0043266","regulation of potassium ion transport","15/1207","75/13537",0.2,2.24308202154101,3.37748083656987,0.0022574226364342,0.0304556325632221,0.0263034033998874,"845/5999/3754/57628/23704/287/3779/3788/219527/3741/10060/3356/482/65266/3783",15,TRUE,"Higher_in_IPF","GO_Biological_Process"
"GO:0030510","regulation of BMP signaling pathway","17/1207","90/13537",0.188888888888889,2.11846635367762,3.33080145594177,0.00227418894371867,0.0305934120728494,0.026422398466381,"64388/7474/11167/94031/6423/10468/222663/6424/375616/6422/23213/286204/25884/26585/2200/56963/50964",17,TRUE,"Higher_in_IPF","GO_Biological_Process"
"GO:0086091","regulation of heart rate by cardiac conduction","9/1207","34/13537",0.264705882352941,2.96878502851016,3.59616733945052,0.00233343596698628,0.0310931544986204,0.0268540075158337,"3752/23704/287/29119/6327/3741/5318/10021/8913",9,TRUE,"Higher_in_IPF","GO_Biological_Process"
"GO:1905332","positive regulation of morphogenesis of an epithelium","9/1207","34/13537",0.264705882352941,2.96878502851016,3.59616733945052,0.00233343596698628,0.0310931544986204,0.0268540075158337,"183/2668/6608/219736/4192/6495/51804/26585/30812",9,TRUE,"Higher_in_IPF","GO_Biological_Process"
"GO:0035987","endodermal cell differentiation","11/1207","47/13537",0.234042553191489,2.62488321669693,3.49126147897159,0.00233798141152865,0.0310931544986204,0.0268540075158337,"1301/83881/1290/2335/1294/1295/6657/1303/1289/3679/4313",11,TRUE,"Higher_in_IPF","GO_Biological_Process"
"GO:0051965","positive regulation of synapse assembly","11/1207","47/13537",0.234042553191489,2.62488321669693,3.49126147897159,0.00233798141152865,0.0310931544986204,0.0268540075158337,"4914/57633/5021/2047/22865/7162/7058/84189/23768/79953/54413",11,TRUE,"Higher_in_IPF","GO_Biological_Process"
"GO:0071560","cellular response to transforming growth factor beta stimulus","35/1207","239/13537",0.146443514644351,1.64242407435011,3.13505282638283,0.00234734541437797,0.0310962478079958,0.0268566790927308,"1513/4052/1281/2660/80326/7474/54756/9076/94031/10252/9315/4015/3696/1278/6422/5179/54829/80312/59/5138/25987/80310/5139/10631/4053/2353/7043/2200/8483/1001/93649/1277/753/399473/55612",35,TRUE,"Higher_in_IPF","GO_Biological_Process"
"GO:0055013","cardiac muscle cell development","14/1207","68/13537",0.205882352941176,2.30905502217457,3.38580506770463,0.00235153716285829,0.0310962478079958,0.0268566790927308,"5999/5997/2274/6474/6444/221476/9096/7373/3479/51676/70/4629/80206/115701",14,TRUE,"Higher_in_IPF","GO_Biological_Process"
"GO:0023061","signal release","52/1207","392/13537",0.13265306122449,1.48775848367516,3.06608958405501,0.00235966900303821,0.0311156353281987,0.026873423376855,"353500/3737/183/7447/6869/151/84417/3625/26154/5021/2912/8618/111/6696/1363/114899/2668/2151/9627/55503/640/6422/9699/114131/6387/90019/9379/91683/55107/3741/41/3164/8499/59341/8600/3356/6447/9899/9143/112476/8448/2775/65266/114897/116/23025/84446/3589/6616/3172/3745/1137",52,TRUE,"Higher_in_IPF","GO_Biological_Process"
"GO:0007187","G protein-coupled receptor signaling pathway, coupled to cyclic nucleotide second messenger","8/1207","28/13537",0.285714285714286,3.20440288791573,3.65321856288743,0.00239777635891049,0.0315290705447723,0.0272304920819189,"1269/183/3973/3357/3355/3356/6347/6752",8,TRUE,"Higher_in_IPF","GO_Biological_Process"
"GO:0010718","positive regulation of epithelial to mesenchymal transition","12/1207","54/13537",0.222222222222222,2.49231335726779,3.43780238464309,0.00241129257760782,0.0316177352591947,0.0273070685163748,"183/51176/2296/7148/7291/4017/286204/4192/7043/1277/6317/655",12,TRUE,"Higher_in_IPF","GO_Biological_Process"
"GO:0021675","nerve development","15/1207","76/13537",0.197368421052632,2.21356778441547,3.31932244557239,0.00258586522642234,0.033291830028183,0.0287529222495695,"7412/3737/4914/6326/5270/2047/7020/91584/23213/5979/4908/84189/6495/51804/4804",15,TRUE,"Higher_in_IPF","GO_Biological_Process"
"GO:0060295","regulation of cilium movement involved in cell motility","6/1207","17/13537",0.352941176470588,3.95838003801355,3.81862795756702,0.00259509703840337,0.033291830028183,0.0287529222495695,"25790/6869/79846/79645/246176/57119",6,TRUE,"Higher_in_IPF","GO_Biological_Process"
"GO:0072079","nephron tubule formation","6/1207","17/13537",0.352941176470588,3.95838003801355,3.81862795756702,0.00259509703840337,0.033291830028183,0.0287529222495695,"130497/2668/6495/51804/26585/30812",6,TRUE,"Higher_in_IPF","GO_Biological_Process"
"GO:1902019","regulation of cilium-dependent cell motility","6/1207","17/13537",0.352941176470588,3.95838003801355,3.81862795756702,0.00259509703840337,0.033291830028183,0.0287529222495695,"25790/6869/79846/79645/246176/57119",6,TRUE,"Higher_in_IPF","GO_Biological_Process"
"GO:0010838","positive regulation of keratinocyte proliferation","5/1207","12/13537",0.416666666666667,4.67308754487711,3.98263526746039,0.00259558940704208,0.033291830028183,0.0287529222495695,"8626/374/3037/4192/1001",5,TRUE,"Higher_in_IPF","GO_Biological_Process"
"GO:0033689","negative regulation of osteoblast proliferation","5/1207","12/13537",0.416666666666667,4.67308754487711,3.98263526746039,0.00259558940704208,0.033291830028183,0.0287529222495695,"63923/6422/4745/26585/4330",5,TRUE,"Higher_in_IPF","GO_Biological_Process"
"GO:0061029","eyelid development in camera-type eye","5/1207","12/13537",0.416666666666667,4.67308754487711,3.98263526746039,0.00259558940704208,0.033291830028183,0.0287529222495695,"57822/7020/7291/116039/64220",5,TRUE,"Higher_in_IPF","GO_Biological_Process"
"GO:0042692","muscle cell differentiation","48/1207","357/13537",0.134453781512605,1.50795430019564,3.04311464305874,0.0025960210219063,0.033291830028183,0.0287529222495695,"127294/5738/844/5999/5997/3756/150921/2274/8324/3488/10290/92737/6474/2069/287/51778/4015/6444/221662/221476/9096/168620/2318/6608/7373/5239/11155/8038/7490/187/8538/552/3479/6495/51804/51676/26585/70/4629/93649/124872/8736/1000/80206/115701/1311/11096/1756",48,TRUE,"Higher_in_IPF","GO_Biological_Process"
"GO:0050919","negative chemotaxis","10/1207","41/13537",0.24390243902439,2.73546587992806,3.48195170266371,0.00263632657287139,0.0337160888826401,0.0291193389303458,"59352/7474/6092/6091/2045/10512/223117/91584/23768/9423",10,TRUE,"Higher_in_IPF","GO_Biological_Process"
"GO:0010817","regulation of hormone levels","55/1207","422/13537",0.130331753554502,1.46172406617009,3.01489269316934,0.00265528056370599,0.0338657094846436,0.0292485607103651,"353500/1513/1382/183/7447/6716/3973/6869/84417/3625/339761/26154/111/1359/25976/590/10699/6696/130/131/1363/114899/2151/5122/1958/57016/55503/640/6422/9699/114131/55107/3741/2784/53919/59341/8600/1215/1511/1734/6447/220/30812/2775/65266/114897/116/83539/6528/64377/3589/6616/3172/3745/27344",55,TRUE,"Higher_in_IPF","GO_Biological_Process"
"GO:0019226","transmission of nerve impulse","12/1207","55/13537",0.218181818181818,2.44699856895383,3.36426001988488,0.00283907349672119,0.0361111582634728,0.0311878717695171,"3737/477/7143/3776/6326/1816/3673/2898/3751/26047/5179/552",12,TRUE,"Higher_in_IPF","GO_Biological_Process"
"GO:0051924","regulation of calcium ion transport","31/1207","207/13537",0.14975845410628,1.67960247989786,3.08277850796873,0.00286301482960538,0.036316720719016,0.0313654084593495,"845/477/844/5999/3973/151651/287/5350/117531/6387/187/931/6588/7070/623/930/162514/5026/6347/342667/116444/255057/3783/3270/59285/28954/57158/57119/2847/1756/5354",31,TRUE,"Higher_in_IPF","GO_Biological_Process"
"GO:0090092","regulation of transmembrane receptor protein serine/threonine kinase signaling pathway","35/1207","242/13537",0.144628099173554,1.62206344532924,3.05502988629781,0.0028957672527612,0.036350531826882,0.0313946098626614,"64388/151449/4052/7474/54756/11167/94031/10252/6423/10468/9315/4015/222663/6424/375616/6422/23213/392255/54829/286204/80312/25884/7043/26585/2200/8483/56963/1001/93649/50964/753/399473/55612/655/3547",35,TRUE,"Higher_in_IPF","GO_Biological_Process"
"GO:0060078","regulation of postsynaptic membrane potential","17/1207","92/13537",0.184782608695652,2.07241273729332,3.22918363997015,0.0028967026627441,0.036350531826882,0.0313946098626614,"2563/2899/3737/5999/401190/2898/3751/9699/642938/2903/5026/4355/116444/50944/1137/54413/2892",17,TRUE,"Higher_in_IPF","GO_Biological_Process"
"GO:0035094","response to nicotine","9/1207","35/13537",0.257142857142857,2.88396259912416,3.4916002568753,0.0028968290144816,0.036350531826882,0.0313946098626614,"7412/4914/477/6869/116372/2912/5179/4313/1137",9,TRUE,"Higher_in_IPF","GO_Biological_Process"
"GO:0070296","sarcoplasmic reticulum calcium ion transport","9/1207","35/13537",0.257142857142857,2.88396259912416,3.4916002568753,0.0028968290144816,0.036350531826882,0.0313946098626614,"845/477/844/287/5350/6588/6263/3270/1756",9,TRUE,"Higher_in_IPF","GO_Biological_Process"
"GO:0060840","artery development","18/1207","100/13537",0.18,2.01877381938691,3.19921838486774,0.00298415321224382,0.0373459174122095,0.0322542875769545,"5396/1281/6092/6091/11174/4015/2296/2138/4192/187/5138/6495/4016/64220/2303/93649/4804/1311",18,TRUE,"Higher_in_IPF","GO_Biological_Process"
"GO:0051208","sequestering of calcium ion","20/1207","116/13537",0.172413793103448,1.93369139788018,3.1597824578438,0.00305261398233529,0.0378442181404596,0.0326846514855816,"9651/845/477/844/3973/3357/287/5350/6363/6366/187/7070/3356/623/6263/930/3270/5332/57158/1756",20,TRUE,"Higher_in_IPF","GO_Biological_Process"
"GO:0002063","chondrocyte development","8/1207","29/13537",0.275862068965517,3.09390623660829,3.53165257131103,0.00305639893722221,0.0378442181404596,0.0326846514855816,"1301/6474/6423/8817/23213/25987/5744/1311",8,TRUE,"Higher_in_IPF","GO_Biological_Process"
"GO:0016486","peptide hormone processing","8/1207","29/13537",0.275862068965517,3.09390623660829,3.53165257131103,0.00305639893722221,0.0378442181404596,0.0326846514855816,"590/10699/1363/5122/1215/1511/6447/27344",8,TRUE,"Higher_in_IPF","GO_Biological_Process"
"GO:0048730","epidermis morphogenesis","8/1207","29/13537",0.275862068965517,3.09390623660829,3.53165257131103,0.00305639893722221,0.0378442181404596,0.0326846514855816,"2736/3488/80326/8626/10468/6608/3872/4804",8,TRUE,"Higher_in_IPF","GO_Biological_Process"
"GO:0045165","cell fate commitment","31/1207","208/13537",0.149038461538462,1.67152746797527,3.05361257027916,0.00308534913472189,0.0380010811632765,0.0328201282765862,"6913/4063/5396/8995/151449/10736/2736/8324/80326/7474/2596/6657/6423/5307/7148/25803/9096/6608/64641/6422/2138/7490/26011/969/6495/30812/2303/25925/2139/170302/50943",31,TRUE,"Higher_in_IPF","GO_Biological_Process"
"GO:0097529","myeloid leukocyte migration","31/1207","208/13537",0.149038461538462,1.67152746797527,3.05361257027916,0.00308534913472189,0.0380010811632765,0.0328201282765862,"8995/2660/7857/3680/3576/6372/10563/7060/6369/5054/84675/6363/6366/4920/6387/4192/80310/59341/8600/1511/5228/26585/4313/6367/1800/6347/6354/6356/6357/245937/7499",31,TRUE,"Higher_in_IPF","GO_Biological_Process"
"GO:0002027","regulation of heart rate","16/1207","85/13537",0.188235294117647,2.11113602027389,3.21514474632343,0.0031319691626518,0.0384737685559437,0.0332283708946161,"3752/845/5999/23704/6474/287/5350/29119/6327/3741/5318/552/10021/8913/3270/1756",16,TRUE,"Higher_in_IPF","GO_Biological_Process"
"GO:1901342","regulation of vasculature development","38/1207","270/13537",0.140740740740741,1.5784651262696,3.0039311125817,0.00318460513114348,0.0390176817642461,0.0336981286152218,"576/1647/4914/63923/79805/388/7474/3576/10563/6423/7060/2246/6678/8817/2296/7128/64094/7058/7291/3696/6369/5054/6422/23213/6387/8038/4192/187/3848/1215/26585/2303/5176/6356/51129/140862/9510/25817",38,TRUE,"Higher_in_IPF","GO_Biological_Process"
"GO:0061035","regulation of cartilage development","13/1207","63/13537",0.206349206349206,2.3142909746058,3.2713785246213,0.00325110339758509,0.039597973762614,0.0341993053512857,"1513/10736/2487/7474/6474/81792/8817/4017/392255/8840/4192/5744/26585",13,TRUE,"Higher_in_IPF","GO_Biological_Process"
"GO:0042303","molting cycle","17/1207","93/13537",0.182795698924731,2.05012872936544,3.1793404244919,0.00325741686479087,0.039597973762614,0.0341993053512857,"10913/2736/3488/80326/7474/8626/10468/6608/25987/55504/1001/162514/3861/3868/3872/4804/55612",17,TRUE,"Higher_in_IPF","GO_Biological_Process"
"GO:0042633","hair cycle","17/1207","93/13537",0.182795698924731,2.05012872936544,3.1793404244919,0.00325741686479087,0.039597973762614,0.0341993053512857,"10913/2736/3488/80326/7474/8626/10468/6608/25987/55504/1001/162514/3861/3868/3872/4804/55612",17,TRUE,"Higher_in_IPF","GO_Biological_Process"
"GO:0043616","keratinocyte proliferation","11/1207","49/13537",0.224489795918367,2.5177451262195,3.32997043695741,0.00331765132088069,0.0402254451061587,0.0347412291427835,"8626/2069/374/10468/1026/3037/687/4192/1001/7538/55612",11,TRUE,"Higher_in_IPF","GO_Biological_Process"
"GO:0050890","cognition","37/1207","262/13537",0.141221374045802,1.58385562589728,2.98576841617931,0.00337815341679671,0.0408529019419871,0.0352831404045034,"4914/477/7143/7832/3776/3973/6869/6326/10752/5021/6529/590/1816/7162/5350/8701/4885/5803/26047/64478/4192/9379/8061/27087/41/3356/2353/4130/64220/2903/5176/6356/50944/84446/6616/1137/54413",37,TRUE,"Higher_in_IPF","GO_Biological_Process"
"GO:0050954","sensory perception of mechanical stimulus","24/1207","151/13537",0.158940397350993,1.78258173897299,3.0255897667599,0.00378870863374744,0.0456994622799304,0.0394689353114449,"83715/1301/4914/3776/140469/5270/2917/3673/7020/2138/23349/117531/25861/6387/7275/53942/283310/2706/3356/84189/1690/6495/1277/63895",24,TRUE,"Higher_in_IPF","GO_Biological_Process"
"GO:0045765","regulation of angiogenesis","37/1207","264/13537",0.140151515151515,1.57185671964048,2.93576923148697,0.00384194332336592,0.0461688114557933,0.0398742948350896,"576/1647/4914/63923/79805/388/7474/3576/10563/6423/7060/2246/6678/8817/2296/7128/64094/7058/7291/3696/6369/5054/6422/23213/8038/4192/187/3848/1215/26585/2303/5176/6356/51129/140862/9510/25817",37,TRUE,"Higher_in_IPF","GO_Biological_Process"
"GO:0038065","collagen-activated signaling pathway","12/1207","57/13537",0.210526315789474,2.36113897004317,3.22190120711293,0.00387909998612562,0.0461688114557933,0.0398742948350896,"284656/4914/2042/2047/3673/2045/4920/5979/22801/1277/1288/1287",12,TRUE,"Higher_in_IPF","GO_Biological_Process"
"GO:1903169","regulation of calcium ion transmembrane transport","23/1207","143/13537",0.160839160839161,1.80387715019032,3.02356859131742,0.00389877587001968,0.0461688114557933,0.0398742948350896,"845/477/844/3973/287/5350/117531/187/931/6588/7070/623/930/5026/342667/255057/3783/3270/59285/28954/57158/1756/5354",23,TRUE,"Higher_in_IPF","GO_Biological_Process"
"GO:0035860","glial cell-derived neurotrophic factor receptor signaling pathway","5/1207","13/13537",0.384615384615385,4.31361927219425,3.73971901132134,0.00391071948846483,0.0461688114557933,0.0398742948350896,"9048/2668/23213/5979/2674",5,TRUE,"Higher_in_IPF","GO_Biological_Process"
"GO:0050966","detection of mechanical stimulus involved in sensory perception of pain","5/1207","13/13537",0.384615384615385,4.31361927219425,3.73971901132134,0.00391071948846483,0.0461688114557933,0.0398742948350896,"4914/3673/23349/6387/3356",5,TRUE,"Higher_in_IPF","GO_Biological_Process"
"GO:0072075","metanephric mesenchyme development","5/1207","13/13537",0.384615384615385,4.31361927219425,3.73971901132134,0.00391071948846483,0.0461688114557933,0.0398742948350896,"130497/7490/6495/51804/655",5,TRUE,"Higher_in_IPF","GO_Biological_Process"
"GO:0007606","sensory perception of chemical stimulus","11/1207","50/13537",0.22,2.46739022369511,3.25229711826607,0.00391792492819179,0.0461688114557933,0.0398742948350896,"83756/127534/51176/51308/79846/5304/1262/41/2774/1469/1470",11,TRUE,"Higher_in_IPF","GO_Biological_Process"
"GO:0034698","response to gonadotropin","7/1207","24/13537",0.291666666666667,3.27116128141397,3.48413502836272,0.00392652488173735,0.0461688114557933,0.0398742948350896,"6716/3973/3625/5069/7490/2706/6528",7,TRUE,"Higher_in_IPF","GO_Biological_Process"
"GO:0048745","smooth muscle tissue development","7/1207","24/13537",0.291666666666667,3.27116128141397,3.48413502836272,0.00392652488173735,0.0461688114557933,0.0398742948350896,"63923/130497/1281/25976/6608/6495/64220",7,TRUE,"Higher_in_IPF","GO_Biological_Process"
"GO:0062149","detection of stimulus involved in sensory perception of pain","7/1207","24/13537",0.291666666666667,3.27116128141397,3.48413502836272,0.00392652488173735,0.0461688114557933,0.0398742948350896,"4914/2047/3673/23349/6387/55107/3356",7,TRUE,"Higher_in_IPF","GO_Biological_Process"
"GO:0048732","gland development","49/1207","374/13537",0.131016042780749,1.46939865047473,2.8801656513315,0.00397318790610642,0.0466001033811678,0.0402467857190891,"151449/7498/10913/3625/2736/2487/3488/80326/5270/5021/7474/6091/6657/8626/9076/374/51176/3673/5122/5307/2246/2296/7128/10512/6608/64478/6422/9420/23213/570/3371/84159/7490/4192/2735/8600/6495/51804/7043/64220/220/4313/123872/5176/9423/6356/55036/5268/655",49,TRUE,"Higher_in_IPF","GO_Biological_Process"
"GO:0071621","granulocyte chemotaxis","19/1207","111/13537",0.171171171171171,1.91975488330087,3.04423054962299,0.00415415319234928,0.0486004689270337,0.0419744274546834,"8995/2660/7857/3680/3576/6372/10563/7060/6369/6363/6366/4192/59341/6367/1800/6347/6354/6356/6357",19,TRUE,"Higher_in_IPF","GO_Biological_Process"
